sentence,keys,id
nhìn,['nhìn'],['000000']
địa chỉ,['địa chỉ'],['000001']
nhỏ hơn,['nhỏ hơn'],['000002']
địa chỉ,['địa chỉ'],['000003']
nhỏ tuổi,['nhỏ tuổi'],['000004']
địa chỉ,['địa chỉ'],['000005']
nhóm,['nhóm'],['000006']
tỉnh,['tỉnh'],['000007']
nhọn,['nhọn'],['000008']
tiếp tân,['tiếp tân'],['000009']
nhân viên,['nhân viên'],['000010']
nhọn hoắt,['nhọn hoắt'],['000011']
Miến Điện (nước Mi-an-ma),['Miến Điện (nước Mi-an-ma)'],['000012']
nhổ củ cải,['nhổ củ cải'],['000013']
nhu cầu,['nhu cầu'],['000014']
nhụy hoa,['nhụy hoa'],['000015']
Ma Cao,['Ma Cao'],['000016']
như hình với bóng,['như hình với bóng'],['000017']
Do Thái,['Do Thái'],['000018']
nhược điểm,['nhược điểm'],['000019']
nhường nhịn,['nhường nhịn'],['000020']
Ả Rập (nước Ả Rập),['Ả Rập (nước Ả Rập)'],['000021']
niềm vui,['niềm vui'],['000022']
phương Tây,['phương Tây'],['000023']
Ninh Bình,['Ninh Bình'],['000024']
phương Đông,['phương Đông'],['000025']
no,['no'],['000026']
Đu Bai (nước Đu Bai),['Đu Bai (nước Đu Bai)'],['000027']
Albania (nước Albania),['Albania (nước Albania)'],['000028']
nỏ,['nỏ'],['000029']
người nước ngoài,['người nước ngoài'],['000030']
nóc nhà,['nóc nhà'],['000031']
nhập khẩu,['nhập khẩu'],['000032']
nói chuyện,['nói chuyện'],['000033']
nói dối,['nói dối'],['000034']
Tuy Hoà,['Tuy Hoà'],['000035']
nói leo,['nói leo'],['000036']
Quy Nhơn,['Quy Nhơn'],['000037']
hấp dẫn,['hấp dẫn'],['000038']
nón,['nón'],['000039']
nô lệ,['nô lệ'],['000040']
nổi da gà,['nổi da gà'],['000041']
ghen tị,['ghen tị'],['000042']
nổ lốp xe,['nổ lốp xe'],['000043']
ghen tị,['ghen tị'],['000044']
nổ mìn,['nổ mìn'],['000045']
ghen tị,['ghen tị'],['000046']
nổ súng,['nổ súng'],['000047']
lung tung,['lung tung'],['000048']
nồi,['nồi'],['000049']
lung tung,['lung tung'],['000050']
nồi cơm điện,['nồi cơm điện'],['000051']
lung tung,['lung tung'],['000052']
nổi bật,['nổi bật'],['000053']
hói đầu,['hói đầu'],['000054']
nổi dậy,['nổi dậy'],['000055']
cười nhếch mép,['cười nhếch mép'],['000056']
nổi giận,['nổi giận'],['000057']
cười vỡ bụng,['cười vỡ bụng'],['000058']
nổi nóng,['nổi nóng'],['000059']
nội dung,['nội dung'],['000060']
tham ăn,['tham ăn'],['000061']
nội quy,['nội quy'],['000062']
tham ăn,['tham ăn'],['000063']
nội tiếp,['nội tiếp'],['000064']
tham ăn,['tham ăn'],['000065']
nông nghiệp,['nông nghiệp'],['000066']
thèm,['thèm'],['000067']
nông thôn,['nông thôn'],['000068']
thói quen,['thói quen'],['000069']
nốt ruồi,['nốt ruồi'],['000070']
thói quen,['thói quen'],['000071']
khuyến khích,['khuyến khích'],['000072']
nơ,['nơ'],['000073']
không nghe lời,['không nghe lời'],['000074']
nơi chốn,['nơi chốn'],['000075']
không nghe lời,['không nghe lời'],['000076']
núi lửa,['núi lửa'],['000077']
không nghe lời,['không nghe lời'],['000078']
nước mắt,['nước mắt'],['000079']
ai cho,['ai cho'],['000080']
nước Việt nam,['nước Việt nam'],['000081']
không cho,['không cho'],['000082']
nước Việt nam,['nước Việt nam'],['000083']
không cho,['không cho'],['000084']
nước Việt nam,['nước Việt nam'],['000085']
không cho,['không cho'],['000086']
Oa-sinh-tơn,['Oa-sinh-tơn'],['000087']
không cần,['không cần'],['000088']
óc,['óc'],['000089']
không nên,['không nên'],['000090']
ô ăn quan,['ô ăn quan'],['000091']
không nên,['không nên'],['000092']
ô nhiễm,['ô nhiễm'],['000093']
không nên,['không nên'],['000094']
ốm đau,['ốm đau'],['000095']
bực mình,['bực mình'],['000096']
ôn luyện,['ôn luyện'],['000097']
tự giác,['tự giác'],['000098']
ôn tập,['ôn tập'],['000099']
mù chữ,['mù chữ'],['000100']
ổn định,['ổn định'],['000101']
Tết hàn thực,['Tết hàn thực'],['000102']
ông già,['ông già'],['000103']
giỗ,['giỗ'],['000104']
tuần lễ người Điếc thế giới,['tuần lễ người Điếc thế giới'],['000105']
ông ngoại,['ông ngoại'],['000106']
ngày của Mẹ,['ngày của Mẹ'],['000107']
ông ngoại,['ông ngoại'],['000108']
ngày của Cha,['ngày của Cha'],['000109']
ông ngoại,['ông ngoại'],['000110']
ngày của Cha,['ngày của Cha'],['000111']
ông nội,['ông nội'],['000112']
ngày của Cha,['ngày của Cha'],['000113']
ông nội,['ông nội'],['000114']
ngày thầy thuốc Việt Nam,['ngày thầy thuốc Việt Nam'],['000115']
ông nội,['ông nội'],['000116']
ngày thầy thuốc Việt Nam,['ngày thầy thuốc Việt Nam'],['000117']
ống nghe,['ống nghe'],['000118']
ngày thầy thuốc Việt Nam,['ngày thầy thuốc Việt Nam'],['000119']
ống nhòm,['ống nhòm'],['000120']
ngày thành lập quân đội nhân dân Việt Nam,['ngày thành lập quân đội nhân dân Việt Nam'],['000121']
ống nước,['ống nước'],['000122']
ngày thành lập quân đội nhân dân Việt Nam,['ngày thành lập quân đội nhân dân Việt Nam'],['000123']
ở ngoài,['ở ngoài'],['000124']
ngày thành lập quân đội nhân dân Việt Nam,['ngày thành lập quân đội nhân dân Việt Nam'],['000125']
ở ngoài,['ở ngoài'],['000126']
con cá sấu,['con cá sấu'],['000127']
ở ngoài,['ở ngoài'],['000128']
nhầm,['nhầm'],['000129']
pha cà phê,['pha cà phê'],['000130']
nhầm,['nhầm'],['000131']
pha chế,['pha chế'],['000132']
nhầm,['nhầm'],['000133']
pha lê,['pha lê'],['000134']
buồn thảm,['buồn thảm'],['000135']
phà,['phà'],['000136']
mách,['mách'],['000137']
phá,['phá'],['000138']
mách,['mách'],['000139']
phá,['phá'],['000140']
mách,['mách'],['000141']
phá,['phá'],['000142']
phản bội,['phản bội'],['000143']
vô duyên,['vô duyên'],['000144']
phản bội,['phản bội'],['000145']
vô duyên,['vô duyên'],['000146']
phản bội,['phản bội'],['000147']
vô duyên,['vô duyên'],['000148']
phản động,['phản động'],['000149']
ti hí mắt,['ti hí mắt'],['000150']
kịp thời,['kịp thời'],['000151']
phản xạ,['phản xạ'],['000152']
bối rối,['bối rối'],['000153']
phao,['phao'],['000154']
hú vía,['hú vía'],['000155']
pháo hoa,['pháo hoa'],['000156']
pháo sáng,['pháo sáng'],['000157']
suỵt,['suỵt'],['000158']
phát biểu,['phát biểu'],['000159']
suýt,['suýt'],['000160']
phát động,['phát động'],['000161']
suýt,['suýt'],['000162']
phân số,['phân số'],['000163']
suýt,['suýt'],['000164']
cá voi,['cá voi'],['000165']
hai phân số bằng nhau,['hai phân số bằng nhau'],['000166']
cá kiếm,['cá kiếm'],['000167']
phân số thập phân,['phân số thập phân'],['000168']
phân số tối giản,['phân số tối giản'],['000169']
đuôi cá,['đuôi cá'],['000170']
phân tích,['phân tích'],['000171']
đuôi chuột,['đuôi chuột'],['000172']
bít tết (bò),['bít tết (bò)'],['000173']
giữ nguyên,['giữ nguyên'],['000174']
phần trăm,['phần trăm'],['000175']
súp lơ,['súp lơ'],['000176']
mỳ tôm,['mỳ tôm'],['000177']
phấn (viết bảng),['phấn (viết bảng)'],['000178']
mỳ tôm,['mỳ tôm'],['000179']
phấn (viết bảng),['phấn (viết bảng)'],['000180']
mỳ tôm,['mỳ tôm'],['000181']
phấn (viết bảng),['phấn (viết bảng)'],['000182']
mỳ vằn thắn,['mỳ vằn thắn'],['000183']
phấn đấu,['phấn đấu'],['000184']
mỳ ý,['mỳ ý'],['000185']
phấn trang điểm,['phấn trang điểm'],['000186']
mỳ ý,['mỳ ý'],['000187']
phấp phới,['phấp phới'],['000188']
mỳ ý,['mỳ ý'],['000189']
phật (tượng),['phật (tượng)'],['000190']
bún mắm,['bún mắm'],['000191']
phép mầu,['phép mầu'],['000192']
bún chả,['bún chả'],['000193']
phép tính,['phép tính'],['000194']
bún ngan,['bún ngan'],['000195']
phê bình,['phê bình'],['000196']
bún ốc,['bún ốc'],['000197']
phi tiêu,['phi tiêu'],['000198']
bún đậu,['bún đậu'],['000199']
phích nước,['phích nước'],['000200']
phiên dịch,['phiên dịch'],['000201']
xôi gấc,['xôi gấc'],['000202']
phiên dịch,['phiên dịch'],['000203']
xôi gà,['xôi gà'],['000204']
cháo sườn,['cháo sườn'],['000205']
phiên dịch,['phiên dịch'],['000206']
cơm rang,['cơm rang'],['000207']
Phi-líp-pin (nước Phi-líp-pin),['Phi-líp-pin (nước Phi-líp-pin)'],['000208']
cắm trại,['cắm trại'],['000209']
Phi-líp-pin (nước Phi-líp-pin),['Phi-líp-pin (nước Phi-líp-pin)'],['000210']
khả năng,['khả năng'],['000211']
Phi-líp-pin (nước Phi-líp-pin),['Phi-líp-pin (nước Phi-líp-pin)'],['000212']
kỹ năng,['kỹ năng'],['000213']
phim hoạt hình,['phim hoạt hình'],['000214']
cung cấp,['cung cấp'],['000215']
phim hoạt hình,['phim hoạt hình'],['000216']
khờ dại,['khờ dại'],['000217']
phim hoạt hình,['phim hoạt hình'],['000218']
cực khổ,['cực khổ'],['000219']
phim tài liệu,['phim tài liệu'],['000220']
may mắn,['may mắn'],['000221']
phim truyện,['phim truyện'],['000222']
phim truyện,['phim truyện'],['000223']
từ chối,['từ chối'],['000224']
phim truyện,['phim truyện'],['000225']
từ chối,['từ chối'],['000226']
phong bì,['phong bì'],['000227']
từ chối,['từ chối'],['000228']
nấu nướng,['nấu nướng'],['000229']
phong cách,['phong cách'],['000230']
phong kiến,['phong kiến'],['000231']
xoa đầu,['xoa đầu'],['000232']
phong trào,['phong trào'],['000233']
rực rỡ,['rực rỡ'],['000234']
phong tục,['phong tục'],['000235']
thiệp sinh nhật,['thiệp sinh nhật'],['000236']
phòng âm nhạc,['phòng âm nhạc'],['000237']
thiệp sinh nhật,['thiệp sinh nhật'],['000238']
phòng bệnh,['phòng bệnh'],['000239']
thiệp sinh nhật,['thiệp sinh nhật'],['000240']
bánh tráng,['bánh tráng'],['000241']
phòng chống,['phòng chống'],['000242']
phòng chức năng,['phòng chức năng'],['000243']
tương ớt,['tương ớt'],['000244']
phòng đa năng,['phòng đa năng'],['000245']
tương ớt,['tương ớt'],['000246']
phòng học tin học,['phòng học tin học'],['000247']
tương ớt,['tương ớt'],['000248']
không có,['không có'],['000249']
phòng máy tính,['phòng máy tính'],['000250']
không có chi,['không có chi'],['000251']
phòng mĩ thuật,['phòng mĩ thuật'],['000252']
dân chủ,['dân chủ'],['000253']
phòng thí nghiệm,['phòng thí nghiệm'],['000254']
phòng thư viện,['phòng thư viện'],['000255']
xử lý,['xử lý'],['000256']
phòng y tế,['phòng y tế'],['000257']
đất ruộng,['đất ruộng'],['000258']
phô tô,['phô tô'],['000259']
tinh mắt,['tinh mắt'],['000260']
kia,['kia'],['000261']
phổ biến,['phổ biến'],['000262']
nóng tính,['nóng tính'],['000263']
phố,['phố'],['000264']
căm thù,['căm thù'],['000265']
phố cổ,['phố cổ'],['000266']
không đẹp,['không đẹp'],['000267']
phố cổ Hội an,['phố cổ Hội an'],['000268']
không đẹp,['không đẹp'],['000269']
phổi,['phổi'],['000270']
không đẹp,['không đẹp'],['000271']
phở cuốn,['phở cuốn'],['000272']
chúng tôi (2 người) (đại từ),['chúng tôi (2 người) (đại từ)'],['000273']
phở cuốn,['phở cuốn'],['000274']
chúng tôi (3 người) (đại từ),['chúng tôi (3 người) (đại từ)'],['000275']
phở cuốn,['phở cuốn'],['000276']
chúng tôi (4 người) (đại từ),['chúng tôi (4 người) (đại từ)'],['000277']
phơi quần áo,['phơi quần áo'],['000278']
chúng tôi (5 người) (đại từ),['chúng tôi (5 người) (đại từ)'],['000279']
phù hợp,['phù hợp'],['000280']
chúng tôi (đại từ),['chúng tôi (đại từ)'],['000281']
phủ nhận,['phủ nhận'],['000282']
các bạn (2 người),['các bạn (2 người)'],['000283']
Phú Thọ,['Phú Thọ'],['000284']
họ (2 người) (đại từ),['họ (2 người) (đại từ)'],['000285']
phụ huynh,['phụ huynh'],['000286']
họ (đại từ),['họ (đại từ)'],['000287']
phục hồi,['phục hồi'],['000288']
bạn yêu tôi,['bạn yêu tôi'],['000289']
phục vụ,['phục vụ'],['000290']
phun nước,['phun nước'],['000291']
tôi yêu bạn ấy,['tôi yêu bạn ấy'],['000292']
bạn ấy yêu tôi,['bạn ấy yêu tôi'],['000293']
phức tạp,['phức tạp'],['000294']
bạn yêu bạn ấy,['bạn yêu bạn ấy'],['000295']
phương hướng,['phương hướng'],['000296']
bạn ấy yêu bạn,['bạn ấy yêu bạn'],['000297']
phương pháp,['phương pháp'],['000298']
"anh hai, anh cả","['anh hai, anh cả']",['000299']
phương tiện,['phương tiện'],['000300']
"anh hai, anh cả","['anh hai, anh cả']",['000301']
phương tiện giao thông,['phương tiện giao thông'],['000302']
"anh hai, anh cả","['anh hai, anh cả']",['000303']
phương tiện giao thông,['phương tiện giao thông'],['000304']
"chị hai, chị cả","['chị hai, chị cả']",['000305']
quả bầu,['quả bầu'],['000306']
"chị hai, chị cả","['chị hai, chị cả']",['000307']
quả bưởi,['quả bưởi'],['000308']
"chị hai, chị cả","['chị hai, chị cả']",['000309']
quả bưởi,['quả bưởi'],['000310']
quả bưởi,['quả bưởi'],['000311']
quả bầu hồ lô,['quả bầu hồ lô'],['000312']
một là,['một là'],['000313']
quả cam,['quả cam'],['000314']
hai là,['hai là'],['000315']
quả chanh,['quả chanh'],['000316']
ba là,['ba là'],['000317']
quả chôm chôm,['quả chôm chôm'],['000318']
quả chuối,['quả chuối'],['000319']
ông bà,['ông bà'],['000320']
quả dưa hấu,['quả dưa hấu'],['000321']
ông bà,['ông bà'],['000322']
chị họ,['chị họ'],['000323']
quả dưa hấu,['quả dưa hấu'],['000324']
chị họ,['chị họ'],['000325']
quả dưa hấu,['quả dưa hấu'],['000326']
chị họ,['chị họ'],['000327']
quả dừa,['quả dừa'],['000328']
em họ,['em họ'],['000329']
quả dừa,['quả dừa'],['000330']
em họ,['em họ'],['000331']
quả dừa,['quả dừa'],['000332']
em họ,['em họ'],['000333']
quả dừa xiêm,['quả dừa xiêm'],['000334']
cháu họ,['cháu họ'],['000335']
quả dừa xiêm,['quả dừa xiêm'],['000336']
cháu họ,['cháu họ'],['000337']
quả dừa xiêm,['quả dừa xiêm'],['000338']
cháu họ,['cháu họ'],['000339']
quả đu đủ,['quả đu đủ'],['000340']
quả đu đủ,['quả đu đủ'],['000341']
sống sót,['sống sót'],['000342']
quả gấc,['quả gấc'],['000343']
sống sót,['sống sót'],['000344']
quả hồng,['quả hồng'],['000345']
sống sót,['sống sót'],['000346']
quả hồng xiêm,['quả hồng xiêm'],['000347']
thường xuyên,['thường xuyên'],['000348']
quả khế,['quả khế'],['000349']
thường xuyên,['thường xuyên'],['000350']
quả khế,['quả khế'],['000351']
thường xuyên,['thường xuyên'],['000352']
quả khế,['quả khế'],['000353']
đi dạo,['đi dạo'],['000354']
quả lê,['quả lê'],['000355']
về (Sài Gòn),['về (Sài Gòn)'],['000356']
quả mít,['quả mít'],['000357']
về 2 (Miền Bắc),['về 2 (Miền Bắc)'],['000358']
quả mướp,['quả mướp'],['000359']
về 2 (Miền Bắc),['về 2 (Miền Bắc)'],['000360']
quả na,['quả na'],['000361']
về 3 (đi về),['về 3 (đi về)'],['000362']
quả nhãn,['quả nhãn'],['000363']
về 4 (từ nơi khác về),['về 4 (từ nơi khác về)'],['000364']
quả nhãn,['quả nhãn'],['000365']
về 5 (về nhà),['về 5 (về nhà)'],['000366']
hẹn,['hẹn'],['000367']
quả nhãn,['quả nhãn'],['000368']
hẹn,['hẹn'],['000369']
quả nho,['quả nho'],['000370']
hẹn,['hẹn'],['000371']
quả ổi,['quả ổi'],['000372']
quyến luyến,['quyến luyến'],['000373']
quả roi,['quả roi'],['000374']
hứa,['hứa'],['000375']
quả roi,['quả roi'],['000376']
hứa,['hứa'],['000377']
quả roi,['quả roi'],['000378']
hứa,['hứa'],['000379']
quả sầu riêng,['quả sầu riêng'],['000380']
lâu,['lâu'],['000381']
quả su su,['quả su su'],['000382']
lâu,['lâu'],['000383']
quả táo,['quả táo'],['000384']
mỗi ngày,['mỗi ngày'],['000385']
quả táo,['quả táo'],['000386']
mỗi ngày,['mỗi ngày'],['000387']
quả thanh long,['quả thanh long'],['000388']
mỗi ngày,['mỗi ngày'],['000389']
quả vải,['quả vải'],['000390']
hàng ngày,['hàng ngày'],['000391']
quả xoài,['quả xoài'],['000392']
hàng ngày,['hàng ngày'],['000393']
quá cảnh,['quá cảnh'],['000394']
hàng ngày,['hàng ngày'],['000395']
quan điểm,['quan điểm'],['000396']
quan hệ,['quan hệ'],['000397']
ăn vú sữa (bằng thìa),['ăn vú sữa (bằng thìa)'],['000398']
quan tâm,['quan tâm'],['000399']
ăn vú sữa,['ăn vú sữa'],['000400']
hôi,['hôi'],['000401']
quan trọng,['quan trọng'],['000402']
quang hợp,['quang hợp'],['000403']
trông nhà,['trông nhà'],['000404']
chạy (động vật),['chạy (động vật)'],['000405']
quàng khăn,['quàng khăn'],['000406']
Quảng Ninh,['Quảng Ninh'],['000407']
xe container,['xe container'],['000408']
bay nhanh (máy bay),['bay nhanh (máy bay)'],['000409']
quát mắng,['quát mắng'],['000410']
chậm chạp,['chậm chạp'],['000411']
quạt cây,['quạt cây'],['000412']
ngừng lại,['ngừng lại'],['000413']
quay cóp,['quay cóp'],['000414']
dừng lại,['dừng lại'],['000415']
quay phim,['quay phim'],['000416']
quà,['quà'],['000417']
Quảng Nam,['Quảng Nam'],['000418']
thì thầm,['thì thầm'],['000419']
hoặc,['hoặc'],['000420']
Quảng Trị,['Quảng Trị'],['000421']
hoặc,['hoặc'],['000422']
quạt treo tường,['quạt treo tường'],['000423']
hoặc,['hoặc'],['000424']
quân đội,['quân đội'],['000425']
không muốn,['không muốn'],['000426']
quân đội,['quân đội'],['000427']
không muốn,['không muốn'],['000428']
quần âu,['quần âu'],['000429']
không muốn,['không muốn'],['000430']
quần bò,['quần bò'],['000431']
quần bò,['quần bò'],['000432']
sa mạc,['sa mạc'],['000433']
quần bò,['quần bò'],['000434']
xem,['xem'],['000435']
quần đùi,['quần đùi'],['000436']
xem,['xem'],['000437']
quần yếm,['quần yếm'],['000438']
xem đã,['xem đã'],['000439']
mồ hôi nhễ nhại,['mồ hôi nhễ nhại'],['000440']
quét dọn,['quét dọn'],['000441']
không ngon,['không ngon'],['000442']
quét nhà,['quét nhà'],['000443']
hài lòng,['hài lòng'],['000444']
quê,['quê'],['000445']
má hồng,['má hồng'],['000446']
quê,['quê'],['000447']
ngập ngừng,['ngập ngừng'],['000448']
quê,['quê'],['000449']
nói ngập ngừng,['nói ngập ngừng'],['000450']
quên,['quên'],['000451']
quốc ca,['quốc ca'],['000452']
Võ Thị Sáu,['Võ Thị Sáu'],['000453']
mít tinh,['mít tinh'],['000454']
quốc gia,['quốc gia'],['000455']
quốc hội,['quốc hội'],['000456']
sụp đổ,['sụp đổ'],['000457']
quốc khánh,['quốc khánh'],['000458']
thiếu thốn,['thiếu thốn'],['000459']
thiếu thốn,['thiếu thốn'],['000460']
đề phòng,['đề phòng'],['000461']
quốc tế,['quốc tế'],['000462']
thiếu thốn,['thiếu thốn'],['000463']
Trần Quốc Toản,['Trần Quốc Toản'],['000464']
xuyên Việt,['xuyên Việt'],['000465']
dám làm,['dám làm'],['000466']
Quốc Tử Giám,['Quốc Tử Giám'],['000467']
không dám,['không dám'],['000468']
quy định,['quy định'],['000469']
không dám,['không dám'],['000470']
quy đồng mẫu số,['quy đồng mẫu số'],['000471']
không dám,['không dám'],['000472']
quy nạp,['quy nạp'],['000473']
phiền hà,['phiền hà'],['000474']
quyền lợi,['quyền lợi'],['000475']
quyền lợi,['quyền lợi'],['000476']
đèn ông sao,['đèn ông sao'],['000477']
quyết định,['quyết định'],['000478']
ung thư,['ung thư'],['000479']
quyết định,['quyết định'],['000480']
ung thư,['ung thư'],['000481']
quyết định,['quyết định'],['000482']
ung thư,['ung thư'],['000483']
phó hiệu trưởng,['phó hiệu trưởng'],['000484']
quỳ,['quỳ'],['000485']
phó hiệu trưởng,['phó hiệu trưởng'],['000486']
quý hiếm,['quý hiếm'],['000487']
phó hiệu trưởng,['phó hiệu trưởng'],['000488']
quyển vở,['quyển vở'],['000489']
quyển vở,['quyển vở'],['000490']
Ô-lim-píc,['Ô-lim-píc'],['000491']
quyển vở,['quyển vở'],['000492']
vòng nguyệt quế,['vòng nguyệt quế'],['000493']
hữu nghị,['hữu nghị'],['000494']
quyết tâm,['quyết tâm'],['000495']
bắn cung tên,['bắn cung tên'],['000496']
quyết tâm,['quyết tâm'],['000497']
mũi tên,['mũi tên'],['000498']
quyết tâm,['quyết tâm'],['000499']
Mã Lai (nước Ma-lai-xi-a),['Mã Lai (nước Ma-lai-xi-a)'],['000500']
ra lệnh,['ra lệnh'],['000501']
Mã Lai (nước Ma-lai-xi-a),['Mã Lai (nước Ma-lai-xi-a)'],['000502']
ra ngoài,['ra ngoài'],['000503']
Mã Lai (nước Ma-lai-xi-a),['Mã Lai (nước Ma-lai-xi-a)'],['000504']
ra ngoài,['ra ngoài'],['000505']
ra ngoài,['ra ngoài'],['000506']
số La Mã (Toán học),['số La Mã (Toán học)'],['000507']
Long Vương,['Long Vương'],['000508']
rạp chiếu phim,['rạp chiếu phim'],['000509']
rau,['rau'],['000510']
đàng hoàng,['đàng hoàng'],['000511']
phân vân,['phân vân'],['000512']
rau bắp cải,['rau bắp cải'],['000513']
lau miệng,['lau miệng'],['000514']
rau cải,['rau cải'],['000515']
chó cắn,['chó cắn'],['000516']
rau cải thảo,['rau cải thảo'],['000517']
mèo cào,['mèo cào'],['000518']
rau dền,['rau dền'],['000519']
quan hệ từ,['quan hệ từ'],['000520']
rau mùng tơi,['rau mùng tơi'],['000521']
rau ngót,['rau ngót'],['000522']
yêu nước Việt Nam,['yêu nước Việt Nam'],['000523']
quan (chức vụ),['quan (chức vụ)'],['000524']
rằm trung thu,['rằm trung thu'],['000525']
rằm trung thu,['rằm trung thu'],['000526']
đi tuần,['đi tuần'],['000527']
rằm trung thu,['rằm trung thu'],['000528']
vỗ về,['vỗ về'],['000529']
hốt hoảng,['hốt hoảng'],['000530']
răng,['răng'],['000531']
chuyện nhỏ,['chuyện nhỏ'],['000532']
răng cưa,['răng cưa'],['000533']
bất khuất,['bất khuất'],['000534']
râu,['râu'],['000535']
nhưng,['nhưng'],['000536']
rẽ phải,['rẽ phải'],['000537']
nhưng,['nhưng'],['000538']
rèn sắt,['rèn sắt'],['000539']
nhưng,['nhưng'],['000540']
rèn luyện,['rèn luyện'],['000541']
hay là (hoặc là),['hay là (hoặc là)'],['000542']
rễ cọc,['rễ cọc'],['000543']
hay là (hoặc là),['hay là (hoặc là)'],['000544']
rế,['rế'],['000545']
hay là (hoặc là),['hay là (hoặc là)'],['000546']
riêng biệt,['riêng biệt'],['000547']
riêng tư,['riêng tư'],['000548']
Thăng Long,['Thăng Long'],['000549']
dãy núi Hoàng Liên Sơn,['dãy núi Hoàng Liên Sơn'],['000550']
rình mò,['rình mò'],['000551']
quanh năm,['quanh năm'],['000552']
rìu,['rìu'],['000553']
gấp đôi,['gấp đôi'],['000554']
rõ ràng,['rõ ràng'],['000555']
gấp ba,['gấp ba'],['000556']
rõ ràng,['rõ ràng'],['000557']
chia đôi,['chia đôi'],['000558']
róc rách,['róc rách'],['000559']
chia đôi,['chia đôi'],['000560']
rón rén,['rón rén'],['000561']
chia đôi,['chia đôi'],['000562']
rong biển,['rong biển'],['000563']
chia ba,['chia ba'],['000564']
rong chơi,['rong chơi'],['000565']
chia ba,['chia ba'],['000566']
rong chơi,['rong chơi'],['000567']
rong chơi,['rong chơi'],['000568']
đại sứ,['đại sứ'],['000569']
cảnh giác,['cảnh giác'],['000570']
rổ,['rổ'],['000571']
giám sát,['giám sát'],['000572']
rộng lớn,['rộng lớn'],['000573']
quan sát,['quan sát'],['000574']
rộng rãi,['rộng rãi'],['000575']
rụng tóc (đt),['rụng tóc (đt)'],['000576']
ăn vụng,['ăn vụng'],['000577']
ruộng bậc thang,['ruộng bậc thang'],['000578']
xảy ra,['xảy ra'],['000579']
dự án,['dự án'],['000580']
ruột già,['ruột già'],['000581']
ruột non,['ruột non'],['000582']
đầu tư,['đầu tư'],['000583']
năn nỉ,['năn nỉ'],['000584']
rút gọn,['rút gọn'],['000585']
háo hức,['háo hức'],['000586']
rút gọn phân số,['rút gọn phân số'],['000587']
rắc rối,['rắc rối'],['000588']
rửa bát,['rửa bát'],['000589']
rửa chân,['rửa chân'],['000590']
tải về,['tải về'],['000591']
nhõng nhẽo,['nhõng nhẽo'],['000592']
rửa mặt,['rửa mặt'],['000593']
rửa tay,['rửa tay'],['000594']
đen đủi,['đen đủi'],['000595']
rừng núi,['rừng núi'],['000596']
xui xẻo,['xui xẻo'],['000597']
long lanh (mắt),['long lanh (mắt)'],['000598']
rừng rậm,['rừng rậm'],['000599']
dỗi,['dỗi'],['000600']
rừng thưa,['rừng thưa'],['000601']
dỗi,['dỗi'],['000602']
rước đèn,['rước đèn'],['000603']
dỗi,['dỗi'],['000604']
rưỡi,['rưỡi'],['000605']
liếc nhìn,['liếc nhìn'],['000606']
rưỡi,['rưỡi'],['000607']
liếc nhìn,['liếc nhìn'],['000608']
rưỡi,['rưỡi'],['000609']
liếc nhìn,['liếc nhìn'],['000610']
sách,['sách'],['000611']
nhổ tóc,['nhổ tóc'],['000612']
sách giáo khoa,['sách giáo khoa'],['000613']
nhổ râu,['nhổ râu'],['000614']
sách toán,['sách toán'],['000615']
nhổ lông mày,['nhổ lông mày'],['000616']
san hô,['san hô'],['000617']
cắt lông mũi,['cắt lông mũi'],['000618']
san sẻ,['san sẻ'],['000619']
nhổ răng,['nhổ răng'],['000620']
sản xuất,['sản xuất'],['000621']
răng hô,['răng hô'],['000622']
sáng chói,['sáng chói'],['000623']
răng khểnh,['răng khểnh'],['000624']
sáng kiến,['sáng kiến'],['000625']
kháu khỉnh,['kháu khỉnh'],['000626']
sáng tạo,['sáng tạo'],['000627']
mọc tóc,['mọc tóc'],['000628']
sao,['sao'],['000629']
mọc râu,['mọc râu'],['000630']
sao,['sao'],['000631']
mọc ria mép,['mọc ria mép'],['000632']
sao chép,['sao chép'],['000633']
giãn cách xã hội,['giãn cách xã hội'],['000634']
đỏ thắm,['đỏ thắm'],['000635']
sáo,['sáo'],['000636']
tương lai,['tương lai'],['000637']
ria mép,['ria mép'],['000638']
Sapa,['Sapa'],['000639']
sau,['sau'],['000640']
trong khoảng,['trong khoảng'],['000641']
say sưa,['say sưa'],['000642']
trốn tìm,['trốn tìm'],['000643']
nhảy bao bố,['nhảy bao bố'],['000644']
sắp xếp,['sắp xếp'],['000645']
nhảy lò cò,['nhảy lò cò'],['000646']
sắt,['sắt'],['000647']
kéo co,['kéo co'],['000648']
sắt,['sắt'],['000649']
hội thoại,['hội thoại'],['000650']
sắt,['sắt'],['000651']
lý do,['lý do'],['000652']
sấm chớp,['sấm chớp'],['000653']
lớn hơn 1 (Toán học),['lớn hơn 1 (Toán học)'],['000654']
sấm sét,['sấm sét'],['000655']
lớn hơn 2 (Toán học),['lớn hơn 2 (Toán học)'],['000656']
sân chơi,['sân chơi'],['000657']
sân chơi,['sân chơi'],['000658']
tỉnh táo,['tỉnh táo'],['000659']
nhộn nhịp (đông người),['nhộn nhịp (đông người)'],['000660']
sân khấu,['sân khấu'],['000661']
sân nhà,['sân nhà'],['000662']
áo kẻ sọc,['áo kẻ sọc'],['000663']
sân thượng,['sân thượng'],['000664']
đất nước bị chia cắt (Việt Nam),['đất nước bị chia cắt (Việt Nam)'],['000665']
sân trường,['sân trường'],['000666']
thống nhất đất nước,['thống nhất đất nước'],['000667']
khoáng sản,['khoáng sản'],['000668']
sân trường,['sân trường'],['000669']
sân trường,['sân trường'],['000670']
thương mại,['thương mại'],['000671']
công nghiệp,['công nghiệp'],['000672']
sân vận động,['sân vận động'],['000673']
công nghiệp,['công nghiệp'],['000674']
sâu,['sâu'],['000675']
công nghiệp,['công nghiệp'],['000676']
sâu bọ,['sâu bọ'],['000677']
dân tộc Chăm,['dân tộc Chăm'],['000678']
sĩ diện,['sĩ diện'],['000679']
dân tộc Mường,['dân tộc Mường'],['000680']
siêng năng,['siêng năng'],['000681']
dân tộc Khơ me,['dân tộc Khơ me'],['000682']
siêu âm,['siêu âm'],['000683']
dân tộc Thái,['dân tộc Thái'],['000684']
siêu thị,['siêu thị'],['000685']
dân tộc Mông,['dân tộc Mông'],['000686']
siêu tốc,['siêu tốc'],['000687']
nhà rông,['nhà rông'],['000688']
sinh đẻ,['sinh đẻ'],['000689']
lãng phí,['lãng phí'],['000690']
sinh đẻ,['sinh đẻ'],['000691']
sinh đẻ,['sinh đẻ'],['000692']
tiến bộ,['tiến bộ'],['000693']
Lượm,['Lượm'],['000694']
sinh động,['sinh động'],['000695']
cứu sống,['cứu sống'],['000696']
sinh hoạt,['sinh hoạt'],['000697']
máy xúc,['máy xúc'],['000698']
sinh sản,['sinh sản'],['000699']
cảng Hải Phòng,['cảng Hải Phòng'],['000700']
sinh sản,['sinh sản'],['000701']
cảng Sài Gòn,['cảng Sài Gòn'],['000702']
sinh sản,['sinh sản'],['000703']
kim cương,['kim cương'],['000704']
sinh sống,['sinh sống'],['000705']
khởi nghiệp,['khởi nghiệp'],['000706']
sinh tố,['sinh tố'],['000707']
sinh vật,['sinh vật'],['000708']
vải lụa,['vải lụa'],['000709']
Sóc Trăng,['Sóc Trăng'],['000710']
vải lụa,['vải lụa'],['000711']
sóng biển,['sóng biển'],['000712']
vải lụa,['vải lụa'],['000713']
lượt đi,['lượt đi'],['000714']
sóng thần,['sóng thần'],['000715']
lượt về (trong thể thao),['lượt về (trong thể thao)'],['000716']
sổ đầu bài,['sổ đầu bài'],['000717']
rau diếp cá,['rau diếp cá'],['000718']
sổ điểm danh,['sổ điểm danh'],['000719']
sổ tay,['sổ tay'],['000720']
thao thức,['thao thức'],['000721']
số bé,['số bé'],['000722']
thâm quầng mắt,['thâm quầng mắt'],['000723']
số chẵn,['số chẵn'],['000724']
tự hào,['tự hào'],['000725']
quyên góp,['quyên góp'],['000726']
số chín,['số chín'],['000727']
chia rẽ,['chia rẽ'],['000728']
số đo,['số đo'],['000729']
số lẻ,['số lẻ'],['000730']
tự trọng,['tự trọng'],['000731']
gian dối,['gian dối'],['000732']
số liền sau,['số liền sau'],['000733']
số liền trước,['số liền trước'],['000734']
ăn bám,['ăn bám'],['000735']
số lớn,['số lớn'],['000736']
tuyên truyền,['tuyên truyền'],['000737']
ham chơi,['ham chơi'],['000738']
số thập phân,['số thập phân'],['000739']
ham chơi,['ham chơi'],['000740']
sông Hồng,['sông Hồng'],['000741']
sốt,['sốt'],['000742']
đánh cầu lông,['đánh cầu lông'],['000743']
cánh buồm,['cánh buồm'],['000744']
sơ đồ,['sơ đồ'],['000745']
cầu Thê Húc (Hồ Gươm),['cầu Thê Húc (Hồ Gươm)'],['000746']
sơ mi,['sơ mi'],['000747']
da trắng,['da trắng'],['000748']
sợi,['sợi'],['000749']
da trắng,['da trắng'],['000750']
sợi chỉ,['sợi chỉ'],['000751']
da trắng,['da trắng'],['000752']
sợi dây,['sợi dây'],['000753']
da ngăm (nước da ngăm đen),['da ngăm (nước da ngăm đen)'],['000754']
sợi len,['sợi len'],['000755']
da ngăm (nước da ngăm đen),['da ngăm (nước da ngăm đen)'],['000756']
sơn,['sơn'],['000757']
da ngăm (nước da ngăm đen),['da ngăm (nước da ngăm đen)'],['000758']
súc miệng,['súc miệng'],['000759']
sum họp,['sum họp'],['000760']
tuần trăng mật,['tuần trăng mật'],['000761']
năm tới,['năm tới'],['000762']
suối,['suối'],['000763']
Hoãn,['Hoãn'],['000764']
suy nghĩ,['suy nghĩ'],['000765']
huỷ,['huỷ'],['000766']
suy nghĩ,['suy nghĩ'],['000767']
phụ thuộc,['phụ thuộc'],['000768']
sự thật,['sự thật'],['000769']
sửa chữa,['sửa chữa'],['000770']
thuộc địa,['thuộc địa'],['000771']
sữa bò,['sữa bò'],['000772']
tẩy chay,['tẩy chay'],['000773']
sữa bò,['sữa bò'],['000774']
đau mắt,['đau mắt'],['000775']
sữa bò,['sữa bò'],['000776']
đau bụng,['đau bụng'],['000777']
sữa bột,['sữa bột'],['000778']
đau tay,['đau tay'],['000779']
sữa dê,['sữa dê'],['000780']
đau chân,['đau chân'],['000781']
sữa dê,['sữa dê'],['000782']
đau tai,['đau tai'],['000783']
phẫu thuật tay,['phẫu thuật tay'],['000784']
sữa đặc,['sữa đặc'],['000785']
phẫu thuật chân,['phẫu thuật chân'],['000786']
sữa hộp,['sữa hộp'],['000787']
phẫu thuật mắt,['phẫu thuật mắt'],['000788']
sữa hộp,['sữa hộp'],['000789']
phẫu thuật mũi,['phẫu thuật mũi'],['000790']
sữa hộp,['sữa hộp'],['000791']
phẫu thuật cổ,['phẫu thuật cổ'],['000792']
sữa rửa mặt,['sữa rửa mặt'],['000793']
phẫu thuật bụng,['phẫu thuật bụng'],['000794']
sữa,['sữa'],['000795']
hội chứng Đao - Down,['hội chứng Đao - Down'],['000796']
sữa,['sữa'],['000797']
bệnh Đao - Down,['bệnh Đao - Down'],['000798']
sữa,['sữa'],['000799']
mệt mỏi,['mệt mỏi'],['000800']
sức khỏe,['sức khỏe'],['000801']
cả ngày,['cả ngày'],['000802']
sừng,['sừng'],['000803']
lẩu,['lẩu'],['000804']
sừng bò,['sừng bò'],['000805']
nhà kho,['nhà kho'],['000806']
sừng trâu,['sừng trâu'],['000807']
hấp,['hấp'],['000808']
sương gió,['sương gió'],['000809']
sườn,['sườn'],['000810']
thối,['thối'],['000811']
thiu,['thiu'],['000812']
tác dụng,['tác dụng'],['000813']
nguội,['nguội'],['000814']
tách,['tách'],['000815']
ngán,['ngán'],['000816']
tách lớp,['tách lớp'],['000817']
tai,['tai'],['000818']
tôm hùm,['tôm hùm'],['000819']
cua đồng,['cua đồng'],['000820']
tai nạn,['tai nạn'],['000821']
con hàu,['con hàu'],['000822']
tài giỏi,['tài giỏi'],['000823']
hải sản,['hải sản'],['000824']
tài năng,['tài năng'],['000825']
tài trợ,['tài trợ'],['000826']
vịt quay,['vịt quay'],['000827']
gà nướng lu,['gà nướng lu'],['000828']
tái phát,['tái phát'],['000829']
bánh hamburger,['bánh hamburger'],['000830']
tái phạm,['tái phạm'],['000831']
bánh sandwich,['bánh sandwich'],['000832']
tái phạm,['tái phạm'],['000833']
bánh canh,['bánh canh'],['000834']
tái phạm,['tái phạm'],['000835']
nước ép trái cây,['nước ép trái cây'],['000836']
đảo Trường Sa,['đảo Trường Sa'],['000837']
nước ép trái cây,['nước ép trái cây'],['000838']
tam giác,['tam giác'],['000839']
"sinh tố (bơ, dâu,","['sinh tố (bơ, dâu,']",['000840']
tạm biệt,['tạm biệt'],['000841']
vắt chanh,['vắt chanh'],['000842']
đảo Hoàng Sa,['đảo Hoàng Sa'],['000843']
mía,['mía'],['000844']
tán thành,['tán thành'],['000845']
chanh đá,['chanh đá'],['000846']
tạo dáng,['tạo dáng'],['000847']
chanh nóng,['chanh nóng'],['000848']
tàu hoả,['tàu hoả'],['000849']
chanh muối,['chanh muối'],['000850']
tàu ngầm,['tàu ngầm'],['000851']
trà đá,['trà đá'],['000852']
tàu thuyền,['tàu thuyền'],['000853']
trà nóng,['trà nóng'],['000854']
tàu thủy,['tàu thủy'],['000855']
taxi,['taxi'],['000856']
trà sữa,['trà sữa'],['000857']
Socola,['Socola'],['000858']
tay,['tay'],['000859']
Cocacola,['Cocacola'],['000860']
tay phải,['tay phải'],['000861']
7up,['7up'],['000862']
tay trái,['tay trái'],['000863']
một tiết học,['một tiết học'],['000864']
tặc lưỡi,['tặc lưỡi'],['000865']
một tiếng,['một tiếng'],['000866']
tăm,['tăm'],['000867']
một tiếng,['một tiếng'],['000868']
tâm thần,['tâm thần'],['000869']
rửa mặt,['rửa mặt'],['000870']
tấm vải,['tấm vải'],['000871']
tấm vải,['tấm vải'],['000872']
đánh răng,['đánh răng'],['000873']
tuần này,['tuần này'],['000874']
tấm vải,['tấm vải'],['000875']
tuần này,['tuần này'],['000876']
tấn công,['tấn công'],['000877']
tuần này,['tuần này'],['000878']
tập hợp (Toán học),['tập hợp (Toán học)'],['000879']
tuần sau,['tuần sau'],['000880']
tập hợp rỗng,['tập hợp rỗng'],['000881']
tuần sau,['tuần sau'],['000882']
tập thể dục,['tập thể dục'],['000883']
tuần sau,['tuần sau'],['000884']
tập trung,['tập trung'],['000885']
tuần trước,['tuần trước'],['000886']
tập viết,['tập viết'],['000887']
tuần trước,['tuần trước'],['000888']
Tây Bắc,['Tây Bắc'],['000889']
tuần trước,['tuần trước'],['000890']
Tây Nguyên,['Tây Nguyên'],['000891']
cuối tuần,['cuối tuần'],['000892']
Tây Ninh,['Tây Ninh'],['000893']
cuối tháng,['cuối tháng'],['000894']
tên riêng,['tên riêng'],['000895']
cuối năm,['cuối năm'],['000896']
Tết Âm,['Tết Âm'],['000897']
mục tiêu,['mục tiêu'],['000898']
Tết Âm,['Tết Âm'],['000899']
sinh đôi,['sinh đôi'],['000900']
Tết Dương,['Tết Dương'],['000901']
sinh đôi,['sinh đôi'],['000902']
Tết Dương,['Tết Dương'],['000903']
mô tả,['mô tả'],['000904']
Tết Thiếu nhi,['Tết Thiếu nhi'],['000905']
mũm mĩm,['mũm mĩm'],['000906']
Tết Trung thu,['Tết Trung thu'],['000907']
tóc dài,['tóc dài'],['000908']
Tết Trung thu,['Tết Trung thu'],['000909']
tóc ngắn,['tóc ngắn'],['000910']
Tết Trung thu,['Tết Trung thu'],['000911']
tha thứ,['tha thứ'],['000912']
tóc ngắn,['tóc ngắn'],['000913']
tha thứ,['tha thứ'],['000914']
tóc ngắn,['tóc ngắn'],['000915']
lốc xoáy,['lốc xoáy'],['000916']
thả diều,['thả diều'],['000917']
tay chân sạch sẽ,['tay chân sạch sẽ'],['000918']
thả mồi,['thả mồi'],['000919']
tay chân sạch sẽ,['tay chân sạch sẽ'],['000920']
thác,['thác'],['000921']
tay chân sạch sẽ,['tay chân sạch sẽ'],['000922']
thái độ,['thái độ'],['000923']
nhắm mắt,['nhắm mắt'],['000924']
thái độ,['thái độ'],['000925']
sờ,['sờ'],['000926']
thái độ,['thái độ'],['000927']
cây nến,['cây nến'],['000928']
Thái Nguyên,['Thái Nguyên'],['000929']
dịu dàng,['dịu dàng'],['000930']
tham dự,['tham dự'],['000931']
làm được,['làm được'],['000932']
tham dự,['tham dự'],['000933']
dòng sông chảy,['dòng sông chảy'],['000934']
tham dự,['tham dự'],['000935']
tham khảo,['tham khảo'],['000936']
ăn đủ,['ăn đủ'],['000937']
tham lam,['tham lam'],['000938']
ăn vừa,['ăn vừa'],['000939']
tham quan,['tham quan'],['000940']
ăn ít,['ăn ít'],['000941']
tham quan,['tham quan'],['000942']
đồ uống,['đồ uống'],['000943']
tham quan,['tham quan'],['000944']
đồ ăn,['đồ ăn'],['000945']
cầu thang,['cầu thang'],['000946']
trang điểm,['trang điểm'],['000947']
tháng,['tháng'],['000948']
đau mắt đỏ,['đau mắt đỏ'],['000949']
cái vợt cá,['cái vợt cá'],['000950']
tháng,['tháng'],['000951']
tháng,['tháng'],['000952']
vợt cầu lông,['vợt cầu lông'],['000953']
con vượn,['con vượn'],['000954']
Thanh Hóa,['Thanh Hóa'],['000955']
thanh niên,['thanh niên'],['000956']
thắp đèn,['thắp đèn'],['000957']
góp tiền,['góp tiền'],['000958']
đường ray xe lửa,['đường ray xe lửa'],['000959']
họp nhóm,['họp nhóm'],['000960']
thành công,['thành công'],['000961']
họp nhóm,['họp nhóm'],['000962']
thành lập,['thành lập'],['000963']
họp nhóm,['họp nhóm'],['000964']
thành lập,['thành lập'],['000965']
nước mắm,['nước mắm'],['000966']
thành lập,['thành lập'],['000967']
thoăn thoắt,['thoăn thoắt'],['000968']
thành lập,['thành lập'],['000969']
nghênh nghênh (đầu),['nghênh nghênh (đầu)'],['000970']
thành thạo,['thành thạo'],['000971']
thành thị,['thành thị'],['000972']
đua đòi,['đua đòi'],['000973']
bình sữa (em bé),['bình sữa (em bé)'],['000974']
thành viên,['thành viên'],['000975']
thánh địa Mỹ Sơn,['thánh địa Mỹ Sơn'],['000976']
đòi,['đòi'],['000977']
tháo gỡ,['tháo gỡ'],['000978']
đòi hỏi,['đòi hỏi'],['000979']
duy nhất,['duy nhất'],['000980']
thăm hỏi,['thăm hỏi'],['000981']
cạnh tranh,['cạnh tranh'],['000982']
thăm hỏi,['thăm hỏi'],['000983']
hoa hậu,['hoa hậu'],['000984']
thăm hỏi,['thăm hỏi'],['000985']
cái neo,['cái neo'],['000986']
thăng bằng,['thăng bằng'],['000987']
phóng viên,['phóng viên'],['000988']
thẳng hàng (Toán học),['thẳng hàng (Toán học)'],['000989']
nhà văn hóa,['nhà văn hóa'],['000990']
thẳng tắp,['thẳng tắp'],['000991']
nhà văn hóa,['nhà văn hóa'],['000992']
thắng lợi,['thắng lợi'],['000993']
cây cọ,['cây cọ'],['000994']
thân cây,['thân cây'],['000995']
khu vực cách ly,['khu vực cách ly'],['000996']
thân cây,['thân cây'],['000997']
phong toả,['phong toả'],['000998']
thân cây,['thân cây'],['000999']
thung lũng,['thung lũng'],['001000']
thân hình,['thân hình'],['001001']
thân thiết,['thân thiết'],['001002']
địa hình,['địa hình'],['001003']
Kim Đồng,['Kim Đồng'],['001004']
thân thiện,['thân thiện'],['001005']
Thánh Gióng,['Thánh Gióng'],['001006']
thần chết,['thần chết'],['001007']
hoa giấy,['hoa giấy'],['001008']
thần kinh,['thần kinh'],['001009']
hoa dâm bụt,['hoa dâm bụt'],['001010']
thận,['thận'],['001011']
kết luận,['kết luận'],['001012']
thấp hơn,['thấp hơn'],['001013']
internet,['internet'],['001014']
thầy cô,['thầy cô'],['001015']
nhà vệ sinh,['nhà vệ sinh'],['001016']
thầy cô,['thầy cô'],['001017']
thầy cô,['thầy cô'],['001018']
đi vệ sinh,['đi vệ sinh'],['001019']
hoa mai,['hoa mai'],['001020']
thầy cúng,['thầy cúng'],['001021']
a,['a'],['001022']
thầy giáo,['thầy giáo'],['001023']
thầy giáo,['thầy giáo'],['001024']
ă,['ă'],['001025']
thầy giáo,['thầy giáo'],['001026']
ă,['ă'],['001027']
theo dõi,['theo dõi'],['001028']
â,['â'],['001029']
b,['b'],['001030']
theo đuổi,['theo đuổi'],['001031']
c,['c'],['001032']
thẻ,['thẻ'],['001033']
d,['d'],['001034']
thét,['thét'],['001035']
thề,['thề'],['001036']
đ,['đ'],['001037']
e,['e'],['001038']
thế hệ,['thế hệ'],['001039']
tri kỉ,['tri kỉ'],['001040']
ê,['ê'],['001041']
thêu,['thêu'],['001042']
ê,['ê'],['001043']
thi cử,['thi cử'],['001044']
ê,['ê'],['001045']
g,['g'],['001046']
thi cử,['thi cử'],['001047']
g,['g'],['001048']
thi cử,['thi cử'],['001049']
h,['h'],['001050']
thị giác,['thị giác'],['001051']
h,['h'],['001052']
thị lực,['thị lực'],['001053']
h,['h'],['001054']
thìa,['thìa'],['001055']
i,['i'],['001056']
thìa,['thìa'],['001057']
k,['k'],['001058']
thìa,['thìa'],['001059']
l,['l'],['001060']
thích thú,['thích thú'],['001061']
thích thú,['thích thú'],['001062']
ô,['ô'],['001063']
thích thú,['thích thú'],['001064']
ô,['ô'],['001065']
thiên đình,['thiên đình'],['001066']
ô,['ô'],['001067']
thiên nhiên,['thiên nhiên'],['001068']
ơ,['ơ'],['001069']
p,['p'],['001070']
thiên thần,['thiên thần'],['001071']
p,['p'],['001072']
thiếp đi,['thiếp đi'],['001073']
p,['p'],['001074']
thiếp mời,['thiếp mời'],['001075']
q,['q'],['001076']
thiệt thòi,['thiệt thòi'],['001077']
r,['r'],['001078']
thiếu nhi,['thiếu nhi'],['001079']
s,['s'],['001080']
thiếu niên,['thiếu niên'],['001081']
t,['t'],['001082']
thím,['thím'],['001083']
t,['t'],['001084']
thoát hiểm,['thoát hiểm'],['001085']
thóc (gạo),['thóc (gạo)'],['001086']
thổi,['thổi'],['001087']
u,['u'],['001088']
thổi bóng,['thổi bóng'],['001089']
ư,['ư'],['001090']
thổi kèn,['thổi kèn'],['001091']
v,['v'],['001092']
thông báo,['thông báo'],['001093']
thông cảm,['thông cảm'],['001094']
z,['z'],['001095']
f,['f'],['001096']
thông minh,['thông minh'],['001097']
j,['j'],['001098']
thông minh,['thông minh'],['001099']
thông minh,['thông minh'],['001100']
w,['w'],['001101']
dấu huyền,['dấu huyền'],['001102']
thông qua,['thông qua'],['001103']
dấu huyền,['dấu huyền'],['001104']
thông thường,['thông thường'],['001105']
dấu huyền,['dấu huyền'],['001106']
thông tin,['thông tin'],['001107']
dấu sắc,['dấu sắc'],['001108']
tuổi thơ ấu,['tuổi thơ ấu'],['001109']
dấu sắc,['dấu sắc'],['001110']
thờ cúng,['thờ cúng'],['001111']
dấu sắc,['dấu sắc'],['001112']
thở dài,['thở dài'],['001113']
dấu hỏi,['dấu hỏi'],['001114']
thời gian biểu,['thời gian biểu'],['001115']
dấu hỏi,['dấu hỏi'],['001116']
thở,['thở'],['001117']
dấu hỏi,['dấu hỏi'],['001118']
thợ kim hoàn,['thợ kim hoàn'],['001119']
dấu ngã,['dấu ngã'],['001120']
thợ rèn,['thợ rèn'],['001121']
dấu ngã,['dấu ngã'],['001122']
thợ thêu,['thợ thêu'],['001123']
dấu ngã,['dấu ngã'],['001124']
thơm,['thơm'],['001125']
dấu nặng,['dấu nặng'],['001126']
thơm,['thơm'],['001127']
3,['3'],['001128']
thơm,['thơm'],['001129']
4,['4'],['001130']
thu mua,['thu mua'],['001131']
5,['5'],['001132']
thu nhỏ,['thu nhỏ'],['001133']
6,['6'],['001134']
thu thập,['thu thập'],['001135']
6,['6'],['001136']
thù lao,['thù lao'],['001137']
6,['6'],['001138']
thủ công,['thủ công'],['001139']
7,['7'],['001140']
thủ công,['thủ công'],['001141']
8,['8'],['001142']
thủ tướng,['thủ tướng'],['001143']
9,['9'],['001144']
thú dữ,['thú dữ'],['001145']
10,['10'],['001146']
thú dữ,['thú dữ'],['001147']
11,['11'],['001148']
thú dữ,['thú dữ'],['001149']
11,['11'],['001150']
thú y,['thú y'],['001151']
11,['11'],['001152']
thú y,['thú y'],['001153']
12,['12'],['001154']
thú y,['thú y'],['001155']
thuận lợi,['thuận lợi'],['001156']
ngữ pháp,['ngữ pháp'],['001157']
23,['23'],['001158']
ngữ pháp,['ngữ pháp'],['001159']
ngữ pháp,['ngữ pháp'],['001160']
40,['40'],['001161']
thúc đẩy,['thúc đẩy'],['001162']
80,['80'],['001163']
thuê,['thuê'],['001164']
90,['90'],['001165']
thuê,['thuê'],['001166']
100,['100'],['001167']
thuê,['thuê'],['001168']
1000 (một nghìn),['1000 (một nghìn)'],['001169']
thùng,['thùng'],['001170']
5000 (năm nghìn),['5000 (năm nghìn)'],['001171']
thủng,['thủng'],['001172']
5000 (năm nghìn),['5000 (năm nghìn)'],['001173']
thuộc lòng,['thuộc lòng'],['001174']
10 000 (mười nghìn),['10 000 (mười nghìn)'],['001175']
thuỷ điện,['thuỷ điện'],['001176']
10 000 (mười nghìn),['10 000 (mười nghìn)'],['001177']
thuỷ điện,['thuỷ điện'],['001178']
10 000 (mười nghìn),['10 000 (mười nghìn)'],['001179']
thuỷ điện,['thuỷ điện'],['001180']
1 000 000 (một triệu),['1 000 000 (một triệu)'],['001181']
thuỷ thủ,['thuỷ thủ'],['001182']
1 000 000 (một triệu),['1 000 000 (một triệu)'],['001183']
tinh trùng,['tinh trùng'],['001184']
1 000 000 (một triệu),['1 000 000 (một triệu)'],['001185']
thủy chung,['thủy chung'],['001186']
1 000 000 000 (một tỉ),['1 000 000 000 (một tỉ)'],['001187']
Thủy Điện Hòa Bình,['Thủy Điện Hòa Bình'],['001188']
1 000 000 000 (một tỉ),['1 000 000 000 (một tỉ)'],['001189']
Thủy Điện Hòa Bình,['Thủy Điện Hòa Bình'],['001190']
1 000 000 000 (một tỉ),['1 000 000 000 (một tỉ)'],['001191']
Thủy Điện Hòa Bình,['Thủy Điện Hòa Bình'],['001192']
thuyền chài,['thuyền chài'],['001193']
ác độc,['ác độc'],['001194']
thuyền rồng,['thuyền rồng'],['001195']
ác mộng,['ác mộng'],['001196']
ai,['ai'],['001197']
trưởng thành,['trưởng thành'],['001198']
ai,['ai'],['001199']
thuyết phục,['thuyết phục'],['001200']
ai,['ai'],['001201']
thuyết trình,['thuyết trình'],['001202']
An Giang,['An Giang'],['001203']
thư giãn,['thư giãn'],['001204']
an ninh,['an ninh'],['001205']
mục đích,['mục đích'],['001206']
Anh (nước Anh),['Anh (nước Anh)'],['001207']
thừa,['thừa'],['001208']
Anh (nước Anh),['Anh (nước Anh)'],['001209']
Thừa Thiên – Huế,['Thừa Thiên – Huế'],['001210']
Anh (nước Anh),['Anh (nước Anh)'],['001211']
Thừa Thiên – Huế,['Thừa Thiên – Huế'],['001212']
anh chị,['anh chị'],['001213']
Thừa Thiên – Huế,['Thừa Thiên – Huế'],['001214']
anh chị em,['anh chị em'],['001215']
thực hành,['thực hành'],['001216']
anh dũng,['anh dũng'],['001217']
thực hiện,['thực hiện'],['001218']
anh dũng,['anh dũng'],['001219']
thực phẩm,['thực phẩm'],['001220']
anh dũng,['anh dũng'],['001221']
thực sự,['thực sự'],['001222']
anh em,['anh em'],['001223']
thực tế,['thực tế'],['001224']
anh em,['anh em'],['001225']
thực vật,['thực vật'],['001226']
anh hùng,['anh hùng'],['001227']
thương (số),['thương (số)'],['001228']
anh rể,['anh rể'],['001229']
bùng binh,['bùng binh'],['001230']
anh rể,['anh rể'],['001231']
thương yêu,['thương yêu'],['001232']
anh rể,['anh rể'],['001233']
thương yêu,['thương yêu'],['001234']
anh ruột,['anh ruột'],['001235']
thương yêu,['thương yêu'],['001236']
anh ruột,['anh ruột'],['001237']
tỉ lệ,['tỉ lệ'],['001238']
anh ruột,['anh ruột'],['001239']
tỉ mỉ,['tỉ mỉ'],['001240']
anh vợ,['anh vợ'],['001241']
tia chớp,['tia chớp'],['001242']
sáng,['sáng'],['001243']
tia nắng,['tia nắng'],['001244']
ao chuôm,['ao chuôm'],['001245']
tia số,['tia số'],['001246']
tích (số),['tích (số)'],['001247']
ảo thuật,['ảo thuật'],['001248']
tích cực,['tích cực'],['001249']
áo,['áo'],['001250']
tiếc,['tiếc'],['001251']
áo ấm,['áo ấm'],['001252']
tiếc,['tiếc'],['001253']
áo cánh,['áo cánh'],['001254']
tiếc,['tiếc'],['001255']
áo đồng phục,['áo đồng phục'],['001256']
tiệc,['tiệc'],['001257']
áo đồng phục,['áo đồng phục'],['001258']
tiêm,['tiêm'],['001259']
áo đồng phục,['áo đồng phục'],['001260']
Tiền Giang,['Tiền Giang'],['001261']
áo phông,['áo phông'],['001262']
tiến sĩ,['tiến sĩ'],['001263']
áo phông,['áo phông'],['001264']
tiện nghi,['tiện nghi'],['001265']
áp phích,['áp phích'],['001266']
tiếng Anh,['tiếng Anh'],['001267']
ăn diện,['ăn diện'],['001268']
tiếng Anh,['tiếng Anh'],['001269']
ăn hối lộ,['ăn hối lộ'],['001270']
tiếng Anh,['tiếng Anh'],['001271']
ăn uống,['ăn uống'],['001272']
tiếng nói,['tiếng nói'],['001273']
ăn vặt,['ăn vặt'],['001274']
tiếp tục,['tiếp tục'],['001275']
ăn xin,['ăn xin'],['001276']
tiếp tục,['tiếp tục'],['001277']
âm thanh,['âm thanh'],['001278']
tiếp tục,['tiếp tục'],['001279']
ầm ĩ,['ầm ĩ'],['001280']
tiết kiệm,['tiết kiệm'],['001281']
ẩm mốc,['ẩm mốc'],['001282']
tiết kiệm,['tiết kiệm'],['001283']
ẩm ướt,['ẩm ướt'],['001284']
tiết kiệm,['tiết kiệm'],['001285']
ấm áp,['ấm áp'],['001286']
tiêu cực,['tiêu cực'],['001287']
ấm đun nước,['ấm đun nước'],['001288']
tiêu diệt,['tiêu diệt'],['001289']
ấm no,['ấm no'],['001290']
tiêu hoá,['tiêu hoá'],['001291']
ấm trà,['ấm trà'],['001292']
thụ phấn (hoa),['thụ phấn (hoa)'],['001293']
ân hận,['ân hận'],['001294']
tiểu học,['tiểu học'],['001295']
ấn tượng,['ấn tượng'],['001296']
tim,['tim'],['001297']
Âu Cơ,['Âu Cơ'],['001298']
Ba chân bốn cẳng,['Ba chân bốn cẳng'],['001299']
tìm hiểu,['tìm hiểu'],['001300']
Bà Nà,['Bà Nà'],['001301']
tìm hiểu,['tìm hiểu'],['001302']
Bà Rịa - Vũng Tàu,['Bà Rịa - Vũng Tàu'],['001303']
tìm hiểu,['tìm hiểu'],['001304']
triệu phú,['triệu phú'],['001305']
tím tái,['tím tái'],['001306']
Bạc Liêu,['Bạc Liêu'],['001307']
tin cậy,['tin cậy'],['001308']
bài báo,['bài báo'],['001309']
thần kì,['thần kì'],['001310']
bài thơ,['bài thơ'],['001311']
tình cảm,['tình cảm'],['001312']
bài thơ,['bài thơ'],['001313']
tình cờ,['tình cờ'],['001314']
bài thơ,['bài thơ'],['001315']
tình huống,['tình huống'],['001316']
hệ bài tiết,['hệ bài tiết'],['001317']
thương yêu,['thương yêu'],['001318']
Bãi biển Vũng Tàu,['Bãi biển Vũng Tàu'],['001319']
thương yêu,['thương yêu'],['001320']
bãi cát,['bãi cát'],['001321']
thương yêu,['thương yêu'],['001322']
bãi cỏ,['bãi cỏ'],['001323']
tình yêu,['tình yêu'],['001324']
bãi đỗ xe (ô tô),['bãi đỗ xe (ô tô)'],['001325']
tĩnh lặng,['tĩnh lặng'],['001326']
bãi tắm,['bãi tắm'],['001327']
tính cách,['tính cách'],['001328']
ban giám hiệu,['ban giám hiệu'],['001329']
tính chất,['tính chất'],['001330']
ban ngày,['ban ngày'],['001331']
tính chất bằng nhau,['tính chất bằng nhau'],['001332']
bàn bạc,['bàn bạc'],['001333']
tính chất cơ bản của phân số,['tính chất cơ bản của phân số'],['001334']
bàn chải đánh răng,['bàn chải đánh răng'],['001335']
tính chất giao hoán,['tính chất giao hoán'],['001336']
bàn chân,['bàn chân'],['001337']
tính chất kết hợp,['tính chất kết hợp'],['001338']
bàn ghế,['bàn ghế'],['001339']
tính nhẩm,['tính nhẩm'],['001340']
bàn là,['bàn là'],['001341']
tính toán,['tính toán'],['001342']
bàn phím (máy vi tính),['bàn phím (máy vi tính)'],['001343']
tính từ,['tính từ'],['001344']
bàn tay,['bàn tay'],['001345']
to lớn,['to lớn'],['001346']
bàn tán,['bàn tán'],['001347']
tò mò,['tò mò'],['001348']
bản đồ Việt Nam,['bản đồ Việt Nam'],['001349']
tò mò,['tò mò'],['001350']
bản đồ Việt Nam,['bản đồ Việt Nam'],['001351']
toa lét,['toa lét'],['001352']
bản đồ Việt Nam,['bản đồ Việt Nam'],['001353']
toa xe,['toa xe'],['001354']
bản làng,['bản làng'],['001355']
toa xe,['toa xe'],['001356']
bản lề,['bản lề'],['001357']
toa xe,['toa xe'],['001358']
bản nhạc,['bản nhạc'],['001359']
toà án,['toà án'],['001360']
bản sao (chỉ người),['bản sao (chỉ người)'],['001361']
toà án,['toà án'],['001362']
bán hàng,['bán hàng'],['001363']
toà án,['toà án'],['001364']
bán hàng,['bán hàng'],['001365']
tòa soạn,['tòa soạn'],['001366']
bán hàng,['bán hàng'],['001367']
tỏa hương,['tỏa hương'],['001368']
bán kính (hình tròn),['bán kính (hình tròn)'],['001369']
toàn cầu,['toàn cầu'],['001370']
bạn,['bạn'],['001371']
tóc xoăn,['tóc xoăn'],['001372']
bạn,['bạn'],['001373']
tóm cổ,['tóm cổ'],['001374']
bạn,['bạn'],['001375']
tóm lược,['tóm lược'],['001376']
bạn gái,['bạn gái'],['001377']
tóm tắt,['tóm tắt'],['001378']
bạn gái,['bạn gái'],['001379']
tô màu,['tô màu'],['001380']
bạn gái,['bạn gái'],['001381']
tô màu,['tô màu'],['001382']
bạn trai,['bạn trai'],['001383']
tôn thờ,['tôn thờ'],['001384']
bạn trai,['bạn trai'],['001385']
tổ tiên,['tổ tiên'],['001386']
bạn trai,['bạn trai'],['001387']
tổ trưởng,['tổ trưởng'],['001388']
bảng học sinh,['bảng học sinh'],['001389']
tôn trọng,['tôn trọng'],['001390']
bảng chia,['bảng chia'],['001391']
tổng (số),['tổng (số)'],['001392']
bảng chia,['bảng chia'],['001393']
tổng hợp,['tổng hợp'],['001394']
bảng chỉ dẫn,['bảng chỉ dẫn'],['001395']
tổng thống,['tổng thống'],['001396']
bảng cộng,['bảng cộng'],['001397']
tổng thống,['tổng thống'],['001398']
bảng cửu chương,['bảng cửu chương'],['001399']
tổng thống,['tổng thống'],['001400']
bảng đen,['bảng đen'],['001401']
tống tiền,['tống tiền'],['001402']
bảng đen,['bảng đen'],['001403']
tờ báo,['tờ báo'],['001404']
bảng đen,['bảng đen'],['001405']
tờ báo,['tờ báo'],['001406']
hãng máy bay,['hãng máy bay'],['001407']
tờ báo,['tờ báo'],['001408']
bảng màu,['bảng màu'],['001409']
tờ giấy,['tờ giấy'],['001410']
bảng nhân,['bảng nhân'],['001411']
tờ giấy,['tờ giấy'],['001412']
bảng nhân,['bảng nhân'],['001413']
tờ giấy,['tờ giấy'],['001414']
bảng nhân,['bảng nhân'],['001415']
tờ tiền,['tờ tiền'],['001416']
hãng xe máy,['hãng xe máy'],['001417']
trang trí,['trang trí'],['001418']
bảng trừ,['bảng trừ'],['001419']
trà,['trà'],['001420']
bảng trừ,['bảng trừ'],['001421']
trả (đt),['trả (đt)'],['001422']
bảng trừ,['bảng trừ'],['001423']
trả lời,['trả lời'],['001424']
bánh bột lọc,['bánh bột lọc'],['001425']
trách nhiệm,['trách nhiệm'],['001426']
bánh cốm,['bánh cốm'],['001427']
trái nghĩa,['trái nghĩa'],['001428']
bánh cuốn,['bánh cuốn'],['001429']
trái nghĩa,['trái nghĩa'],['001430']
bánh đa,['bánh đa'],['001431']
trạm xe buýt,['trạm xe buýt'],['001432']
bánh đúc,['bánh đúc'],['001433']
trạm y tế,['trạm y tế'],['001434']
bánh gai,['bánh gai'],['001435']
tràn ngập (nước),['tràn ngập (nước)'],['001436']
bánh giầy,['bánh giầy'],['001437']
trang phục,['trang phục'],['001438']
bánh giò,['bánh giò'],['001439']
tranh luận,['tranh luận'],['001440']
bánh gối,['bánh gối'],['001441']
tai nạn giao thông,['tai nạn giao thông'],['001442']
bánh mì,['bánh mì'],['001443']
tránh thai,['tránh thai'],['001444']
bánh mì,['bánh mì'],['001445']
trao tặng,['trao tặng'],['001446']
bánh mì,['bánh mì'],['001447']
trăng,['trăng'],['001448']
bánh pizza,['bánh pizza'],['001449']
trăng,['trăng'],['001450']
bánh pía,['bánh pía'],['001451']
trắng muốt,['trắng muốt'],['001452']
hãng tàu thuyền,['hãng tàu thuyền'],['001453']
trắng tay,['trắng tay'],['001454']
bánh xe,['bánh xe'],['001455']
trầm trồ,['trầm trồ'],['001456']
bao la,['bao la'],['001457']
quạt trần,['quạt trần'],['001458']
bảo hiểm,['bảo hiểm'],['001459']
trần nhà,['trần nhà'],['001460']
lưu,['lưu'],['001461']
tự (tự làm),['tự (tự làm)'],['001462']
bảo tàng,['bảo tàng'],['001463']
tre,['tre'],['001464']
bảo thủ,['bảo thủ'],['001465']
tre,['tre'],['001466']
tre,['tre'],['001467']
tồn tại,['tồn tại'],['001468']
bảo vệ môi trường,['bảo vệ môi trường'],['001469']
trêu,['trêu'],['001470']
bảo vệ môi trường,['bảo vệ môi trường'],['001471']
trêu tức,['trêu tức'],['001472']
bảo vệ môi trường,['bảo vệ môi trường'],['001473']
trí khôn,['trí khôn'],['001474']
báo (con báo),['báo (con báo)'],['001475']
trí thức,['trí thức'],['001476']
báo (con báo),['báo (con báo)'],['001477']
triều cường,['triều cường'],['001478']
báo (con báo),['báo (con báo)'],['001479']
triều đình,['triều đình'],['001480']
báo cáo,['báo cáo'],['001481']
trình bày,['trình bày'],['001482']
báo động,['báo động'],['001483']
trình độ,['trình độ'],['001484']
báo thù,['báo thù'],['001485']
trọc đầu,['trọc đầu'],['001486']
bát,['bát'],['001487']
trói tay,['trói tay'],['001488']
bát hương,['bát hương'],['001489']
tròn trịa (mặt),['tròn trịa (mặt)'],['001490']
bát ngát,['bát ngát'],['001491']
trong sáng,['trong sáng'],['001492']
tròn,['tròn'],['001493']
xì hơi (đánh rắm),['xì hơi (đánh rắm)'],['001494']
bay liệng (bay lượn),['bay liệng (bay lượn)'],['001495']
trong ngoài,['trong ngoài'],['001496']
bắc bán cầu,['bắc bán cầu'],['001497']
trong ngoài,['trong ngoài'],['001498']
Bắc bộ,['Bắc bộ'],['001499']
trong ngoài,['trong ngoài'],['001500']
Bắc Giang,['Bắc Giang'],['001501']
trong suốt,['trong suốt'],['001502']
Bắc Kạn,['Bắc Kạn'],['001503']
trọng tài,['trọng tài'],['001504']
bắc nam,['bắc nam'],['001505']
xe tải,['xe tải'],['001506']
bắc nam,['bắc nam'],['001507']
trộm cắp,['trộm cắp'],['001508']
Bắc Ninh,['Bắc Ninh'],['001509']
trốn chạy,['trốn chạy'],['001510']
bắn bi,['bắn bi'],['001511']
trốn chạy,['trốn chạy'],['001512']
bắn bi,['bắn bi'],['001513']
trốn chạy,['trốn chạy'],['001514']
bắn bi,['bắn bi'],['001515']
trông chờ,['trông chờ'],['001516']
bắn súng,['bắn súng'],['001517']
trông chờ,['trông chờ'],['001518']
băng bó,['băng bó'],['001519']
trông nom,['trông nom'],['001520']
băng chuyền,['băng chuyền'],['001521']
trông nom,['trông nom'],['001522']
băng dính,['băng dính'],['001523']
trống,['trống'],['001524']
băng giá,['băng giá'],['001525']
trộn (đt),['trộn (đt)'],['001526']
bằng phẳng,['bằng phẳng'],['001527']
trở thành,['trở thành'],['001528']
bắp ngô,['bắp ngô'],['001529']
trú mưa,['trú mưa'],['001530']
bắp ngô,['bắp ngô'],['001531']
trục hoành,['trục hoành'],['001532']
bắp ngô,['bắp ngô'],['001533']
trục tung,['trục tung'],['001534']
bắt,['bắt'],['001535']
trục xuất,['trục xuất'],['001536']
bắt đền,['bắt đền'],['001537']
trụi lá,['trụi lá'],['001538']
bắt đền,['bắt đền'],['001539']
trụi lá,['trụi lá'],['001540']
bắt đền,['bắt đền'],['001541']
trụi lá,['trụi lá'],['001542']
bắt giữ,['bắt giữ'],['001543']
trùm chăn,['trùm chăn'],['001544']
bắt nạt,['bắt nạt'],['001545']
trung bình,['trung bình'],['001546']
bắt tay,['bắt tay'],['001547']
trung điểm,['trung điểm'],['001548']
bậc thang,['bậc thang'],['001549']
Trung Quốc (nước Trung Quốc),['Trung Quốc (nước Trung Quốc)'],['001550']
bập bênh,['bập bênh'],['001551']
Trung Quốc (nước Trung Quốc),['Trung Quốc (nước Trung Quốc)'],['001552']
bất động,['bất động'],['001553']
Trung Quốc (nước Trung Quốc),['Trung Quốc (nước Trung Quốc)'],['001554']
bất hiếu,['bất hiếu'],['001555']
trung tâm,['trung tâm'],['001556']
bật đèn,['bật đèn'],['001557']
trung thành,['trung thành'],['001558']
bật lửa,['bật lửa'],['001559']
Trung Thu,['Trung Thu'],['001560']
bẫy chuột (hành động),['bẫy chuột (hành động)'],['001561']
Trung Thu,['Trung Thu'],['001562']
bẫy chuột (hành động),['bẫy chuột (hành động)'],['001563']
Trung Thu,['Trung Thu'],['001564']
bẫy chuột (dụng cụ),['bẫy chuột (dụng cụ)'],['001565']
trung ương,['trung ương'],['001566']
bẻ ngô,['bẻ ngô'],['001567']
trúng thưởng,['trúng thưởng'],['001568']
bẻ ngô,['bẻ ngô'],['001569']
trúng tuyển,['trúng tuyển'],['001570']
bẻ ngô,['bẻ ngô'],['001571']
trúng tuyển,['trúng tuyển'],['001572']
bé gái,['bé gái'],['001573']
trúng tuyển,['trúng tuyển'],['001574']
bé hơn,['bé hơn'],['001575']
truyền dịch,['truyền dịch'],['001576']
bé loắt choắt,['bé loắt choắt'],['001577']
truyền thông,['truyền thông'],['001578']
bé trai,['bé trai'],['001579']
truyền thống,['truyền thống'],['001580']
bé trai,['bé trai'],['001581']
trực nhật,['trực nhật'],['001582']
bé trai,['bé trai'],['001583']
trứng,['trứng'],['001584']
béo,['béo'],['001585']
trứng,['trứng'],['001586']
bê tông,['bê tông'],['001587']
trứng,['trứng'],['001588']
bể bơi,['bể bơi'],['001589']
trường tiểu học,['trường tiểu học'],['001590']
bể cá,['bể cá'],['001591']
trường tiểu học,['trường tiểu học'],['001592']
bế em,['bế em'],['001593']
trước,['trước'],['001594']
bên cạnh,['bên cạnh'],['001595']
trước,['trước'],['001596']
bên cạnh,['bên cạnh'],['001597']
trường hợp,['trường hợp'],['001598']
bên dưới,['bên dưới'],['001599']
trường mầm non,['trường mầm non'],['001600']
bên phải,['bên phải'],['001601']
trường mầm non,['trường mầm non'],['001602']
bên trái,['bên trái'],['001603']
trường mầm non,['trường mầm non'],['001604']
bên trên,['bên trên'],['001605']
trường PTCS (cấp 2),['trường PTCS (cấp 2)'],['001606']
bên trong,['bên trong'],['001607']
trường PTCS (cấp 2),['trường PTCS (cấp 2)'],['001608']
bến phà,['bến phà'],['001609']
trường PTCS (cấp 2),['trường PTCS (cấp 2)'],['001610']
bến tàu,['bến tàu'],['001611']
trường THPT ( cấp 3),['trường THPT ( cấp 3)'],['001612']
Bến Tre,['Bến Tre'],['001613']
trường THPT ( cấp 3),['trường THPT ( cấp 3)'],['001614']
bến xe,['bến xe'],['001615']
trường THPT ( cấp 3),['trường THPT ( cấp 3)'],['001616']
bênh vực,['bênh vực'],['001617']
trưởng nhóm,['trưởng nhóm'],['001618']
bệnh thủy đậu,['bệnh thủy đậu'],['001619']
tù giam,['tù giam'],['001620']
bệnh nhân,['bệnh nhân'],['001621']
tụ tập,['tụ tập'],['001622']
bệnh tật,['bệnh tật'],['001623']
tuân lệnh,['tuân lệnh'],['001624']
bí ngô,['bí ngô'],['001625']
tuân thủ,['tuân thủ'],['001626']
bị động,['bị động'],['001627']
tủi thân,['tủi thân'],['001628']
bìa vở,['bìa vở'],['001629']
túm tóc,['túm tóc'],['001630']
bịa đặt,['bịa đặt'],['001631']
tung tăng,['tung tăng'],['001632']
hóa đơn,['hóa đơn'],['001633']
tuổi thơ,['tuổi thơ'],['001634']
biển đông,['biển đông'],['001635']
tuốt lúa,['tuốt lúa'],['001636']
biển hiệu,['biển hiệu'],['001637']
tuỷ sống,['tuỷ sống'],['001638']
biến đổi,['biến đổi'],['001639']
tuyên bố,['tuyên bố'],['001640']
biện pháp,['biện pháp'],['001641']
tuyên ngôn,['tuyên ngôn'],['001642']
biểu đồ,['biểu đồ'],['001643']
tuyệt vọng,['tuyệt vọng'],['001644']
biểu đồ cột,['biểu đồ cột'],['001645']
từ bỏ,['từ bỏ'],['001646']
biểu đồ hình quạt,['biểu đồ hình quạt'],['001647']
từ đồng âm,['từ đồng âm'],['001648']
biểu thị,['biểu thị'],['001649']
từ ngữ,['từ ngữ'],['001650']
biểu thức,['biểu thức'],['001651']
từ phải sang trái,['từ phải sang trái'],['001652']
bím tóc đuôi sam,['bím tóc đuôi sam'],['001653']
từ trái nghĩa,['từ trái nghĩa'],['001654']
bình an,['bình an'],['001655']
từ trái nghĩa,['từ trái nghĩa'],['001656']
bình an,['bình an'],['001657']
từ trái nghĩa,['từ trái nghĩa'],['001658']
bình an,['bình an'],['001659']
từ trái sang phải,['từ trái sang phải'],['001660']
Bình Dương,['Bình Dương'],['001661']
tự lập,['tự lập'],['001662']
Bình Phước,['Bình Phước'],['001663']
tự lập,['tự lập'],['001664']
Bình Thuận,['Bình Thuận'],['001665']
tự lập,['tự lập'],['001666']
bình thường,['bình thường'],['001667']
tự tin,['tự tin'],['001668']
bình thường,['bình thường'],['001669']
tự tin,['tự tin'],['001670']
bình thường,['bình thường'],['001671']
tự tin,['tự tin'],['001672']
bít tất,['bít tất'],['001673']
tự vệ,['tự vệ'],['001674']
bò,['bò'],['001675']
tự vệ,['tự vệ'],['001676']
bò sát,['bò sát'],['001677']
tự vệ,['tự vệ'],['001678']
bò tót,['bò tót'],['001679']
tươi cười,['tươi cười'],['001680']
bỏ hoang,['bỏ hoang'],['001681']
tưới cây,['tưới cây'],['001682']
bỏ phiếu,['bỏ phiếu'],['001683']
tưới cây,['tưới cây'],['001684']
bỏ qua,['bỏ qua'],['001685']
tưới cây,['tưới cây'],['001686']
bỏ rơi,['bỏ rơi'],['001687']
nước tương (xì dầu),['nước tương (xì dầu)'],['001688']
bó đũa,['bó đũa'],['001689']
tương ứng,['tương ứng'],['001690']
bó hoa,['bó hoa'],['001691']
tưởng,['tưởng'],['001692']
bóc lột,['bóc lột'],['001693']
tưởng tượng,['tưởng tượng'],['001694']
bóc vỏ,['bóc vỏ'],['001695']
tượng,['tượng'],['001696']
bón phân,['bón phân'],['001697']
tượng đài,['tượng đài'],['001698']
bón phân,['bón phân'],['001699']
u ám ( trời u ám),['u ám ( trời u ám)'],['001700']
bón phân,['bón phân'],['001701']
ung dung,['ung dung'],['001702']
bỏng,['bỏng'],['001703']
ủng,['ủng'],['001704']
bỏng ngô,['bỏng ngô'],['001705']
ủng hộ,['ủng hộ'],['001706']
bóng bay,['bóng bay'],['001707']
UNICEF,['UNICEF'],['001708']
boong tàu,['boong tàu'],['001709']
uốn,['uốn'],['001710']
bọt biển,['bọt biển'],['001711']
uốn cong,['uốn cong'],['001712']
bọt xà phòng,['bọt xà phòng'],['001713']
uốn dẻo,['uốn dẻo'],['001714']
bồ kết,['bồ kết'],['001715']
uốn tóc,['uốn tóc'],['001716']
bổ ích,['bổ ích'],['001717']
úp,['úp'],['001718']
bổ ngữ,['bổ ngữ'],['001719']
ủy ban,['ủy ban'],['001720']
bổ trợ,['bổ trợ'],['001721']
ủy ban nhân dân,['ủy ban nhân dân'],['001722']
bố trí,['bố trí'],['001723']
ủy quyền,['ủy quyền'],['001724']
bộ truyện,['bộ truyện'],['001725']
ủy quyền,['ủy quyền'],['001726']
bốc vác,['bốc vác'],['001727']
ủy quyền,['ủy quyền'],['001728']
bố,['bố'],['001729']
ưu tiên,['ưu tiên'],['001730']
bố mẹ,['bố mẹ'],['001731']
ưu tiên,['ưu tiên'],['001732']
bộ đội,['bộ đội'],['001733']
va chạm,['va chạm'],['001734']
bộ đội,['bộ đội'],['001735']
va li,['va li'],['001736']
bộ đội,['bộ đội'],['001737']
vác,['vác'],['001738']
bộ sách,['bộ sách'],['001739']
vạch trần,['vạch trần'],['001740']
bốc hơi,['bốc hơi'],['001741']
vạch xuất phát,['vạch xuất phát'],['001742']
bốc thăm,['bốc thăm'],['001743']
vai,['vai'],['001744']
bồi bàn,['bồi bàn'],['001745']
vai trò,['vai trò'],['001746']
bồi thường,['bồi thường'],['001747']
vái lạy,['vái lạy'],['001748']
bồn hoa,['bồn hoa'],['001749']
vái tứ phương,['vái tứ phương'],['001750']
bồn rửa bát,['bồn rửa bát'],['001751']
vạm vỡ,['vạm vỡ'],['001752']
bông hoa,['bông hoa'],['001753']
vàng (kim loại),['vàng (kim loại)'],['001754']
bông hoa,['bông hoa'],['001755']
vàng bạc,['vàng bạc'],['001756']
bông hoa,['bông hoa'],['001757']
vào,['vào'],['001758']
bốt cảnh sát,['bốt cảnh sát'],['001759']
vào lớp,['vào lớp'],['001760']
vào mùa,['vào mùa'],['001761']
văn,['văn'],['001762']
bột giặt,['bột giặt'],['001763']
văn bản,['văn bản'],['001764']
bột màu,['bột màu'],['001765']
Văn miếu Quốc Tử Giám,['Văn miếu Quốc Tử Giám'],['001766']
bột màu,['bột màu'],['001767']
văn nghệ,['văn nghệ'],['001768']
bột màu,['bột màu'],['001769']
văn nghệ,['văn nghệ'],['001770']
bột ngọt,['bột ngọt'],['001771']
văn nghệ,['văn nghệ'],['001772']
bột ngọt,['bột ngọt'],['001773']
vắn tắt,['vắn tắt'],['001774']
bờ biển,['bờ biển'],['001775']
vắng,['vắng'],['001776']
bờ rào,['bờ rào'],['001777']
vắng,['vắng'],['001778']
bờ ruộng,['bờ ruộng'],['001779']
vắng,['vắng'],['001780']
bơi,['bơi'],['001781']
vắng lặng,['vắng lặng'],['001782']
bơi lội,['bơi lội'],['001783']
vắt cam,['vắt cam'],['001784']
bơm (cái bơm),['bơm (cái bơm)'],['001785']
vấn đề,['vấn đề'],['001786']
bơm nước,['bơm nước'],['001787']
vấn đề,['vấn đề'],['001788']
bơm xe,['bơm xe'],['001789']
vấn đề,['vấn đề'],['001790']
bờm tóc,['bờm tóc'],['001791']
vận chuyển,['vận chuyển'],['001792']
bớt,['bớt'],['001793']
vận động,['vận động'],['001794']
bớt đi,['bớt đi'],['001795']
vật,['vật'],['001796']
Bru-nây (nước Bru-nây),['Bru-nây (nước Bru-nây)'],['001797']
vật nuôi,['vật nuôi'],['001798']
Bru-nây (nước Bru-nây),['Bru-nây (nước Bru-nây)'],['001799']
vật nuôi,['vật nuôi'],['001800']
vật nuôi,['vật nuôi'],['001801']
cỏ,['cỏ'],['001802']
vây bắt,['vây bắt'],['001803']
cỏ,['cỏ'],['001804']
vẫy tay,['vẫy tay'],['001805']
cỏ,['cỏ'],['001806']
vẫy vùng (cá),['vẫy vùng (cá)'],['001807']
bụi đời,['bụi đời'],['001808']
vé,['vé'],['001809']
bụi phấn,['bụi phấn'],['001810']
vệ sinh cá nhân,['vệ sinh cá nhân'],['001811']
bụi phấn,['bụi phấn'],['001812']
vênh váo,['vênh váo'],['001813']
bụi phấn,['bụi phấn'],['001814']
vết thương,['vết thương'],['001815']
Bun-ga-ri (nước Bun-ga-ri),['Bun-ga-ri (nước Bun-ga-ri)'],['001816']
vi khuẩn,['vi khuẩn'],['001817']
bùn,['bùn'],['001818']
vĩ cầm,['vĩ cầm'],['001819']
bụng,['bụng'],['001820']
vĩ đại,['vĩ đại'],['001821']
buộc dây,['buộc dây'],['001822']
vị ngữ,['vị ngữ'],['001823']
buộc tóc,['buộc tóc'],['001824']
vị trí,['vị trí'],['001825']
buổi chiều,['buổi chiều'],['001826']
việc làm,['việc làm'],['001827']
buổi đêm,['buổi đêm'],['001828']
viện bảo tàng,['viện bảo tàng'],['001829']
buổi đêm,['buổi đêm'],['001830']
viện nghiên cứu,['viện nghiên cứu'],['001831']
buổi đêm,['buổi đêm'],['001832']
viết lia lịa,['viết lia lịa'],['001833']
buổi sáng,['buổi sáng'],['001834']
Vĩnh Long,['Vĩnh Long'],['001835']
buổi sáng,['buổi sáng'],['001836']
Vĩnh Phúc,['Vĩnh Phúc'],['001837']
buổi sáng,['buổi sáng'],['001838']
vịnh,['vịnh'],['001839']
buổi tối,['buổi tối'],['001840']
vịnh Hạ Long,['vịnh Hạ Long'],['001841']
buổi tối,['buổi tối'],['001842']
Võ Nguyên Giáp,['Võ Nguyên Giáp'],['001843']
buổi tối,['buổi tối'],['001844']
vòi voi,['vòi voi'],['001845']
buổi trưa,['buổi trưa'],['001846']
vòng đeo tay,['vòng đeo tay'],['001847']
buổi trưa,['buổi trưa'],['001848']
buổi trưa,['buổi trưa'],['001849']
vỏ,['vỏ'],['001850']
buôn làng,['buôn làng'],['001851']
võ thuật,['võ thuật'],['001852']
buồn nôn,['buồn nôn'],['001853']
vòi nước,['vòi nước'],['001854']
buông màn,['buông màn'],['001855']
vòng đời,['vòng đời'],['001856']
buông màn,['buông màn'],['001857']
vòng tròn,['vòng tròn'],['001858']
buông màn,['buông màn'],['001859']
võng (cái võng),['võng (cái võng)'],['001860']
buồng trứng,['buồng trứng'],['001861']
nhiều vô cùng,['nhiều vô cùng'],['001862']
búp bê,['búp bê'],['001863']
vô lí,['vô lí'],['001864']
bút,['bút'],['001865']
vô lo vô nghĩ,['vô lo vô nghĩ'],['001866']
bút bi,['bút bi'],['001867']
vô tâm,['vô tâm'],['001868']
bút màu,['bút màu'],['001869']
xa vô tận,['xa vô tận'],['001870']
bút máy,['bút máy'],['001871']
vô tư,['vô tư'],['001872']
bữa cơm,['bữa cơm'],['001873']
vô ý,['vô ý'],['001874']
vô ý thức,['vô ý thức'],['001875']
bức tranh,['bức tranh'],['001876']
vồ,['vồ'],['001877']
bức tranh,['bức tranh'],['001878']
vỗ cánh,['vỗ cánh'],['001879']
bức tường,['bức tường'],['001880']
vỗ tay,['vỗ tay'],['001881']
bước,['bước'],['001882']
vội vã,['vội vã'],['001883']
bước chân,['bước chân'],['001884']
vở chèo,['vở chèo'],['001885']
bướng bỉnh,['bướng bỉnh'],['001886']
vỡ,['vỡ'],['001887']
bướng bỉnh,['bướng bỉnh'],['001888']
vũ trụ,['vũ trụ'],['001889']
bưu tá,['bưu tá'],['001890']
vua Hùng,['vua Hùng'],['001891']
ca,['ca'],['001892']
vui chơi,['vui chơi'],['001893']
ca nô,['ca nô'],['001894']
vui chơi,['vui chơi'],['001895']
Cà Mau,['Cà Mau'],['001896']
vui chơi,['vui chơi'],['001897']
cá kho,['cá kho'],['001898']
vui mừng,['vui mừng'],['001899']
cá kho,['cá kho'],['001900']
vui mừng,['vui mừng'],['001901']
cái bè,['cái bè'],['001902']
vui mừng,['vui mừng'],['001903']
cái gương,['cái gương'],['001904']
vui sướng,['vui sướng'],['001905']
cái gương,['cái gương'],['001906']
vui sướng,['vui sướng'],['001907']
cái gương,['cái gương'],['001908']
cái nhíp,['cái nhíp'],['001909']
vui tính,['vui tính'],['001910']
cái túi,['cái túi'],['001911']
vun đắp,['vun đắp'],['001912']
Cam-pu-chia (nước Cam-pu-chia),['Cam-pu-chia (nước Cam-pu-chia)'],['001913']
vùng vẫy (dành cho người),['vùng vẫy (dành cho người)'],['001914']
Cam-pu-chia (nước Cam-pu-chia),['Cam-pu-chia (nước Cam-pu-chia)'],['001915']
hình vuông,['hình vuông'],['001916']
Cam-pu-chia (nước Cam-pu-chia),['Cam-pu-chia (nước Cam-pu-chia)'],['001917']
vuốt tóc,['vuốt tóc'],['001918']
cảnh vật,['cảnh vật'],['001919']
vuông góc,['vuông góc'],['001920']
cánh tay,['cánh tay'],['001921']
vững chắc,['vững chắc'],['001922']
cạnh,['cạnh'],['001923']
vườn thú,['vườn thú'],['001924']
cạnh bên (toán),['cạnh bên (toán)'],['001925']
vượt trội,['vượt trội'],['001926']
cạnh đáy,['cạnh đáy'],['001927']
xa cách,['xa cách'],['001928']
cạnh đối diện,['cạnh đối diện'],['001929']
xa xôi,['xa xôi'],['001930']
cao (người),['cao (người)'],['001931']
xà phòng,['xà phòng'],['001932']
cao (vật),['cao (vật)'],['001933']
xà phòng,['xà phòng'],['001934']
cao (nhà),['cao (nhà)'],['001935']
xà phòng,['xà phòng'],['001936']
cao (núi),['cao (núi)'],['001937']
xà phòng giặt,['xà phòng giặt'],['001938']
Cao Bằng,['Cao Bằng'],['001939']
xà phòng giặt,['xà phòng giặt'],['001940']
cao độ,['cao độ'],['001941']
xà phòng giặt,['xà phòng giặt'],['001942']
cao nguyên,['cao nguyên'],['001943']
xả rác,['xả rác'],['001944']
cao quý,['cao quý'],['001945']
xã hội,['xã hội'],['001946']
cao tầng,['cao tầng'],['001947']
xã hội,['xã hội'],['001948']
cao thấp,['cao thấp'],['001949']
xã hội,['xã hội'],['001950']
cao tốc,['cao tốc'],['001951']
xách túi,['xách túi'],['001952']
cát,['cát'],['001953']
xanh xao,['xanh xao'],['001954']
cau có,['cau có'],['001955']
xanh xao,['xanh xao'],['001956']
cày,['cày'],['001957']
xanh xao,['xanh xao'],['001958']
cày ruộng,['cày ruộng'],['001959']
xã,['xã'],['001960']
cây xanh tươi,['cây xanh tươi'],['001961']
cặp sách,['cặp sách'],['001962']
cây xanh tươi,['cây xanh tươi'],['001963']
cặp tóc,['cặp tóc'],['001964']
cây xanh tươi,['cây xanh tươi'],['001965']
cắt nhau,['cắt nhau'],['001966']
cần khởi động,['cần khởi động'],['001967']
xăm,['xăm'],['001968']
cấp cứu,['cấp cứu'],['001969']
xăng,['xăng'],['001970']
cấp dưỡng,['cấp dưỡng'],['001971']
xăng-ti-mét (cm),['xăng-ti-mét (cm)'],['001972']
cất giấu,['cất giấu'],['001973']
xăng-ti-mét-khối (cm3),['xăng-ti-mét-khối (cm3)'],['001974']
câu cá,['câu cá'],['001975']
xăng-ti-mét-vuông (cm2),['xăng-ti-mét-vuông (cm2)'],['001976']
câu chuyện,['câu chuyện'],['001977']
xâm lược,['xâm lược'],['001978']
câu đố,['câu đố'],['001979']
xây,['xây'],['001980']
câu đối,['câu đối'],['001981']
xây,['xây'],['001982']
câu đơn,['câu đơn'],['001983']
xây,['xây'],['001984']
câu ghép,['câu ghép'],['001985']
xây nhà,['xây nhà'],['001986']
câu thơ,['câu thơ'],['001987']
xe đạp,['xe đạp'],['001988']
câu thơ,['câu thơ'],['001989']
xe ben,['xe ben'],['001990']
câu thơ,['câu thơ'],['001991']
xe máy,['xe máy'],['001992']
câu văn,['câu văn'],['001993']
xe cảnh sát,['xe cảnh sát'],['001994']
cầu (cây cầu),['cầu (cây cầu)'],['001995']
xe cứu hỏa,['xe cứu hỏa'],['001996']
cầu cứu,['cầu cứu'],['001997']
xe cứu thương,['xe cứu thương'],['001998']
cầu giao,['cầu giao'],['001999']
xe khách,['xe khách'],['002000']
cầu kì,['cầu kì'],['002001']
xe khách,['xe khách'],['002002']
cầu nguyện,['cầu nguyện'],['002003']
xe khách,['xe khách'],['002004']
cầu thủ,['cầu thủ'],['002005']
xe lam,['xe lam'],['002006']
cầu tre,['cầu tre'],['002007']
xe lu,['xe lu'],['002008']
cây ăn quả,['cây ăn quả'],['002009']
xe cẩu,['xe cẩu'],['002010']
cây ăn quả,['cây ăn quả'],['002011']
xé rách,['xé rách'],['002012']
cây ăn quả,['cây ăn quả'],['002013']
xem xét,['xem xét'],['002014']
cây bàng,['cây bàng'],['002015']
xen,['xen'],['002016']
cây bàng,['cây bàng'],['002017']
xẻng,['xẻng'],['002018']
cây cổ thụ,['cây cổ thụ'],['002019']
xếp,['xếp'],['002020']
cây cổ thụ,['cây cổ thụ'],['002021']
xếp hàng,['xếp hàng'],['002022']
cây cổ thụ,['cây cổ thụ'],['002023']
xếp hàng dọc,['xếp hàng dọc'],['002024']
cây cối,['cây cối'],['002025']
xếp hàng ngang,['xếp hàng ngang'],['002026']
cây đa,['cây đa'],['002027']
xếp hàng ưu tiên,['xếp hàng ưu tiên'],['002028']
cây gỗ,['cây gỗ'],['002029']
xinh,['xinh'],['002030']
cây khế,['cây khế'],['002031']
xinh xắn,['xinh xắn'],['002032']
cây ngô,['cây ngô'],['002033']
xóa bảng,['xóa bảng'],['002034']
cây ngô,['cây ngô'],['002035']
xoá bỏ,['xoá bỏ'],['002036']
cây ngô,['cây ngô'],['002037']
xoáy,['xoáy'],['002038']
cây phượng,['cây phượng'],['002039']
xóm làng,['xóm làng'],['002040']
cây phượng,['cây phượng'],['002041']
xô,['xô'],['002042']
cây thân gỗ,['cây thân gỗ'],['002043']
xôi,['xôi'],['002044']
cây thân gỗ,['cây thân gỗ'],['002045']
xông hơi,['xông hơi'],['002046']
cây thân gỗ,['cây thân gỗ'],['002047']
xu (tiền),['xu (tiền)'],['002048']
cây tre,['cây tre'],['002049']
tóc dựng đứng,['tóc dựng đứng'],['002050']
cây trồng,['cây trồng'],['002051']
xuất hiện,['xuất hiện'],['002052']
cây xanh,['cây xanh'],['002053']
xuất hiện,['xuất hiện'],['002054']
cấy,['cấy'],['002055']
xuất hiện,['xuất hiện'],['002056']
cấy lúa,['cấy lúa'],['002057']
xuất khẩu,['xuất khẩu'],['002058']
cha,['cha'],['002059']
xúc xắc,['xúc xắc'],['002060']
cha mẹ,['cha mẹ'],['002061']
xung đột,['xung đột'],['002062']
chả cá,['chả cá'],['002063']
xứ Nghệ,['xứ Nghệ'],['002064']
chả cá,['chả cá'],['002065']
xưa,['xưa'],['002066']
chả cá,['chả cá'],['002067']
xưa,['xưa'],['002068']
chai,['chai'],['002069']
xưa,['xưa'],['002070']
chai nước,['chai nước'],['002071']
xương rồng,['xương rồng'],['002072']
chàng trai,['chàng trai'],['002073']
Y-Éc-Xanh,['Y-Éc-Xanh'],['002074']
chào,['chào'],['002075']
y tế,['y tế'],['002076']
chảo,['chảo'],['002077']
ý chí,['ý chí'],['002078']
chảo,['chảo'],['002079']
ý nghĩa,['ý nghĩa'],['002080']
chát,['chát'],['002081']
ý nghĩa,['ý nghĩa'],['002082']
cháu gái,['cháu gái'],['002083']
ý nghĩa,['ý nghĩa'],['002084']
cháu gái,['cháu gái'],['002085']
ý thức,['ý thức'],['002086']
cháu gái,['cháu gái'],['002087']
ý tưởng,['ý tưởng'],['002088']
cháu ngoại,['cháu ngoại'],['002089']
yếm,['yếm'],['002090']
cháu ngoại,['cháu ngoại'],['002091']
Yên Bái,['Yên Bái'],['002092']
cháu ngoại,['cháu ngoại'],['002093']
yên bình,['yên bình'],['002094']
cháu nội,['cháu nội'],['002095']
yên lòng,['yên lòng'],['002096']
cháu nội,['cháu nội'],['002097']
tôi yêu bạn,['tôi yêu bạn'],['002098']
cháu nội,['cháu nội'],['002099']
yêu cầu,['yêu cầu'],['002100']
cháu trai,['cháu trai'],['002101']
yêu cầu,['yêu cầu'],['002102']
cháu trai,['cháu trai'],['002103']
yêu cầu,['yêu cầu'],['002104']
chày,['chày'],['002105']
yêu mến (yêu quí),['yêu mến (yêu quí)'],['002106']
cháy rừng,['cháy rừng'],['002107']
yêu mến (yêu quí),['yêu mến (yêu quí)'],['002108']
chạy,['chạy'],['002109']
yêu mến (yêu quí),['yêu mến (yêu quí)'],['002110']
chú ( người),['chú ( người)'],['002111']
yếu,['yếu'],['002112']
chăm học,['chăm học'],['002113']
yếu,['yếu'],['002114']
chăm sóc sức khỏe,['chăm sóc sức khỏe'],['002115']
yếu,['yếu'],['002116']
chăm sóc sức khỏe,['chăm sóc sức khỏe'],['002117']
yếu tố,['yếu tố'],['002118']
chăm sóc sức khỏe,['chăm sóc sức khỏe'],['002119']
công văn,['công văn'],['002120']
chăn (cái chăn),['chăn (cái chăn)'],['002121']
vá quần áo,['vá quần áo'],['002122']
chăn (cái chăn),['chăn (cái chăn)'],['002123']
hoan hô,['hoan hô'],['002124']
chăn (cái chăn),['chăn (cái chăn)'],['002125']
trả thù,['trả thù'],['002126']
chăn nuôi,['chăn nuôi'],['002127']
môn Địa lý,['môn Địa lý'],['002128']
chăn nuôi,['chăn nuôi'],['002129']
môn Địa lý,['môn Địa lý'],['002130']
chăn nuôi,['chăn nuôi'],['002131']
gù lưng,['gù lưng'],['002132']
ai bảo,['ai bảo'],['002133']
chặn,['chặn'],['002134']
chặt,['chặt'],['002135']
chặt,['chặt'],['002136']
chặt,['chặt'],['002137']
chặt chẽ,['chặt chẽ'],['002138']
châm chọc,['châm chọc'],['002139']
chấm dứt,['chấm dứt'],['002140']
chấm điểm,['chấm điểm'],['002141']
chân dung,['chân dung'],['002142']
chân đất,['chân đất'],['002143']
chân tay,['chân tay'],['002144']
chất dẻo,['chất dẻo'],['002145']
chất đốt,['chất đốt'],['002146']
chất độc,['chất độc'],['002147']
chất độc màu da cam,['chất độc màu da cam'],['002148']
chất hữu cơ,['chất hữu cơ'],['002149']
chất lỏng,['chất lỏng'],['002150']
chất lượng,['chất lượng'],['002151']
chất rắn,['chất rắn'],['002152']
chất thải,['chất thải'],['002153']
chật chội,['chật chội'],['002154']
Châu Á Thái Bình Dương,['Châu Á Thái Bình Dương'],['002155']
Châu Đại Dương,['Châu Đại Dương'],['002156']
chè đỗ đỏ,['chè đỗ đỏ'],['002157']
chém,['chém'],['002158']
chen lấn,['chen lấn'],['002159']
chèn ép,['chèn ép'],['002160']
chén,['chén'],['002161']
chèo thuyền,['chèo thuyền'],['002162']
chép bài,['chép bài'],['002163']
tạo thành,['tạo thành'],['002164']
chi hội,['chi hội'],['002165']
khó tiêu,['khó tiêu'],['002166']
chi tiết,['chi tiết'],['002167']
chỉ,['chỉ'],['002168']
chỉ dẫn,['chỉ dẫn'],['002169']
chỉ huy,['chỉ huy'],['002170']
chỉ khâu,['chỉ khâu'],['002171']
đường chỉ tay,['đường chỉ tay'],['002172']
chị,['chị'],['002173']
chị chồng,['chị chồng'],['002174']
chị dâu,['chị dâu'],['002175']
Chi-lê (nước Chi-lê),['Chi-lê (nước Chi-lê)'],['002176']
chia,['chia'],['002177']
chia,['chia'],['002178']
chia,['chia'],['002179']
chia cắt,['chia cắt'],['002180']
chia đều,['chia đều'],['002181']
chia hết,['chia hết'],['002182']
chia phần,['chia phần'],['002183']
chia sẻ,['chia sẻ'],['002184']
chia tay,['chia tay'],['002185']
chìa khóa,['chìa khóa'],['002186']
chiếc gối,['chiếc gối'],['002187']
chiếc gối,['chiếc gối'],['002188']
chiếc gối,['chiếc gối'],['002189']
chiếm đoạt,['chiếm đoạt'],['002190']
chiêng,['chiêng'],['002191']
chiều cao,['chiều cao'],['002192']
chiều dài,['chiều dài'],['002193']
chiều rộng,['chiều rộng'],['002194']
chiều tối,['chiều tối'],['002195']
chiếu,['chiếu'],['002196']
chiếu,['chiếu'],['002197']
chiếu,['chiếu'],['002198']
chiếu phim,['chiếu phim'],['002199']
cá mập,['cá mập'],['002200']
chim bồ câu,['chim bồ câu'],['002201']
chim chào mào,['chim chào mào'],['002202']
chim chích chòe,['chim chích chòe'],['002203']
chim chóc,['chim chóc'],['002204']
chim đại bàng,['chim đại bàng'],['002205']
chim gõ kiến,['chim gõ kiến'],['002206']
chim phượng hoàng,['chim phượng hoàng'],['002207']
chim yến,['chim yến'],['002208']
chỉnh sửa,['chỉnh sửa'],['002209']
chín,['chín'],['002210']
chính phủ,['chính phủ'],['002211']
chính phủ,['chính phủ'],['002212']
chính quyền,['chính quyền'],['002213']
chính tả,['chính tả'],['002214']
chính xác,['chính xác'],['002215']
chính xác,['chính xác'],['002216']
chính xác,['chính xác'],['002217']
chó sói,['chó sói'],['002218']
chó xù,['chó xù'],['002219']
chọi gà,['chọi gà'],['002220']
chọi trâu,['chọi trâu'],['002221']
chọn lọc,['chọn lọc'],['002222']
chọn lựa,['chọn lựa'],['002223']
chong chóng,['chong chóng'],['002224']
chống đối,['chống đối'],['002225']
chợ Bến Thành,['chợ Bến Thành'],['002226']
chợ nổi,['chợ nổi'],['002227']
chợ nổi Cái Bè,['chợ nổi Cái Bè'],['002228']
chợ nổi Cái Răng,['chợ nổi Cái Răng'],['002229']
luân phiên,['luân phiên'],['002230']
luân phiên,['luân phiên'],['002231']
chơi,['chơi'],['002232']
chơi,['chơi'],['002233']
chớp mắt,['chớp mắt'],['002234']
chu vi,['chu vi'],['002235']
chủ đề,['chủ đề'],['002236']
chủ động,['chủ động'],['002237']
chủ nghĩa xã hội,['chủ nghĩa xã hội'],['002238']
chủ ngữ,['chủ ngữ'],['002239']
chủ nhiệm,['chủ nhiệm'],['002240']
nước tới chân mới nhảy,['nước tới chân mới nhảy'],['002241']
chú hề,['chú hề'],['002242']
chú rể,['chú rể'],['002243']
chú tễu,['chú tễu'],['002244']
thích nghi,['thích nghi'],['002245']
chú ý,['chú ý'],['002246']
chùa,['chùa'],['002247']
chùa,['chùa'],['002248']
chùa,['chùa'],['002249']
chùa Hương,['chùa Hương'],['002250']
chùa Một Cột,['chùa Một Cột'],['002251']
chuẩn bị,['chuẩn bị'],['002252']
chuẩn bị,['chuẩn bị'],['002253']
chuẩn bị,['chuẩn bị'],['002254']
chúc mừng,['chúc mừng'],['002255']
chúc mừng,['chúc mừng'],['002256']
chúc mừng,['chúc mừng'],['002257']
chúc tết,['chúc tết'],['002258']
chúc thọ,['chúc thọ'],['002259']
chúc thọ,['chúc thọ'],['002260']
chục,['chục'],['002261']
chục nghìn,['chục nghìn'],['002262']
chục triệu,['chục triệu'],['002263']
chui,['chui'],['002264']
chúi đầu,['chúi đầu'],['002265']
chum,['chum'],['002266']
chùm hoa,['chùm hoa'],['002267']
chùm khế,['chùm khế'],['002268']
chùm nho,['chùm nho'],['002269']
chùm vải,['chùm vải'],['002270']
chung kết,['chung kết'],['002271']
chuỗi hạt,['chuỗi hạt'],['002272']
chuông,['chuông'],['002273']
chuông nhà,['chuông nhà'],['002274']
chuồng,['chuồng'],['002275']
chuyên biệt,['chuyên biệt'],['002276']
chuyên cần,['chuyên cần'],['002277']
chuyên gia,['chuyên gia'],['002278']
chuyên gia,['chuyên gia'],['002279']
chuyên gia,['chuyên gia'],['002280']
chuyền bóng,['chuyền bóng'],['002281']
chim chuyền cành,['chim chuyền cành'],['002282']
chuyển đồ,['chuyển đồ'],['002283']
chuyển đổi số đo,['chuyển đổi số đo'],['002284']
chuyển động,['chuyển động'],['002285']
chuyển động đều,['chuyển động đều'],['002286']
chuyển động quay,['chuyển động quay'],['002287']
chuyển giao,['chuyển giao'],['002288']
chuyển hướng,['chuyển hướng'],['002289']
chuyển vế,['chuyển vế'],['002290']
chuyện trò,['chuyện trò'],['002291']
chữ cái,['chữ cái'],['002292']
chữa bài,['chữa bài'],['002293']
chữa bài,['chữa bài'],['002294']
chữa cháy,['chữa cháy'],['002295']
chức năng,['chức năng'],['002296']
chứng kiến,['chứng kiến'],['002297']
chương trình,['chương trình'],['002298']
chữ,['chữ'],['002299']
chữa bệnh,['chữa bệnh'],['002300']
chức vụ,['chức vụ'],['002301']
chứng cớ,['chứng cớ'],['002302']
chứng minh,['chứng minh'],['002303']
chứng nhận,['chứng nhận'],['002304']
co dãn,['co dãn'],['002305']
co giật,['co giật'],['002306']
cỏ may,['cỏ may'],['002307']
có ích,['có ích'],['002308']
trọng nam khinh nữ,['trọng nam khinh nữ'],['002309']
máy vi tính,['máy vi tính'],['002310']
con ba ba,['con ba ba'],['002311']
con bê,['con bê'],['002312']
con bê,['con bê'],['002313']
con bê,['con bê'],['002314']
con bò,['con bò'],['002315']
con bò,['con bò'],['002316']
con bò,['con bò'],['002317']
con bướm,['con bướm'],['002318']
con cá,['con cá'],['002319']
con cá,['con cá'],['002320']
con cá,['con cá'],['002321']
con chim,['con chim'],['002322']
con chó,['con chó'],['002323']
con chó,['con chó'],['002324']
con chó,['con chó'],['002325']
con chồn,['con chồn'],['002326']
con chuột,['con chuột'],['002327']
con chuột nhắt,['con chuột nhắt'],['002328']
con cò,['con cò'],['002329']
con cóc,['con cóc'],['002330']
con cọp,['con cọp'],['002331']
con cọp,['con cọp'],['002332']
con cọp,['con cọp'],['002333']
con công,['con công'],['002334']
con cua,['con cua'],['002335']
con cú mèo,['con cú mèo'],['002336']
con cừu,['con cừu'],['002337']
con dâu,['con dâu'],['002338']
con dê,['con dê'],['002339']
con dế,['con dế'],['002340']
con đẻ,['con đẻ'],['002341']
con đom đóm,['con đom đóm'],['002342']
con đường,['con đường'],['002343']
con gà,['con gà'],['002344']
con gái,['con gái'],['002345']
con gấu,['con gấu'],['002346']
con ghẹ,['con ghẹ'],['002347']
con gián,['con gián'],['002348']
con hoẵng,['con hoẵng'],['002349']
con hươu,['con hươu'],['002350']
con khỉ,['con khỉ'],['002351']
con kiến,['con kiến'],['002352']
con kiến,['con kiến'],['002353']
con kiến,['con kiến'],['002354']
con lợn (con heo),['con lợn (con heo)'],['002355']
con lợn (con heo),['con lợn (con heo)'],['002356']
con lợn (con heo),['con lợn (con heo)'],['002357']
con lươn,['con lươn'],['002358']
con mèo,['con mèo'],['002359']
con mèo,['con mèo'],['002360']
con muỗi,['con muỗi'],['002361']
con mực,['con mực'],['002362']
con nai,['con nai'],['002363']
con ngỗng,['con ngỗng'],['002364']
con người,['con người'],['002365']
con người,['con người'],['002366']
con người,['con người'],['002367']
con ngựa,['con ngựa'],['002368']
con ngựa,['con ngựa'],['002369']
con ngựa,['con ngựa'],['002370']
con nhím,['con nhím'],['002371']
con nuôi,['con nuôi'],['002372']
con nuôi,['con nuôi'],['002373']
con nuôi,['con nuôi'],['002374']
con ong,['con ong'],['002375']
con ong,['con ong'],['002376']
con ốc,['con ốc'],['002377']
con ruồi,['con ruồi'],['002378']
con rùa,['con rùa'],['002379']
con sâu,['con sâu'],['002380']
con sò,['con sò'],['002381']
con sóc,['con sóc'],['002382']
con sói,['con sói'],['002383']
con sông,['con sông'],['002384']
con số,['con số'],['002385']
con sư tử,['con sư tử'],['002386']
con sư tử,['con sư tử'],['002387']
con tem,['con tem'],['002388']
con thỏ,['con thỏ'],['002389']
con tôm,['con tôm'],['002390']
con tôm,['con tôm'],['002391']
con tôm,['con tôm'],['002392']
con trai (động vật),['con trai (động vật)'],['002393']
con trăn,['con trăn'],['002394']
con voi,['con voi'],['002395']
con voi,['con voi'],['002396']
con voi,['con voi'],['002397']
cong,['cong'],['002398']
còng (cái còng),['còng (cái còng)'],['002399']
còng,['còng'],['002400']
cõng,['cõng'],['002401']
cô dâu,['cô dâu'],['002402']
cô đơn,['cô đơn'],['002403']
cô giáo,['cô giáo'],['002404']
cô giáo,['cô giáo'],['002405']
cô giáo,['cô giáo'],['002406']
cổ,['cổ'],['002407']
cổ áo,['cổ áo'],['002408']
cổ chân,['cổ chân'],['002409']
cổ đại,['cổ đại'],['002410']
cổ họng,['cổ họng'],['002411']
cố gắng,['cố gắng'],['002412']
cổ tay,['cổ tay'],['002413']
cổ truyền,['cổ truyền'],['002414']
cổ vũ,['cổ vũ'],['002415']
cổng trường,['cổng trường'],['002416']
cổng trường,['cổng trường'],['002417']
cỗ,['cỗ'],['002418']
cố định,['cố định'],['002419']
Cô-lôm-bi-a (nước Cô-lôm-bi-a),['Cô-lôm-bi-a (nước Cô-lôm-bi-a)'],['002420']
cổ tích,['cổ tích'],['002421']
cố ý (như cố tình),['cố ý (như cố tình)'],['002422']
cốc,['cốc'],['002423']
cối giã,['cối giã'],['002424']
cối xay gió,['cối xay gió'],['002425']
cối xay lúa,['cối xay lúa'],['002426']
cốm,['cốm'],['002427']
côn trùng,['côn trùng'],['002428']
công bằng,['công bằng'],['002429']
công chúa,['công chúa'],['002430']
công cộng,['công cộng'],['002431']
công cụ,['công cụ'],['002432']
công nhận,['công nhận'],['002433']
công sức,['công sức'],['002434']
công tắc,['công tắc'],['002435']
công thức,['công thức'],['002436']
công trường,['công trường'],['002437']
công ước,['công ước'],['002438']
công viên,['công viên'],['002439']
công viên,['công viên'],['002440']
công viên,['công viên'],['002441']
công việc,['công việc'],['002442']
Paris,['Paris'],['002443']
cổng,['cổng'],['002444']
cống,['cống'],['002445']
cộng (Toán học),['cộng (Toán học)'],['002446']
cộng (Toán học),['cộng (Toán học)'],['002447']
cộng (Toán học),['cộng (Toán học)'],['002448']
cột đèn,['cột đèn'],['002449']
cột điện,['cột điện'],['002450']
cột điện,['cột điện'],['002451']
cột điện,['cột điện'],['002452']
cột nhà,['cột nhà'],['002453']
cột sống,['cột sống'],['002454']
cơ bắp,['cơ bắp'],['002455']
cơ hội,['cơ hội'],['002456']
cơ hội,['cơ hội'],['002457']
cơ hội,['cơ hội'],['002458']
cơ quan,['cơ quan'],['002459']
cơ sở,['cơ sở'],['002460']
cơ thể,['cơ thể'],['002461']
cởi áo,['cởi áo'],['002462']
cơm hộp,['cơm hộp'],['002463']
cờ,['cờ'],['002464']
cờ ca rô,['cờ ca rô'],['002465']
cơm,['cơm'],['002466']
cơm bình dân,['cơm bình dân'],['002467']
cơm bình dân,['cơm bình dân'],['002468']
cơm bình dân,['cơm bình dân'],['002469']
Cu ba (nước Cu ba),['Cu ba (nước Cu ba)'],['002470']
củ đậu,['củ đậu'],['002471']
củ khoai lang,['củ khoai lang'],['002472']
củ từ,['củ từ'],['002473']
cụ thể,['cụ thể'],['002474']
cúc áo,['cúc áo'],['002475']
cúi,['cúi'],['002476']
cuống hoa,['cuống hoa'],['002477']
cù,['cù'],['002478']
củ cà rốt,['củ cà rốt'],['002479']
củ cải trắng,['củ cải trắng'],['002480']
củ gừng,['củ gừng'],['002481']
củ hành tây,['củ hành tây'],['002482']
củ tỏi,['củ tỏi'],['002483']
củ sả,['củ sả'],['002484']
cụ,['cụ'],['002485']
cụ đồ,['cụ đồ'],['002486']
cụ già,['cụ già'],['002487']
cục tẩy,['cục tẩy'],['002488']
cùi chỏ,['cùi chỏ'],['002489']
củi,['củi'],['002490']
cụm từ,['cụm từ'],['002491']
cuộc đời,['cuộc đời'],['002492']
cuộc sống,['cuộc sống'],['002493']
cuốn,['cuốn'],['002494']
cuộn giấy vệ sinh,['cuộn giấy vệ sinh'],['002495']
cuống lá,['cuống lá'],['002496']
cử chỉ điệu bộ,['cử chỉ điệu bộ'],['002497']
cử động,['cử động'],['002498']
cưa (cái cưa),['cưa (cái cưa)'],['002499']
cửa hàng,['cửa hàng'],['002500']
cửa khẩu,['cửa khẩu'],['002501']
cửa kính,['cửa kính'],['002502']
cửa sổ,['cửa sổ'],['002503']
cưỡi ngựa,['cưỡi ngựa'],['002504']
yên ngựa,['yên ngựa'],['002505']
cướp,['cướp'],['002506']
cướp,['cướp'],['002507']
cướp,['cướp'],['002508']
cướp biển,['cướp biển'],['002509']
cướp cờ,['cướp cờ'],['002510']
cướp giật,['cướp giật'],['002511']
cứu,['cứu'],['002512']
cứu hộ,['cứu hộ'],['002513']
dai,['dai'],['002514']
dài,['dài'],['002515']
dài hạn,['dài hạn'],['002516']
dàn bài,['dàn bài'],['002517']
dàn nhạc,['dàn nhạc'],['002518']
danh bạ,['danh bạ'],['002519']
danh dự,['danh dự'],['002520']
danh hiệu,['danh hiệu'],['002521']
danh lam thắng cảnh,['danh lam thắng cảnh'],['002522']
danh mục,['danh mục'],['002523']
danh nhân,['danh nhân'],['002524']
danh sách,['danh sách'],['002525']
danh từ,['danh từ'],['002526']
danh từ riêng,['danh từ riêng'],['002527']
dán,['dán'],['002528']
dao,['dao'],['002529']
dãy nhà,['dãy nhà'],['002530']
dãy núi,['dãy núi'],['002531']
dãy số,['dãy số'],['002532']
dãy số liệu,['dãy số liệu'],['002533']
dân ca,['dân ca'],['002534']
dân chài,['dân chài'],['002535']
gian lận,['gian lận'],['002536']
dân số,['dân số'],['002537']
dân tộc,['dân tộc'],['002538']
dân tộc,['dân tộc'],['002539']
dân tộc,['dân tộc'],['002540']
dân tộc thiểu số,['dân tộc thiểu số'],['002541']
dân tộc thiểu số,['dân tộc thiểu số'],['002542']
dân tộc thiểu số,['dân tộc thiểu số'],['002543']
dẫn chương trình,['dẫn chương trình'],['002544']
dẫn chứng,['dẫn chứng'],['002545']
dập,['dập'],['002546']
dầu ăn,['dầu ăn'],['002547']
dầu gội đầu,['dầu gội đầu'],['002548']
dầu hoả,['dầu hoả'],['002549']
dầu khí,['dầu khí'],['002550']
dấu chấm hỏi,['dấu chấm hỏi'],['002551']
dấu chấm than,['dấu chấm than'],['002552']
dấu chia,['dấu chia'],['002553']
dấu gạch ngang,['dấu gạch ngang'],['002554']
bắt buộc,['bắt buộc'],['002555']
dấu ngoặc đơn,['dấu ngoặc đơn'],['002556']
dấu nhân,['dấu nhân'],['002557']
dấu phẩy,['dấu phẩy'],['002558']
dây buộc tóc,['dây buộc tóc'],['002559']
dây chun,['dây chun'],['002560']
dây điện,['dây điện'],['002561']
dây điện,['dây điện'],['002562']
dây điện,['dây điện'],['002563']
dây thần kinh,['dây thần kinh'],['002564']
dây thừng,['dây thừng'],['002565']
dây xích,['dây xích'],['002566']
dép quai hậu,['dép quai hậu'],['002567']
dê con,['dê con'],['002568']
dê mẹ,['dê mẹ'],['002569']
dễ chịu,['dễ chịu'],['002570']
dễ thương,['dễ thương'],['002571']
dệt,['dệt'],['002572']
di chuyển,['di chuyển'],['002573']
di truyền,['di truyền'],['002574']
di truyền,['di truyền'],['002575']
di truyền,['di truyền'],['002576']
dịch vụ,['dịch vụ'],['002577']
dịch vụ,['dịch vụ'],['002578']
dịch vụ,['dịch vụ'],['002579']
diêm,['diêm'],['002580']
diện tích,['diện tích'],['002581']
diện tích toàn phần,['diện tích toàn phần'],['002582']
diện tích xung quanh,['diện tích xung quanh'],['002583']
diệt chủng,['diệt chủng'],['002584']
xịt côn trùng,['xịt côn trùng'],['002585']
diều,['diều'],['002586']
Dinh Độc Lập,['Dinh Độc Lập'],['002587']
hăm dọa,['hăm dọa'],['002588']
doanh nghiệp,['doanh nghiệp'],['002589']
doanh trại,['doanh trại'],['002590']
dọc,['dọc'],['002591']
dòng chữ,['dòng chữ'],['002592']
dòng họ,['dòng họ'],['002593']
dòng sông,['dòng sông'],['002594']
dốc,['dốc'],['002595']
dốt,['dốt'],['002596']
du học,['du học'],['002597']
duyên dáng,['duyên dáng'],['002598']
duyệt binh,['duyệt binh'],['002599']
nhà nước,['nhà nước'],['002600']
nhà nước,['nhà nước'],['002601']
nhà nước,['nhà nước'],['002602']
dựng phim,['dựng phim'],['002603']
đá bóng,['đá bóng'],['002604']
pháo đài,['pháo đài'],['002605']
đài sen,['đài sen'],['002606']
đại diện,['đại diện'],['002607']
đại diện,['đại diện'],['002608']
đại diện,['đại diện'],['002609']
đại dương,['đại dương'],['002610']
đại số,['đại số'],['002611']
đại tá,['đại tá'],['002612']
đại tướng,['đại tướng'],['002613']
đại úy,['đại úy'],['002614']
đan,['đan'],['002615']
đàn xê lô đại vĩ cầm,['đàn xê lô đại vĩ cầm'],['002616']
đàn bầu,['đàn bầu'],['002617']
đàn bướm,['đàn bướm'],['002618']
đàn ghi ta,['đàn ghi ta'],['002619']
đàn kiến,['đàn kiến'],['002620']
đàn tơ-rưng,['đàn tơ-rưng'],['002621']
đàng ngoài,['đàng ngoài'],['002622']
đàng trong,['đàng trong'],['002623']
đáng quý,['đáng quý'],['002624']
đánh,['đánh'],['002625']
đánh bắt,['đánh bắt'],['002626']
đánh giá,['đánh giá'],['002627']
đánh răng,['đánh răng'],['002628']
đánh trống,['đánh trống'],['002629']
đạn,['đạn'],['002630']
đào tạo,['đào tạo'],['002631']
đặc biệt,['đặc biệt'],['002632']
đặc biệt,['đặc biệt'],['002633']
đặc biệt,['đặc biệt'],['002634']
đặc biệt,['đặc biệt'],['002635']
đặc điểm,['đặc điểm'],['002636']
Đắk Lắk,['Đắk Lắk'],['002637']
đăng ký,['đăng ký'],['002638']
đăng nhập,['đăng nhập'],['002639']
đằng sau,['đằng sau'],['002640']
đằng trước,['đằng trước'],['002641']
Đặng Văn Ngữ,['Đặng Văn Ngữ'],['002642']
đắt đỏ,['đắt đỏ'],['002643']
đặt,['đặt'],['002644']
đập,['đập'],['002645']
đất,['đất'],['002646']
đất màu mỡ,['đất màu mỡ'],['002647']
đất nặn,['đất nặn'],['002648']
đầu tàu,['đầu tàu'],['002649']
đầu tiên,['đầu tiên'],['002650']
đầu xuôi đuôi lọt,['đầu xuôi đuôi lọt'],['002651']
đấu tranh,['đấu tranh'],['002652']
đấu vật,['đấu vật'],['002653']
đầy,['đầy'],['002654']
đầy đủ,['đầy đủ'],['002655']
đầy tớ,['đầy tớ'],['002656']
đẩy,['đẩy'],['002657']
đen láy (như đen nhánh),['đen láy (như đen nhánh)'],['002658']
đen láy (như đen nhánh),['đen láy (như đen nhánh)'],['002659']
đen láy (như đen nhánh),['đen láy (như đen nhánh)'],['002660']
đèn báo giao thông,['đèn báo giao thông'],['002661']
đèn báo giao thông,['đèn báo giao thông'],['002662']
đèn báo giao thông,['đèn báo giao thông'],['002663']
đèn điện,['đèn điện'],['002664']
đèn điện,['đèn điện'],['002665']
đèn pin,['đèn pin'],['002666']
đèn pin,['đèn pin'],['002667']
đèn pin,['đèn pin'],['002668']
đèn vàng,['đèn vàng'],['002669']
đèn vàng,['đèn vàng'],['002670']
đèn vàng,['đèn vàng'],['002671']
đèn xanh,['đèn xanh'],['002672']
đèn xanh,['đèn xanh'],['002673']
đèn xanh,['đèn xanh'],['002674']
đeo kính,['đeo kính'],['002675']
đèo Hải Vân,['đèo Hải Vân'],['002676']
đèo Hải Vân,['đèo Hải Vân'],['002677']
đèo Hải Vân,['đèo Hải Vân'],['002678']
đèo,['đèo'],['002679']
đẹp đẽ (như đẹp),['đẹp đẽ (như đẹp)'],['002680']
đẹp mê hồn,['đẹp mê hồn'],['002681']
để (đặt),['để (đặt)'],['002682']
đề nghị,['đề nghị'],['002683']
đề nghị,['đề nghị'],['002684']
đề tài,['đề tài'],['002685']
đề-xi-mét (dm),['đề-xi-mét (dm)'],['002686']
đề-xi-mét khối (dm3),['đề-xi-mét khối (dm3)'],['002687']
đề-xi-mét vuông (dm2),['đề-xi-mét vuông (dm2)'],['002688']
đếm,['đếm'],['002689']
đền,['đền'],['002690']
Đền Hùng,['Đền Hùng'],['002691']
đều đặn,['đều đặn'],['002692']
đi,['đi'],['002693']
đi học,['đi học'],['002694']
đĩa,['đĩa'],['002695']
đĩa DVD,['đĩa DVD'],['002696']
địa cầu,['địa cầu'],['002697']
địa đạo Củ Chi,['địa đạo Củ Chi'],['002698']
địa điểm,['địa điểm'],['002699']
tấm lòng,['tấm lòng'],['002700']
điện,['điện'],['002701']
điện,['điện'],['002702']
điện,['điện'],['002703']
Điện Biên Phủ,['Điện Biên Phủ'],['002704']
điện thoại,['điện thoại'],['002705']
điêu khắc,['điêu khắc'],['002706']
quả điều,['quả điều'],['002707']
quả điều,['quả điều'],['002708']
điều phối,['điều phối'],['002709']
điều phối,['điều phối'],['002710']
điều hòa,['điều hòa'],['002711']
điều hòa,['điều hòa'],['002712']
điều khiển,['điều khiển'],['002713']
điều kiện,['điều kiện'],['002714']
điều tra,['điều tra'],['002715']
điều trị,['điều trị'],['002716']
định vị,['định vị'],['002717']
đo,['đo'],['002718']
đoàn cải lương,['đoàn cải lương'],['002719']
đoàn thanh niên,['đoàn thanh niên'],['002720']
đoàn tụ,['đoàn tụ'],['002721']
đoán,['đoán'],['002722']
đoạn thẳng,['đoạn thẳng'],['002723']
đoạn thơ,['đoạn thơ'],['002724']
đoạn văn,['đoạn văn'],['002725']
đọc sách,['đọc sách'],['002726']
đón,['đón'],['002727']
đón tiếp,['đón tiếp'],['002728']
đóng cửa,['đóng cửa'],['002729']
đóng dấu,['đóng dấu'],['002730']
đóng góp,['đóng góp'],['002731']
đô thị,['đô thị'],['002732']
đồ chơi,['đồ chơi'],['002733']
đôi dép,['đôi dép'],['002734']
đổi,['đổi'],['002735']
đối diện,['đối diện'],['002736']
đối tượng,['đối tượng'],['002737']
nhập ngũ,['nhập ngũ'],['002738']
nhập ngũ,['nhập ngũ'],['002739']
nhập ngũ,['nhập ngũ'],['002740']
đội trưởng,['đội trưởng'],['002741']
đồn công an,['đồn công an'],['002742']
Đông Nam,['Đông Nam'],['002743']
Đông Nam Á,['Đông Nam Á'],['002744']
đồng bằng,['đồng bằng'],['002745']
đồng hồ,['đồng hồ'],['002746']
Đồng Nai,['Đồng Nai'],['002747']
Đồng Tháp Mười,['Đồng Tháp Mười'],['002748']
đổ nước,['đổ nước'],['002749']
độc lập,['độc lập'],['002750']
đối thoại,['đối thoại'],['002751']
đối xử,['đối xử'],['002752']
đối xứng,['đối xứng'],['002753']
đội thiếu niên,['đội thiếu niên'],['002754']
trống (không có gì),['trống (không có gì)'],['002755']
Đông Dương,['Đông Dương'],['002756']
đông lạnh,['đông lạnh'],['002757']
Đông Timor (nước Đông Timor),['Đông Timor (nước Đông Timor)'],['002758']
đồng bào,['đồng bào'],['002759']
đồng lúa,['đồng lúa'],['002760']
đồng phục,['đồng phục'],['002761']
đồng phục,['đồng phục'],['002762']
đồng phục,['đồng phục'],['002763']
đồng ruộng,['đồng ruộng'],['002764']
đồng tiền,['đồng tiền'],['002765']
rơm rớm,['rơm rớm'],['002766']
nhiệt độ,['nhiệt độ'],['002767']
động cơ,['động cơ'],['002768']
tác động,['tác động'],['002769']
động viên,['động viên'],['002770']
đợi,['đợi'],['002771']
đợi,['đợi'],['002772']
đợi,['đợi'],['002773']
đơn giản,['đơn giản'],['002774']
dung tích,['dung tích'],['002775']
tính,['tính'],['002776']
đỡ,['đỡ'],['002777']
đua ngựa,['đua ngựa'],['002778']
đua thuyền,['đua thuyền'],['002779']
đua xe máy,['đua xe máy'],['002780']
đũa,['đũa'],['002781']
đun nấu,['đun nấu'],['002782']
đuốc,['đuốc'],['002783']
đuôi,['đuôi'],['002784']
sa thải,['sa thải'],['002785']
đưa đón,['đưa đón'],['002786']
đứng nghiêm,['đứng nghiêm'],['002787']
đường cao,['đường cao'],['002788']
đường chéo,['đường chéo'],['002789']
đường hàng không,['đường hàng không'],['002790']
đường hầm,['đường hầm'],['002791']
đường kính,['đường kính'],['002792']
đường Nguyễn Huệ,['đường Nguyễn Huệ'],['002793']
đường sắt,['đường sắt'],['002794']
đường thẳng,['đường thẳng'],['002795']
đường thuỷ,['đường thuỷ'],['002796']
đường tròn,['đường tròn'],['002797']
e thẹn,['e thẹn'],['002798']
e thẹn,['e thẹn'],['002799']
e thẹn,['e thẹn'],['002800']
em dâu,['em dâu'],['002801']
em gái,['em gái'],['002802']
em rể,['em rể'],['002803']
em rể,['em rể'],['002804']
em trai,['em trai'],['002805']
em út,['em út'],['002806']
email,['email'],['002807']
Ê Đê,['Ê Đê'],['002808']
ế ẩm,['ế ẩm'],['002809']
Ê-ti-ô-pi-a (nước Ê-ti-ô-pi-a),['Ê-ti-ô-pi-a (nước Ê-ti-ô-pi-a)'],['002810']
ga tàu,['ga tàu'],['002811']
ga tàu,['ga tàu'],['002812']
ga tàu,['ga tàu'],['002813']
gà mái,['gà mái'],['002814']
gà rừng,['gà rừng'],['002815']
gà tây,['gà tây'],['002816']
gà trống,['gà trống'],['002817']
gai,['gai'],['002818']
gãi đầu gãi tai,['gãi đầu gãi tai'],['002819']
gan,['gan'],['002820']
gan dạ,['gan dạ'],['002821']
gan lì,['gan lì'],['002822']
gang tay,['gang tay'],['002823']
gánh,['gánh'],['002824']
gạo,['gạo'],['002825']
gạo,['gạo'],['002826']
gạo,['gạo'],['002827']
gạo nếp,['gạo nếp'],['002828']
gãy chân,['gãy chân'],['002829']
gãy tay,['gãy tay'],['002830']
gáy,['gáy'],['002831']
gặm cỏ,['gặm cỏ'],['002832']
gặm xương (con chó gặm xương),['gặm xương (con chó gặm xương)'],['002833']
gắn bó,['gắn bó'],['002834']
găng tay,['găng tay'],['002835']
gắp thức ăn,['gắp thức ăn'],['002836']
gặp gỡ,['gặp gỡ'],['002837']
gặt lúa,['gặt lúa'],['002838']
gần gũi,['gần gũi'],['002839']
gấp giấy,['gấp giấy'],['002840']
gấp quần áo,['gấp quần áo'],['002841']
gật đầu,['gật đầu'],['002842']
gật gù,['gật gù'],['002843']
gậy của người già,['gậy của người già'],['002844']
ghé thăm,['ghé thăm'],['002845']
ghép hình,['ghép hình'],['002846']
ghi chép,['ghi chép'],['002847']
ghi chú,['ghi chú'],['002848']
ghi hình,['ghi hình'],['002849']
ghi nhớ,['ghi nhớ'],['002850']
Gia Lai,['Gia Lai'],['002851']
giả bộ (giống giả vờ),['giả bộ (giống giả vờ)'],['002852']
giả mạo,['giả mạo'],['002853']
giả sử,['giả sử'],['002854']
giá sách,['giá sách'],['002855']
giai đoạn,['giai đoạn'],['002856']
giải thích,['giải thích'],['002857']
giảm,['giảm'],['002858']
giao thông,['giao thông'],['002859']
giao thông,['giao thông'],['002860']
giã,['giã'],['002861']
giá trị,['giá trị'],['002862']
giá trị,['giá trị'],['002863']
giá trị,['giá trị'],['002864']
giá trị phần trăm,['giá trị phần trăm'],['002865']
giá trị phần trăm,['giá trị phần trăm'],['002866']
giá trị phần trăm,['giá trị phần trăm'],['002867']
giá trị tuyệt đối,['giá trị tuyệt đối'],['002868']
giải lao,['giải lao'],['002869']
giải quyết,['giải quyết'],['002870']
giải vô địch,['giải vô địch'],['002871']
giám đốc,['giám đốc'],['002872']
giám khảo,['giám khảo'],['002873']
gian khổ,['gian khổ'],['002874']
giàn khoan,['giàn khoan'],['002875']
gián tiếp,['gián tiếp'],['002876']
giao hoán,['giao hoán'],['002877']
giao lưu,['giao lưu'],['002878']
giao thừa,['giao thừa'],['002879']
giao tiếp,['giao tiếp'],['002880']
giao tiếp,['giao tiếp'],['002881']
giao tiếp,['giao tiếp'],['002882']
giáo dục,['giáo dục'],['002883']
giáo sĩ,['giáo sĩ'],['002884']
giàu có,['giàu có'],['002885']
giấc ngủ,['giấc ngủ'],['002886']
giẫm,['giẫm'],['002887']
giận dỗi,['giận dỗi'],['002888']
giận dữ,['giận dữ'],['002889']
giật mình,['giật mình'],['002890']
giầy ba ta,['giầy ba ta'],['002891']
giầy dép,['giầy dép'],['002892']
giấy,['giấy'],['002893']
giấy ăn,['giấy ăn'],['002894']
giấy ăn,['giấy ăn'],['002895']
giấy ăn,['giấy ăn'],['002896']
giấy màu,['giấy màu'],['002897']
giấy màu,['giấy màu'],['002898']
giấy màu,['giấy màu'],['002899']
giấy nháp,['giấy nháp'],['002900']
giấy nháp,['giấy nháp'],['002901']
giấy nháp,['giấy nháp'],['002902']
giấy tờ,['giấy tờ'],['002903']
giẻ lau,['giẻ lau'],['002904']
gieo xúc xắc,['gieo xúc xắc'],['002905']
giếng nước,['giếng nước'],['002906']
giết,['giết'],['002907']
gió Lào,['gió Lào'],['002908']
giỏi,['giỏi'],['002909']
giống nhau,['giống nhau'],['002910']
giơ tay,['giơ tay'],['002911']
giới hạn,['giới hạn'],['002912']
giới thiệu,['giới thiệu'],['002913']
giúp đỡ,['giúp đỡ'],['002914']
giúp đỡ,['giúp đỡ'],['002915']
giúp đỡ,['giúp đỡ'],['002916']
giường,['giường'],['002917']
góc bẹt,['góc bẹt'],['002918']
góc bếp,['góc bếp'],['002919']
góc học tập,['góc học tập'],['002920']
góc nhọn,['góc nhọn'],['002921']
góc tù,['góc tù'],['002922']
góc vuông,['góc vuông'],['002923']
góc vườn,['góc vườn'],['002924']
gói (đgt),['gói (đgt)'],['002925']
gói,['gói'],['002926']
gọt bút chì (cái),['gọt bút chì (cái)'],['002927']
gọt bút chì,['gọt bút chì'],['002928']
gỗ,['gỗ'],['002929']
gỗ,['gỗ'],['002930']
gỗ,['gỗ'],['002931']
gốm sứ,['gốm sứ'],['002932']
gợi ý,['gợi ý'],['002933']
gửi,['gửi'],['002934']
gửi quà,['gửi quà'],['002935']
gửi thư,['gửi thư'],['002936']
gương,['gương'],['002937']
gương mặt,['gương mặt'],['002938']
gương mẫu,['gương mẫu'],['002939']
Hà Giang,['Hà Giang'],['002940']
Hà Lan (nước Hà Lan),['Hà Lan (nước Hà Lan)'],['002941']
Hạ Long,['Hạ Long'],['002942']
hài hước,['hài hước'],['002943']
hạn hán,['hạn hán'],['002944']
hàng chục,['hàng chục'],['002945']
hàng chục nghìn,['hàng chục nghìn'],['002946']
hàng chục triệu,['hàng chục triệu'],['002947']
hàng dọc,['hàng dọc'],['002948']
hàng đơn vị,['hàng đơn vị'],['002949']
hàng ngang,['hàng ngang'],['002950']
hàng nghìn,['hàng nghìn'],['002951']
hàng trăm,['hàng trăm'],['002952']
hàng trăm nghìn,['hàng trăm nghìn'],['002953']
hàng triệu,['hàng triệu'],['002954']
hàng xóm,['hàng xóm'],['002955']
hành động,['hành động'],['002956']
hành lang,['hành lang'],['002957']
hành quân,['hành quân'],['002958']
hành quân,['hành quân'],['002959']
hành quân,['hành quân'],['002960']
hạt,['hạt'],['002961']
hạt cườm,['hạt cườm'],['002962']
hạt lạc,['hạt lạc'],['002963']
hạt lúa,['hạt lúa'],['002964']
hạt tiêu,['hạt tiêu'],['002965']
hăng hái,['hăng hái'],['002966']
hằng đẳng thức,['hằng đẳng thức'],['002967']
hắt hơi,['hắt hơi'],['002968']
Hậu Giang,['Hậu Giang'],['002969']
hậu quả,['hậu quả'],['002970']
héc-ta (ha),['héc-ta (ha)'],['002971']
héc-tô-gam (hg),['héc-tô-gam (hg)'],['002972']
héc-tô-gam (hg),['héc-tô-gam (hg)'],['002973']
héc-tô-gam (hg),['héc-tô-gam (hg)'],['002974']
héc-tô-mét (hm),['héc-tô-mét (hm)'],['002975']
héc-tô-mét (hm),['héc-tô-mét (hm)'],['002976']
héc-tô-mét (hm),['héc-tô-mét (hm)'],['002977']
héo,['héo'],['002978']
hét (giống la),['hét (giống la)'],['002979']
hệ thống,['hệ thống'],['002980']
hệ thống,['hệ thống'],['002981']
hệ thống,['hệ thống'],['002982']
hi sinh,['hi sinh'],['002983']
hi sinh,['hi sinh'],['002984']
hi sinh,['hi sinh'],['002985']
hi vọng,['hi vọng'],['002986']
hi vọng,['hi vọng'],['002987']
hi vọng,['hi vọng'],['002988']
hiện đại,['hiện đại'],['002989']
hiện nay,['hiện nay'],['002990']
hiểu,['hiểu'],['002991']
hiểu,['hiểu'],['002992']
hiểu,['hiểu'],['002993']
hiếu thảo,['hiếu thảo'],['002994']
hình,['hình'],['002995']
hình bình hành,['hình bình hành'],['002996']
hình cầu,['hình cầu'],['002997']
hình chiếu,['hình chiếu'],['002998']
hình dáng,['hình dáng'],['002999']
hình elip,['hình elip'],['003000']
hình học,['hình học'],['003001']
hình hộp chữ nhật,['hình hộp chữ nhật'],['003002']
hình lập phương,['hình lập phương'],['003003']
hình phạt,['hình phạt'],['003004']
hình thang,['hình thang'],['003005']
hình trụ,['hình trụ'],['003006']
hình tứ giác,['hình tứ giác'],['003007']
hình vẽ,['hình vẽ'],['003008']
hoa,['hoa'],['003009']
hoa,['hoa'],['003010']
hoa,['hoa'],['003011']
hoa lay ơn,['hoa lay ơn'],['003012']
hoa sen,['hoa sen'],['003013']
hoa sen,['hoa sen'],['003014']
hoa sen,['hoa sen'],['003015']
hòa bình,['hòa bình'],['003016']
hòa nhập,['hòa nhập'],['003017']
họa sỹ,['họa sỹ'],['003018']
hoàn thành,['hoàn thành'],['003019']
hoán vị,['hoán vị'],['003020']
hoàng đế,['hoàng đế'],['003021']
hoàng hôn,['hoàng hôn'],['003022']
Hoàng tử,['Hoàng tử'],['003023']
hoảng sợ,['hoảng sợ'],['003024']
hoạt động,['hoạt động'],['003025']
hoạt hình,['hoạt hình'],['003026']
hoạt hình,['hoạt hình'],['003027']
hoạt hình,['hoạt hình'],['003028']
hỏi han,['hỏi han'],['003029']
hòn đá,['hòn đá'],['003030']
hót rác,['hót rác'],['003031']
học bổng,['học bổng'],['003032']
học kém,['học kém'],['003033']
học nhóm,['học nhóm'],['003034']
học phí,['học phí'],['003035']
học tập,['học tập'],['003036']
học trò,['học trò'],['003037']
hỏi,['hỏi'],['003038']
hỏi,['hỏi'],['003039']
hỏi,['hỏi'],['003040']
hỏi thăm,['hỏi thăm'],['003041']
hòn bi (giống viên bi),['hòn bi (giống viên bi)'],['003042']
hỏng,['hỏng'],['003043']
hỏng,['hỏng'],['003044']
hỏng,['hỏng'],['003045']
họp,['họp'],['003046']
hót,['hót'],['003047']
hót rác (cái hót rác),['hót rác (cái hót rác)'],['003048']
Hồ Chí Minh,['Hồ Chí Minh'],['003049']
hồ dán,['hồ dán'],['003050']
hồ Hoàn Kiếm,['hồ Hoàn Kiếm'],['003051']
hồ nước,['hồ nước'],['003052']
hồi hộp,['hồi hộp'],['003053']
hồi hộp,['hồi hộp'],['003054']
hồi hộp,['hồi hộp'],['003055']
hối hận,['hối hận'],['003056']
hối hận,['hối hận'],['003057']
hối hận,['hối hận'],['003058']
hối lộ,['hối lộ'],['003059']
hội nghị,['hội nghị'],['003060']
hội thảo,['hội thảo'],['003061']
hội thảo,['hội thảo'],['003062']
hộp,['hộp'],['003063']
hộp bút,['hộp bút'],['003064']
hộp sữa,['hộp sữa'],['003065']
hơi nước,['hơi nước'],['003066']
hợp đồng,['hợp đồng'],['003067']
hợp đồng,['hợp đồng'],['003068']
hợp lí,['hợp lí'],['003069']
hợp tác,['hợp tác'],['003070']
huân chương,['huân chương'],['003071']
hung ác,['hung ác'],['003072']
hung thủ,['hung thủ'],['003073']
Hung-ga-ri (nước Hung-ga-ri),['Hung-ga-ri (nước Hung-ga-ri)'],['003074']
Hùng Vương,['Hùng Vương'],['003075']
hút nước,['hút nước'],['003076']
hút thuốc lá,['hút thuốc lá'],['003077']
huy hiệu,['huy hiệu'],['003078']
huỷ diệt,['huỷ diệt'],['003079']
huyện,['huyện'],['003080']
huyện,['huyện'],['003081']
huyện,['huyện'],['003082']
Hưng Yên,['Hưng Yên'],['003083']
hướng dẫn,['hướng dẫn'],['003084']
muối i-ốt,['muối i-ốt'],['003085']
I-rắc (nước I-rắc),['I-rắc (nước I-rắc)'],['003086']
ích lợi,['ích lợi'],['003087']
in (ấn),['in (ấn)'],['003088']
ít,['ít'],['003089']
ít hơn,['ít hơn'],['003090']
ít nhất,['ít nhất'],['003091']
Italia (nước Italia),['Italia (nước Italia)'],['003092']
kẻ cắp,['kẻ cắp'],['003093']
kèn,['kèn'],['003094']
kẻ thù,['kẻ thù'],['003095']
kém,['kém'],['003096']
kém,['kém'],['003097']
kém,['kém'],['003098']
keo kiệt,['keo kiệt'],['003099']
kẹo,['kẹo'],['003100']
kẹp,['kẹp'],['003101']
kể chuyện,['kể chuyện'],['003102']
kết bạn,['kết bạn'],['003103']
kết hợp,['kết hợp'],['003104']
kết quả,['kết quả'],['003105']
kết quả,['kết quả'],['003106']
kết quả,['kết quả'],['003107']
kêu,['kêu'],['003108']
kêu gọi,['kêu gọi'],['003109']
khác,['khác'],['003110']
khách,['khách'],['003111']
khách mời,['khách mời'],['003112']
khách sạn,['khách sạn'],['003113']
khách vip,['khách vip'],['003114']
hoang mang,['hoang mang'],['003115']
khai mạc,['khai mạc'],['003116']
kháng sinh,['kháng sinh'],['003117']
Khánh Hòa,['Khánh Hòa'],['003118']
khát nước,['khát nước'],['003119']
khát vọng,['khát vọng'],['003120']
khắc phục,['khắc phục'],['003121']
khăn mặt,['khăn mặt'],['003122']
khăn quàng,['khăn quàng'],['003123']
khăn quàng đỏ,['khăn quàng đỏ'],['003124']
khâm phục,['khâm phục'],['003125']
khâu vá,['khâu vá'],['003126']
khẩu hiệu,['khẩu hiệu'],['003127']
khẩu trang,['khẩu trang'],['003128']
khe cửa,['khe cửa'],['003129']
khe núi,['khe núi'],['003130']
khen,['khen'],['003131']
khen tặng,['khen tặng'],['003132']
khéo,['khéo'],['003133']
khiêng,['khiêng'],['003134']
khó khăn,['khó khăn'],['003135']
khó khăn,['khó khăn'],['003136']
khoa học,['khoa học'],['003137']
khóa quần,['khóa quần'],['003138']
khoác vai,['khoác vai'],['003139']
khoan (cái khoan),['khoan (cái khoan)'],['003140']
khoảng cách,['khoảng cách'],['003141']
khoá (cái khóa),['khoá (cái khóa)'],['003142']
khóa cửa,['khóa cửa'],['003143']
khoác áo,['khoác áo'],['003144']
khoác tay,['khoác tay'],['003145']
khoan,['khoan'],['003146']
khoang tàu,['khoang tàu'],['003147']
khoanh tay,['khoanh tay'],['003148']
khóc,['khóc'],['003149']
khoe,['khoe'],['003150']
khỏi bệnh,['khỏi bệnh'],['003151']
khói,['khói'],['003152']
khóm dứa,['khóm dứa'],['003153']
bụi tre,['bụi tre'],['003154']
khô héo,['khô héo'],['003155']
khổ thơ,['khổ thơ'],['003156']
cầu Long Biên,['cầu Long Biên'],['003157']
khối lượng,['khối lượng'],['003158']
không gian,['không gian'],['003159']
không thẳng hàng,['không thẳng hàng'],['003160']
khổng lồ,['khổng lồ'],['003161']
khố,['khố'],['003162']
không hiểu,['không hiểu'],['003163']
không hiểu,['không hiểu'],['003164']
không hiểu,['không hiểu'],['003165']
không khí,['không khí'],['003166']
khổ,['khổ'],['003167']
khu vườn,['khu vườn'],['003168']
vực sâu,['vực sâu'],['003169']
khúc khuỷu,['khúc khuỷu'],['003170']
khung cửa số,['khung cửa số'],['003171']
khung thành,['khung thành'],['003172']
khuôn hình,['khuôn hình'],['003173']
khuy,['khuy'],['003174']
khuyên tai,['khuyên tai'],['003175']
kì diệu,['kì diệu'],['003176']
kì lạ,['kì lạ'],['003177']
kí duyệt,['kí duyệt'],['003178']
ki-lô-gam,['ki-lô-gam'],['003179']
ki-lô-mét vuông (km2),['ki-lô-mét vuông (km2)'],['003180']
kỉ niệm,['kỉ niệm'],['003181']
kỉ niệm,['kỉ niệm'],['003182']
kỉ niệm,['kỉ niệm'],['003183']
kí hiệu,['kí hiệu'],['003184']
kí tên,['kí tên'],['003185']
kí tên,['kí tên'],['003186']
kịch bản,['kịch bản'],['003187']
kiểm tra,['kiểm tra'],['003188']
kiểm tra,['kiểm tra'],['003189']
kiểm tra,['kiểm tra'],['003190']
kiếm (cái kiếm),['kiếm (cái kiếm)'],['003191']
Kiên Giang,['Kiên Giang'],['003192']
kiên quyết,['kiên quyết'],['003193']
kiến thức,['kiến thức'],['003194']
kiến trúc,['kiến trúc'],['003195']
kiến trúc sư,['kiến trúc sư'],['003196']
"kiêu (kiêu căng, kiêu xa)","['kiêu (kiêu căng, kiêu xa)']",['003197']
kim,['kim'],['003198']
kinh ngạc,['kinh ngạc'],['003199']
kinh nghiệm,['kinh nghiệm'],['003200']
kính hiển vi,['kính hiển vi'],['003201']
kính lão,['kính lão'],['003202']
kính lúp,['kính lúp'],['003203']
kính trọng,['kính trọng'],['003204']
Kon Tum,['Kon Tum'],['003205']
la bàn,['la bàn'],['003206']
la hét,['la hét'],['003207']
lá cây,['lá cây'],['003208']
lá cây,['lá cây'],['003209']
lá thư,['lá thư'],['003210']
Lạc Long Quân,['Lạc Long Quân'],['003211']
lạc quan,['lạc quan'],['003212']
lái tàu hỏa,['lái tàu hỏa'],['003213']
lái tàu hỏa,['lái tàu hỏa'],['003214']
làm quen,['làm quen'],['003215']
làm ruộng,['làm ruộng'],['003216']
làm việc,['làm việc'],['003217']
lang thang,['lang thang'],['003218']
làn sóng,['làn sóng'],['003219']
làng xóm,['làng xóm'],['003220']
Lạng Sơn,['Lạng Sơn'],['003221']
lãnh đạo,['lãnh đạo'],['003222']
thổ dân,['thổ dân'],['003223']
lao phổi,['lao phổi'],['003224']
Lào (nước Lào),['Lào (nước Lào)'],['003225']
Lào (nước Lào),['Lào (nước Lào)'],['003226']
Lào (nước Lào),['Lào (nước Lào)'],['003227']
lão già,['lão già'],['003228']
lau chùi,['lau chùi'],['003229']
lau khô,['lau khô'],['003230']
lau nhà,['lau nhà'],['003231']
lặn,['lặn'],['003232']
lặng lẽ,['lặng lẽ'],['003233']
lắp ráp,['lắp ráp'],['003234']
Lâm Đồng,['Lâm Đồng'],['003235']
lẫn lộn,['lẫn lộn'],['003236']
lầu (tầng),['lầu (tầng)'],['003237']
lây bệnh,['lây bệnh'],['003238']
lây nhiễm,['lây nhiễm'],['003239']
lấy,['lấy'],['003240']
leo trèo,['leo trèo'],['003241']
lễ bế giảng,['lễ bế giảng'],['003242']
lễ bế giảng,['lễ bế giảng'],['003243']
lễ hội,['lễ hội'],['003244']
lễ hội,['lễ hội'],['003245']
lễ hội,['lễ hội'],['003246']
lễ Nô-en,['lễ Nô-en'],['003247']
lễ Nô-en,['lễ Nô-en'],['003248']
lễ hội hóa trang,['lễ hội hóa trang'],['003249']
lễ phép,['lễ phép'],['003250']
lễ vật,['lễ vật'],['003251']
lên đường,['lên đường'],['003252']
lên ngôi,['lên ngôi'],['003253']
lên xe,['lên xe'],['003254']
lều trại,['lều trại'],['003255']
lí do,['lí do'],['003256']
Liên Bang Nga (nước Nga),['Liên Bang Nga (nước Nga)'],['003257']
Liên Bang Nga (nước Nga),['Liên Bang Nga (nước Nga)'],['003258']
Liên Bang Nga (nước Nga),['Liên Bang Nga (nước Nga)'],['003259']
liên hoan,['liên hoan'],['003260']
liên hoan,['liên hoan'],['003261']
liên hoan,['liên hoan'],['003262']
liên kết,['liên kết'],['003263']
liên lạc,['liên lạc'],['003264']
liên lạc,['liên lạc'],['003265']
liên quan,['liên quan'],['003266']
liên tục,['liên tục'],['003267']
liền sau,['liền sau'],['003268']
liền trước,['liền trước'],['003269']
liệt (liệt tay chân),['liệt (liệt tay chân)'],['003270']
liều lĩnh,['liều lĩnh'],['003271']
liều mình,['liều mình'],['003272']
linh hồn,['linh hồn'],['003273']
lĩnh hội,['lĩnh hội'],['003274']
lĩnh vực,['lĩnh vực'],['003275']
lĩnh vực,['lĩnh vực'],['003276']
lĩnh vực,['lĩnh vực'],['003277']
lo sợ,['lo sợ'],['003278']
lò xo,['lò xo'],['003279']
lọ hoa,['lọ hoa'],['003280']
lọ mực,['lọ mực'],['003281']
loa,['loa'],['003282']
loạn thị,['loạn thị'],['003283']
lon bia,['lon bia'],['003284']
Long An,['Long An'],['003285']
lọng,['lọng'],['003286']
lỗi chính tả,['lỗi chính tả'],['003287']
lỗi lầm,['lỗi lầm'],['003288']
lối đi,['lối đi'],['003289']
lông,['lông'],['003290']
lông gà,['lông gà'],['003291']
lồng bàn,['lồng bàn'],['003292']
lồng chim,['lồng chim'],['003293']
lồng tiếng,['lồng tiếng'],['003294']
lơ lửng,['lơ lửng'],['003295']
lời giải,['lời giải'],['003296']
lời nói,['lời nói'],['003297']
lợi ích,['lợi ích'],['003298']
lớp,['lớp'],['003299']
lúa,['lúa'],['003300']
luật chơi,['luật chơi'],['003301']
luật chơi,['luật chơi'],['003302']
luật chơi,['luật chơi'],['003303']
luật lệ,['luật lệ'],['003304']
lúc nào,['lúc nào'],['003305']
lúc nào,['lúc nào'],['003306']
lúc nào,['lúc nào'],['003307']
lục địa,['lục địa'],['003308']
lục giác,['lục giác'],['003309']
lùi bước,['lùi bước'],['003310']
lúng túng,['lúng túng'],['003311']
lũy tre,['lũy tre'],['003312']
luyện tập,['luyện tập'],['003313']
luyện từ và câu,['luyện từ và câu'],['003314']
lửa,['lửa'],['003315']
lược,['lược'],['003316']
lười học,['lười học'],['003317']
lười học,['lười học'],['003318']
lười học,['lười học'],['003319']
lưỡi,['lưỡi'],['003320']
lưỡi câu,['lưỡi câu'],['003321']
lưới,['lưới'],['003322']
lượm,['lượm'],['003323']
lương thực,['lương thực'],['003324']
lướt ván,['lướt ván'],['003325']
cây thông,['cây thông'],['003326']
dự trữ,['dự trữ'],['003327']
lưu ý,['lưu ý'],['003328']
lựu,['lựu'],['003329']
lựu đạn,['lựu đạn'],['003330']
ma,['ma'],['003331']
ma cà rồng,['ma cà rồng'],['003332']
ma quỷ,['ma quỷ'],['003333']
mạch lạc,['mạch lạc'],['003334']
mạch máu,['mạch máu'],['003335']
mái chèo,['mái chèo'],['003336']
mái hiên,['mái hiên'],['003337']
mái nhà,['mái nhà'],['003338']
mái tóc,['mái tóc'],['003339']
màn,['màn'],['003340']
màn,['màn'],['003341']
màn,['màn'],['003342']
mạng lưới,['mạng lưới'],['003343']
mạnh mẽ,['mạnh mẽ'],['003344']
màu cam,['màu cam'],['003345']
màu đen,['màu đen'],['003346']
màu đỏ,['màu đỏ'],['003347']
màu nâu,['màu nâu'],['003348']
màu nâu,['màu nâu'],['003349']
màu nâu,['màu nâu'],['003350']
màu nhiệm,['màu nhiệm'],['003351']
màu trắng,['màu trắng'],['003352']
màu trắng,['màu trắng'],['003353']
màu trắng,['màu trắng'],['003354']
màu xanh da trời,['màu xanh da trời'],['003355']
màu xanh da trời,['màu xanh da trời'],['003356']
màu xanh da trời,['màu xanh da trời'],['003357']
màu xanh lá cây,['màu xanh lá cây'],['003358']
màu xanh lá cây,['màu xanh lá cây'],['003359']
màu xanh lá cây,['màu xanh lá cây'],['003360']
má,['má'],['003361']
máy ảnh,['máy ảnh'],['003362']
máy bơm,['máy bơm'],['003363']
máy chiếu,['máy chiếu'],['003364']
máy in,['máy in'],['003365']
máy in,['máy in'],['003366']
máy in,['máy in'],['003367']
máy khâu,['máy khâu'],['003368']
mắc áo,['mắc áo'],['003369']
mặc,['mặc'],['003370']
mặc kệ,['mặc kệ'],['003371']
mặc quần áo,['mặc quần áo'],['003372']
mắm,['mắm'],['003373']
măng,['măng'],['003374']
mắng,['mắng'],['003375']
mắng,['mắng'],['003376']
mắng,['mắng'],['003377']
mặt,['mặt'],['003378']
mặt đất,['mặt đất'],['003379']
mặt vuông,['mặt vuông'],['003380']
mặt nạ,['mặt nạ'],['003381']
mặt dài,['mặt dài'],['003382']
mâm cơm,['mâm cơm'],['003383']
mâm ngũ quả,['mâm ngũ quả'],['003384']
mâm ngũ quả,['mâm ngũ quả'],['003385']
mất ngủ,['mất ngủ'],['003386']
mất trí,['mất trí'],['003387']
mật khẩu,['mật khẩu'],['003388']
mật khẩu,['mật khẩu'],['003389']
mật khẩu,['mật khẩu'],['003390']
mật ong,['mật ong'],['003391']
mẫu số,['mẫu số'],['003392']
mẫu số bé,['mẫu số bé'],['003393']
mẫu số chung,['mẫu số chung'],['003394']
mẫu số lớn,['mẫu số lớn'],['003395']
mây,['mây'],['003396']
mét (m),['mét (m)'],['003397']
mét khối (m3),['mét khối (m3)'],['003398']
mét vuông (m2),['mét vuông (m2)'],['003399']
Mexico (nước Mexico),['Mexico (nước Mexico)'],['003400']
Mexico (nước Mexico),['Mexico (nước Mexico)'],['003401']
mềm mại,['mềm mại'],['003402']
mênh mông,['mênh mông'],['003403']
mi-li-mét (mm),['mi-li-mét (mm)'],['003404']
mĩ thuật,['mĩ thuật'],['003405']
miền Bắc Việt Nam,['miền Bắc Việt Nam'],['003406']
miền Nam Việt Nam,['miền Nam Việt Nam'],['003407']
miêu tả,['miêu tả'],['003408']
minh hoạ,['minh hoạ'],['003409']
khoan (khoan đã),['khoan (khoan đã)'],['003410']
móc áo,['móc áo'],['003411']
Mặt trời mọc,['Mặt trời mọc'],['003412']
mõm,['mõm'],['003413']
muốn,['muốn'],['003414']
muốn,['muốn'],['003415']
muốn,['muốn'],['003416']
Mặt trời lặn,['Mặt trời lặn'],['003417']
móng chân,['móng chân'],['003418']
mồ côi,['mồ côi'],['003419']
mồ côi cha mẹ,['mồ côi cha mẹ'],['003420']
mồ hôi,['mồ hôi'],['003421']
mộc nhĩ,['mộc nhĩ'],['003422']
môi,['môi'],['003423']
môi trường,['môi trường'],['003424']
mỗi,['mỗi'],['003425']
môn Âm nhạc,['môn Âm nhạc'],['003426']
môn Đạo đức,['môn Đạo đức'],['003427']
môn Đạo đức,['môn Đạo đức'],['003428']
môn Đạo đức,['môn Đạo đức'],['003429']
môn Giáo dục công dân,['môn Giáo dục công dân'],['003430']
môn Giáo dục thể chất,['môn Giáo dục thể chất'],['003431']
môn Khoa học,['môn Khoa học'],['003432']
môn Kĩ thuật,['môn Kĩ thuật'],['003433']
môn Kĩ thuật,['môn Kĩ thuật'],['003434']
môn Kĩ thuật,['môn Kĩ thuật'],['003435']
môn Lịch sử,['môn Lịch sử'],['003436']
môn Mĩ thuật,['môn Mĩ thuật'],['003437']
môn Ngoại ngữ,['môn Ngoại ngữ'],['003438']
môn Sinh học,['môn Sinh học'],['003439']
môn Tiếng Việt,['môn Tiếng Việt'],['003440']
môn Tin học và Công nghệ,['môn Tin học và Công nghệ'],['003441']
môn Toán,['môn Toán'],['003442']
môn Tự nhiên và Xã hội,['môn Tự nhiên và Xã hội'],['003443']
một cặp,['một cặp'],['003444']
một đôi,['một đôi'],['003445']
một mình,['một mình'],['003446']
mơ ngủ,['mơ ngủ'],['003447']
mơ ước,['mơ ước'],['003448']
mở,['mở'],['003449']
mở cửa,['mở cửa'],['003450']
mở đầu,['mở đầu'],['003451']
mở màn,['mở màn'],['003452']
mở rộng,['mở rộng'],['003453']
mớ rau,['mớ rau'],['003454']
mời,['mời'],['003455']
mới,['mới'],['003456']
mới,['mới'],['003457']
mới,['mới'],['003458']
mũ lưỡi trai,['mũ lưỡi trai'],['003459']
mua bán,['mua bán'],['003460']
mua vé,['mua vé'],['003461']
mùa đông,['mùa đông'],['003462']
mùa hè,['mùa hè'],['003463']
mùa hè,['mùa hè'],['003464']
mùa hè,['mùa hè'],['003465']
mùa thu,['mùa thu'],['003466']
mùa xuân,['mùa xuân'],['003467']
mùa xuân,['mùa xuân'],['003468']
mùa xuân,['mùa xuân'],['003469']
múa rối,['múa rối'],['003470']
mũ,['mũ'],['003471']
múa,['múa'],['003472']
mui xe,['mui xe'],['003473']
muộn,['muộn'],['003474']
mưa phùn,['mưa phùn'],['003475']
mứt,['mứt'],['003476']
Nam bán cầu,['Nam bán cầu'],['003477']
Nam Định,['Nam Định'],['003478']
nạn nhân,['nạn nhân'],['003479']
"náo động, náo nhiệt","['náo động, náo nhiệt']",['003480']
náo nức,['náo nức'],['003481']
nạp điện,['nạp điện'],['003482']
nạp điện,['nạp điện'],['003483']
nạp điện,['nạp điện'],['003484']
năm ngoái,['năm ngoái'],['003485']
nằm,['nằm'],['003486']
nắn nót,['nắn nót'],['003487']
năng khiếu,['năng khiếu'],['003488']
năng lực,['năng lực'],['003489']
nấm,['nấm'],['003490']
nẻ,['nẻ'],['003491']
nén,['nén'],['003492']
nét mặt,['nét mặt'],['003493']
nếm,['nếm'],['003494']
nền nhà,['nền nhà'],['003495']
nến,['nến'],['003496']
ngà voi,['ngà voi'],['003497']
ngã ba,['ngã ba'],['003498']
ngày khai trường,['ngày khai trường'],['003499']
ngày Nhà giáo Việt nam,['ngày Nhà giáo Việt nam'],['003500']
ngày tháng,['ngày tháng'],['003501']
ngày tháng,['ngày tháng'],['003502']
ngày tháng,['ngày tháng'],['003503']
ngã,['ngã'],['003504']
ngạc nhiên,['ngạc nhiên'],['003505']
ngày nay,['ngày nay'],['003506']
ngày nay,['ngày nay'],['003507']
ngày Quốc tế Lao động,['ngày Quốc tế Lao động'],['003508']
ngày Quốc tế Lao động,['ngày Quốc tế Lao động'],['003509']
ngày sinh,['ngày sinh'],['003510']
ngày sinh,['ngày sinh'],['003511']
ngày sinh,['ngày sinh'],['003512']
ngày xưa,['ngày xưa'],['003513']
ngăn cản,['ngăn cản'],['003514']
ngăn chặn,['ngăn chặn'],['003515']
ngắn,['ngắn'],['003516']
ngắn nhất,['ngắn nhất'],['003517']
ngắt hoa,['ngắt hoa'],['003518']
ngắt hoa,['ngắt hoa'],['003519']
ngâm hạt,['ngâm hạt'],['003520']
ngân hàng,['ngân hàng'],['003521']
nghe,['nghe'],['003522']
nghé,['nghé'],['003523']
nghé,['nghé'],['003524']
nghé,['nghé'],['003525']
nghẹn ngào,['nghẹn ngào'],['003526']
nghệ sĩ,['nghệ sĩ'],['003527']
nghệ thuật,['nghệ thuật'],['003528']
nghệ thuật,['nghệ thuật'],['003529']
nghệ thuật,['nghệ thuật'],['003530']
nghi ngờ,['nghi ngờ'],['003531']
nghi ngờ,['nghi ngờ'],['003532']
nghi ngờ,['nghi ngờ'],['003533']
nghỉ hè,['nghỉ hè'],['003534']
nghỉ hè,['nghỉ hè'],['003535']
nghỉ hè,['nghỉ hè'],['003536']
nghỉ học,['nghỉ học'],['003537']
nghỉ học,['nghỉ học'],['003538']
nghỉ ngơi,['nghỉ ngơi'],['003539']
nghĩa đen,['nghĩa đen'],['003540']
nghiên cứu,['nghiên cứu'],['003541']
nghĩ,['nghĩ'],['003542']
nghị lực,['nghị lực'],['003543']
nghĩa bóng,['nghĩa bóng'],['003544']
nghĩa trang,['nghĩa trang'],['003545']
nghiêm khắc,['nghiêm khắc'],['003546']
nghiêm khắc,['nghiêm khắc'],['003547']
nghiêm khắc,['nghiêm khắc'],['003548']
nghiêm túc,['nghiêm túc'],['003549']
nghiến răng,['nghiến răng'],['003550']
ngoại hình,['ngoại hình'],['003551']
xâm hại tình dục,['xâm hại tình dục'],['003552']
ngoan ngoãn,['ngoan ngoãn'],['003553']
ngoắc tay,['ngoắc tay'],['003554']
ngoặc đơn,['ngoặc đơn'],['003555']
ngon giấc,['ngon giấc'],['003556']
ngon miệng,['ngon miệng'],['003557']
ngõ,['ngõ'],['003558']
ngón chân,['ngón chân'],['003559']
ngón tay,['ngón tay'],['003560']
ngọn cây,['ngọn cây'],['003561']
ngọn cây,['ngọn cây'],['003562']
ngọn cây,['ngọn cây'],['003563']
ngô,['ngô'],['003564']
ngô,['ngô'],['003565']
ngộ độc,['ngộ độc'],['003566']
ngộ nghĩnh,['ngộ nghĩnh'],['003567']
ngồi,['ngồi'],['003568']
ngồi,['ngồi'],['003569']
ngồi,['ngồi'],['003570']
ngôn ngữ,['ngôn ngữ'],['003571']
ngũ quả,['ngũ quả'],['003572']
nguồn gốc,['nguồn gốc'],['003573']
nguy hiểm,['nguy hiểm'],['003574']
nguy hiểm,['nguy hiểm'],['003575']
nguy hiểm,['nguy hiểm'],['003576']
nguyên nhân,['nguyên nhân'],['003577']
nguyện vọng,['nguyện vọng'],['003578']
ngữ điệu,['ngữ điệu'],['003579']
ngước nhìn,['ngước nhìn'],['003580']
ngược đãi,['ngược đãi'],['003581']
ngược lại,['ngược lại'],['003582']
người bán hàng,['người bán hàng'],['003583']
người gửi,['người gửi'],['003584']
người lái xe (ô tô),['người lái xe (ô tô)'],['003585']
người lái xe (ô tô),['người lái xe (ô tô)'],['003586']
người lái xe (ô tô),['người lái xe (ô tô)'],['003587']
người lạ,['người lạ'],['003588']
người máy,['người máy'],['003589']
người quen,['người quen'],['003590']
người xấu,['người xấu'],['003591']
người xấu,['người xấu'],['003592']
người xấu,['người xấu'],['003593']
người xưa,['người xưa'],['003594']
người xưa,['người xưa'],['003595']
người xưa,['người xưa'],['003596']
người yêu,['người yêu'],['003597']
người yêu,['người yêu'],['003598']
người yêu,['người yêu'],['003599']
ngưỡng mộ,['ngưỡng mộ'],['003600']
nhà bác học,['nhà bác học'],['003601']
nhà cửa,['nhà cửa'],['003602']
nhà sàn,['nhà sàn'],['003603']
nhà tầng,['nhà tầng'],['003604']
nhà thơ,['nhà thơ'],['003605']
nhà thờ,['nhà thờ'],['003606']
nhà trường,['nhà trường'],['003607']
nhà trường,['nhà trường'],['003608']
nhà tù,['nhà tù'],['003609']
nhãn vở,['nhãn vở'],['003610']
nhãn vở,['nhãn vở'],['003611']
nhãn vở,['nhãn vở'],['003612']
nhanh nhẹn,['nhanh nhẹn'],['003613']
nhào lộn,['nhào lộn'],['003614']
nhát gan,['nhát gan'],['003615']
nhảy cao,['nhảy cao'],['003616']
nhảy dù,['nhảy dù'],['003617']
nhảy múa,['nhảy múa'],['003618']
nháy mắt,['nháy mắt'],['003619']
nhạy cảm,['nhạy cảm'],['003620']
nhắc nhở,['nhắc nhở'],['003621']
nhăn mặt,['nhăn mặt'],['003622']
nhặt rau,['nhặt rau'],['003623']
nhân cách hoá,['nhân cách hoá'],['003624']
nhân chứng,['nhân chứng'],['003625']
nhân dân,['nhân dân'],['003626']
nhân hậu,['nhân hậu'],['003627']
nhân hậu,['nhân hậu'],['003628']
nhân hậu,['nhân hậu'],['003629']
nhân vật,['nhân vật'],['003630']
nhận hàng,['nhận hàng'],['003631']
nhận,['nhận'],['003632']
nhận thức,['nhận thức'],['003633']
nhận xét,['nhận xét'],['003634']
nhấp nháy,['nhấp nháy'],['003635']
nhập trường,['nhập trường'],['003636']
nhập trường,['nhập trường'],['003637']
nhập trường,['nhập trường'],['003638']
Nhật (nước Nhật),['Nhật (nước Nhật)'],['003639']
Nhật (nước Nhật),['Nhật (nước Nhật)'],['003640']
nhi đồng,['nhi đồng'],['003641']
nhiệt kế,['nhiệt kế'],['003642']
nhiệt kế,['nhiệt kế'],['003643']
nhiệt kế,['nhiệt kế'],['003644']
nhiều hơn,['nhiều hơn'],['003645']
kì diệu tiến sĩ,"['kì diệu', 'tiến sĩ']","['003176', '001263']"
ấm đun nước mặt nạ,"['ấm đun nước', 'mặt nạ']","['001288', '003381']"
quay cóp giấc ngủ,"['quay cóp', 'giấc ngủ']","['000414', '002886']"
đèn pin xa xôi,"['đèn pin', 'xa xôi']","['002668', '001930']"
cây thân gỗ thiệp sinh nhật,"['cây thân gỗ', 'thiệp sinh nhật']","['002045', '000240']"
con cú mèo thổi kèn,"['con cú mèo', 'thổi kèn']","['002336', '001091']"
giấy ăn cổ truyền,"['giấy ăn', 'cổ truyền']","['002894', '002414']"
môn Lịch sử hồ dán,"['môn Lịch sử', 'hồ dán']","['003436', '003050']"
mồ côi cha mẹ thắp đèn,"['mồ côi cha mẹ', 'thắp đèn']","['003420', '000957']"
ăn vừa diệt chủng,"['ăn vừa', 'diệt chủng']","['000939', '002584']"
hội chứng Đao - Down công sức,"['hội chứng Đao - Down', 'công sức']","['000796', '002434']"
giống nhau cao thấp,"['giống nhau', 'cao thấp']","['002910', '001949']"
kinh nghiệm loa,"['kinh nghiệm', 'loa']","['003200', '003282']"
ác mộng chứng minh,"['ác mộng', 'chứng minh']","['001196', '002303']"
thú dữ cây thân gỗ,"['thú dữ', 'cây thân gỗ']","['001149', '002047']"
nói leo xếp hàng,"['nói leo', 'xếp hàng']","['000036', '002022']"
hóa đơn nổi giận,"['hóa đơn', 'nổi giận']","['001633', '000057']"
lớp giỏi,"['lớp', 'giỏi']","['003299', '002909']"
biểu thức dự án,"['biểu thức', 'dự án']","['001651', '000580']"
tìm hiểu màu cam,"['tìm hiểu', 'màu cam']","['001300', '003345']"
hình tứ giác chục triệu,"['hình tứ giác', 'chục triệu']","['003007', '002263']"
cuống lá sao chép,"['cuống lá', 'sao chép']","['002496', '000633']"
ti hí mắt giấy nháp,"['ti hí mắt', 'giấy nháp']","['000150', '002900']"
dấu ngoặc đơn áo cánh,"['dấu ngoặc đơn', 'áo cánh']","['002556', '001254']"
trang điểm quanh năm,"['trang điểm', 'quanh năm']","['000947', '000552']"
cởi áo nghĩa đen,"['cởi áo', 'nghĩa đen']","['002462', '003540']"
cô đơn vắt chanh,"['cô đơn', 'vắt chanh']","['002403', '000842']"
Long Vương lĩnh hội,"['Long Vương', 'lĩnh hội']","['000508', '003274']"
chúng tôi (4 người) (đại từ) ủng,"['chúng tôi (4 người) (đại từ)', 'ủng']","['000277', '001704']"
chúng tôi (4 người) (đại từ) điều tra,"['chúng tôi (4 người) (đại từ)', 'điều tra']","['000277', '002715']"
trông nom thói quen,"['trông nom', 'thói quen']","['001522', '000069']"
khẩu hiệu nhổ răng,"['khẩu hiệu', 'nhổ răng']","['003127', '000620']"
trung tâm đại sứ,"['trung tâm', 'đại sứ']","['001556', '000569']"
chứng cớ bánh giò,"['chứng cớ', 'bánh giò']","['002302', '001439']"
kêu yên lòng,"['kêu', 'yên lòng']","['003108', '002096']"
gọt bút chì phủ nhận,"['gọt bút chì', 'phủ nhận']","['002928', '000282']"
củ hành tây giết,"['củ hành tây', 'giết']","['002482', '002907']"
thường xuyên kém,"['thường xuyên', 'kém']","['000352', '003096']"
hai phân số bằng nhau phục vụ,"['hai phân số bằng nhau', 'phục vụ']","['000166', '000290']"
Châu Đại Dương thói quen,"['Châu Đại Dương', 'thói quen']","['002156', '000069']"
xịt côn trùng sừng trâu,"['xịt côn trùng', 'sừng trâu']","['002585', '000807']"
đảo Trường Sa ý nghĩa,"['đảo Trường Sa', 'ý nghĩa']","['000837', '002084']"
chuẩn bị đánh cầu lông,"['chuẩn bị', 'đánh cầu lông']","['002254', '000743']"
chục triệu góc học tập,"['chục triệu', 'góc học tập']","['002263', '002920']"
liền sau thèm,"['liền sau', 'thèm']","['003268', '000067']"
mộc nhĩ lời giải,"['mộc nhĩ', 'lời giải']","['003422', '003296']"
thông qua áo cánh,"['thông qua', 'áo cánh']","['001103', '001254']"
nhiều hơn nông nghiệp,"['nhiều hơn', 'nông nghiệp']","['003645', '000066']"
nhân viên đề nghị,"['nhân viên', 'đề nghị']","['000010', '002683']"
dân tộc Chăm công ước,"['dân tộc Chăm', 'công ước']","['000678', '002438']"
vỗ cánh địa điểm,"['vỗ cánh', 'địa điểm']","['001879', '002699']"
doanh nghiệp bùn,"['doanh nghiệp', 'bùn']","['002589', '001818']"
bãi tắm tổ tiên,"['bãi tắm', 'tổ tiên']","['001327', '001386']"
khu vực cách ly hay là (hoặc là),"['khu vực cách ly', 'hay là (hoặc là)']","['000996', '000544']"
hòa bình Tây Ninh,"['hòa bình', 'Tây Ninh']","['003016', '000893']"
7 công việc,"['7', 'công việc']","['001140', '002442']"
khói tiêu hoá,"['khói', 'tiêu hoá']","['003152', '001291']"
sáng kiến thợ kim hoàn,"['sáng kiến', 'thợ kim hoàn']","['000625', '001119']"
xa vô tận sáng,"['xa vô tận', 'sáng']","['001870', '001243']"
ngoặc đơn hoàng đế,"['ngoặc đơn', 'hoàng đế']","['003555', '003021']"
cao (núi) tự giác,"['cao (núi)', 'tự giác']","['001937', '000098']"
rút gọn phân số áo phông,"['rút gọn phân số', 'áo phông']","['000587', '001264']"
dịch vụ phun nước,"['dịch vụ', 'phun nước']","['002577', '000291']"
giận dữ chú hề,"['giận dữ', 'chú hề']","['002889', '002242']"
tải về dân tộc Thái,"['tải về', 'dân tộc Thái']","['000591', '000684']"
Nam bán cầu quát mắng,"['Nam bán cầu', 'quát mắng']","['003477', '000410']"
quỳ cao nguyên,"['quỳ', 'cao nguyên']","['000485', '001943']"
phụ huynh cụ,"['phụ huynh', 'cụ']","['000286', '002485']"
chém cày,"['chém', 'cày']","['002158', '001957']"
xôi gà muốn,"['xôi gà', 'muốn']","['000204', '003415']"
cuối năm tài giỏi,"['cuối năm', 'tài giỏi']","['000896', '000823']"
phật (tượng) đau mắt,"['phật (tượng)', 'đau mắt']","['000190', '000775']"
nóng tính Võ Nguyên Giáp,"['nóng tính', 'Võ Nguyên Giáp']","['000263', '001843']"
quả lê sơ mi,"['quả lê', 'sơ mi']","['000355', '000747']"
mọc râu gai,"['mọc râu', 'gai']","['000630', '002818']"
bài thơ đồ chơi,"['bài thơ', 'đồ chơi']","['001315', '002733']"
sách toán phòng máy tính,"['sách toán', 'phòng máy tính']","['000615', '000250']"
phương pháp hạt,"['phương pháp', 'hạt']","['000298', '002961']"
Âu Cơ sửa chữa,"['Âu Cơ', 'sửa chữa']","['001298', '000770']"
dân tộc Mông tỉ mỉ,"['dân tộc Mông', 'tỉ mỉ']","['000686', '001240']"
ba là ruột non,"['ba là', 'ruột non']","['000317', '000582']"
e thẹn chum,"['e thẹn', 'chum']","['002798', '002266']"
Nhật (nước Nhật) khéo,"['Nhật (nước Nhật)', 'khéo']","['003640', '003133']"
trường PTCS (cấp 2) nhân hậu,"['trường PTCS (cấp 2)', 'nhân hậu']","['001606', '003627']"
hợp tác cao (nhà),"['hợp tác', 'cao (nhà)']","['003070', '001935']"
bụi tre hóa đơn,"['bụi tre', 'hóa đơn']","['003154', '001633']"
cổ vũ bên trong,"['cổ vũ', 'bên trong']","['002415', '001607']"
bàn là chấm dứt,"['bàn là', 'chấm dứt']","['001341', '002140']"
con nhím năng khiếu,"['con nhím', 'năng khiếu']","['002371', '003488']"
mọc ria mép kèn,"['mọc ria mép', 'kèn']","['000632', '003094']"
dám làm đua thuyền,"['dám làm', 'đua thuyền']","['000466', '002779']"
Văn miếu Quốc Tử Giám hút nước,"['Văn miếu Quốc Tử Giám', 'hút nước']","['001766', '003076']"
dân chài phim truyện,"['dân chài', 'phim truyện']","['002535', '000222']"
cái neo lau nhà,"['cái neo', 'lau nhà']","['000986', '003231']"
khó khăn nhà sàn,"['khó khăn', 'nhà sàn']","['003136', '003603']"
điện thoại bẫy chuột (hành động),"['điện thoại', 'bẫy chuột (hành động)']","['002705', '001561']"
thờ cúng sân vận động,"['thờ cúng', 'sân vận động']","['001111', '000673']"
chi tiết dự án,"['chi tiết', 'dự án']","['002167', '000580']"
chữa bài thế hệ,"['chữa bài', 'thế hệ']","['002294', '001039']"
ca nô không hiểu,"['ca nô', 'không hiểu']","['001894', '003163']"
nhổ củ cải khóc,"['nhổ củ cải', 'khóc']","['000013', '003149']"
người lạ nóng tính,"['người lạ', 'nóng tính']","['003588', '000263']"
góc vườn lúng túng,"['góc vườn', 'lúng túng']","['002924', '003311']"
câu đố đánh cầu lông,"['câu đố', 'đánh cầu lông']","['001979', '000743']"
tấm vải bánh đa,"['tấm vải', 'bánh đa']","['000875', '001431']"
phà quét nhà,"['phà', 'quét nhà']","['000136', '000443']"
cướp giật quần yếm,"['cướp giật', 'quần yếm']","['002511', '000438']"
giỗ la hét,"['giỗ', 'la hét']","['000104', '003207']"
chứng minh hình tứ giác,"['chứng minh', 'hình tứ giác']","['002303', '003007']"
con số bút,"['con số', 'bút']","['002385', '001865']"
đề phòng cao thấp,"['đề phòng', 'cao thấp']","['000461', '001949']"
về 4 (từ nơi khác về) tù giam,"['về 4 (từ nơi khác về)', 'tù giam']","['000364', '001620']"
ai thực vật,"['ai', 'thực vật']","['001199', '001226']"
người lái xe (ô tô) bỏng ngô,"['người lái xe (ô tô)', 'bỏng ngô']","['003585', '001705']"
Thái Nguyên trả thù,"['Thái Nguyên', 'trả thù']","['000929', '002126']"
mỗi khoanh tay,"['mỗi', 'khoanh tay']","['003425', '003148']"
phun nước thuộc lòng,"['phun nước', 'thuộc lòng']","['000291', '001174']"
chia cắt nghiên cứu,"['chia cắt', 'nghiên cứu']","['002180', '003541']"
dấu phẩy cửa hàng,"['dấu phẩy', 'cửa hàng']","['002558', '002500']"
bổ ích san sẻ,"['bổ ích', 'san sẻ']","['001717', '000619']"
biểu đồ danh bạ,"['biểu đồ', 'danh bạ']","['001643', '002519']"
cây trồng giếng nước,"['cây trồng', 'giếng nước']","['002051', '002906']"
câu thơ thông tin,"['câu thơ', 'thông tin']","['001989', '001107']"
sữa hộp tiêm,"['sữa hộp', 'tiêm']","['000787', '001259']"
thiên thần bón phân,"['thiên thần', 'bón phân']","['001071', '001701']"
hàng chục triệu lẩu,"['hàng chục triệu', 'lẩu']","['002947', '000804']"
thuyền rồng lửa,"['thuyền rồng', 'lửa']","['001195', '003315']"
bảng chỉ dẫn bò,"['bảng chỉ dẫn', 'bò']","['001395', '001675']"
khẩu trang ngã ba,"['khẩu trang', 'ngã ba']","['003128', '003498']"
bánh đa tờ tiền,"['bánh đa', 'tờ tiền']","['001431', '001416']"
hòn bi (giống viên bi) không khí,"['hòn bi (giống viên bi)', 'không khí']","['003042', '003166']"
nghĩa trang phản bội,"['nghĩa trang', 'phản bội']","['003545', '000147']"
"anh hai, anh cả bao la","['anh hai, anh cả', 'bao la']","['000301', '001457']"
tính cách ủy quyền,"['tính cách', 'ủy quyền']","['001328', '001726']"
cơ hội nước tới chân mới nhảy,"['cơ hội', 'nước tới chân mới nhảy']","['002457', '002241']"
một là cố gắng,"['một là', 'cố gắng']","['000313', '002412']"
giám khảo cởi áo,"['giám khảo', 'cởi áo']","['002873', '002462']"
cảnh giác đi,"['cảnh giác', 'đi']","['000570', '002693']"
vắng vẫy vùng (cá),"['vắng', 'vẫy vùng (cá)']","['001776', '001807']"
cây gỗ thế hệ,"['cây gỗ', 'thế hệ']","['002029', '001039']"
đón bụi đời,"['đón', 'bụi đời']","['002727', '001808']"
gắn bó nét mặt,"['gắn bó', 'nét mặt']","['002834', '003493']"
tâm thần đường kính,"['tâm thần', 'đường kính']","['000869', '002792']"
dãy núi nhắc nhở,"['dãy núi', 'nhắc nhở']","['002531', '003621']"
d phố,"['d', 'phố']","['001034', '000264']"
giơ tay lái tàu hỏa,"['giơ tay', 'lái tàu hỏa']","['002911', '003213']"
mi-li-mét (mm) cái túi,"['mi-li-mét (mm)', 'cái túi']","['003404', '001911']"
cộng (Toán học) mía,"['cộng (Toán học)', 'mía']","['002446', '000844']"
thần chết nhiều vô cùng,"['thần chết', 'nhiều vô cùng']","['001007', '001862']"
hạt tiêu giao thừa,"['hạt tiêu', 'giao thừa']","['002965', '002879']"
lớp còng (cái còng),"['lớp', 'còng (cái còng)']","['003299', '002399']"
gan dạ rễ cọc,"['gan dạ', 'rễ cọc']","['002821', '000543']"
cứu con trăn,"['cứu', 'con trăn']","['002512', '002394']"
thu mua gió Lào,"['thu mua', 'gió Lào']","['001131', '002908']"
lưu ý chúc mừng,"['lưu ý', 'chúc mừng']","['003328', '002255']"
lên đường bóc vỏ,"['lên đường', 'bóc vỏ']","['003252', '001695']"
phòng chống kí hiệu,"['phòng chống', 'kí hiệu']","['000242', '003184']"
tuần lễ người Điếc thế giới u ám ( trời u ám),"['tuần lễ người Điếc thế giới', 'u ám ( trời u ám)']","['000105', '001700']"
râu xem xét,"['râu', 'xem xét']","['000535', '002014']"
lặn bít tất,"['lặn', 'bít tất']","['003232', '001673']"
buôn làng chất lỏng,"['buôn làng', 'chất lỏng']","['001851', '002150']"
cửa sổ kể chuyện,"['cửa sổ', 'kể chuyện']","['002503', '003102']"
dây điện ngừng lại,"['dây điện', 'ngừng lại']","['002562', '000413']"
sữa tỉ lệ,"['sữa', 'tỉ lệ']","['000797', '001238']"
quả roi cá kiếm,"['quả roi', 'cá kiếm']","['000376', '000167']"
nhân vật nhường nhịn,"['nhân vật', 'nhường nhịn']","['003630', '000020']"
khoa học 90,"['khoa học', '90']","['003137', '001165']"
hội chứng Đao - Down công việc,"['hội chứng Đao - Down', 'công việc']","['000796', '002442']"
không có chi tính chất cơ bản của phân số,"['không có chi', 'tính chất cơ bản của phân số']","['000251', '001334']"
kính lão làng xóm,"['kính lão', 'làng xóm']","['003202', '003220']"
nổ súng Bắc Kạn,"['nổ súng', 'Bắc Kạn']","['000047', '001503']"
sau mưa phùn,"['sau', 'mưa phùn']","['000640', '003475']"
rau ngót em họ,"['rau ngót', 'em họ']","['000522', '000333']"
tổ tiên quét nhà,"['tổ tiên', 'quét nhà']","['001386', '000443']"
mỗi ngày không cho,"['mỗi ngày', 'không cho']","['000389', '000086']"
dung tích kêu gọi,"['dung tích', 'kêu gọi']","['002775', '003109']"
cao (nhà) bí ngô,"['cao (nhà)', 'bí ngô']","['001935', '001625']"
nhân cách hoá đường thuỷ,"['nhân cách hoá', 'đường thuỷ']","['003624', '002796']"
dân tộc Chăm số đo,"['dân tộc Chăm', 'số đo']","['000678', '000729']"
rửa tay băng bó,"['rửa tay', 'băng bó']","['000594', '001519']"
cá voi phẫu thuật tay,"['cá voi', 'phẫu thuật tay']","['000165', '000784']"
tỏa hương chiều dài,"['tỏa hương', 'chiều dài']","['001368', '002193']"
số liền sau vỗ tay,"['số liền sau', 'vỗ tay']","['000733', '001881']"
câu ghép trọng tài,"['câu ghép', 'trọng tài']","['001985', '001504']"
xem xét miền Bắc Việt Nam,"['xem xét', 'miền Bắc Việt Nam']","['002014', '003406']"
chung kết bảo thủ,"['chung kết', 'bảo thủ']","['002271', '001465']"
hộp bút ca nô,"['hộp bút', 'ca nô']","['003064', '001894']"
dập ghi chép,"['dập', 'ghi chép']","['002546', '002847']"
kí tên mỳ ý,"['kí tên', 'mỳ ý']","['003186', '000185']"
ma quỷ thụ phấn (hoa),"['ma quỷ', 'thụ phấn (hoa)']","['003333', '001293']"
hòn đá nổ mìn,"['hòn đá', 'nổ mìn']","['003030', '000045']"
bơi bàn là,"['bơi', 'bàn là']","['001781', '001341']"
góc học tập trung bình,"['góc học tập', 'trung bình']","['002920', '001546']"
chim yến cối xay gió,"['chim yến', 'cối xay gió']","['002208', '002425']"
"kiêu (kiêu căng, kiêu xa) bệnh nhân","['kiêu (kiêu căng, kiêu xa)', 'bệnh nhân']","['003197', '001621']"
chia hết Do Thái,"['chia hết', 'Do Thái']","['002182', '000018']"
xem xách túi,"['xem', 'xách túi']","['000437', '001952']"
võng (cái võng) đáng quý,"['võng (cái võng)', 'đáng quý']","['001860', '002624']"
quạt treo tường cất giấu,"['quạt treo tường', 'cất giấu']","['000423', '001973']"
ngộ nghĩnh tránh thai,"['ngộ nghĩnh', 'tránh thai']","['003567', '001444']"
héc-tô-mét (hm) bổ ngữ,"['héc-tô-mét (hm)', 'bổ ngữ']","['002977', '001719']"
quan điểm chia ba,"['quan điểm', 'chia ba']","['000396', '000564']"
đánh trống đăng nhập,"['đánh trống', 'đăng nhập']","['002629', '002639']"
80 trí thức,"['80', 'trí thức']","['001163', '001476']"
yếu tố keo kiệt,"['yếu tố', 'keo kiệt']","['002118', '003099']"
quyên góp thương (số),"['quyên góp', 'thương (số)']","['000726', '001228']"
bốc thăm môn Tin học và Công nghệ,"['bốc thăm', 'môn Tin học và Công nghệ']","['001743', '003441']"
xả rác sân trường,"['xả rác', 'sân trường']","['001944', '000669']"
đầu tàu móc áo,"['đầu tàu', 'móc áo']","['002649', '003411']"
ngày Nhà giáo Việt nam ôn tập,"['ngày Nhà giáo Việt nam', 'ôn tập']","['003500', '000099']"
chuỗi hạt Bà Rịa - Vũng Tàu,"['chuỗi hạt', 'Bà Rịa - Vũng Tàu']","['002272', '001303']"
xe khách đua thuyền,"['xe khách', 'đua thuyền']","['002004', '002779']"
con hàu phấn (viết bảng),"['con hàu', 'phấn (viết bảng)']","['000822', '000180']"
tổ trưởng nhiệt độ,"['tổ trưởng', 'nhiệt độ']","['001388', '002767']"
mồ côi cha mẹ sự thật,"['mồ côi cha mẹ', 'sự thật']","['003420', '000769']"
huỷ quả cam,"['huỷ', 'quả cam']","['000766', '000314']"
email lấy,"['email', 'lấy']","['002807', '003240']"
kém rưỡi,"['kém', 'rưỡi']","['003096', '000605']"
thầy giáo thiếu thốn,"['thầy giáo', 'thiếu thốn']","['001024', '000463']"
e thẹn chứng cớ,"['e thẹn', 'chứng cớ']","['002798', '002302']"
nhà trường nghệ sĩ,"['nhà trường', 'nghệ sĩ']","['003607', '003527']"
đại diện người xưa,"['đại diện', 'người xưa']","['002607', '003595']"
chăn nuôi cá kiếm,"['chăn nuôi', 'cá kiếm']","['002129', '000167']"
lang thang tai,"['lang thang', 'tai']","['003218', '000818']"
nốt ruồi cỗ,"['nốt ruồi', 'cỗ']","['000070', '002418']"
ngày khai trường thực hiện,"['ngày khai trường', 'thực hiện']","['003499', '001218']"
mắc áo nổi dậy,"['mắc áo', 'nổi dậy']","['003369', '000055']"
ngồi đưa đón,"['ngồi', 'đưa đón']","['003568', '002786']"
thân thiện chăm sóc sức khỏe,"['thân thiện', 'chăm sóc sức khỏe']","['001005', '002117']"
đua thuyền khách,"['đua thuyền', 'khách']","['002779', '003111']"
bố bít tất,"['bố', 'bít tất']","['001729', '001673']"
ngưỡng mộ hợp đồng,"['ngưỡng mộ', 'hợp đồng']","['003600', '003067']"
lễ vật cử động,"['lễ vật', 'cử động']","['003251', '002498']"
mặt nạ danh nhân,"['mặt nạ', 'danh nhân']","['003381', '002524']"
mở cụ,"['mở', 'cụ']","['003449', '002485']"
truyền thông bé gái,"['truyền thông', 'bé gái']","['001578', '001573']"
băng giá vun đắp,"['băng giá', 'vun đắp']","['001525', '001912']"
viện nghiên cứu bít tất,"['viện nghiên cứu', 'bít tất']","['001831', '001673']"
tấn công hung ác,"['tấn công', 'hung ác']","['000877', '003072']"
chống đối cháo sườn,"['chống đối', 'cháo sườn']","['002225', '000205']"
rế trường tiểu học,"['rế', 'trường tiểu học']","['000545', '001590']"
đề-xi-mét khối (dm3) bốc hơi,"['đề-xi-mét khối (dm3)', 'bốc hơi']","['002687', '001741']"
ngón chân lên đường,"['ngón chân', 'lên đường']","['003559', '003252']"
giải quyết dấu hỏi,"['giải quyết', 'dấu hỏi']","['002870', '001118']"
gương mặt phục hồi,"['gương mặt', 'phục hồi']","['002938', '000288']"
mất trí trọc đầu,"['mất trí', 'trọc đầu']","['003387', '001486']"
lồng bàn thánh địa Mỹ Sơn,"['lồng bàn', 'thánh địa Mỹ Sơn']","['003292', '000976']"
lạc quan bắt giữ,"['lạc quan', 'bắt giữ']","['003212', '001543']"
khổ như hình với bóng,"['khổ', 'như hình với bóng']","['003167', '000017']"
quả nho tòa soạn,"['quả nho', 'tòa soạn']","['000370', '001366']"
vỏ phố,"['vỏ', 'phố']","['001850', '000264']"
bọt xà phòng Long An,"['bọt xà phòng', 'Long An']","['001713', '003285']"
ý thức dân ca,"['ý thức', 'dân ca']","['002086', '002534']"
chính phủ răng,"['chính phủ', 'răng']","['002212', '000531']"
Văn miếu Quốc Tử Giám suỵt,"['Văn miếu Quốc Tử Giám', 'suỵt']","['001766', '000158']"
mềm mại rơm rớm,"['mềm mại', 'rơm rớm']","['003402', '002766']"
trung điểm trụi lá,"['trung điểm', 'trụi lá']","['001548', '001538']"
vỗ về nốt ruồi,"['vỗ về', 'nốt ruồi']","['000529', '000070']"
khoa học từ trái sang phải,"['khoa học', 'từ trái sang phải']","['003137', '001660']"
sáo khuyên tai,"['sáo', 'khuyên tai']","['000636', '003175']"
mạch máu đóng dấu,"['mạch máu', 'đóng dấu']","['003335', '002730']"
nghiến răng hình thang,"['nghiến răng', 'hình thang']","['003550', '003005']"
kết hợp đại tá,"['kết hợp', 'đại tá']","['003104', '002612']"
áo con vượn,"['áo', 'con vượn']","['001250', '000954']"
chúc thọ ngày thầy thuốc Việt Nam,"['chúc thọ', 'ngày thầy thuốc Việt Nam']","['002260', '000119']"
âm thanh liền trước,"['âm thanh', 'liền trước']","['001278', '003269']"
phương Tây tài năng,"['phương Tây', 'tài năng']","['000023', '000825']"
danh hiệu đăng ký,"['danh hiệu', 'đăng ký']","['002521', '002638']"
ki-lô-gam 8,"['ki-lô-gam', '8']","['003179', '001142']"
năm tới hình học,"['năm tới', 'hình học']","['000762', '003001']"
củ từ anh ruột,"['củ từ', 'anh ruột']","['002473', '001237']"
uốn tóc hối lộ,"['uốn tóc', 'hối lộ']","['001716', '003059']"
hoạt động núi lửa,"['hoạt động', 'núi lửa']","['003025', '000077']"
địa cầu thích thú,"['địa cầu', 'thích thú']","['002697', '001062']"
em họ xứ Nghệ,"['em họ', 'xứ Nghệ']","['000331', '002064']"
xoa đầu buộc dây,"['xoa đầu', 'buộc dây']","['000232', '001822']"
bịa đặt giấy nháp,"['bịa đặt', 'giấy nháp']","['001631', '002902']"
giao lưu người lạ,"['giao lưu', 'người lạ']","['002878', '003588']"
đường thuỷ tình cảm,"['đường thuỷ', 'tình cảm']","['002796', '001312']"
lây bệnh tay chân sạch sẽ,"['lây bệnh', 'tay chân sạch sẽ']","['003238', '000922']"
vĩ cầm tự vệ,"['vĩ cầm', 'tự vệ']","['001819', '001676']"
rau ngót 10 000 (mười nghìn),"['rau ngót', '10 000 (mười nghìn)']","['000522', '001177']"
bàn ghế phấn (viết bảng),"['bàn ghế', 'phấn (viết bảng)']","['001339', '000180']"
khối lượng nón,"['khối lượng', 'nón']","['003158', '000039']"
năm ngoái về 4 (từ nơi khác về),"['năm ngoái', 'về 4 (từ nơi khác về)']","['003485', '000364']"
mục đích tia chớp,"['mục đích', 'tia chớp']","['001206', '001242']"
về 3 (đi về) kì lạ,"['về 3 (đi về)', 'kì lạ']","['000362', '003177']"
cùi chỏ Tuy Hoà,"['cùi chỏ', 'Tuy Hoà']","['002489', '000035']"
cái nhíp phật (tượng),"['cái nhíp', 'phật (tượng)']","['001909', '000190']"
số liền trước Hoàng tử,"['số liền trước', 'Hoàng tử']","['000734', '003023']"
ý chí tình huống,"['ý chí', 'tình huống']","['002078', '001316']"
nghiêm túc d,"['nghiêm túc', 'd']","['003549', '001034']"
bất hiếu súc miệng,"['bất hiếu', 'súc miệng']","['001555', '000759']"
Hoàng tử thầy giáo,"['Hoàng tử', 'thầy giáo']","['003023', '001024']"
gian khổ quốc hội,"['gian khổ', 'quốc hội']","['002874', '000456']"
chè đỗ đỏ cuộc sống,"['chè đỗ đỏ', 'cuộc sống']","['002157', '002493']"
kết hợp chữ cái,"['kết hợp', 'chữ cái']","['003104', '002292']"
đấu tranh trục tung,"['đấu tranh', 'trục tung']","['002652', '001534']"
chiêng cấp cứu,"['chiêng', 'cấp cứu']","['002191', '001969']"
tưởng Phi-líp-pin (nước Phi-líp-pin),"['tưởng', 'Phi-líp-pin (nước Phi-líp-pin)']","['001692', '000208']"
gai thầy giáo,"['gai', 'thầy giáo']","['002818', '001024']"
môn Tiếng Việt con cóc,"['môn Tiếng Việt', 'con cóc']","['003440', '002330']"
một tiết học tương ứng,"['một tiết học', 'tương ứng']","['000864', '001690']"
phấn đấu chủ nhiệm,"['phấn đấu', 'chủ nhiệm']","['000184', '002240']"
vi khuẩn chim phượng hoàng,"['vi khuẩn', 'chim phượng hoàng']","['001817', '002207']"
bảo hiểm phù hợp,"['bảo hiểm', 'phù hợp']","['001459', '000280']"
lồng chim cổ tích,"['lồng chim', 'cổ tích']","['003293', '002421']"
băng dính thụ phấn (hoa),"['băng dính', 'thụ phấn (hoa)']","['001523', '001293']"
đấu tranh bơi,"['đấu tranh', 'bơi']","['002652', '001781']"
hàng xóm chùm nho,"['hàng xóm', 'chùm nho']","['002955', '002269']"
màu cam giỏi,"['màu cam', 'giỏi']","['003345', '002909']"
điều hòa chi hội,"['điều hòa', 'chi hội']","['002712', '002165']"
nóng tính bàn tán,"['nóng tính', 'bàn tán']","['000263', '001347']"
chặn phô tô,"['chặn', 'phô tô']","['002134', '000259']"
vòng đời trở thành,"['vòng đời', 'trở thành']","['001856', '001528']"
muộn 7,"['muộn', '7']","['003474', '001140']"
giãn cách xã hội trung bình,"['giãn cách xã hội', 'trung bình']","['000634', '001546']"
học kém ảo thuật,"['học kém', 'ảo thuật']","['003033', '001248']"
tạm biệt khối lượng,"['tạm biệt', 'khối lượng']","['000841', '003158']"
ăn đủ bật đèn,"['ăn đủ', 'bật đèn']","['000937', '001557']"
phục vụ chiếu phim,"['phục vụ', 'chiếu phim']","['000290', '002199']"
dân tộc Thái 40,"['dân tộc Thái', '40']","['000684', '001161']"
bên phải phù hợp,"['bên phải', 'phù hợp']","['001601', '000280']"
con bò lúc nào,"['con bò', 'lúc nào']","['002316', '003307']"
lớn hơn 1 (Toán học) chén,"['lớn hơn 1 (Toán học)', 'chén']","['000654', '002161']"
hai phân số bằng nhau tổ trưởng,"['hai phân số bằng nhau', 'tổ trưởng']","['000166', '001388']"
đau mắt màu trắng,"['đau mắt', 'màu trắng']","['000775', '003352']"
xử lý cối xay lúa,"['xử lý', 'cối xay lúa']","['000256', '002426']"
chức năng quả dừa,"['chức năng', 'quả dừa']","['002296', '000328']"
dân chủ cuối năm,"['dân chủ', 'cuối năm']","['000253', '000896']"
gấp đôi mắm,"['gấp đôi', 'mắm']","['000554', '003373']"
bay liệng (bay lượn) nhường nhịn,"['bay liệng (bay lượn)', 'nhường nhịn']","['001495', '000020']"
viện bảo tàng chim phượng hoàng,"['viện bảo tàng', 'chim phượng hoàng']","['001829', '002207']"
quả gấc thấp hơn,"['quả gấc', 'thấp hơn']","['000343', '001013']"
tuần lễ người Điếc thế giới sinh tố,"['tuần lễ người Điếc thế giới', 'sinh tố']","['000105', '000707']"
chủ động cuối năm,"['chủ động', 'cuối năm']","['002237', '000896']"
cúc áo người lái xe (ô tô),"['cúc áo', 'người lái xe (ô tô)']","['002475', '003587']"
đối tượng ủy ban nhân dân,"['đối tượng', 'ủy ban nhân dân']","['002737', '001722']"
vô tư uốn,"['vô tư', 'uốn']","['001872', '001710']"
mơ ước dấu sắc,"['mơ ước', 'dấu sắc']","['003448', '001110']"
ư nhập ngũ,"['ư', 'nhập ngũ']","['001090', '002739']"
bướng bỉnh róc rách,"['bướng bỉnh', 'róc rách']","['001886', '000559']"
Bãi biển Vũng Tàu sau,"['Bãi biển Vũng Tàu', 'sau']","['001319', '000640']"
giúp đỡ gật gù,"['giúp đỡ', 'gật gù']","['002915', '002843']"
trong ngoài mênh mông,"['trong ngoài', 'mênh mông']","['001500', '003403']"
đồng bào tuổi thơ ấu,"['đồng bào', 'tuổi thơ ấu']","['002759', '001109']"
Cu ba (nước Cu ba) phở cuốn,"['Cu ba (nước Cu ba)', 'phở cuốn']","['002470', '000276']"
còng tương lai,"['còng', 'tương lai']","['002400', '000637']"
đẹp mê hồn cây gỗ,"['đẹp mê hồn', 'cây gỗ']","['002681', '002029']"
cố gắng hỏi thăm,"['cố gắng', 'hỏi thăm']","['002412', '003041']"
nghĩa đen phấn đấu,"['nghĩa đen', 'phấn đấu']","['003540', '000184']"
giấy nháp nhạy cảm,"['giấy nháp', 'nhạy cảm']","['002901', '003620']"
giải lao tham dự,"['giải lao', 'tham dự']","['002869', '000935']"
sắp xếp lùi bước,"['sắp xếp', 'lùi bước']","['000645', '003310']"
mũ phép mầu,"['mũ', 'phép mầu']","['003471', '000192']"
con đẻ chuyên cần,"['con đẻ', 'chuyên cần']","['002341', '002277']"
bến xe tóm lược,"['bến xe', 'tóm lược']","['001615', '001376']"
mũ gan,"['mũ', 'gan']","['003471', '002820']"
tuỷ sống vẫy vùng (cá),"['tuỷ sống', 'vẫy vùng (cá)']","['001638', '001807']"
con mực tương ớt,"['con mực', 'tương ớt']","['002362', '000246']"
d dịch vụ,"['d', 'dịch vụ']","['001034', '002577']"
giá trị phần trăm cày ruộng,"['giá trị phần trăm', 'cày ruộng']","['002865', '001959']"
đi vệ sinh dung tích,"['đi vệ sinh', 'dung tích']","['001019', '002775']"
sân vận động chia cắt,"['sân vận động', 'chia cắt']","['000673', '002180']"
"vũ trụ anh hai, anh cả","['vũ trụ', 'anh hai, anh cả']","['001889', '000301']"
xách túi triều cường,"['xách túi', 'triều cường']","['001952', '001478']"
nước Việt nam thích thú,"['nước Việt nam', 'thích thú']","['000085', '001062']"
Paris dựng phim,"['Paris', 'dựng phim']","['002443', '002603']"
thổi xăng-ti-mét-vuông (cm2),"['thổi', 'xăng-ti-mét-vuông (cm2)']","['001087', '001976']"
đằng trước thắng lợi,"['đằng trước', 'thắng lợi']","['002641', '000993']"
chia hết bình an,"['chia hết', 'bình an']","['002182', '001659']"
giẻ lau dây chun,"['giẻ lau', 'dây chun']","['002904', '002560']"
Lào (nước Lào) chuyện trò,"['Lào (nước Lào)', 'chuyện trò']","['003225', '002291']"
tính chất bằng nhau sản xuất,"['tính chất bằng nhau', 'sản xuất']","['001332', '000621']"
7 xe máy,"['7', 'xe máy']","['001140', '001992']"
phao lười học,"['phao', 'lười học']","['000154', '003319']"
tiêu diệt tính nhẩm,"['tiêu diệt', 'tính nhẩm']","['001289', '001340']"
danh nhân không cho,"['danh nhân', 'không cho']","['002524', '000086']"
lạc quan sơ mi,"['lạc quan', 'sơ mi']","['003212', '000747']"
hồ dán thăm hỏi,"['hồ dán', 'thăm hỏi']","['003050', '000981']"
kịch bản học trò,"['kịch bản', 'học trò']","['003187', '003037']"
năng lực nội quy,"['năng lực', 'nội quy']","['003489', '000062']"
vạm vỡ k,"['vạm vỡ', 'k']","['001752', '001058']"
ôn luyện tìm hiểu,"['ôn luyện', 'tìm hiểu']","['000097', '001300']"
khai mạc đồng lúa,"['khai mạc', 'đồng lúa']","['003116', '002760']"
bốc hơi chia đôi,"['bốc hơi', 'chia đôi']","['001741', '000558']"
mục đích ti hí mắt,"['mục đích', 'ti hí mắt']","['001206', '000150']"
sáng tạo bình sữa (em bé),"['sáng tạo', 'bình sữa (em bé)']","['000627', '000974']"
phức tạp kinh nghiệm,"['phức tạp', 'kinh nghiệm']","['000294', '003200']"
tuốt lúa câu đố,"['tuốt lúa', 'câu đố']","['001636', '001979']"
thuộc địa con bướm,"['thuộc địa', 'con bướm']","['000771', '002318']"
Hạ Long ngày sinh,"['Hạ Long', 'ngày sinh']","['002942', '003511']"
co giật gan lì,"['co giật', 'gan lì']","['002306', '002822']"
từ trái sang phải chân tay,"['từ trái sang phải', 'chân tay']","['001660', '002144']"
Hà Lan (nước Hà Lan) từ chối,"['Hà Lan (nước Hà Lan)', 'từ chối']","['002941', '000226']"
tính cách mộc nhĩ,"['tính cách', 'mộc nhĩ']","['001328', '003422']"
định vị bắt nạt,"['định vị', 'bắt nạt']","['002717', '001545']"
nổi nóng trường THPT ( cấp 3),"['nổi nóng', 'trường THPT ( cấp 3)']","['000059', '001616']"
về 5 (về nhà) cuốn,"['về 5 (về nhà)', 'cuốn']","['000366', '002494']"
đóng cửa bò tót,"['đóng cửa', 'bò tót']","['002729', '001679']"
rơm rớm yên ngựa,"['rơm rớm', 'yên ngựa']","['002766', '002505']"
cây tre tích cực,"['cây tre', 'tích cực']","['002049', '001249']"
nhận hàng rừng núi,"['nhận hàng', 'rừng núi']","['003631', '000596']"
bỏ qua tháng,"['bỏ qua', 'tháng']","['001685', '000948']"
con nai thánh địa Mỹ Sơn,"['con nai', 'thánh địa Mỹ Sơn']","['002363', '000976']"
trông chờ trộn (đt),"['trông chờ', 'trộn (đt)']","['001516', '001526']"
sâu bọ sau,"['sâu bọ', 'sau']","['000677', '000640']"
rộng rãi vua Hùng,"['rộng rãi', 'vua Hùng']","['000575', '001891']"
hàng trăm chó sói,"['hàng trăm', 'chó sói']","['002952', '002218']"
xếp hàng mặc quần áo,"['xếp hàng', 'mặc quần áo']","['002022', '003372']"
bắn súng mẫu số bé,"['bắn súng', 'mẫu số bé']","['001517', '003393']"
âm thanh bảo hiểm,"['âm thanh', 'bảo hiểm']","['001278', '001459']"
giao hoán cha mẹ,"['giao hoán', 'cha mẹ']","['002877', '002061']"
đất ruộng đua đòi,"['đất ruộng', 'đua đòi']","['000258', '000973']"
chân đất chính phủ,"['chân đất', 'chính phủ']","['002143', '002211']"
khách mời quốc ca,"['khách mời', 'quốc ca']","['003112', '000452']"
hòn đá bút màu,"['hòn đá', 'bút màu']","['003030', '001869']"
tôi yêu bạn ấy Tết Dương,"['tôi yêu bạn ấy', 'Tết Dương']","['000292', '000903']"
vào mùa nổ súng,"['vào mùa', 'nổ súng']","['001761', '000047']"
mềm mại chủ đề,"['mềm mại', 'chủ đề']","['003402', '002236']"
mía giỗ,"['mía', 'giỗ']","['000844', '000104']"
vái lạy cạnh đáy,"['vái lạy', 'cạnh đáy']","['001748', '001927']"
gà nướng lu bảo thủ,"['gà nướng lu', 'bảo thủ']","['000828', '001465']"
hoạt hình gan,"['hoạt hình', 'gan']","['003028', '002820']"
đằng sau chim gõ kiến,"['đằng sau', 'chim gõ kiến']","['002640', '002206']"
phân vân cháu gái,"['phân vân', 'cháu gái']","['000512', '002083']"
ngã ba Quảng Ninh,"['ngã ba', 'Quảng Ninh']","['003498', '000407']"
ngày thành lập quân đội nhân dân Việt Nam minh hoạ,"['ngày thành lập quân đội nhân dân Việt Nam', 'minh hoạ']","['000123', '003409']"
kiến trúc tình cờ,"['kiến trúc', 'tình cờ']","['003195', '001314']"
bảng màu muối i-ốt,"['bảng màu', 'muối i-ốt']","['001409', '003085']"
bậc thang hàng chục nghìn,"['bậc thang', 'hàng chục nghìn']","['001549', '002946']"
theo dõi cuối năm,"['theo dõi', 'cuối năm']","['001028', '000896']"
làng xóm Hậu Giang,"['làng xóm', 'Hậu Giang']","['003220', '002969']"
đan máy chiếu,"['đan', 'máy chiếu']","['002615', '003364']"
bạn gái chăn (cái chăn),"['bạn gái', 'chăn (cái chăn)']","['001381', '002125']"
tưới cây từ phải sang trái,"['tưới cây', 'từ phải sang trái']","['001684', '001652']"
con bướm cụ đồ,"['con bướm', 'cụ đồ']","['002318', '002486']"
nổ lốp xe sợi,"['nổ lốp xe', 'sợi']","['000043', '000749']"
xã hình phạt,"['xã', 'hình phạt']","['001960', '003004']"
hợp đồng yêu cầu,"['hợp đồng', 'yêu cầu']","['003068', '002102']"
kì lạ vai,"['kì lạ', 'vai']","['003177', '001744']"
trái nghĩa phấn (viết bảng),"['trái nghĩa', 'phấn (viết bảng)']","['001430', '000178']"
không khí hứa,"['không khí', 'hứa']","['003166', '000379']"
thân hình lái tàu hỏa,"['thân hình', 'lái tàu hỏa']","['001001', '003214']"
hi vọng người lạ,"['hi vọng', 'người lạ']","['002987', '003588']"
suối đồng ruộng,"['suối', 'đồng ruộng']","['000763', '002764']"
khuy răng cưa,"['khuy', 'răng cưa']","['003174', '000533']"
Paris củ cà rốt,"['Paris', 'củ cà rốt']","['002443', '002479']"
triệu phú Hoàng tử,"['triệu phú', 'Hoàng tử']","['001305', '003023']"
gà mái hoa mai,"['gà mái', 'hoa mai']","['002814', '001020']"
xưa móc áo,"['xưa', 'móc áo']","['002068', '003411']"
quốc hội Mặt trời lặn,"['quốc hội', 'Mặt trời lặn']","['000456', '003417']"
chữ miêu tả,"['chữ', 'miêu tả']","['002299', '003408']"
chùm hoa con đường,"['chùm hoa', 'con đường']","['002267', '002343']"
Lạc Long Quân chấm dứt,"['Lạc Long Quân', 'chấm dứt']","['003211', '002140']"
ngày Quốc tế Lao động mơ ước,"['ngày Quốc tế Lao động', 'mơ ước']","['003509', '003448']"
đảo Trường Sa vé,"['đảo Trường Sa', 'vé']","['000837', '001809']"
truyền thống số chẵn,"['truyền thống', 'số chẵn']","['001580', '000724']"
lựu con kiến,"['lựu', 'con kiến']","['003329', '002354']"
đối tượng nỏ,"['đối tượng', 'nỏ']","['002737', '000029']"
đài sen ngày của Cha,"['đài sen', 'ngày của Cha']","['002606', '000111']"
chiều rộng nói leo,"['chiều rộng', 'nói leo']","['002194', '000036']"
quanh năm dễ chịu,"['quanh năm', 'dễ chịu']","['000552', '002570']"
chó cắn nhụy hoa,"['chó cắn', 'nhụy hoa']","['000516', '000015']"
chuyển đổi số đo em rể,"['chuyển đổi số đo', 'em rể']","['002284', '002803']"
góc vườn thiên đình,"['góc vườn', 'thiên đình']","['002924', '001066']"
yếm mét (m),"['yếm', 'mét (m)']","['002090', '003397']"
vận động hòa bình,"['vận động', 'hòa bình']","['001794', '003016']"
ơ gốm sứ,"['ơ', 'gốm sứ']","['001069', '002932']"
phòng bệnh khe cửa,"['phòng bệnh', 'khe cửa']","['000239', '003129']"
chen lấn tự (tự làm),"['chen lấn', 'tự (tự làm)']","['002159', '001462']"
chứng cớ tuần sau,"['chứng cớ', 'tuần sau']","['002302', '000884']"
sữa đặc ầm ĩ,"['sữa đặc', 'ầm ĩ']","['000785', '001280']"
Bru-nây (nước Bru-nây) chén,"['Bru-nây (nước Bru-nây)', 'chén']","['001799', '002161']"
phong trào quanh năm,"['phong trào', 'quanh năm']","['000233', '000552']"
ki-lô-gam ảo thuật,"['ki-lô-gam', 'ảo thuật']","['003179', '001248']"
vênh váo ghi chép,"['vênh váo', 'ghi chép']","['001813', '002847']"
nhảy múa xách túi,"['nhảy múa', 'xách túi']","['003618', '001952']"
gỗ chanh nóng,"['gỗ', 'chanh nóng']","['002929', '000848']"
trong sáng đĩa,"['trong sáng', 'đĩa']","['001492', '002695']"
xếp hàng dọc ông nội,"['xếp hàng dọc', 'ông nội']","['002024', '000112']"
tri kỉ con kiến,"['tri kỉ', 'con kiến']","['001040', '002353']"
môn Đạo đức con ghẹ,"['môn Đạo đức', 'con ghẹ']","['003428', '002347']"
ấm áp đề-xi-mét khối (dm3),"['ấm áp', 'đề-xi-mét khối (dm3)']","['001286', '002687']"
hoa lay ơn bất khuất,"['hoa lay ơn', 'bất khuất']","['003012', '000534']"
vô ý thức lão già,"['vô ý thức', 'lão già']","['001875', '003228']"
phòng máy tính đoạn thơ,"['phòng máy tính', 'đoạn thơ']","['000250', '002724']"
áo ấm thụ phấn (hoa),"['áo ấm', 'thụ phấn (hoa)']","['001252', '001293']"
con bướm chia rẽ,"['con bướm', 'chia rẽ']","['002318', '000728']"
góc tù số thập phân,"['góc tù', 'số thập phân']","['002922', '000739']"
dãy núi Hoàng Liên Sơn lễ bế giảng,"['dãy núi Hoàng Liên Sơn', 'lễ bế giảng']","['000550', '003243']"
thở dài bên cạnh,"['thở dài', 'bên cạnh']","['001113', '001595']"
bột giặt ngộ độc,"['bột giặt', 'ngộ độc']","['001763', '003566']"
từ chối ốm đau,"['từ chối', 'ốm đau']","['000226', '000095']"
củ sả quàng khăn,"['củ sả', 'quàng khăn']","['002484', '000406']"
đánh cầu lông võ thuật,"['đánh cầu lông', 'võ thuật']","['000743', '001852']"
trường mầm non hoạt hình,"['trường mầm non', 'hoạt hình']","['001604', '003027']"
yếu tố dấu ngoặc đơn,"['yếu tố', 'dấu ngoặc đơn']","['002118', '002556']"
danh nhân 4,"['danh nhân', '4']","['002524', '001130']"
ung thư tuổi thơ ấu,"['ung thư', 'tuổi thơ ấu']","['000481', '001109']"
Võ Thị Sáu dân tộc Mông,"['Võ Thị Sáu', 'dân tộc Mông']","['000453', '000686']"
lưỡi rón rén,"['lưỡi', 'rón rén']","['003320', '000561']"
cô giáo chú tễu,"['cô giáo', 'chú tễu']","['002405', '002244']"
ghé thăm hạt lạc,"['ghé thăm', 'hạt lạc']","['002845', '002963']"
sinh hoạt Hoãn,"['sinh hoạt', 'Hoãn']","['000697', '000764']"
bơi lương thực,"['bơi', 'lương thực']","['001781', '003324']"
dễ chịu trêu,"['dễ chịu', 'trêu']","['002570', '001470']"
cổ truyền tưởng tượng,"['cổ truyền', 'tưởng tượng']","['002414', '001694']"
bé hơn bắc nam,"['bé hơn', 'bắc nam']","['001575', '001505']"
đại sứ buổi chiều,"['đại sứ', 'buổi chiều']","['000569', '001826']"
Long Vương chính xác,"['Long Vương', 'chính xác']","['000508', '002217']"
thu thập mọc râu,"['thu thập', 'mọc râu']","['001135', '000630']"
bình an kinh ngạc,"['bình an', 'kinh ngạc']","['001655', '003199']"
héo kiến trúc,"['héo', 'kiến trúc']","['002978', '003195']"
khoáng sản cạnh đáy,"['khoáng sản', 'cạnh đáy']","['000668', '001927']"
rằm trung thu trần nhà,"['rằm trung thu', 'trần nhà']","['000525', '001460']"
từ chối quần âu,"['từ chối', 'quần âu']","['000224', '000429']"
con lợn (con heo) thím,"['con lợn (con heo)', 'thím']","['002356', '001083']"
mời xà phòng giặt,"['mời', 'xà phòng giặt']","['003455', '001938']"
san sẻ ngà voi,"['san sẻ', 'ngà voi']","['000619', '003497']"
tính cách bước,"['tính cách', 'bước']","['001328', '001882']"
trong ngoài biểu thị,"['trong ngoài', 'biểu thị']","['001496', '001649']"
hỏi han phố cổ Hội an,"['hỏi han', 'phố cổ Hội an']","['003029', '000268']"
tháng chớp mắt,"['tháng', 'chớp mắt']","['000952', '002234']"
tính sấm sét,"['tính', 'sấm sét']","['002776', '000655']"
ngã áo cánh,"['ngã', 'áo cánh']","['003504', '001254']"
con bê kim cương,"['con bê', 'kim cương']","['002312', '000704']"
địa cầu trông nhà,"['địa cầu', 'trông nhà']","['002697', '000404']"
Gia Lai cùi chỏ,"['Gia Lai', 'cùi chỏ']","['002851', '002489']"
dài hạn quả cam,"['dài hạn', 'quả cam']","['002516', '000314']"
gấp đôi gà mái,"['gấp đôi', 'gà mái']","['000554', '002814']"
Đắk Lắk má,"['Đắk Lắk', 'má']","['002637', '003361']"
tuần sau Đông Timor (nước Đông Timor),"['tuần sau', 'Đông Timor (nước Đông Timor)']","['000884', '002758']"
khoác tay thiên thần,"['khoác tay', 'thiên thần']","['003145', '001071']"
xem xét cổng trường,"['xem xét', 'cổng trường']","['002014', '002416']"
chợ Bến Thành thần kinh,"['chợ Bến Thành', 'thần kinh']","['002226', '001009']"
thổi tác dụng,"['thổi', 'tác dụng']","['001087', '000813']"
rong biển giá trị,"['rong biển', 'giá trị']","['000563', '002864']"
thuận lợi quả bầu,"['thuận lợi', 'quả bầu']","['001156', '000306']"
cha mẹ diện tích xung quanh,"['cha mẹ', 'diện tích xung quanh']","['002061', '002583']"
con muỗi vắng lặng,"['con muỗi', 'vắng lặng']","['002361', '001782']"
giải quyết pháo sáng,"['giải quyết', 'pháo sáng']","['002870', '000157']"
lốc xoáy chó xù,"['lốc xoáy', 'chó xù']","['000916', '002219']"
nhường nhịn túm tóc,"['nhường nhịn', 'túm tóc']","['000020', '001630']"
cơ quan làng xóm,"['cơ quan', 'làng xóm']","['002459', '003220']"
tiệc điều trị,"['tiệc', 'điều trị']","['001257', '002716']"
chủ động hắt hơi,"['chủ động', 'hắt hơi']","['002237', '002968']"
hình học nhà cửa,"['hình học', 'nhà cửa']","['003001', '003602']"
măng tay chân sạch sẽ,"['măng', 'tay chân sạch sẽ']","['003374', '000918']"
đường hầm mâm ngũ quả,"['đường hầm', 'mâm ngũ quả']","['002791', '003384']"
bụi đời cống,"['bụi đời', 'cống']","['001808', '002445']"
dự trữ thiếp mời,"['dự trữ', 'thiếp mời']","['003327', '001075']"
thu thập sân trường,"['thu thập', 'sân trường']","['001135', '000670']"
góc vuông sinh sản,"['góc vuông', 'sinh sản']","['002923', '000703']"
Liên Bang Nga (nước Nga) viện nghiên cứu,"['Liên Bang Nga (nước Nga)', 'viện nghiên cứu']","['003257', '001831']"
rong biển thụ phấn (hoa),"['rong biển', 'thụ phấn (hoa)']","['000563', '001293']"
hình cầu dốc,"['hình cầu', 'dốc']","['002997', '002595']"
cảng Sài Gòn câu chuyện,"['cảng Sài Gòn', 'câu chuyện']","['000702', '001977']"
tôn trọng chai nước,"['tôn trọng', 'chai nước']","['001390', '002071']"
truyền thống con bò,"['truyền thống', 'con bò']","['001580', '002315']"
Hậu Giang ấm áp,"['Hậu Giang', 'ấm áp']","['002969', '001286']"
mệt mỏi tờ báo,"['mệt mỏi', 'tờ báo']","['000800', '001406']"
ma cà rồng phê bình,"['ma cà rồng', 'phê bình']","['003332', '000196']"
con nai chia đôi,"['con nai', 'chia đôi']","['002363', '000558']"
kém dép quai hậu,"['kém', 'dép quai hậu']","['003096', '002567']"
bệnh tật luyện từ và câu,"['bệnh tật', 'luyện từ và câu']","['001623', '003314']"
khác yên ngựa,"['khác', 'yên ngựa']","['003110', '002505']"
tưới cây khờ dại,"['tưới cây', 'khờ dại']","['001686', '000217']"
Đặng Văn Ngữ xinh xắn,"['Đặng Văn Ngữ', 'xinh xắn']","['002642', '002032']"
chùm hoa buồn nôn,"['chùm hoa', 'buồn nôn']","['002267', '001853']"
dễ thương cây thân gỗ,"['dễ thương', 'cây thân gỗ']","['002571', '002043']"
ba là thóc (gạo),"['ba là', 'thóc (gạo)']","['000317', '001086']"
cụm từ vun đắp,"['cụm từ', 'vun đắp']","['002491', '001912']"
tóm tắt chi hội,"['tóm tắt', 'chi hội']","['001378', '002165']"
thi cử chăn nuôi,"['thi cử', 'chăn nuôi']","['001047', '002129']"
trung bình bẫy chuột (dụng cụ),"['trung bình', 'bẫy chuột (dụng cụ)']","['001546', '001565']"
đại dương gánh,"['đại dương', 'gánh']","['002610', '002824']"
không muốn bay liệng (bay lượn),"['không muốn', 'bay liệng (bay lượn)']","['000428', '001495']"
trường tiểu học dự trữ,"['trường tiểu học', 'dự trữ']","['001592', '003327']"
quay cóp bình an,"['quay cóp', 'bình an']","['000414', '001655']"
phòng chức năng diêm,"['phòng chức năng', 'diêm']","['000243', '002580']"
nói dối bắc bán cầu,"['nói dối', 'bắc bán cầu']","['000034', '001497']"
biểu thị lá thư,"['biểu thị', 'lá thư']","['001649', '003210']"
về 4 (từ nơi khác về) củ gừng,"['về 4 (từ nơi khác về)', 'củ gừng']","['000364', '002481']"
tay trái pháo đài,"['tay trái', 'pháo đài']","['000863', '002605']"
chùa phân số,"['chùa', 'phân số']","['002247', '000163']"
riêng biệt hoạt động,"['riêng biệt', 'hoạt động']","['000547', '003025']"
hóa đơn dao,"['hóa đơn', 'dao']","['001633', '002529']"
thăm hỏi hiểu,"['thăm hỏi', 'hiểu']","['000985', '002993']"
hình trụ thu nhỏ,"['hình trụ', 'thu nhỏ']","['003006', '001133']"
mưa phùn thổi bóng,"['mưa phùn', 'thổi bóng']","['003475', '001089']"
tóc ngắn hình phạt,"['tóc ngắn', 'hình phạt']","['000910', '003004']"
công tắc bị động,"['công tắc', 'bị động']","['002435', '001627']"
mở đầu châm chọc,"['mở đầu', 'châm chọc']","['003451', '002139']"
bánh giầy chất độc,"['bánh giầy', 'chất độc']","['001437', '002147']"
đuôi chuột vẫy vùng (cá),"['đuôi chuột', 'vẫy vùng (cá)']","['000172', '001807']"
dân tộc thiểu số ngoắc tay,"['dân tộc thiểu số', 'ngoắc tay']","['002543', '003554']"
trong khoảng mõm,"['trong khoảng', 'mõm']","['000641', '003413']"
nhà kho quốc hội,"['nhà kho', 'quốc hội']","['000806', '000456']"
báo động ích lợi,"['báo động', 'ích lợi']","['001483', '003087']"
văn trục tung,"['văn', 'trục tung']","['001762', '001534']"
xe cẩu môn Tin học và Công nghệ,"['xe cẩu', 'môn Tin học và Công nghệ']","['002010', '003441']"
buông màn cháu gái,"['buông màn', 'cháu gái']","['001857', '002085']"
máy bơm hãng tàu thuyền,"['máy bơm', 'hãng tàu thuyền']","['003363', '001453']"
buổi tối bến xe,"['buổi tối', 'bến xe']","['001842', '001615']"
bên phải đèn ông sao,"['bên phải', 'đèn ông sao']","['001601', '000477']"
đấu tranh dự án,"['đấu tranh', 'dự án']","['002652', '000580']"
huyện trục tung,"['huyện', 'trục tung']","['003082', '001534']"
yêu mến (yêu quí) trí thức,"['yêu mến (yêu quí)', 'trí thức']","['002108', '001476']"
môn Âm nhạc trùm chăn,"['môn Âm nhạc', 'trùm chăn']","['003426', '001544']"
bên trên buộc dây,"['bên trên', 'buộc dây']","['001605', '001822']"
kết luận lông,"['kết luận', 'lông']","['001012', '003290']"
thông minh ngô,"['thông minh', 'ngô']","['001100', '003564']"
chăn nuôi hỏi,"['chăn nuôi', 'hỏi']","['002131', '003038']"
ngâm hạt khoác vai,"['ngâm hạt', 'khoác vai']","['003520', '003139']"
kinh nghiệm màu xanh da trời,"['kinh nghiệm', 'màu xanh da trời']","['003200', '003356']"
sinh đẻ lau chùi,"['sinh đẻ', 'lau chùi']","['000692', '003229']"
ủy quyền cầu cứu,"['ủy quyền', 'cầu cứu']","['001726', '001997']"
dân chủ tương lai,"['dân chủ', 'tương lai']","['000253', '000637']"
quan hệ từ đổ nước,"['quan hệ từ', 'đổ nước']","['000520', '002749']"
quay cóp giã,"['quay cóp', 'giã']","['000414', '002861']"
muộn quả dừa xiêm,"['muộn', 'quả dừa xiêm']","['003474', '000336']"
đi học trao tặng,"['đi học', 'trao tặng']","['002694', '001446']"
ngày của Cha làm việc,"['ngày của Cha', 'làm việc']","['000113', '003217']"
rửa bát chuyển vế,"['rửa bát', 'chuyển vế']","['000589', '002290']"
cơ sở ác mộng,"['cơ sở', 'ác mộng']","['002460', '001196']"
điều tra dãy số,"['điều tra', 'dãy số']","['002715', '002532']"
sống sót bướng bỉnh,"['sống sót', 'bướng bỉnh']","['000346', '001886']"
móng chân diện tích toàn phần,"['móng chân', 'diện tích toàn phần']","['003418', '002582']"
núi lửa chứng nhận,"['núi lửa', 'chứng nhận']","['000077', '002304']"
ba là tiến sĩ,"['ba là', 'tiến sĩ']","['000317', '001263']"
đánh trống lúa,"['đánh trống', 'lúa']","['002629', '003300']"
quan hệ từ bảng chỉ dẫn,"['quan hệ từ', 'bảng chỉ dẫn']","['000520', '001395']"
vị ngữ Trần Quốc Toản,"['vị ngữ', 'Trần Quốc Toản']","['001823', '000464']"
rạp chiếu phim bên dưới,"['rạp chiếu phim', 'bên dưới']","['000509', '001599']"
bánh pizza thương (số),"['bánh pizza', 'thương (số)']","['001449', '001228']"
5 Tết Âm,"['5', 'Tết Âm']","['001132', '000899']"
ít nhất trường mầm non,"['ít nhất', 'trường mầm non']","['003091', '001602']"
chát môn Ngoại ngữ,"['chát', 'môn Ngoại ngữ']","['002081', '003438']"
quả na giấy ăn,"['quả na', 'giấy ăn']","['000361', '002896']"
không muốn chạy (động vật),"['không muốn', 'chạy (động vật)']","['000430', '000405']"
hãng máy bay xe cảnh sát,"['hãng máy bay', 'xe cảnh sát']","['001407', '001994']"
Gia Lai Quảng Nam,"['Gia Lai', 'Quảng Nam']","['002851', '000418']"
biểu thức đánh giá,"['biểu thức', 'đánh giá']","['001651', '002627']"
con tem 10,"['con tem', '10']","['002388', '001146']"
hi sinh trở thành,"['hi sinh', 'trở thành']","['002985', '001528']"
hình chiếu nằm,"['hình chiếu', 'nằm']","['002998', '003486']"
phương pháp đảo Hoàng Sa,"['phương pháp', 'đảo Hoàng Sa']","['000298', '000843']"
Thanh Hóa con lươn,"['Thanh Hóa', 'con lươn']","['000955', '002358']"
quyết định trắng muốt,"['quyết định', 'trắng muốt']","['000478', '001452']"
phát biểu Kim Đồng,"['phát biểu', 'Kim Đồng']","['000159', '001004']"
lý do tóm cổ,"['lý do', 'tóm cổ']","['000652', '001374']"
Lạng Sơn phẫu thuật mắt,"['Lạng Sơn', 'phẫu thuật mắt']","['003221', '000788']"
hình văn nghệ,"['hình', 'văn nghệ']","['002995', '001772']"
nghe quà,"['nghe', 'quà']","['003522', '000417']"
lướt ván xả rác,"['lướt ván', 'xả rác']","['003325', '001944']"
cưỡi ngựa bơm nước,"['cưỡi ngựa', 'bơm nước']","['002504', '001787']"
con tem đèo Hải Vân,"['con tem', 'đèo Hải Vân']","['002388', '002676']"
lúng túng Châu Á Thái Bình Dương,"['lúng túng', 'Châu Á Thái Bình Dương']","['003311', '002155']"
chất đốt cày,"['chất đốt', 'cày']","['002146', '001957']"
cướp biển miền Nam Việt Nam,"['cướp biển', 'miền Nam Việt Nam']","['002509', '003407']"
sóng biển Dinh Độc Lập,"['sóng biển', 'Dinh Độc Lập']","['000712', '002587']"
dẫn chứng chuyển động quay,"['dẫn chứng', 'chuyển động quay']","['002545', '002287']"
hàng dọc kiểm tra,"['hàng dọc', 'kiểm tra']","['002948', '003189']"
định vị ốm đau,"['định vị', 'ốm đau']","['002717', '000095']"
đàn bầu môn Địa lý,"['đàn bầu', 'môn Địa lý']","['002617', '002130']"
còng quả chanh,"['còng', 'quả chanh']","['002400', '000316']"
trang điểm lồng bàn,"['trang điểm', 'lồng bàn']","['000947', '003292']"
cửa khẩu mỳ vằn thắn,"['cửa khẩu', 'mỳ vằn thắn']","['002501', '000183']"
chim chóc phòng máy tính,"['chim chóc', 'phòng máy tính']","['002204', '000250']"
bãi cỏ chậm chạp,"['bãi cỏ', 'chậm chạp']","['001323', '000411']"
ghi hình mênh mông,"['ghi hình', 'mênh mông']","['002849', '003403']"
thực tế bút màu,"['thực tế', 'bút màu']","['001224', '001869']"
mía phở cuốn,"['mía', 'phở cuốn']","['000844', '000272']"
gấp quần áo ăn vú sữa,"['gấp quần áo', 'ăn vú sữa']","['002841', '000400']"
dám làm mũ lưỡi trai,"['dám làm', 'mũ lưỡi trai']","['000466', '003459']"
đề-xi-mét khối (dm3) đằng sau,"['đề-xi-mét khối (dm3)', 'đằng sau']","['002687', '002640']"
chúng tôi (đại từ) quyết tâm,"['chúng tôi (đại từ)', 'quyết tâm']","['000281', '000497']"
mái chèo Sóc Trăng,"['mái chèo', 'Sóc Trăng']","['003336', '000710']"
giá sách tài trợ,"['giá sách', 'tài trợ']","['002855', '000826']"
nguy hiểm dễ chịu,"['nguy hiểm', 'dễ chịu']","['003576', '002570']"
quả khế leo trèo,"['quả khế', 'leo trèo']","['000353', '003241']"
chim chích chòe rút gọn,"['chim chích chòe', 'rút gọn']","['002203', '000585']"
ống nước bãi đỗ xe (ô tô),"['ống nước', 'bãi đỗ xe (ô tô)']","['000122', '001325']"
nghỉ học dãy số,"['nghỉ học', 'dãy số']","['003537', '002532']"
bàn tán tôn thờ,"['bàn tán', 'tôn thờ']","['001347', '001384']"
tôi yêu bạn đàng ngoài,"['tôi yêu bạn', 'đàng ngoài']","['002098', '002622']"
phật (tượng) đàn kiến,"['phật (tượng)', 'đàn kiến']","['000190', '002620']"
lồng bàn xui xẻo,"['lồng bàn', 'xui xẻo']","['003292', '000597']"
khoan ngước nhìn,"['khoan', 'ngước nhìn']","['003146', '003580']"
hàng trăm nghìn hai phân số bằng nhau,"['hàng trăm nghìn', 'hai phân số bằng nhau']","['002953', '000166']"
80 cá voi,"['80', 'cá voi']","['001163', '000165']"
d ngày nay,"['d', 'ngày nay']","['001034', '003506']"
rằm trung thu gợi ý,"['rằm trung thu', 'gợi ý']","['000526', '002933']"
giao thừa con cò,"['giao thừa', 'con cò']","['002879', '002329']"
lớn hơn 2 (Toán học) quan sát,"['lớn hơn 2 (Toán học)', 'quan sát']","['000656', '000574']"
xưa khung cửa số,"['xưa', 'khung cửa số']","['002070', '003171']"
ngũ quả pháo sáng,"['ngũ quả', 'pháo sáng']","['003572', '000157']"
i thành thạo,"['i', 'thành thạo']","['001056', '000971']"
gặp gỡ vũ trụ,"['gặp gỡ', 'vũ trụ']","['002837', '001889']"
đầu tiên hình vẽ,"['đầu tiên', 'hình vẽ']","['002650', '003008']"
bàn tay xăng-ti-mét-khối (cm3),"['bàn tay', 'xăng-ti-mét-khối (cm3)']","['001345', '001974']"
lưới giàu có,"['lưới', 'giàu có']","['003322', '002885']"
Tết Trung thu chia tay,"['Tết Trung thu', 'chia tay']","['000907', '002185']"
cổ vũ Y-Éc-Xanh,"['cổ vũ', 'Y-Éc-Xanh']","['002415', '002074']"
rửa mặt mở cửa,"['rửa mặt', 'mở cửa']","['000593', '003450']"
gương mẫu bay liệng (bay lượn),"['gương mẫu', 'bay liệng (bay lượn)']","['002939', '001495']"
chữa cháy đối diện,"['chữa cháy', 'đối diện']","['002295', '002736']"
đồng tiền sức khỏe,"['đồng tiền', 'sức khỏe']","['002765', '000801']"
ki-lô-gam khéo,"['ki-lô-gam', 'khéo']","['003179', '003133']"
địa đạo Củ Chi theo dõi,"['địa đạo Củ Chi', 'theo dõi']","['002698', '001028']"
người gửi chỉ dẫn,"['người gửi', 'chỉ dẫn']","['003584', '002169']"
máy bơm đằng trước,"['máy bơm', 'đằng trước']","['003363', '002641']"
lên ngôi miêu tả,"['lên ngôi', 'miêu tả']","['003253', '003408']"
mắc áo cử chỉ điệu bộ,"['mắc áo', 'cử chỉ điệu bộ']","['003369', '002497']"
số lớn hỏi thăm,"['số lớn', 'hỏi thăm']","['000736', '003041']"
củ từ nông nghiệp,"['củ từ', 'nông nghiệp']","['002473', '000066']"
xe máy doanh nghiệp,"['xe máy', 'doanh nghiệp']","['001992', '002589']"
đánh răng chấm dứt,"['đánh răng', 'chấm dứt']","['000873', '002140']"
nhiệt kế điều khiển,"['nhiệt kế', 'điều khiển']","['003642', '002713']"
va chạm Tết Âm,"['va chạm', 'Tết Âm']","['001734', '000897']"
tượng chiêng,"['tượng', 'chiêng']","['001696', '002191']"
đại tá quét dọn,"['đại tá', 'quét dọn']","['002612', '000441']"
thận Tây Bắc,"['thận', 'Tây Bắc']","['001011', '000889']"
hồ Hoàn Kiếm con nhím,"['hồ Hoàn Kiếm', 'con nhím']","['003051', '002371']"
tài năng môn Khoa học,"['tài năng', 'môn Khoa học']","['000825', '003432']"
quần yếm yếu,"['quần yếm', 'yếu']","['000438', '002114']"
bớt đi mắng,"['bớt đi', 'mắng']","['001795', '003377']"
bên trái tính chất bằng nhau,"['bên trái', 'tính chất bằng nhau']","['001603', '001332']"
tranh luận rút gọn phân số,"['tranh luận', 'rút gọn phân số']","['001440', '000587']"
không dám cao tốc,"['không dám', 'cao tốc']","['000470', '001951']"
công cụ xâm lược,"['công cụ', 'xâm lược']","['002432', '001978']"
dấu phẩy góc tù,"['dấu phẩy', 'góc tù']","['002558', '002922']"
rế xếp hàng ngang,"['rế', 'xếp hàng ngang']","['000545', '002026']"
khu vực cách ly xăng-ti-mét-khối (cm3),"['khu vực cách ly', 'xăng-ti-mét-khối (cm3)']","['000996', '001974']"
màu nhiệm truyền thông,"['màu nhiệm', 'truyền thông']","['003351', '001578']"
nhảy cao buổi tối,"['nhảy cao', 'buổi tối']","['003616', '001842']"
âm thanh chục triệu,"['âm thanh', 'chục triệu']","['001278', '002263']"
vĩ cầm chứng cớ,"['vĩ cầm', 'chứng cớ']","['001819', '002302']"
dòng sông chảy vịnh Hạ Long,"['dòng sông chảy', 'vịnh Hạ Long']","['000934', '001841']"
trộn (đt) dọc,"['trộn (đt)', 'dọc']","['001526', '002591']"
p bơi,"['p', 'bơi']","['001072', '001781']"
thận hấp dẫn,"['thận', 'hấp dẫn']","['001011', '000038']"
quốc hội máy chiếu,"['quốc hội', 'máy chiếu']","['000456', '003364']"
10 000 (mười nghìn) góc bếp,"['10 000 (mười nghìn)', 'góc bếp']","['001177', '002919']"
xì hơi (đánh rắm) chữa cháy,"['xì hơi (đánh rắm)', 'chữa cháy']","['001494', '002295']"
xông hơi con sâu,"['xông hơi', 'con sâu']","['002046', '002380']"
củ đậu khu vực cách ly,"['củ đậu', 'khu vực cách ly']","['002471', '000996']"
làm việc ngọn cây,"['làm việc', 'ngọn cây']","['003217', '003561']"
trả thù công chúa,"['trả thù', 'công chúa']","['002126', '002430']"
quả đu đủ rộng lớn,"['quả đu đủ', 'rộng lớn']","['000341', '000573']"
ăn bám bê tông,"['ăn bám', 'bê tông']","['000735', '001587']"
chất dẻo chim chào mào,"['chất dẻo', 'chim chào mào']","['002145', '002202']"
mọc râu động viên,"['mọc râu', 'động viên']","['000630', '002770']"
cá kiếm ngô,"['cá kiếm', 'ngô']","['000167', '003565']"
tuần lễ người Điếc thế giới viết lia lịa,"['tuần lễ người Điếc thế giới', 'viết lia lịa']","['000105', '001833']"
trong khoảng huỷ diệt,"['trong khoảng', 'huỷ diệt']","['000641', '003079']"
xăng-ti-mét-vuông (cm2) phô tô,"['xăng-ti-mét-vuông (cm2)', 'phô tô']","['001976', '000259']"
nhà tầng quàng khăn,"['nhà tầng', 'quàng khăn']","['003604', '000406']"
xem đã nẻ,"['xem đã', 'nẻ']","['000439', '003491']"
rong chơi lượm,"['rong chơi', 'lượm']","['000565', '003323']"
quả ổi đề tài,"['quả ổi', 'đề tài']","['000372', '002685']"
dấu sắc con chim,"['dấu sắc', 'con chim']","['001110', '002322']"
đầu tàu ngắt hoa,"['đầu tàu', 'ngắt hoa']","['002649', '003519']"
yên bình buồng trứng,"['yên bình', 'buồng trứng']","['002094', '001861']"
giầy ba ta vui chơi,"['giầy ba ta', 'vui chơi']","['002891', '001897']"
phòng y tế thành công,"['phòng y tế', 'thành công']","['000257', '000961']"
vuông góc vẫy vùng (cá),"['vuông góc', 'vẫy vùng (cá)']","['001920', '001807']"
kính lúp huyện,"['kính lúp', 'huyện']","['003203', '003081']"
cuống lá giá sách,"['cuống lá', 'giá sách']","['002496', '002855']"
Long An rón rén,"['Long An', 'rón rén']","['003285', '000561']"
màu xanh da trời bánh xe,"['màu xanh da trời', 'bánh xe']","['003355', '001455']"
w không dám,"['w', 'không dám']","['001101', '000470']"
ba là đô thị,"['ba là', 'đô thị']","['000317', '002732']"
học phí ngõ,"['học phí', 'ngõ']","['003035', '003558']"
bốc vác toà án,"['bốc vác', 'toà án']","['001727', '001362']"
1 000 000 000 (một tỉ) xe lu,"['1 000 000 000 (một tỉ)', 'xe lu']","['001187', '002008']"
rình mò trọng nam khinh nữ,"['rình mò', 'trọng nam khinh nữ']","['000551', '002309']"
từ đồng âm bảo vệ môi trường,"['từ đồng âm', 'bảo vệ môi trường']","['001648', '001469']"
làm việc dựng phim,"['làm việc', 'dựng phim']","['003217', '002603']"
"đau tay náo động, náo nhiệt","['đau tay', 'náo động, náo nhiệt']","['000779', '003480']"
sắt búp bê,"['sắt', 'búp bê']","['000647', '001863']"
mật khẩu có ích,"['mật khẩu', 'có ích']","['003389', '002308']"
phục vụ sức khỏe,"['phục vụ', 'sức khỏe']","['000290', '000801']"
Kim Đồng quyền lợi,"['Kim Đồng', 'quyền lợi']","['001004', '000476']"
bập bênh con voi,"['bập bênh', 'con voi']","['001551', '002395']"
đầy đủ kì diệu,"['đầy đủ', 'kì diệu']","['002655', '003176']"
kiến thức may mắn,"['kiến thức', 'may mắn']","['003194', '000221']"
mét vuông (m2) rau bắp cải,"['mét vuông (m2)', 'rau bắp cải']","['003399', '000513']"
ăn vặt tuổi thơ,"['ăn vặt', 'tuổi thơ']","['001274', '001634']"
thành thạo mở màn,"['thành thạo', 'mở màn']","['000971', '003452']"
xưa Liên Bang Nga (nước Nga),"['xưa', 'Liên Bang Nga (nước Nga)']","['002068', '003258']"
quả nhãn đặt,"['quả nhãn', 'đặt']","['000365', '002644']"
tay chân sạch sẽ phun nước,"['tay chân sạch sẽ', 'phun nước']","['000918', '000291']"
chăn (cái chăn) nhõng nhẽo,"['chăn (cái chăn)', 'nhõng nhẽo']","['002121', '000592']"
tươi cười câu chuyện,"['tươi cười', 'câu chuyện']","['001680', '001977']"
bến xe luyện tập,"['bến xe', 'luyện tập']","['001615', '003313']"
toa xe cháu gái,"['toa xe', 'cháu gái']","['001356', '002087']"
trưởng thành thủ công,"['trưởng thành', 'thủ công']","['001198', '001141']"
đuôi chuột kia,"['đuôi chuột', 'kia']","['000172', '000261']"
Lâm Đồng bút bi,"['Lâm Đồng', 'bút bi']","['003235', '001867']"
dịch vụ chát,"['dịch vụ', 'chát']","['002577', '002081']"
bánh cuốn khả năng,"['bánh cuốn', 'khả năng']","['001429', '000211']"
vật nuôi trung tâm,"['vật nuôi', 'trung tâm']","['001798', '001556']"
ca nô Yên Bái,"['ca nô', 'Yên Bái']","['001894', '002092']"
hốt hoảng héc-tô-mét (hm),"['hốt hoảng', 'héc-tô-mét (hm)']","['000530', '002975']"
hộp dấu phẩy,"['hộp', 'dấu phẩy']","['003063', '002558']"
thợ rèn bố,"['thợ rèn', 'bố']","['001121', '001729']"
hoa giấy thế hệ,"['hoa giấy', 'thế hệ']","['001008', '001039']"
đan bò,"['đan', 'bò']","['002615', '001675']"
sụp đổ tham lam,"['sụp đổ', 'tham lam']","['000457', '000938']"
cướp cờ bút bi,"['cướp cờ', 'bút bi']","['002510', '001867']"
nghé găng tay,"['nghé', 'găng tay']","['003524', '002835']"
con gà con trai (động vật),"['con gà', 'con trai (động vật)']","['002344', '002393']"
kì diệu nhắm mắt,"['kì diệu', 'nhắm mắt']","['003176', '000924']"
áo phông ổn định,"['áo phông', 'ổn định']","['001262', '000101']"
dấu chấm than mui xe,"['dấu chấm than', 'mui xe']","['002552', '003473']"
trung bình An Giang,"['trung bình', 'An Giang']","['001546', '001203']"
mạng lưới trêu,"['mạng lưới', 'trêu']","['003343', '001470']"
kí hiệu người quen,"['kí hiệu', 'người quen']","['003184', '003590']"
cao (núi) số bé,"['cao (núi)', 'số bé']","['001937', '000722']"
xà phòng giặt quả chanh,"['xà phòng giặt', 'quả chanh']","['001938', '000316']"
bản làng đằng trước,"['bản làng', 'đằng trước']","['001355', '002641']"
phi tiêu liền trước,"['phi tiêu', 'liền trước']","['000198', '003269']"
hắt hơi áo phông,"['hắt hơi', 'áo phông']","['002968', '001262']"
mớ rau chim phượng hoàng,"['mớ rau', 'chim phượng hoàng']","['003454', '002207']"
"kiêu (kiêu căng, kiêu xa) khoe","['kiêu (kiêu căng, kiêu xa)', 'khoe']","['003197', '003150']"
vòng đeo tay kẹp,"['vòng đeo tay', 'kẹp']","['001847', '003101']"
bình thường sinh động,"['bình thường', 'sinh động']","['001669', '000695']"
quả mít cạnh bên (toán),"['quả mít', 'cạnh bên (toán)']","['000357', '001925']"
chạy (động vật) thổ dân,"['chạy (động vật)', 'thổ dân']","['000405', '003223']"
giấy tờ hình phạt,"['giấy tờ', 'hình phạt']","['002903', '003004']"
rổ chứng kiến,"['rổ', 'chứng kiến']","['000571', '002297']"
củ tỏi cầu kì,"['củ tỏi', 'cầu kì']","['002483', '002001']"
lồng tiếng số liền trước,"['lồng tiếng', 'số liền trước']","['003294', '000734']"
lối đi giếng nước,"['lối đi', 'giếng nước']","['003289', '002906']"
truyền thông xô,"['truyền thông', 'xô']","['001578', '002042']"
liều mình xem đã,"['liều mình', 'xem đã']","['003272', '000439']"
đối xử cây đa,"['đối xử', 'cây đa']","['002752', '002027']"
bụi tre bán kính (hình tròn),"['bụi tre', 'bán kính (hình tròn)']","['003154', '001369']"
mạch lạc thực hành,"['mạch lạc', 'thực hành']","['003334', '001216']"
hỏng bộ truyện,"['hỏng', 'bộ truyện']","['003044', '001725']"
diêm cố định,"['diêm', 'cố định']","['002580', '002419']"
dòng sông chảy mồ hôi,"['dòng sông chảy', 'mồ hôi']","['000934', '003421']"
không thẳng hàng bỏ phiếu,"['không thẳng hàng', 'bỏ phiếu']","['003160', '001683']"
ngưỡng mộ bảo vệ môi trường,"['ngưỡng mộ', 'bảo vệ môi trường']","['003600', '001473']"
10 Mặt trời lặn,"['10', 'Mặt trời lặn']","['001146', '003417']"
buổi sáng rau,"['buổi sáng', 'rau']","['001834', '000510']"
chuyển động quay đối diện,"['chuyển động quay', 'đối diện']","['002287', '002736']"
Lạng Sơn làng xóm,"['Lạng Sơn', 'làng xóm']","['003221', '003220']"
hót rác giấy,"['hót rác', 'giấy']","['003031', '002893']"
Y-Éc-Xanh thành thị,"['Y-Éc-Xanh', 'thành thị']","['002074', '000972']"
diện tích đào tạo,"['diện tích', 'đào tạo']","['002581', '002631']"
đánh đi,"['đánh', 'đi']","['002625', '002693']"
Hoàng tử khoan,"['Hoàng tử', 'khoan']","['003023', '003146']"
vết thương bay liệng (bay lượn),"['vết thương', 'bay liệng (bay lượn)']","['001815', '001495']"
sấm sét trà đá,"['sấm sét', 'trà đá']","['000655', '000852']"
loạn thị đường hàng không,"['loạn thị', 'đường hàng không']","['003283', '002790']"
hoa hậu ủy ban,"['hoa hậu', 'ủy ban']","['000984', '001720']"
môn Giáo dục thể chất vắng lặng,"['môn Giáo dục thể chất', 'vắng lặng']","['003431', '001782']"
trọc đầu mọc râu,"['trọc đầu', 'mọc râu']","['001486', '000630']"
tím tái quanh năm,"['tím tái', 'quanh năm']","['001306', '000552']"
học kém xem,"['học kém', 'xem']","['003033', '000437']"
Cà Mau đầu tiên,"['Cà Mau', 'đầu tiên']","['001896', '002650']"
chục nghìn ă,"['chục nghìn', 'ă']","['002262', '001025']"
ai bảo cá voi,"['ai bảo', 'cá voi']","['002133', '000165']"
hài hước đua ngựa,"['hài hước', 'đua ngựa']","['002943', '002778']"
ô nhiễm Chi-lê (nước Chi-lê),"['ô nhiễm', 'Chi-lê (nước Chi-lê)']","['000093', '002176']"
gieo xúc xắc cảnh vật,"['gieo xúc xắc', 'cảnh vật']","['002905', '001919']"
rau độc lập,"['rau', 'độc lập']","['000510', '002750']"
trọng tài xé rách,"['trọng tài', 'xé rách']","['001504', '002012']"
xa cách đạn,"['xa cách', 'đạn']","['001928', '002630']"
quả bưởi cầu tre,"['quả bưởi', 'cầu tre']","['000308', '002007']"
Ê Đê tính chất cơ bản của phân số,"['Ê Đê', 'tính chất cơ bản của phân số']","['002808', '001334']"
tung tăng Socola,"['tung tăng', 'Socola']","['001632', '000858']"
kim đan,"['kim', 'đan']","['003198', '002615']"
báo (con báo) bồi bàn,"['báo (con báo)', 'bồi bàn']","['001475', '001745']"
phản xạ thương (số),"['phản xạ', 'thương (số)']","['000152', '001228']"
trường THPT ( cấp 3) mùa thu,"['trường THPT ( cấp 3)', 'mùa thu']","['001616', '003466']"
diện tích chân tay,"['diện tích', 'chân tay']","['002581', '002144']"
khỏi bệnh cơm rang,"['khỏi bệnh', 'cơm rang']","['003151', '000207']"
dấu sắc lều trại,"['dấu sắc', 'lều trại']","['001108', '003255']"
tự vệ môn Đạo đức,"['tự vệ', 'môn Đạo đức']","['001678', '003429']"
vui chơi j,"['vui chơi', 'j']","['001897', '001098']"
quy định thơm,"['quy định', 'thơm']","['000469', '001129']"
quả gấc bậc thang,"['quả gấc', 'bậc thang']","['000343', '001549']"
tài giỏi thuộc địa,"['tài giỏi', 'thuộc địa']","['000823', '000771']"
sợi len cá voi,"['sợi len', 'cá voi']","['000755', '000165']"
diện tích xung quanh nhược điểm,"['diện tích xung quanh', 'nhược điểm']","['002583', '000019']"
hỏi han cổng,"['hỏi han', 'cổng']","['003029', '002444']"
rổ người lạ,"['rổ', 'người lạ']","['000571', '003588']"
theo dõi đàn bầu,"['theo dõi', 'đàn bầu']","['001028', '002617']"
cái bè xách túi,"['cái bè', 'xách túi']","['001902', '001952']"
răng khểnh dây thừng,"['răng khểnh', 'dây thừng']","['000624', '002565']"
tấm vải chung kết,"['tấm vải', 'chung kết']","['000871', '002271']"
thân cây khách sạn,"['thân cây', 'khách sạn']","['000999', '003113']"
rửa bát máy xúc,"['rửa bát', 'máy xúc']","['000589', '000698']"
động cơ đằng trước,"['động cơ', 'đằng trước']","['002768', '002641']"
đèn xanh xếp,"['đèn xanh', 'xếp']","['002672', '002020']"
tự (tự làm) bò tót,"['tự (tự làm)', 'bò tót']","['001462', '001679']"
dừng lại lông,"['dừng lại', 'lông']","['000415', '003290']"
Phú Thọ mắm,"['Phú Thọ', 'mắm']","['000284', '003373']"
hốt hoảng kiểm tra,"['hốt hoảng', 'kiểm tra']","['000530', '003189']"
cột sống lặn,"['cột sống', 'lặn']","['002454', '003232']"
xe cảnh sát sữa dê,"['xe cảnh sát', 'sữa dê']","['001994', '000782']"
sum họp khóm dứa,"['sum họp', 'khóm dứa']","['000760', '003153']"
chị họ bức tranh,"['chị họ', 'bức tranh']","['000323', '001878']"
chính phủ vườn thú,"['chính phủ', 'vườn thú']","['002211', '001924']"
kết hợp móng chân,"['kết hợp', 'móng chân']","['003104', '003418']"
cá kiếm đồng hồ,"['cá kiếm', 'đồng hồ']","['000167', '002746']"
khẩu hiệu cần khởi động,"['khẩu hiệu', 'cần khởi động']","['003127', '001967']"
Tết hàn thực môi,"['Tết hàn thực', 'môi']","['000102', '003423']"
cười vỡ bụng Ô-lim-píc,"['cười vỡ bụng', 'Ô-lim-píc']","['000058', '000491']"
xâm lược cảng Sài Gòn,"['xâm lược', 'cảng Sài Gòn']","['001978', '000702']"
gấp đôi đánh răng,"['gấp đôi', 'đánh răng']","['000554', '002628']"
minh hoạ sân chơi,"['minh hoạ', 'sân chơi']","['003409', '000658']"
lễ vật rút gọn phân số,"['lễ vật', 'rút gọn phân số']","['003251', '000587']"
phố cổ gieo xúc xắc,"['phố cổ', 'gieo xúc xắc']","['000266', '002905']"
chất độc sao,"['chất độc', 'sao']","['002147', '000629']"
bướng bỉnh chuyện nhỏ,"['bướng bỉnh', 'chuyện nhỏ']","['001886', '000532']"
lửa cố định,"['lửa', 'cố định']","['003315', '002419']"
ủy ban nhân dân em rể,"['ủy ban nhân dân', 'em rể']","['001722', '002803']"
cô giáo dao,"['cô giáo', 'dao']","['002405', '002529']"
năm ngoái mét khối (m3),"['năm ngoái', 'mét khối (m3)']","['003485', '003398']"
đeo kính đàn tơ-rưng,"['đeo kính', 'đàn tơ-rưng']","['002675', '002621']"
lễ phép hình,"['lễ phép', 'hình']","['003250', '002995']"
mệt mỏi Long An,"['mệt mỏi', 'Long An']","['000800', '003285']"
da ngăm (nước da ngăm đen) sữa đặc,"['da ngăm (nước da ngăm đen)', 'sữa đặc']","['000754', '000785']"
màu xanh lá cây kí tên,"['màu xanh lá cây', 'kí tên']","['003358', '003186']"
trói tay mũi tên,"['trói tay', 'mũi tên']","['001488', '000498']"
sum họp a,"['sum họp', 'a']","['000760', '001022']"
xôi gấc câu cá,"['xôi gấc', 'câu cá']","['000202', '001975']"
sinh hoạt quốc tế,"['sinh hoạt', 'quốc tế']","['000697', '000462']"
40 Cao Bằng,"['40', 'Cao Bằng']","['001161', '001939']"
mĩ thuật chùm hoa,"['mĩ thuật', 'chùm hoa']","['003405', '002267']"
thấp hơn đèn xanh,"['thấp hơn', 'đèn xanh']","['001013', '002674']"
tính cách bỏ qua,"['tính cách', 'bỏ qua']","['001328', '001685']"
người nước ngoài xăng-ti-mét-khối (cm3),"['người nước ngoài', 'xăng-ti-mét-khối (cm3)']","['000030', '001974']"
1000 (một nghìn) chín,"['1000 (một nghìn)', 'chín']","['001169', '002210']"
khóa quần cầu Long Biên,"['khóa quần', 'cầu Long Biên']","['003138', '003157']"
dân chủ tiếng nói,"['dân chủ', 'tiếng nói']","['000253', '001273']"
khờ dại giống nhau,"['khờ dại', 'giống nhau']","['000217', '002910']"
lâu thừa,"['lâu', 'thừa']","['000383', '001208']"
phòng đa năng rau mùng tơi,"['phòng đa năng', 'rau mùng tơi']","['000245', '000521']"
bắc bán cầu bảng cộng,"['bắc bán cầu', 'bảng cộng']","['001497', '001397']"
trường tiểu học dấu sắc,"['trường tiểu học', 'dấu sắc']","['001592', '001112']"
linh hồn bùn,"['linh hồn', 'bùn']","['003273', '001818']"
sấm chớp tụ tập,"['sấm chớp', 'tụ tập']","['000653', '001622']"
tôn thờ theo đuổi,"['tôn thờ', 'theo đuổi']","['001384', '001031']"
chặn giấy nháp,"['chặn', 'giấy nháp']","['002134', '002902']"
hộp đàn kiến,"['hộp', 'đàn kiến']","['003063', '002620']"
củ tỏi không muốn,"['củ tỏi', 'không muốn']","['002483', '000430']"
ủy ban nhân dân Quảng Ninh,"['ủy ban nhân dân', 'Quảng Ninh']","['001722', '000407']"
cầu nguyện sáng,"['cầu nguyện', 'sáng']","['002003', '001243']"
ngưỡng mộ cao (vật),"['ngưỡng mộ', 'cao (vật)']","['003600', '001933']"
quả cam cấy lúa,"['quả cam', 'cấy lúa']","['000314', '002057']"
trốn tìm chiêng,"['trốn tìm', 'chiêng']","['000643', '002191']"
tàu ngầm cao (vật),"['tàu ngầm', 'cao (vật)']","['000851', '001933']"
giới thiệu Sapa,"['giới thiệu', 'Sapa']","['002913', '000639']"
không đẹp bát,"['không đẹp', 'bát']","['000267', '001487']"
tương ớt đề-xi-mét vuông (dm2),"['tương ớt', 'đề-xi-mét vuông (dm2)']","['000246', '002688']"
rút gọn phân số cổ vũ,"['rút gọn phân số', 'cổ vũ']","['000587', '002415']"
niềm vui giẻ lau,"['niềm vui', 'giẻ lau']","['000022', '002904']"
giao thông huyện,"['giao thông', 'huyện']","['002860', '003081']"
Vĩnh Long cảnh vật,"['Vĩnh Long', 'cảnh vật']","['001835', '001919']"
sữa hộp bùng binh,"['sữa hộp', 'bùng binh']","['000789', '001230']"
ít xa xôi,"['ít', 'xa xôi']","['003089', '001930']"
chi tiết kia,"['chi tiết', 'kia']","['002167', '000261']"
cháu ngoại cao thấp,"['cháu ngoại', 'cao thấp']","['002091', '001949']"
bãi tắm l,"['bãi tắm', 'l']","['001327', '001060']"
đại số ngon giấc,"['đại số', 'ngon giấc']","['002611', '003556']"
mớ rau hốt hoảng,"['mớ rau', 'hốt hoảng']","['003454', '000530']"
sinh đẻ bắt tay,"['sinh đẻ', 'bắt tay']","['000691', '001547']"
bé loắt choắt dấu chia,"['bé loắt choắt', 'dấu chia']","['001577', '002553']"
san sẻ ghi nhớ,"['san sẻ', 'ghi nhớ']","['000619', '002850']"
gắn bó cao thấp,"['gắn bó', 'cao thấp']","['002834', '001949']"
đau tai dấu huyền,"['đau tai', 'dấu huyền']","['000783', '001104']"
tổng (số) yếu tố,"['tổng (số)', 'yếu tố']","['001392', '002118']"
"vô duyên anh hai, anh cả","['vô duyên', 'anh hai, anh cả']","['000146', '000299']"
quốc gia thực tế,"['quốc gia', 'thực tế']","['000455', '001224']"
xung đột bột ngọt,"['xung đột', 'bột ngọt']","['002062', '001771']"
thăm hỏi quả chôm chôm,"['thăm hỏi', 'quả chôm chôm']","['000981', '000318']"
thành công quốc khánh,"['thành công', 'quốc khánh']","['000961', '000458']"
đào tạo thì thầm,"['đào tạo', 'thì thầm']","['002631', '000419']"
đầu tàu xem,"['đầu tàu', 'xem']","['002649', '000437']"
tự vệ đề tài,"['tự vệ', 'đề tài']","['001674', '002685']"
khó tiêu quay cóp,"['khó tiêu', 'quay cóp']","['002166', '000414']"
quả bầu sinh động,"['quả bầu', 'sinh động']","['000306', '000695']"
Đền Hùng tỉnh táo,"['Đền Hùng', 'tỉnh táo']","['002691', '000659']"
xu (tiền) hỏi thăm,"['xu (tiền)', 'hỏi thăm']","['002048', '003041']"
bắn súng đĩa,"['bắn súng', 'đĩa']","['001517', '002695']"
bát hương Kon Tum,"['bát hương', 'Kon Tum']","['001489', '003205']"
nhập khẩu 10,"['nhập khẩu', '10']","['000032', '001146']"
đông lạnh đánh cầu lông,"['đông lạnh', 'đánh cầu lông']","['002757', '000743']"
mặc quả dừa xiêm,"['mặc', 'quả dừa xiêm']","['003370', '000336']"
vắng lặng lồng bàn,"['vắng lặng', 'lồng bàn']","['001782', '003292']"
cá kiếm tôi yêu bạn,"['cá kiếm', 'tôi yêu bạn']","['000167', '002098']"
ra lệnh ai cho,"['ra lệnh', 'ai cho']","['000501', '000080']"
nói ngập ngừng nhỏ tuổi,"['nói ngập ngừng', 'nhỏ tuổi']","['000450', '000004']"
cuối tháng đ,"['cuối tháng', 'đ']","['000894', '001037']"
Quảng Ninh bán hàng nén,"['Quảng Ninh', 'bán hàng', 'nén']","['000407', '001367', '003492']"
khoáng sản cây gỗ lặng lẽ,"['khoáng sản', 'cây gỗ', 'lặng lẽ']","['000668', '002029', '003233']"
cuống lá chỉnh sửa khó tiêu,"['cuống lá', 'chỉnh sửa', 'khó tiêu']","['002496', '002209', '002166']"
phích nước chính xác đỏ thắm,"['phích nước', 'chính xác', 'đỏ thắm']","['000200', '002216', '000635']"
cổng sinh hoạt cây bàng,"['cổng', 'sinh hoạt', 'cây bàng']","['002444', '000697', '002017']"
như hình với bóng ngày nay trà sữa,"['như hình với bóng', 'ngày nay', 'trà sữa']","['000017', '003506', '000857']"
đoạn thẳng ngắn thường xuyên,"['đoạn thẳng', 'ngắn', 'thường xuyên']","['002723', '003516', '000352']"
diêm thợ kim hoàn xe cứu thương,"['diêm', 'thợ kim hoàn', 'xe cứu thương']","['002580', '001119', '001998']"
ngôn ngữ toàn cầu đan,"['ngôn ngữ', 'toàn cầu', 'đan']","['003571', '001370', '002615']"
nghĩ dẫn chứng điều kiện,"['nghĩ', 'dẫn chứng', 'điều kiện']","['003542', '002545', '002714']"
dãy số â hỏng,"['dãy số', 'â', 'hỏng']","['002532', '001029', '003044']"
hoan hô rước đèn đắt đỏ,"['hoan hô', 'rước đèn', 'đắt đỏ']","['002124', '000603', '002643']"
trà nóng rửa bát số đo,"['trà nóng', 'rửa bát', 'số đo']","['000854', '000589', '000729']"
biểu đồ cột Thánh Gióng nước Việt nam,"['biểu đồ cột', 'Thánh Gióng', 'nước Việt nam']","['001645', '001006', '000083']"
mắc áo cụm từ vô ý thức,"['mắc áo', 'cụm từ', 'vô ý thức']","['003369', '002491', '001875']"
hăng hái đua xe máy nhiệt kế,"['hăng hái', 'đua xe máy', 'nhiệt kế']","['002966', '002780', '003643']"
80 cống buổi trưa,"['80', 'cống', 'buổi trưa']","['001163', '002445', '001846']"
cắt nhau tương lai xô,"['cắt nhau', 'tương lai', 'xô']","['001966', '000637', '002042']"
anh chị em trái nghĩa đàn tơ-rưng,"['anh chị em', 'trái nghĩa', 'đàn tơ-rưng']","['001215', '001428', '002621']"
thêu phở cuốn dầu ăn,"['thêu', 'phở cuốn', 'dầu ăn']","['001042', '000274', '002547']"
ngọn cây màu xanh lá cây ông ngoại,"['ngọn cây', 'màu xanh lá cây', 'ông ngoại']","['003562', '003359', '000110']"
Kon Tum lau chùi lẫn lộn,"['Kon Tum', 'lau chùi', 'lẫn lộn']","['003205', '003229', '003236']"
điện mặt miền Nam Việt Nam,"['điện', 'mặt', 'miền Nam Việt Nam']","['002703', '003378', '003407']"
xem vái tứ phương tia nắng,"['xem', 'vái tứ phương', 'tia nắng']","['000435', '001750', '001244']"
mặt dài số bé lầu (tầng),"['mặt dài', 'số bé', 'lầu (tầng)']","['003382', '000722', '003237']"
bánh gối dịu dàng con dê,"['bánh gối', 'dịu dàng', 'con dê']","['001441', '000930', '002339']"
bảo vệ môi trường ác mộng đề-xi-mét (dm),"['bảo vệ môi trường', 'ác mộng', 'đề-xi-mét (dm)']","['001473', '001196', '002686']"
chiều cao nhiệt kế chát,"['chiều cao', 'nhiệt kế', 'chát']","['002192', '003644', '002081']"
kém Lâm Đồng ngước nhìn,"['kém', 'Lâm Đồng', 'ngước nhìn']","['003097', '003235', '003580']"
vắn tắt đồ ăn bánh xe,"['vắn tắt', 'đồ ăn', 'bánh xe']","['001774', '000945', '001455']"
nhà tầng doanh nghiệp yêu cầu,"['nhà tầng', 'doanh nghiệp', 'yêu cầu']","['003604', '002589', '002102']"
yên lòng nhà sàn v,"['yên lòng', 'nhà sàn', 'v']","['002096', '003603', '001092']"
phun nước chuông nhà chi hội,"['phun nước', 'chuông nhà', 'chi hội']","['000291', '002274', '002165']"
môn Sinh học cao nguyên bìa vở,"['môn Sinh học', 'cao nguyên', 'bìa vở']","['003439', '001943', '001629']"
quả vải ngắt hoa xoa đầu,"['quả vải', 'ngắt hoa', 'xoa đầu']","['000390', '003519', '000232']"
ngập ngừng quan trọng bậc thang,"['ngập ngừng', 'quan trọng', 'bậc thang']","['000448', '000402', '001549']"
ruột già cắt lông mũi quan hệ từ,"['ruột già', 'cắt lông mũi', 'quan hệ từ']","['000581', '000618', '000520']"
bùng binh danh bạ gậy của người già,"['bùng binh', 'danh bạ', 'gậy của người già']","['001230', '002519', '002844']"
10 đội thiếu niên chùm khế,"['10', 'đội thiếu niên', 'chùm khế']","['001146', '002754', '002268']"
chứng minh Thừa Thiên – Huế Cam-pu-chia (nước Cam-pu-chia),"['chứng minh', 'Thừa Thiên – Huế', 'Cam-pu-chia (nước Cam-pu-chia)']","['002303', '001212', '001917']"
lượm chiều cao cây nến,"['lượm', 'chiều cao', 'cây nến']","['003323', '002192', '000928']"
di chuyển phòng chức năng điều khiển,"['di chuyển', 'phòng chức năng', 'điều khiển']","['002573', '000243', '002713']"
phòng máy tính Italia (nước Italia) tỉnh táo,"['phòng máy tính', 'Italia (nước Italia)', 'tỉnh táo']","['000250', '003092', '000659']"
nhưng 11 sách,"['nhưng', '11', 'sách']","['000538', '001152', '000611']"
trường THPT ( cấp 3) mỳ vằn thắn toàn cầu,"['trường THPT ( cấp 3)', 'mỳ vằn thắn', 'toàn cầu']","['001616', '000183', '001370']"
z bông hoa con ba ba,"['z', 'bông hoa', 'con ba ba']","['001095', '001757', '002311']"
cỗ bộ sách tiện nghi,"['cỗ', 'bộ sách', 'tiện nghi']","['002418', '001739', '001265']"
Hồ Chí Minh Đu Bai (nước Đu Bai) khúc khuỷu,"['Hồ Chí Minh', 'Đu Bai (nước Đu Bai)', 'khúc khuỷu']","['003049', '000027', '003170']"
chùm khế gấp đôi hãng xe máy,"['chùm khế', 'gấp đôi', 'hãng xe máy']","['002268', '000554', '001417']"
Liên Bang Nga (nước Nga) đoàn tụ trường tiểu học,"['Liên Bang Nga (nước Nga)', 'đoàn tụ', 'trường tiểu học']","['003257', '002721', '001590']"
bắp ngô câu ghép ngăn chặn,"['bắp ngô', 'câu ghép', 'ngăn chặn']","['001531', '001985', '003515']"
con gấu nhiều hơn vật,"['con gấu', 'nhiều hơn', 'vật']","['002346', '003645', '001796']"
ưu tiên gáy hàng đơn vị,"['ưu tiên', 'gáy', 'hàng đơn vị']","['001730', '002831', '002949']"
môn Mĩ thuật xoá bỏ doanh trại,"['môn Mĩ thuật', 'xoá bỏ', 'doanh trại']","['003437', '002036', '002590']"
khoáng sản phiền hà cánh tay,"['khoáng sản', 'phiền hà', 'cánh tay']","['000668', '000474', '001921']"
gian dối pha lê Lạng Sơn,"['gian dối', 'pha lê', 'Lạng Sơn']","['000732', '000134', '003221']"
tài năng ngược lại khói,"['tài năng', 'ngược lại', 'khói']","['000825', '003582', '003152']"
dây xích cảng Hải Phòng phẫu thuật mũi,"['dây xích', 'cảng Hải Phòng', 'phẫu thuật mũi']","['002566', '000700', '000790']"
giao lưu môi trường thoát hiểm,"['giao lưu', 'môi trường', 'thoát hiểm']","['002878', '003424', '001085']"
con nai gánh sóng biển,"['con nai', 'gánh', 'sóng biển']","['002363', '002824', '000712']"
biểu đồ lễ phép vòng đời,"['biểu đồ', 'lễ phép', 'vòng đời']","['001643', '003250', '001856']"
ầm ĩ dây buộc tóc đánh cầu lông,"['ầm ĩ', 'dây buộc tóc', 'đánh cầu lông']","['001280', '002559', '000743']"
mùa xuân vòi voi thông báo,"['mùa xuân', 'vòi voi', 'thông báo']","['003469', '001845', '001093']"
Tết Âm nhóm mái chèo,"['Tết Âm', 'nhóm', 'mái chèo']","['000899', '000006', '003336']"
d liếc nhìn vùng vẫy (dành cho người),"['d', 'liếc nhìn', 'vùng vẫy (dành cho người)']","['001034', '000606', '001914']"
thú dữ 100 môi trường,"['thú dữ', '100', 'môi trường']","['001147', '001167', '003424']"
kết luận chuyện trò buộc tóc,"['kết luận', 'chuyện trò', 'buộc tóc']","['001012', '002291', '001824']"
muối i-ốt thèm người máy,"['muối i-ốt', 'thèm', 'người máy']","['003085', '000067', '003589']"
hàng ngày gà nướng lu đất nặn,"['hàng ngày', 'gà nướng lu', 'đất nặn']","['000393', '000828', '002648']"
bỏ hoang màu nâu dấu chấm hỏi,"['bỏ hoang', 'màu nâu', 'dấu chấm hỏi']","['001681', '003348', '002551']"
làm quen giống nhau bộ sách,"['làm quen', 'giống nhau', 'bộ sách']","['003215', '002910', '001739']"
rổ nơi chốn 5,"['rổ', 'nơi chốn', '5']","['000571', '000075', '001132']"
ơ đẩy thần kì,"['ơ', 'đẩy', 'thần kì']","['001069', '002657', '001310']"
nắn nót bánh mì ngoắc tay,"['nắn nót', 'bánh mì', 'ngoắc tay']","['003487', '001443', '003554']"
"thương (số) anh hai, anh cả cầu kì","['thương (số)', 'anh hai, anh cả', 'cầu kì']","['001228', '000299', '002001']"
tĩnh lặng bún ốc xanh xao,"['tĩnh lặng', 'bún ốc', 'xanh xao']","['001326', '000197', '001956']"
cặp sách cỏ may giá sách,"['cặp sách', 'cỏ may', 'giá sách']","['001962', '002307', '002855']"
phổi liền sau quả xoài,"['phổi', 'liền sau', 'quả xoài']","['000270', '003268', '000392']"
ngồi người gửi ơ,"['ngồi', 'người gửi', 'ơ']","['003570', '003584', '001069']"
vòng đeo tay chia rẽ Bắc Giang,"['vòng đeo tay', 'chia rẽ', 'Bắc Giang']","['001847', '000728', '001501']"
anh chị em con kiến mùa hè,"['anh chị em', 'con kiến', 'mùa hè']","['001215', '002352', '003465']"
chùm vải anh vợ chanh đá,"['chùm vải', 'anh vợ', 'chanh đá']","['002270', '001241', '000846']"
tuyệt vọng rau diếp cá trung thành,"['tuyệt vọng', 'rau diếp cá', 'trung thành']","['001644', '000718', '001558']"
trạm xe buýt rạp chiếu phim tôm hùm,"['trạm xe buýt', 'rạp chiếu phim', 'tôm hùm']","['001432', '000509', '000819']"
ít bổ ngữ hậu quả,"['ít', 'bổ ngữ', 'hậu quả']","['003089', '001719', '002970']"
xe cẩu chàng trai xứ Nghệ,"['xe cẩu', 'chàng trai', 'xứ Nghệ']","['002010', '002073', '002064']"
hình thang phục vụ mồ hôi nhễ nhại,"['hình thang', 'phục vụ', 'mồ hôi nhễ nhại']","['003005', '000290', '000440']"
Paris người bán hàng đau chân,"['Paris', 'người bán hàng', 'đau chân']","['002443', '003583', '000781']"
minh hoạ khuyên tai đằng trước,"['minh hoạ', 'khuyên tai', 'đằng trước']","['003409', '003175', '002641']"
lời nói hét (giống la) nghỉ học,"['lời nói', 'hét (giống la)', 'nghỉ học']","['003297', '002979', '003537']"
róc rách Hồ Chí Minh dân tộc Khơ me,"['róc rách', 'Hồ Chí Minh', 'dân tộc Khơ me']","['000559', '003049', '000682']"
biến đổi triều cường thuộc lòng,"['biến đổi', 'triều cường', 'thuộc lòng']","['001639', '001478', '001174']"
bênh vực không cần bơm nước,"['bênh vực', 'không cần', 'bơm nước']","['001617', '000088', '001787']"
cắt nhau danh lam thắng cảnh quả mướp,"['cắt nhau', 'danh lam thắng cảnh', 'quả mướp']","['001966', '002522', '000359']"
sinh hoạt tóc dài va chạm,"['sinh hoạt', 'tóc dài', 'va chạm']","['000697', '000908', '001734']"
ăn vú sữa (bằng thìa) nói ngập ngừng mũ,"['ăn vú sữa (bằng thìa)', 'nói ngập ngừng', 'mũ']","['000398', '000450', '003471']"
cô giáo đề-xi-mét vuông (dm2) sinh vật,"['cô giáo', 'đề-xi-mét vuông (dm2)', 'sinh vật']","['002405', '002688', '000708']"
huân chương bảng trừ con số,"['huân chương', 'bảng trừ', 'con số']","['003071', '001423', '002385']"
minh hoạ say sưa đầy đủ,"['minh hoạ', 'say sưa', 'đầy đủ']","['003409', '000642', '002655']"
mặc kệ Y-Éc-Xanh va li,"['mặc kệ', 'Y-Éc-Xanh', 'va li']","['003371', '002074', '001736']"
đầy hình vuông Sóc Trăng,"['đầy', 'hình vuông', 'Sóc Trăng']","['002654', '001916', '000710']"
đàng trong em út sa mạc,"['đàng trong', 'em út', 'sa mạc']","['002623', '002806', '000433']"
chọn lựa mơ ngủ phấn (viết bảng),"['chọn lựa', 'mơ ngủ', 'phấn (viết bảng)']","['002223', '003447', '000182']"
đèn ông sao cực khổ sĩ diện,"['đèn ông sao', 'cực khổ', 'sĩ diện']","['000477', '000219', '000679']"
khiêng báo động rằm trung thu,"['khiêng', 'báo động', 'rằm trung thu']","['003134', '001483', '000525']"
rón rén con số giả bộ (giống giả vờ),"['rón rén', 'con số', 'giả bộ (giống giả vờ)']","['000561', '002385', '002852']"
đường thẳng số La Mã (Toán học) trúng thưởng,"['đường thẳng', 'số La Mã (Toán học)', 'trúng thưởng']","['002795', '000507', '001568']"
lối đi gánh đàng ngoài,"['lối đi', 'gánh', 'đàng ngoài']","['003289', '002824', '002622']"
tàu ngầm xem nhổ lông mày,"['tàu ngầm', 'xem', 'nhổ lông mày']","['000851', '000437', '000616']"
nhi đồng thối pha lê,"['nhi đồng', 'thối', 'pha lê']","['003641', '000811', '000134']"
lặn u ám ( trời u ám) thao thức,"['lặn', 'u ám ( trời u ám)', 'thao thức']","['003232', '001700', '000721']"
lau chùi lưu dốc,"['lau chùi', 'lưu', 'dốc']","['003229', '001461', '002595']"
Lạng Sơn em rể quy định,"['Lạng Sơn', 'em rể', 'quy định']","['003221', '002804', '000469']"
đèn báo giao thông quang hợp giã,"['đèn báo giao thông', 'quang hợp', 'giã']","['002663', '000403', '002861']"
Thăng Long đập thác,"['Thăng Long', 'đập', 'thác']","['000549', '002645', '000921']"
bộ đội đấu tranh nhổ củ cải,"['bộ đội', 'đấu tranh', 'nhổ củ cải']","['001737', '002652', '000013']"
nông thôn cúi sợi,"['nông thôn', 'cúi', 'sợi']","['000068', '002476', '000749']"
khu vườn chúng tôi (3 người) (đại từ) linh hồn,"['khu vườn', 'chúng tôi (3 người) (đại từ)', 'linh hồn']","['003168', '000275', '003273']"
gà tây thông thường giao lưu,"['gà tây', 'thông thường', 'giao lưu']","['002816', '001105', '002878']"
gọt bút chì cái gương k,"['gọt bút chì', 'cái gương', 'k']","['002928', '001906', '001058']"
con sói trần nhà hòa bình,"['con sói', 'trần nhà', 'hòa bình']","['002383', '001460', '003016']"
Kiên Giang yên ngựa tôm hùm,"['Kiên Giang', 'yên ngựa', 'tôm hùm']","['003192', '002505', '000819']"
biểu đồ hình quạt sân chơi củ khoai lang,"['biểu đồ hình quạt', 'sân chơi', 'củ khoai lang']","['001647', '000657', '002472']"
ngà voi đào tạo đỏ thắm,"['ngà voi', 'đào tạo', 'đỏ thắm']","['003497', '002631', '000635']"
pháo sáng xã hội cái gương,"['pháo sáng', 'xã hội', 'cái gương']","['000157', '001946', '001906']"
khúc khuỷu bến phà thiếu nhi,"['khúc khuỷu', 'bến phà', 'thiếu nhi']","['003170', '001609', '001079']"
dịch vụ cháu họ áo kẻ sọc,"['dịch vụ', 'cháu họ', 'áo kẻ sọc']","['002577', '000339', '000663']"
nhà trường quạt cây bỏ rơi,"['nhà trường', 'quạt cây', 'bỏ rơi']","['003607', '000412', '001687']"
thúc đẩy rình mò đường thẳng,"['thúc đẩy', 'rình mò', 'đường thẳng']","['001162', '000551', '002795']"
đường tròn quan (chức vụ) tưởng tượng,"['đường tròn', 'quan (chức vụ)', 'tưởng tượng']","['002797', '000524', '001694']"
chuyên gia bảng màu đứng nghiêm,"['chuyên gia', 'bảng màu', 'đứng nghiêm']","['002280', '001409', '002787']"
bảng cửu chương chị kí duyệt,"['bảng cửu chương', 'chị', 'kí duyệt']","['001399', '002173', '003178']"
xôi cốm bánh giò,"['xôi', 'cốm', 'bánh giò']","['002044', '002427', '001439']"
củ cà rốt bình thường cửa khẩu,"['củ cà rốt', 'bình thường', 'cửa khẩu']","['002479', '001669', '002501']"
Mã Lai (nước Ma-lai-xi-a) nông thôn răng cưa,"['Mã Lai (nước Ma-lai-xi-a)', 'nông thôn', 'răng cưa']","['000502', '000068', '000533']"
khâu vá âm thanh chính tả,"['khâu vá', 'âm thanh', 'chính tả']","['003126', '001278', '002214']"
tạo dáng phun nước lưới,"['tạo dáng', 'phun nước', 'lưới']","['000847', '000291', '003322']"
đẹp mê hồn tròn hi sinh,"['đẹp mê hồn', 'tròn', 'hi sinh']","['002681', '001493', '002984']"
bún ngan họa sỹ san hô,"['bún ngan', 'họa sỹ', 'san hô']","['000195', '003018', '000617']"
dai cuống hoa dãy núi,"['dai', 'cuống hoa', 'dãy núi']","['002514', '002477', '002531']"
thương (số) thành thạo bảng trừ,"['thương (số)', 'thành thạo', 'bảng trừ']","['001228', '000971', '001421']"
khát vọng vịnh Hạ Long thông tin,"['khát vọng', 'vịnh Hạ Long', 'thông tin']","['003120', '001841', '001107']"
giếng nước ăn vú sữa màu nâu,"['giếng nước', 'ăn vú sữa', 'màu nâu']","['002906', '000400', '003349']"
ủy ban cạnh đối diện nồi cơm điện,"['ủy ban', 'cạnh đối diện', 'nồi cơm điện']","['001720', '001929', '000051']"
nồi đặt lên ngôi,"['nồi', 'đặt', 'lên ngôi']","['000049', '002644', '003253']"
kia chó sói trọc đầu,"['kia', 'chó sói', 'trọc đầu']","['000261', '002218', '001486']"
đào tạo ngừng lại Hung-ga-ri (nước Hung-ga-ri),"['đào tạo', 'ngừng lại', 'Hung-ga-ri (nước Hung-ga-ri)']","['002631', '000413', '003074']"
giật mình đô thị cởi áo,"['giật mình', 'đô thị', 'cởi áo']","['002890', '002732', '002462']"
giàn khoan bậc thang dãy số,"['giàn khoan', 'bậc thang', 'dãy số']","['002875', '001549', '002532']"
cục tẩy Quốc Tử Giám chiều rộng,"['cục tẩy', 'Quốc Tử Giám', 'chiều rộng']","['002488', '000467', '002194']"
chị chồng áp phích bất động,"['chị chồng', 'áp phích', 'bất động']","['002174', '001266', '001553']"
bảng chia cô đơn nội tiếp,"['bảng chia', 'cô đơn', 'nội tiếp']","['001391', '002403', '000064']"
rực rỡ tụ tập cầu giao,"['rực rỡ', 'tụ tập', 'cầu giao']","['000234', '001622', '001999']"
hình cầu túm tóc ngày Nhà giáo Việt nam,"['hình cầu', 'túm tóc', 'ngày Nhà giáo Việt nam']","['002997', '001630', '003500']"
đánh mét khối (m3) bơi,"['đánh', 'mét khối (m3)', 'bơi']","['002625', '003398', '001781']"
cô đơn chợ nổi Cái Bè lầu (tầng),"['cô đơn', 'chợ nổi Cái Bè', 'lầu (tầng)']","['002403', '002228', '003237']"
chát lỗi lầm đồng hồ,"['chát', 'lỗi lầm', 'đồng hồ']","['002081', '003288', '002746']"
quả chuối học bổng ẩm ướt,"['quả chuối', 'học bổng', 'ẩm ướt']","['000319', '003032', '001284']"
vực sâu đường hầm cửa kính,"['vực sâu', 'đường hầm', 'cửa kính']","['003169', '002791', '002502']"
hội thảo phun nước chú ý,"['hội thảo', 'phun nước', 'chú ý']","['003061', '000291', '002246']"
ích lợi thăm hỏi hút nước,"['ích lợi', 'thăm hỏi', 'hút nước']","['003087', '000981', '003076']"
cần khởi động hội thoại tống tiền,"['cần khởi động', 'hội thoại', 'tống tiền']","['001967', '000650', '001402']"
khách đèn ông sao hội thảo,"['khách', 'đèn ông sao', 'hội thảo']","['003111', '000477', '003061']"
chân dung vùng vẫy (dành cho người) đầu tàu,"['chân dung', 'vùng vẫy (dành cho người)', 'đầu tàu']","['002142', '001914', '002649']"
đường sắt cái neo đều đặn,"['đường sắt', 'cái neo', 'đều đặn']","['002794', '000986', '002692']"
vô duyên cổng trường khối lượng,"['vô duyên', 'cổng trường', 'khối lượng']","['000146', '002416', '003158']"
"anh hai, anh cả em út quả dừa xiêm","['anh hai, anh cả', 'em út', 'quả dừa xiêm']","['000303', '002806', '000336']"
quần đùi đẹp mê hồn công nhận,"['quần đùi', 'đẹp mê hồn', 'công nhận']","['000436', '002681', '002433']"
phẫu thuật bụng ngày xưa con gà,"['phẫu thuật bụng', 'ngày xưa', 'con gà']","['000794', '003513', '002344']"
ăn hối lộ chặn không nên,"['ăn hối lộ', 'chặn', 'không nên']","['001270', '002134', '000090']"
bóc lột hình elip tiếc,"['bóc lột', 'hình elip', 'tiếc']","['001693', '003000', '001253']"
vui chơi 1 000 000 000 (một tỉ) lời nói,"['vui chơi', '1 000 000 000 (một tỉ)', 'lời nói']","['001893', '001191', '003297']"
cấy hoa phố,"['cấy', 'hoa', 'phố']","['002055', '003010', '000264']"
internet ngon giấc xu (tiền),"['internet', 'ngon giấc', 'xu (tiền)']","['001014', '003556', '002048']"
vẫy vùng (cá) khu vườn dòng sông,"['vẫy vùng (cá)', 'khu vườn', 'dòng sông']","['001807', '003168', '002594']"
ngày sinh thiên nhiên ít nhất,"['ngày sinh', 'thiên nhiên', 'ít nhất']","['003510', '001068', '003091']"
bàn bạc chim phượng hoàng huyện,"['bàn bạc', 'chim phượng hoàng', 'huyện']","['001333', '002207', '003080']"
thác kêu gọi con công,"['thác', 'kêu gọi', 'con công']","['000921', '003109', '002334']"
con đom đóm bé gái bột ngọt,"['con đom đóm', 'bé gái', 'bột ngọt']","['002342', '001573', '001773']"
thiệp sinh nhật nhà nước hồ Hoàn Kiếm,"['thiệp sinh nhật', 'nhà nước', 'hồ Hoàn Kiếm']","['000238', '002600', '003051']"
làn sóng y tế khổ thơ,"['làn sóng', 'y tế', 'khổ thơ']","['003219', '002076', '003156']"
tự lập chúng tôi (4 người) (đại từ) con sò,"['tự lập', 'chúng tôi (4 người) (đại từ)', 'con sò']","['001662', '000277', '002381']"
giải thích phim hoạt hình tài năng,"['giải thích', 'phim hoạt hình', 'tài năng']","['002857', '000216', '000825']"
công cộng đáng quý quyết định,"['công cộng', 'đáng quý', 'quyết định']","['002431', '002624', '000482']"
giơ tay sườn xe container,"['giơ tay', 'sườn', 'xe container']","['002911', '000810', '000408']"
tập thể dục tham khảo Ê Đê,"['tập thể dục', 'tham khảo', 'Ê Đê']","['000883', '000936', '002808']"
Hạ Long đun nấu cùi chỏ,"['Hạ Long', 'đun nấu', 'cùi chỏ']","['002942', '002782', '002489']"
bó đũa ruộng bậc thang hàng triệu,"['bó đũa', 'ruộng bậc thang', 'hàng triệu']","['001689', '000578', '002954']"
ghi chú cặp sách vòi voi,"['ghi chú', 'cặp sách', 'vòi voi']","['002848', '001962', '001845']"
đuôi cá con cóc ngừng lại,"['đuôi cá', 'con cóc', 'ngừng lại']","['000170', '002330', '000413']"
khói cố định ruột già,"['khói', 'cố định', 'ruột già']","['003152', '002419', '000581']"
quả đu đủ ghi chép muộn,"['quả đu đủ', 'ghi chép', 'muộn']","['000340', '002847', '003474']"
bút máy Ninh Bình con ngỗng,"['bút máy', 'Ninh Bình', 'con ngỗng']","['001871', '000024', '002364']"
bên dưới nhà vệ sinh ria mép,"['bên dưới', 'nhà vệ sinh', 'ria mép']","['001599', '001016', '000638']"
pháo hoa xảy ra a,"['pháo hoa', 'xảy ra', 'a']","['000156', '000579', '001022']"
ở ngoài phương tiện giao thông giả sử,"['ở ngoài', 'phương tiện giao thông', 'giả sử']","['000128', '000304', '002854']"
hàng đơn vị nổi bật Quốc Tử Giám,"['hàng đơn vị', 'nổi bật', 'Quốc Tử Giám']","['002949', '000053', '000467']"
đập con vượn mèo cào,"['đập', 'con vượn', 'mèo cào']","['002645', '000954', '000518']"
bật lửa đầy tớ bánh đúc,"['bật lửa', 'đầy tớ', 'bánh đúc']","['001559', '002656', '001433']"
củ từ liền sau mới,"['củ từ', 'liền sau', 'mới']","['002473', '003268', '003457']"
no con bò cổ họng,"['no', 'con bò', 'cổ họng']","['000026', '002317', '002411']"
giẻ lau quả dừa xiêm giầy ba ta,"['giẻ lau', 'quả dừa xiêm', 'giầy ba ta']","['002904', '000334', '002891']"
ân hận anh rể tò mò,"['ân hận', 'anh rể', 'tò mò']","['001294', '001229', '001350']"
vĩ cầm gọt bút chì (cái) trông chờ,"['vĩ cầm', 'gọt bút chì (cái)', 'trông chờ']","['001819', '002927', '001516']"
chất độc màu da cam công ước để (đặt),"['chất độc màu da cam', 'công ước', 'để (đặt)']","['002148', '002438', '002682']"
truyền thông chó xù cơm bình dân,"['truyền thông', 'chó xù', 'cơm bình dân']","['001578', '002219', '002468']"
bến phà Ba chân bốn cẳng 80,"['bến phà', 'Ba chân bốn cẳng', '80']","['001609', '001299', '001163']"
Bắc Kạn hàng nghìn đấu tranh,"['Bắc Kạn', 'hàng nghìn', 'đấu tranh']","['001503', '002951', '002652']"
vận chuyển chia phần tôi yêu bạn,"['vận chuyển', 'chia phần', 'tôi yêu bạn']","['001792', '002183', '002098']"
miền Bắc Việt Nam thành thị thả mồi,"['miền Bắc Việt Nam', 'thành thị', 'thả mồi']","['003406', '000972', '000919']"
cuộc sống thuê gió Lào,"['cuộc sống', 'thuê', 'gió Lào']","['002493', '001168', '002908']"
nói leo quét nhà email,"['nói leo', 'quét nhà', 'email']","['000036', '000443', '002807']"
xưa chiếu phim bờ rào,"['xưa', 'chiếu phim', 'bờ rào']","['002066', '002199', '001777']"
đuôi cá đất màu mỡ dân tộc thiểu số,"['đuôi cá', 'đất màu mỡ', 'dân tộc thiểu số']","['000170', '002647', '002543']"
góc vườn vội vã bồi bàn,"['góc vườn', 'vội vã', 'bồi bàn']","['002924', '001883', '001745']"
mặt dài i chia phần,"['mặt dài', 'i', 'chia phần']","['003382', '001056', '002183']"
trúng tuyển thề thổ dân,"['trúng tuyển', 'thề', 'thổ dân']","['001574', '001036', '003223']"
ngày thầy thuốc Việt Nam chất độc ngộ độc,"['ngày thầy thuốc Việt Nam', 'chất độc', 'ngộ độc']","['000115', '002147', '003566']"
mọc râu u ám ( trời u ám) xu (tiền),"['mọc râu', 'u ám ( trời u ám)', 'xu (tiền)']","['000630', '001700', '002048']"
Bình Phước theo đuổi năng lực,"['Bình Phước', 'theo đuổi', 'năng lực']","['001663', '001031', '003489']"
ăn vừa chung kết con sò,"['ăn vừa', 'chung kết', 'con sò']","['000939', '002271', '002381']"
mất trí Nam Định chọn lựa,"['mất trí', 'Nam Định', 'chọn lựa']","['003387', '003478', '002223']"
vật tỉnh táo con người,"['vật', 'tỉnh táo', 'con người']","['001796', '000659', '002367']"
quả chôm chôm thần kinh bánh pizza,"['quả chôm chôm', 'thần kinh', 'bánh pizza']","['000318', '001009', '001449']"
cứu hộ trung tâm thổi bóng,"['cứu hộ', 'trung tâm', 'thổi bóng']","['002513', '001556', '001089']"
bò anh hùng miêu tả,"['bò', 'anh hùng', 'miêu tả']","['001675', '001227', '003408']"
Nhật (nước Nhật) chuẩn bị con gấu,"['Nhật (nước Nhật)', 'chuẩn bị', 'con gấu']","['003639', '002254', '002346']"
ao chuôm người bán hàng sắp xếp,"['ao chuôm', 'người bán hàng', 'sắp xếp']","['001245', '003583', '000645']"
công nhận chia phần ki-lô-gam,"['công nhận', 'chia phần', 'ki-lô-gam']","['002433', '002183', '003179']"
báo cáo mua vé tuổi thơ ấu,"['báo cáo', 'mua vé', 'tuổi thơ ấu']","['001481', '003461', '001109']"
trả (đt) theo đuổi Ninh Bình,"['trả (đt)', 'theo đuổi', 'Ninh Bình']","['001422', '001031', '000024']"
chiều dài ủy quyền con lươn,"['chiều dài', 'ủy quyền', 'con lươn']","['002193', '001728', '002358']"
cạnh lây nhiễm bay liệng (bay lượn),"['cạnh', 'lây nhiễm', 'bay liệng (bay lượn)']","['001923', '003239', '001495']"
phi tiêu cầu thang môn Khoa học,"['phi tiêu', 'cầu thang', 'môn Khoa học']","['000198', '000946', '003432']"
đồng phục chong chóng tách,"['đồng phục', 'chong chóng', 'tách']","['002763', '002224', '000815']"
sóng thần loạn thị hàng đơn vị,"['sóng thần', 'loạn thị', 'hàng đơn vị']","['000715', '003283', '002949']"
đổi Hưng Yên tổ tiên,"['đổi', 'Hưng Yên', 'tổ tiên']","['002735', '003083', '001386']"
Kim Đồng gà tây cha mẹ,"['Kim Đồng', 'gà tây', 'cha mẹ']","['001004', '002816', '002061']"
thông cảm chính phủ chữa bài,"['thông cảm', 'chính phủ', 'chữa bài']","['001094', '002212', '002294']"
đường chỉ tay quả dưa hấu xà phòng,"['đường chỉ tay', 'quả dưa hấu', 'xà phòng']","['002172', '000326', '001932']"
lặn thu thập biểu thức,"['lặn', 'thu thập', 'biểu thức']","['003232', '001135', '001651']"
gửi thư biện pháp nhắc nhở,"['gửi thư', 'biện pháp', 'nhắc nhở']","['002936', '001641', '003621']"
quan sát bối rối tặc lưỡi,"['quan sát', 'bối rối', 'tặc lưỡi']","['000574', '000153', '000865']"
minh hoạ ăn vừa tính chất cơ bản của phân số,"['minh hoạ', 'ăn vừa', 'tính chất cơ bản của phân số']","['003409', '000939', '001334']"
xe tải bản đồ Việt Nam cây cối,"['xe tải', 'bản đồ Việt Nam', 'cây cối']","['001506', '001349', '002025']"
phân số tối giản nghị lực thuận lợi,"['phân số tối giản', 'nghị lực', 'thuận lợi']","['000169', '003543', '001156']"
giám sát giới hạn ăn vụng,"['giám sát', 'giới hạn', 'ăn vụng']","['000572', '002912', '000577']"
khách vip chui không thẳng hàng,"['khách vip', 'chui', 'không thẳng hàng']","['003114', '002264', '003160']"
giao tiếp lục địa câu ghép,"['giao tiếp', 'lục địa', 'câu ghép']","['002882', '003308', '001985']"
bên trên tỉnh đồn công an,"['bên trên', 'tỉnh', 'đồn công an']","['001605', '000007', '002742']"
Tết Trung thu con cóc cuốn,"['Tết Trung thu', 'con cóc', 'cuốn']","['000909', '002330', '002494']"
vĩ cầm miền Nam Việt Nam chọn lựa,"['vĩ cầm', 'miền Nam Việt Nam', 'chọn lựa']","['001819', '003407', '002223']"
Đặng Văn Ngữ chuông nhà họa sỹ,"['Đặng Văn Ngữ', 'chuông nhà', 'họa sỹ']","['002642', '002274', '003018']"
tập trung dãy nhà chuẩn bị,"['tập trung', 'dãy nhà', 'chuẩn bị']","['000885', '002530', '002254']"
ngon giấc vui tính quả vải,"['ngon giấc', 'vui tính', 'quả vải']","['003556', '001910', '000390']"
sản xuất thù lao đồng phục,"['sản xuất', 'thù lao', 'đồng phục']","['000621', '001137', '002762']"
quả chanh ngược lại mặc,"['quả chanh', 'ngược lại', 'mặc']","['000316', '003582', '003370']"
tháng màu trắng ngày của Mẹ,"['tháng', 'màu trắng', 'ngày của Mẹ']","['000952', '003354', '000107']"
bắt đau tai xóa bảng,"['bắt', 'đau tai', 'xóa bảng']","['001535', '000783', '002034']"
phích nước quả bầu chủ nghĩa xã hội,"['phích nước', 'quả bầu', 'chủ nghĩa xã hội']","['000200', '000306', '002238']"
lò xo thao thức chai,"['lò xo', 'thao thức', 'chai']","['003279', '000721', '002069']"
cúi lây bệnh tóc ngắn,"['cúi', 'lây bệnh', 'tóc ngắn']","['002476', '003238', '000910']"
quần đùi tặc lưỡi boong tàu,"['quần đùi', 'tặc lưỡi', 'boong tàu']","['000436', '000865', '001709']"
trọng nam khinh nữ con chuột công chúa,"['trọng nam khinh nữ', 'con chuột', 'công chúa']","['002309', '002327', '002430']"
tự trọng quả nho cặp tóc,"['tự trọng', 'quả nho', 'cặp tóc']","['000731', '000370', '001964']"
cây ăn quả lên đường chuyên cần,"['cây ăn quả', 'lên đường', 'chuyên cần']","['002013', '003252', '002277']"
phim tài liệu chọi gà bát ngát,"['phim tài liệu', 'chọi gà', 'bát ngát']","['000220', '002220', '001491']"
sĩ diện bê tông bùn,"['sĩ diện', 'bê tông', 'bùn']","['000679', '001587', '001818']"
cối xay lúa cây cối sờ,"['cối xay lúa', 'cây cối', 'sờ']","['002426', '002025', '000926']"
vải lụa hoa hẹn,"['vải lụa', 'hoa', 'hẹn']","['000709', '003009', '000369']"
vòng tròn vững chắc phấn (viết bảng),"['vòng tròn', 'vững chắc', 'phấn (viết bảng)']","['001858', '001922', '000182']"
chăm học thả diều áo,"['chăm học', 'thả diều', 'áo']","['002113', '000917', '001250']"
trong khoảng gieo xúc xắc quả nhãn,"['trong khoảng', 'gieo xúc xắc', 'quả nhãn']","['000641', '002905', '000365']"
thuê yếu Hà Giang,"['thuê', 'yếu', 'Hà Giang']","['001164', '002116', '002940']"
danh hiệu hiểu chuyển hướng,"['danh hiệu', 'hiểu', 'chuyển hướng']","['002521', '002993', '002289']"
bò tót lông gọt bút chì (cái),"['bò tót', 'lông', 'gọt bút chì (cái)']","['001679', '003290', '002927']"
má long lanh (mắt) bệnh Đao - Down,"['má', 'long lanh (mắt)', 'bệnh Đao - Down']","['003361', '000598', '000798']"
bưu tá giả mạo dây thần kinh,"['bưu tá', 'giả mạo', 'dây thần kinh']","['001890', '002853', '002564']"
nhường nhịn lãnh đạo đăng nhập,"['nhường nhịn', 'lãnh đạo', 'đăng nhập']","['000020', '003222', '002639']"
bế em bò tót trông nhà,"['bế em', 'bò tót', 'trông nhà']","['001593', '001679', '000404']"
dự trữ Đông Nam Á cuối tuần,"['dự trữ', 'Đông Nam Á', 'cuối tuần']","['003327', '002744', '000892']"
xu (tiền) xếp hàng đau chân,"['xu (tiền)', 'xếp hàng', 'đau chân']","['002048', '002022', '000781']"
lợi ích thương (số) leo trèo,"['lợi ích', 'thương (số)', 'leo trèo']","['003298', '001228', '003241']"
trường hợp sườn thủ công,"['trường hợp', 'sườn', 'thủ công']","['001598', '000810', '001139']"
tổ tiên sinh đôi trọng tài,"['tổ tiên', 'sinh đôi', 'trọng tài']","['001386', '000902', '001504']"
Trung Quốc (nước Trung Quốc) tờ giấy y tế,"['Trung Quốc (nước Trung Quốc)', 'tờ giấy', 'y tế']","['001552', '001410', '002076']"
thoăn thoắt chuỗi hạt hàng ngang,"['thoăn thoắt', 'chuỗi hạt', 'hàng ngang']","['000968', '002272', '002950']"
ống nhòm cảnh giác bẫy chuột (dụng cụ),"['ống nhòm', 'cảnh giác', 'bẫy chuột (dụng cụ)']","['000120', '000570', '001565']"
Albania (nước Albania) nạp điện lão già,"['Albania (nước Albania)', 'nạp điện', 'lão già']","['000028', '003483', '003228']"
lâu kính hiển vi dấu gạch ngang,"['lâu', 'kính hiển vi', 'dấu gạch ngang']","['000383', '003201', '002554']"
mộc nhĩ cầu kì họ (đại từ),"['mộc nhĩ', 'cầu kì', 'họ (đại từ)']","['003422', '002001', '000287']"
mơ ước tôn thờ quét dọn,"['mơ ước', 'tôn thờ', 'quét dọn']","['003448', '001384', '000441']"
đầy ăn bám tóm tắt,"['đầy', 'ăn bám', 'tóm tắt']","['002654', '000735', '001378']"
hộp kính lúp đồng ruộng,"['hộp', 'kính lúp', 'đồng ruộng']","['003063', '003203', '002764']"
di chuyển p tấm vải,"['di chuyển', 'p', 'tấm vải']","['002573', '001072', '000871']"
võ thuật bún đậu đặc điểm,"['võ thuật', 'bún đậu', 'đặc điểm']","['001852', '000199', '002636']"
bảng cộng vịnh Hạ Long chung kết,"['bảng cộng', 'vịnh Hạ Long', 'chung kết']","['001397', '001841', '002271']"
ống nhòm mùa hè Nam Định,"['ống nhòm', 'mùa hè', 'Nam Định']","['000120', '003463', '003478']"
va li dân ca con chuột nhắt,"['va li', 'dân ca', 'con chuột nhắt']","['001736', '002534', '002328']"
ông nội đàn bầu một mình,"['ông nội', 'đàn bầu', 'một mình']","['000114', '002617', '003446']"
đường hầm mi-li-mét (mm) siêu tốc,"['đường hầm', 'mi-li-mét (mm)', 'siêu tốc']","['002791', '003404', '000687']"
chứng minh công cộng ngưỡng mộ,"['chứng minh', 'công cộng', 'ngưỡng mộ']","['002303', '002431', '003600']"
chè đỗ đỏ xăng-ti-mét-vuông (cm2) tươi cười,"['chè đỗ đỏ', 'xăng-ti-mét-vuông (cm2)', 'tươi cười']","['002157', '001976', '001680']"
tuần trước bàn ghế ă,"['tuần trước', 'bàn ghế', 'ă']","['000888', '001339', '001027']"
gian lận cây bàng nội dung,"['gian lận', 'cây bàng', 'nội dung']","['002536', '002015', '000060']"
người máy hoán vị nông nghiệp,"['người máy', 'hoán vị', 'nông nghiệp']","['003589', '003020', '000066']"
nhỏ hơn internet miền Nam Việt Nam,"['nhỏ hơn', 'internet', 'miền Nam Việt Nam']","['000002', '001014', '003407']"
miêu tả ngắn nhất nhiều vô cùng,"['miêu tả', 'ngắn nhất', 'nhiều vô cùng']","['003408', '003517', '001862']"
bật đèn sương gió thiếu nhi,"['bật đèn', 'sương gió', 'thiếu nhi']","['001557', '000809', '001079']"
anh em lặng lẽ chính xác,"['anh em', 'lặng lẽ', 'chính xác']","['001225', '003233', '002216']"
bạn yêu tôi bình thường đau mắt,"['bạn yêu tôi', 'bình thường', 'đau mắt']","['000289', '001667', '000775']"
tự hào bạn ấy yêu tôi ngộ nghĩnh,"['tự hào', 'bạn ấy yêu tôi', 'ngộ nghĩnh']","['000725', '000293', '003567']"
ấm trà khu vực cách ly quả thanh long,"['ấm trà', 'khu vực cách ly', 'quả thanh long']","['001292', '000996', '000388']"
chia tay Cu ba (nước Cu ba) vui sướng,"['chia tay', 'Cu ba (nước Cu ba)', 'vui sướng']","['002185', '002470', '001907']"
ốm đau viện nghiên cứu Đồng Tháp Mười,"['ốm đau', 'viện nghiên cứu', 'Đồng Tháp Mười']","['000095', '001831', '002748']"
cô đơn tờ tiền dân ca,"['cô đơn', 'tờ tiền', 'dân ca']","['002403', '001416', '002534']"
tham quan đô thị liên lạc,"['tham quan', 'đô thị', 'liên lạc']","['000944', '002732', '003264']"
về (Sài Gòn) khoa học mẫu số chung,"['về (Sài Gòn)', 'khoa học', 'mẫu số chung']","['000356', '003137', '003394']"
danh từ riêng Vĩnh Phúc xâm lược,"['danh từ riêng', 'Vĩnh Phúc', 'xâm lược']","['002527', '001837', '001978']"
bánh cốm phô tô xem xét,"['bánh cốm', 'phô tô', 'xem xét']","['001427', '000259', '002014']"
Kon Tum đảo Hoàng Sa sống sót,"['Kon Tum', 'đảo Hoàng Sa', 'sống sót']","['003205', '000843', '000346']"
lớn hơn 2 (Toán học) chữa bệnh ngán,"['lớn hơn 2 (Toán học)', 'chữa bệnh', 'ngán']","['000656', '002300', '000816']"
nhân dân bay nhanh (máy bay) dốc,"['nhân dân', 'bay nhanh (máy bay)', 'dốc']","['003626', '000409', '002595']"
lây bệnh đũa đề-xi-mét vuông (dm2),"['lây bệnh', 'đũa', 'đề-xi-mét vuông (dm2)']","['003238', '002781', '002688']"
màu xanh da trời không cần chấm dứt,"['màu xanh da trời', 'không cần', 'chấm dứt']","['003357', '000088', '002140']"
vải lụa cướp giật lùi bước,"['vải lụa', 'cướp giật', 'lùi bước']","['000713', '002511', '003310']"
con dâu ghen tị con mực,"['con dâu', 'ghen tị', 'con mực']","['002338', '000044', '002362']"
bánh pizza sinh đôi chia phần,"['bánh pizza', 'sinh đôi', 'chia phần']","['001449', '000900', '002183']"
người yêu phân vân chất dẻo,"['người yêu', 'phân vân', 'chất dẻo']","['003598', '000512', '002145']"
mọc tóc lau nhà chất rắn,"['mọc tóc', 'lau nhà', 'chất rắn']","['000628', '003231', '002152']"
rế phụ huynh rau cải,"['rế', 'phụ huynh', 'rau cải']","['000545', '000286', '000515']"
nhân vật sao chép quạt treo tường,"['nhân vật', 'sao chép', 'quạt treo tường']","['003630', '000633', '000423']"
cột sống giới hạn vé,"['cột sống', 'giới hạn', 'vé']","['002454', '002912', '001809']"
tranh luận tặc lưỡi chất dẻo,"['tranh luận', 'tặc lưỡi', 'chất dẻo']","['001440', '000865', '002145']"
ngược đãi lạc quan thăng bằng,"['ngược đãi', 'lạc quan', 'thăng bằng']","['003581', '003212', '000987']"
Tuy Hoà lau nhà mạch máu,"['Tuy Hoà', 'lau nhà', 'mạch máu']","['000035', '003231', '003335']"
cây xanh chính phủ đau tay,"['cây xanh', 'chính phủ', 'đau tay']","['002053', '002212', '000779']"
rong chơi cao thấp ẩm ướt,"['rong chơi', 'cao thấp', 'ẩm ướt']","['000567', '001949', '001284']"
g mọc tóc môn Khoa học,"['g', 'mọc tóc', 'môn Khoa học']","['001046', '000628', '003432']"
ngon giấc dãy núi không hiểu,"['ngon giấc', 'dãy núi', 'không hiểu']","['003556', '002531', '003165']"
yêu cầu phòng âm nhạc tĩnh lặng,"['yêu cầu', 'phòng âm nhạc', 'tĩnh lặng']","['002104', '000237', '001326']"
trụi lá tham khảo ảo thuật,"['trụi lá', 'tham khảo', 'ảo thuật']","['001540', '000936', '001248']"
buộc dây trọng nam khinh nữ chúng tôi (5 người) (đại từ),"['buộc dây', 'trọng nam khinh nữ', 'chúng tôi (5 người) (đại từ)']","['001822', '002309', '000279']"
hình cầu giao lưu trọng nam khinh nữ,"['hình cầu', 'giao lưu', 'trọng nam khinh nữ']","['002997', '002878', '002309']"
tuần trăng mật chuyên gia lông,"['tuần trăng mật', 'chuyên gia', 'lông']","['000761', '002280', '003290']"
bắt giữ công ước 90,"['bắt giữ', 'công ước', '90']","['001543', '002438', '001165']"
cau có góc vườn phục vụ,"['cau có', 'góc vườn', 'phục vụ']","['001955', '002924', '000290']"
nháy mắt phương Tây rộng lớn,"['nháy mắt', 'phương Tây', 'rộng lớn']","['003619', '000023', '000573']"
cá kiếm thực hiện không gian,"['cá kiếm', 'thực hiện', 'không gian']","['000167', '001218', '003159']"
rằm trung thu địa hình bệnh Đao - Down,"['rằm trung thu', 'địa hình', 'bệnh Đao - Down']","['000526', '001003', '000798']"
hình vẽ vạch xuất phát quát mắng,"['hình vẽ', 'vạch xuất phát', 'quát mắng']","['003008', '001742', '000410']"
viết lia lịa bộ sách ý thức,"['viết lia lịa', 'bộ sách', 'ý thức']","['001833', '001739', '002086']"
dỗi nông thôn ngữ điệu,"['dỗi', 'nông thôn', 'ngữ điệu']","['000604', '000068', '003579']"
con sò đàn bầu con ba ba,"['con sò', 'đàn bầu', 'con ba ba']","['002381', '002617', '002311']"
ngoại hình kêu gọi giầy dép,"['ngoại hình', 'kêu gọi', 'giầy dép']","['003551', '003109', '002892']"
dỗi dép quai hậu ấm no,"['dỗi', 'dép quai hậu', 'ấm no']","['000604', '002567', '001290']"
khoác vai mua bán w,"['khoác vai', 'mua bán', 'w']","['003139', '003460', '001101']"
liền trước gãy tay thổi bóng,"['liền trước', 'gãy tay', 'thổi bóng']","['003269', '002830', '001089']"
hàng ngang giá sách ghi hình,"['hàng ngang', 'giá sách', 'ghi hình']","['002950', '002855', '002849']"
giết đằng sau chùm nho,"['giết', 'đằng sau', 'chùm nho']","['002907', '002640', '002269']"
quét nhà ngữ điệu yếu,"['quét nhà', 'ngữ điệu', 'yếu']","['000443', '003579', '002116']"
bến tàu thì thầm khoảng cách,"['bến tàu', 'thì thầm', 'khoảng cách']","['001611', '000419', '003141']"
anh em dấu nhân gấp ba,"['anh em', 'dấu nhân', 'gấp ba']","['001225', '002557', '000556']"
tổng hợp làm việc di truyền,"['tổng hợp', 'làm việc', 'di truyền']","['001394', '003217', '002575']"
con tem lễ bế giảng vun đắp,"['con tem', 'lễ bế giảng', 'vun đắp']","['002388', '003242', '001912']"
mơ ước địa chỉ di chuyển,"['mơ ước', 'địa chỉ', 'di chuyển']","['003448', '000001', '002573']"
kiến trúc nông nghiệp hỏi,"['kiến trúc', 'nông nghiệp', 'hỏi']","['003195', '000066', '003038']"
đường hàng không trí khôn ngồi,"['đường hàng không', 'trí khôn', 'ngồi']","['002790', '001474', '003568']"
Bắc Kạn ghi chú nghiêm khắc,"['Bắc Kạn', 'ghi chú', 'nghiêm khắc']","['001503', '002848', '003548']"
khoa học con nhím 5,"['khoa học', 'con nhím', '5']","['003137', '002371', '001132']"
trưởng thành dấu ngoặc đơn ngày thầy thuốc Việt Nam,"['trưởng thành', 'dấu ngoặc đơn', 'ngày thầy thuốc Việt Nam']","['001198', '002556', '000117']"
chi tiết cốc nhân dân,"['chi tiết', 'cốc', 'nhân dân']","['002167', '002423', '003626']"
lễ hội hóa trang phê bình ông nội,"['lễ hội hóa trang', 'phê bình', 'ông nội']","['003249', '000196', '000112']"
luân phiên hót má hồng,"['luân phiên', 'hót', 'má hồng']","['002231', '003047', '000446']"
ăn vặt Gia Lai Mặt trời mọc,"['ăn vặt', 'Gia Lai', 'Mặt trời mọc']","['001274', '002851', '003412']"
máy ảnh đo bệnh tật,"['máy ảnh', 'đo', 'bệnh tật']","['003362', '002718', '001623']"
thờ cúng mứt giấy màu,"['thờ cúng', 'mứt', 'giấy màu']","['001111', '003476', '002899']"
đo tỉnh táo cày ruộng,"['đo', 'tỉnh táo', 'cày ruộng']","['002718', '000659', '001959']"
họ (đại từ) góc bếp chất thải,"['họ (đại từ)', 'góc bếp', 'chất thải']","['000287', '002919', '002153']"
bạn gái sáng tạo ăn hối lộ,"['bạn gái', 'sáng tạo', 'ăn hối lộ']","['001379', '000627', '001270']"
chuyển động quay taxi vạch xuất phát,"['chuyển động quay', 'taxi', 'vạch xuất phát']","['002287', '000856', '001742']"
mũi tên Tây Nguyên nỏ,"['mũi tên', 'Tây Nguyên', 'nỏ']","['000498', '000891', '000029']"
không hiểu thành công dầu hoả,"['không hiểu', 'thành công', 'dầu hoả']","['003163', '000961', '002549']"
phần trăm súp lơ từ chối,"['phần trăm', 'súp lơ', 'từ chối']","['000175', '000176', '000224']"
bể cá duyệt binh xe cứu thương,"['bể cá', 'duyệt binh', 'xe cứu thương']","['001591', '002599', '001998']"
nhiệt độ bản đồ Việt Nam sâu bọ,"['nhiệt độ', 'bản đồ Việt Nam', 'sâu bọ']","['002767', '001349', '000677']"
Cam-pu-chia (nước Cam-pu-chia) trong ngoài nhanh nhẹn,"['Cam-pu-chia (nước Cam-pu-chia)', 'trong ngoài', 'nhanh nhẹn']","['001915', '001500', '003613']"
đề phòng lều trại đàn ghi ta,"['đề phòng', 'lều trại', 'đàn ghi ta']","['000461', '003255', '002619']"
đón tiếp đặc biệt hoan hô,"['đón tiếp', 'đặc biệt', 'hoan hô']","['002728', '002635', '002124']"
tương ứng vui sướng công cộng,"['tương ứng', 'vui sướng', 'công cộng']","['001690', '001907', '002431']"
gạo nếp ngữ điệu khẩu hiệu,"['gạo nếp', 'ngữ điệu', 'khẩu hiệu']","['002828', '003579', '003127']"
"náo động, náo nhiệt mít tinh phổ biến","['náo động, náo nhiệt', 'mít tinh', 'phổ biến']","['003480', '000454', '000262']"
gọt bút chì kết bạn ngâm hạt,"['gọt bút chì', 'kết bạn', 'ngâm hạt']","['002928', '003103', '003520']"
hình trụ quàng khăn bệnh tật,"['hình trụ', 'quàng khăn', 'bệnh tật']","['003006', '000406', '001623']"
nhà nước Điện Biên Phủ va chạm,"['nhà nước', 'Điện Biên Phủ', 'va chạm']","['002602', '002704', '001734']"
bàn tay cõng cháu trai,"['bàn tay', 'cõng', 'cháu trai']","['001345', '002401', '002101']"
phiên dịch thờ cúng c,"['phiên dịch', 'thờ cúng', 'c']","['000206', '001111', '001032']"
khổ từ bỏ nhân cách hoá,"['khổ', 'từ bỏ', 'nhân cách hoá']","['003167', '001646', '003624']"
rổ thiếp đi đun nấu,"['rổ', 'thiếp đi', 'đun nấu']","['000571', '001073', '002782']"
khung thành cần khởi động mặc,"['khung thành', 'cần khởi động', 'mặc']","['003172', '001967', '003370']"
danh nhân bẫy chuột (hành động) tuân lệnh,"['danh nhân', 'bẫy chuột (hành động)', 'tuân lệnh']","['002524', '001563', '001624']"
nguy hiểm 10 000 (mười nghìn) dòng chữ,"['nguy hiểm', '10 000 (mười nghìn)', 'dòng chữ']","['003574', '001177', '002592']"
nghĩa bóng đánh cầu lông tờ báo,"['nghĩa bóng', 'đánh cầu lông', 'tờ báo']","['003544', '000743', '001406']"
chấm dứt gần gũi trộn (đt),"['chấm dứt', 'gần gũi', 'trộn (đt)']","['002140', '002839', '001526']"
hòn bi (giống viên bi) xe tải đánh bắt,"['hòn bi (giống viên bi)', 'xe tải', 'đánh bắt']","['003042', '001506', '002626']"
dây thần kinh câu thơ Ba chân bốn cẳng,"['dây thần kinh', 'câu thơ', 'Ba chân bốn cẳng']","['002564', '001987', '001299']"
xương rồng vái tứ phương 80,"['xương rồng', 'vái tứ phương', '80']","['002072', '001750', '001163']"
kim chúng tôi (5 người) (đại từ) cổ tay,"['kim', 'chúng tôi (5 người) (đại từ)', 'cổ tay']","['003198', '000279', '002413']"
linh hồn Tây Nguyên quy nạp,"['linh hồn', 'Tây Nguyên', 'quy nạp']","['003273', '000891', '000473']"
pháo hoa người lái xe (ô tô) Mexico (nước Mexico),"['pháo hoa', 'người lái xe (ô tô)', 'Mexico (nước Mexico)']","['000156', '003587', '003400']"
trở thành bát phân vân,"['trở thành', 'bát', 'phân vân']","['001528', '001487', '000512']"
phản động khe núi bùng binh,"['phản động', 'khe núi', 'bùng binh']","['000149', '003130', '001230']"
năng khiếu chiều cao màu cam,"['năng khiếu', 'chiều cao', 'màu cam']","['003488', '002192', '003345']"
quả mướp nhược điểm củi,"['quả mướp', 'nhược điểm', 'củi']","['000359', '000019', '002490']"
taxi cờ ca rô boong tàu,"['taxi', 'cờ ca rô', 'boong tàu']","['000856', '002465', '001709']"
đập chất hữu cơ mọc râu,"['đập', 'chất hữu cơ', 'mọc râu']","['002645', '002149', '000630']"
trạm xe buýt gan lì sấm sét,"['trạm xe buýt', 'gan lì', 'sấm sét']","['001432', '002822', '000655']"
mẫu số nhập trường cao tốc,"['mẫu số', 'nhập trường', 'cao tốc']","['003392', '003638', '001951']"
chiều rộng giới thiệu cốm,"['chiều rộng', 'giới thiệu', 'cốm']","['002194', '002913', '002427']"
bò tót ngôn ngữ quyết tâm,"['bò tót', 'ngôn ngữ', 'quyết tâm']","['001679', '003571', '000495']"
phim truyện đề-xi-mét vuông (dm2) Ma Cao,"['phim truyện', 'đề-xi-mét vuông (dm2)', 'Ma Cao']","['000222', '002688', '000016']"
nhóm tiết kiệm biện pháp,"['nhóm', 'tiết kiệm', 'biện pháp']","['000006', '001281', '001641']"
con ốc áo đồng phục cơm,"['con ốc', 'áo đồng phục', 'cơm']","['002377', '001260', '002466']"
cơm hộp nằm tồn tại,"['cơm hộp', 'nằm', 'tồn tại']","['002463', '003486', '001468']"
đen đủi lon bia nước mắt,"['đen đủi', 'lon bia', 'nước mắt']","['000595', '003284', '000079']"
con ngựa Bà Nà gió Lào,"['con ngựa', 'Bà Nà', 'gió Lào']","['002369', '001301', '002908']"
cơ quan tiêu diệt bánh mì,"['cơ quan', 'tiêu diệt', 'bánh mì']","['002459', '001289', '001445']"
ruột non xa vô tận vịt quay,"['ruột non', 'xa vô tận', 'vịt quay']","['000582', '001870', '000827']"
rửa bát xà phòng giặt bít tết (bò),"['rửa bát', 'xà phòng giặt', 'bít tết (bò)']","['000589', '001942', '000173']"
vui sướng phố cổ Hội an va li,"['vui sướng', 'phố cổ Hội an', 'va li']","['001905', '000268', '001736']"
tấn công chim gõ kiến tia số,"['tấn công', 'chim gõ kiến', 'tia số']","['000877', '002206', '001246']"
nhân viên cái bè đại tá,"['nhân viên', 'cái bè', 'đại tá']","['000010', '001902', '002612']"
chọi gà con sói cốc,"['chọi gà', 'con sói', 'cốc']","['002220', '002383', '002423']"
cây gỗ kính hiển vi tập hợp (Toán học),"['cây gỗ', 'kính hiển vi', 'tập hợp (Toán học)']","['002029', '003201', '000879']"
cháu trai phấp phới thuyền rồng,"['cháu trai', 'phấp phới', 'thuyền rồng']","['002103', '000188', '001195']"
con ngựa khoáng sản đánh bắt,"['con ngựa', 'khoáng sản', 'đánh bắt']","['002368', '000668', '002626']"
xe tải bảng màu chục nghìn,"['xe tải', 'bảng màu', 'chục nghìn']","['001506', '001409', '002262']"
thì thầm công việc bức tranh,"['thì thầm', 'công việc', 'bức tranh']","['000419', '002442', '001878']"
11 ghé thăm con khỉ,"['11', 'ghé thăm', 'con khỉ']","['001150', '002845', '002351']"
suýt bản lề cổ áo,"['suýt', 'bản lề', 'cổ áo']","['000160', '001357', '002408']"
thợ thêu máy chiếu năn nỉ,"['thợ thêu', 'máy chiếu', 'năn nỉ']","['001123', '003364', '000584']"
rau bắp cải Oa-sinh-tơn hoàng hôn,"['rau bắp cải', 'Oa-sinh-tơn', 'hoàng hôn']","['000513', '000087', '003022']"
tóc dài bổ ích tuổi thơ,"['tóc dài', 'bổ ích', 'tuổi thơ']","['000908', '001717', '001634']"
loạn thị chính tả cắm trại,"['loạn thị', 'chính tả', 'cắm trại']","['003283', '002214', '000209']"
thủy chung ao chuôm kêu,"['thủy chung', 'ao chuôm', 'kêu']","['001186', '001245', '003108']"
c dòng sông chảy phà,"['c', 'dòng sông chảy', 'phà']","['001032', '000934', '000136']"
bật đèn để (đặt) mọc ria mép,"['bật đèn', 'để (đặt)', 'mọc ria mép']","['001557', '002682', '000632']"
sợi dây cánh tay cổng trường,"['sợi dây', 'cánh tay', 'cổng trường']","['000753', '001921', '002417']"
gấp giấy 6 đại úy,"['gấp giấy', '6', 'đại úy']","['002840', '001138', '002614']"
miêu tả đất nặn bít tất,"['miêu tả', 'đất nặn', 'bít tất']","['003408', '002648', '001673']"
chén Tết Dương Cao Bằng,"['chén', 'Tết Dương', 'Cao Bằng']","['002161', '000903', '001939']"
bập bênh nước mắt hãng máy bay,"['bập bênh', 'nước mắt', 'hãng máy bay']","['001551', '000079', '001407']"
quan trọng tiếp tục vui sướng,"['quan trọng', 'tiếp tục', 'vui sướng']","['000402', '001277', '001905']"
nhổ củ cải phố cổ lái tàu hỏa,"['nhổ củ cải', 'phố cổ', 'lái tàu hỏa']","['000013', '000266', '003213']"
hôi lúng túng chiếm đoạt,"['hôi', 'lúng túng', 'chiếm đoạt']","['000401', '003311', '002190']"
tính chất kết hợp mộc nhĩ l,"['tính chất kết hợp', 'mộc nhĩ', 'l']","['001338', '003422', '001060']"
củ gừng giới hạn thời gian biểu,"['củ gừng', 'giới hạn', 'thời gian biểu']","['002481', '002912', '001115']"
súc miệng hồ dán con gà,"['súc miệng', 'hồ dán', 'con gà']","['000759', '003050', '002344']"
niềm vui toàn cầu tập hợp rỗng,"['niềm vui', 'toàn cầu', 'tập hợp rỗng']","['000022', '001370', '000881']"
trang điểm giao lưu nhu cầu,"['trang điểm', 'giao lưu', 'nhu cầu']","['000947', '002878', '000014']"
thuộc lòng mèo cào cao tầng,"['thuộc lòng', 'mèo cào', 'cao tầng']","['001174', '000518', '001947']"
rừng núi thiếu nhi ông ngoại,"['rừng núi', 'thiếu nhi', 'ông ngoại']","['000596', '001079', '000110']"
ông già xà phòng ít hơn,"['ông già', 'xà phòng', 'ít hơn']","['000103', '001934', '003090']"
"kiêu (kiêu căng, kiêu xa) phương Đông Thăng Long","['kiêu (kiêu căng, kiêu xa)', 'phương Đông', 'Thăng Long']","['003197', '000025', '000549']"
đàn bướm bỏ qua giám sát,"['đàn bướm', 'bỏ qua', 'giám sát']","['002618', '001685', '000572']"
xách túi chữa bệnh trung điểm,"['xách túi', 'chữa bệnh', 'trung điểm']","['001952', '002300', '001548']"
sĩ diện làm ruộng bột giặt,"['sĩ diện', 'làm ruộng', 'bột giặt']","['000679', '003216', '001763']"
phẫu thuật mắt Miến Điện (nước Mi-an-ma) thuyết trình,"['phẫu thuật mắt', 'Miến Điện (nước Mi-an-ma)', 'thuyết trình']","['000788', '000012', '001202']"
ma phơi quần áo quỳ,"['ma', 'phơi quần áo', 'quỳ']","['003331', '000278', '000485']"
cắt nhau mật khẩu rau dền,"['cắt nhau', 'mật khẩu', 'rau dền']","['001966', '003388', '000519']"
cao (nhà) đan bênh vực,"['cao (nhà)', 'đan', 'bênh vực']","['001935', '002615', '001617']"
khoan (cái khoan) bữa cơm ngộ độc,"['khoan (cái khoan)', 'bữa cơm', 'ngộ độc']","['003140', '001873', '003566']"
phẫu thuật mũi nước ép trái cây máy xúc,"['phẫu thuật mũi', 'nước ép trái cây', 'máy xúc']","['000790', '000836', '000698']"
cặp tóc t sấm sét,"['cặp tóc', 't', 'sấm sét']","['001964', '001084', '000655']"
duyên dáng thuê nhiều hơn,"['duyên dáng', 'thuê', 'nhiều hơn']","['002598', '001168', '003645']"
chỉ huy võng (cái võng) khổ thơ,"['chỉ huy', 'võng (cái võng)', 'khổ thơ']","['002170', '001860', '003156']"
lây nhiễm cao quý dân ca,"['lây nhiễm', 'cao quý', 'dân ca']","['003239', '001945', '002534']"
quốc khánh nấm mặt đất,"['quốc khánh', 'nấm', 'mặt đất']","['000458', '003490', '003379']"
khoang tàu vui chơi bạn yêu tôi,"['khoang tàu', 'vui chơi', 'bạn yêu tôi']","['003147', '001893', '000289']"
xương rồng nhiệt độ con bướm,"['xương rồng', 'nhiệt độ', 'con bướm']","['002072', '002767', '002318']"
đau tai chia tỏa hương,"['đau tai', 'chia', 'tỏa hương']","['000783', '002177', '001368']"
ki-lô-mét vuông (km2) công thức thích nghi,"['ki-lô-mét vuông (km2)', 'công thức', 'thích nghi']","['003180', '002436', '002245']"
dầu ăn giận dữ vòng đeo tay,"['dầu ăn', 'giận dữ', 'vòng đeo tay']","['002547', '002889', '001847']"
mâm ngũ quả mẫu số xu (tiền),"['mâm ngũ quả', 'mẫu số', 'xu (tiền)']","['003384', '003392', '002048']"
tài giỏi ma cà rồng hàng xóm,"['tài giỏi', 'ma cà rồng', 'hàng xóm']","['000823', '003332', '002955']"
hói đầu đông lạnh cùi chỏ,"['hói đầu', 'đông lạnh', 'cùi chỏ']","['000054', '002757', '002489']"
đánh răng cột nhà tương ứng,"['đánh răng', 'cột nhà', 'tương ứng']","['002628', '002453', '001690']"
mạch lạc đền cuối tháng,"['mạch lạc', 'đền', 'cuối tháng']","['003334', '002690', '000894']"
đập đun nấu cướp biển,"['đập', 'đun nấu', 'cướp biển']","['002645', '002782', '002509']"
tạo dáng số La Mã (Toán học) nổi dậy,"['tạo dáng', 'số La Mã (Toán học)', 'nổi dậy']","['000847', '000507', '000055']"
san hô giám đốc chị họ,"['san hô', 'giám đốc', 'chị họ']","['000617', '002872', '000327']"
cướp biển ống nghe dự trữ,"['cướp biển', 'ống nghe', 'dự trữ']","['002509', '000118', '003327']"
"mái tóc náo động, náo nhiệt hai là","['mái tóc', 'náo động, náo nhiệt', 'hai là']","['003339', '003480', '000315']"
đào tạo kêu chấm điểm,"['đào tạo', 'kêu', 'chấm điểm']","['002631', '003108', '002141']"
a xe máy 3,"['a', 'xe máy', '3']","['001022', '001992', '001128']"
không cho Trung Quốc (nước Trung Quốc) màu đỏ,"['không cho', 'Trung Quốc (nước Trung Quốc)', 'màu đỏ']","['000082', '001554', '003347']"
Điện Biên Phủ thủ tướng Oa-sinh-tơn,"['Điện Biên Phủ', 'thủ tướng', 'Oa-sinh-tơn']","['002704', '001143', '000087']"
danh từ riêng đóng cửa ngược đãi,"['danh từ riêng', 'đóng cửa', 'ngược đãi']","['002527', '002729', '003581']"
bắt tay chuông nhà thực vật,"['bắt tay', 'chuông nhà', 'thực vật']","['001547', '002274', '001226']"
trông chờ xoá bỏ tài trợ,"['trông chờ', 'xoá bỏ', 'tài trợ']","['001518', '002036', '000826']"
truyền thông cấp dưỡng bờ ruộng,"['truyền thông', 'cấp dưỡng', 'bờ ruộng']","['001578', '001971', '001779']"
bùng binh xăng-ti-mét-vuông (cm2) chăn (cái chăn),"['bùng binh', 'xăng-ti-mét-vuông (cm2)', 'chăn (cái chăn)']","['001230', '001976', '002125']"
cao thấp mục đích mặt vuông,"['cao thấp', 'mục đích', 'mặt vuông']","['001949', '001206', '003380']"
quan (chức vụ) rau diếp cá kiến thức,"['quan (chức vụ)', 'rau diếp cá', 'kiến thức']","['000524', '000718', '003194']"
chùm hoa sách cá mập,"['chùm hoa', 'sách', 'cá mập']","['002267', '000611', '002200']"
đọc sách héo Văn miếu Quốc Tử Giám,"['đọc sách', 'héo', 'Văn miếu Quốc Tử Giám']","['002726', '002978', '001766']"
giấy tờ từ trái nghĩa thánh địa Mỹ Sơn,"['giấy tờ', 'từ trái nghĩa', 'thánh địa Mỹ Sơn']","['002903', '001656', '000976']"
băng chuyền đồng bằng bánh sandwich,"['băng chuyền', 'đồng bằng', 'bánh sandwich']","['001521', '002745', '000832']"
da trắng nhường nhịn Trung Quốc (nước Trung Quốc),"['da trắng', 'nhường nhịn', 'Trung Quốc (nước Trung Quốc)']","['000748', '000020', '001550']"
phổi hồ dán úp,"['phổi', 'hồ dán', 'úp']","['000270', '003050', '001718']"
núi lửa ấn tượng chả cá,"['núi lửa', 'ấn tượng', 'chả cá']","['000077', '001296', '002067']"
hẹn gương mặt thả diều,"['hẹn', 'gương mặt', 'thả diều']","['000369', '002938', '000917']"
vườn thú u kỉ niệm,"['vườn thú', 'u', 'kỉ niệm']","['001924', '001088', '003183']"
bảo thủ quả nhãn quả táo,"['bảo thủ', 'quả nhãn', 'quả táo']","['001465', '000365', '000384']"
nghi ngờ em dâu hình tứ giác,"['nghi ngờ', 'em dâu', 'hình tứ giác']","['003533', '002801', '003007']"
tuổi thơ UNICEF cha mẹ,"['tuổi thơ', 'UNICEF', 'cha mẹ']","['001634', '001708', '002061']"
vái tứ phương đất răng hô,"['vái tứ phương', 'đất', 'răng hô']","['001750', '002646', '000622']"
kiểm tra áo trong sáng,"['kiểm tra', 'áo', 'trong sáng']","['003190', '001250', '001492']"
dai hậu quả tự trọng,"['dai', 'hậu quả', 'tự trọng']","['002514', '002970', '000731']"
ba là bánh pía tài năng,"['ba là', 'bánh pía', 'tài năng']","['000317', '001451', '000825']"
xâm lược nổi dậy An Giang,"['xâm lược', 'nổi dậy', 'An Giang']","['001978', '000055', '001203']"
hữu nghị hộp dấu gạch ngang,"['hữu nghị', 'hộp', 'dấu gạch ngang']","['000494', '003063', '002554']"
đầy xe lam đĩa DVD,"['đầy', 'xe lam', 'đĩa DVD']","['002654', '002006', '002696']"
vắn tắt khoan (khoan đã) gương mẫu,"['vắn tắt', 'khoan (khoan đã)', 'gương mẫu']","['001774', '003410', '002939']"
vắt cam ăn uống con đẻ,"['vắt cam', 'ăn uống', 'con đẻ']","['001784', '001272', '002341']"
mở đầu gỗ tiêu diệt,"['mở đầu', 'gỗ', 'tiêu diệt']","['003451', '002931', '001289']"
đất nặn hiếu thảo chất độc màu da cam,"['đất nặn', 'hiếu thảo', 'chất độc màu da cam']","['002648', '002994', '002148']"
khoanh tay dấu nhân đất nặn,"['khoanh tay', 'dấu nhân', 'đất nặn']","['003148', '002557', '002648']"
chợ nổi bộ đội Tết Âm,"['chợ nổi', 'bộ đội', 'Tết Âm']","['002227', '001733', '000899']"
xông hơi con mèo nông thôn,"['xông hơi', 'con mèo', 'nông thôn']","['002046', '002359', '000068']"
phấn trang điểm ế ẩm chặn,"['phấn trang điểm', 'ế ẩm', 'chặn']","['000186', '002809', '002134']"
thổi kèn đỡ thú y,"['thổi kèn', 'đỡ', 'thú y']","['001091', '002777', '001153']"
quạt treo tường má hồng ghi hình,"['quạt treo tường', 'má hồng', 'ghi hình']","['000423', '000446', '002849']"
con chó Võ Thị Sáu ma,"['con chó', 'Võ Thị Sáu', 'ma']","['002325', '000453', '003331']"
danh từ riêng làm việc danh từ,"['danh từ riêng', 'làm việc', 'danh từ']","['002527', '003217', '002526']"
nhà vệ sinh Văn miếu Quốc Tử Giám hoa sen,"['nhà vệ sinh', 'Văn miếu Quốc Tử Giám', 'hoa sen']","['001016', '001766', '003013']"
chai nước dự trữ tự hào,"['chai nước', 'dự trữ', 'tự hào']","['002071', '003327', '000725']"
bê tông Bà Rịa - Vũng Tàu nghĩ,"['bê tông', 'Bà Rịa - Vũng Tàu', 'nghĩ']","['001587', '001303', '003542']"
hình hộp chữ nhật xe cảnh sát hoa,"['hình hộp chữ nhật', 'xe cảnh sát', 'hoa']","['003002', '001994', '003009']"
xô lưới giải lao,"['xô', 'lưới', 'giải lao']","['002042', '003322', '002869']"
ăn ít thăm hỏi Bắc Ninh,"['ăn ít', 'thăm hỏi', 'Bắc Ninh']","['000941', '000983', '001509']"
đóng cửa bể bơi chúng tôi (3 người) (đại từ),"['đóng cửa', 'bể bơi', 'chúng tôi (3 người) (đại từ)']","['002729', '001589', '000275']"
con chồn dân tộc Thái quyển vở,"['con chồn', 'dân tộc Thái', 'quyển vở']","['002326', '000684', '000490']"
phòng thí nghiệm dòng họ chương trình,"['phòng thí nghiệm', 'dòng họ', 'chương trình']","['000254', '002593', '002298']"
bánh cuốn Vĩnh Phúc nước tới chân mới nhảy,"['bánh cuốn', 'Vĩnh Phúc', 'nước tới chân mới nhảy']","['001429', '001837', '002241']"
bao la nội tiếp con sóc,"['bao la', 'nội tiếp', 'con sóc']","['001457', '000064', '002382']"
bờ biển kì diệu lỗi chính tả,"['bờ biển', 'kì diệu', 'lỗi chính tả']","['001775', '003176', '003287']"
thúc đẩy bất hiếu sách giáo khoa,"['thúc đẩy', 'bất hiếu', 'sách giáo khoa']","['001162', '001555', '000613']"
vun đắp kể chuyện cột đèn,"['vun đắp', 'kể chuyện', 'cột đèn']","['001912', '003102', '002449']"
vẫy tay bờ rào quan tâm,"['vẫy tay', 'bờ rào', 'quan tâm']","['001805', '001777', '000399']"
háo hức mũ lưỡi trai tính chất cơ bản của phân số,"['háo hức', 'mũ lưỡi trai', 'tính chất cơ bản của phân số']","['000586', '003459', '001334']"
con thỏ mạch lạc bánh cốm,"['con thỏ', 'mạch lạc', 'bánh cốm']","['002389', '003334', '001427']"
thành thạo phao vỗ tay,"['thành thạo', 'phao', 'vỗ tay']","['000971', '000154', '001881']"
con khỉ xà phòng giặt cá kiếm,"['con khỉ', 'xà phòng giặt', 'cá kiếm']","['002351', '001942', '000167']"
Ê Đê công nhận Hoàng tử,"['Ê Đê', 'công nhận', 'Hoàng tử']","['002808', '002433', '003023']"
đều đặn dân chài cảnh giác,"['đều đặn', 'dân chài', 'cảnh giác']","['002692', '002535', '000570']"
chục triệu công cụ đàn bầu,"['chục triệu', 'công cụ', 'đàn bầu']","['002263', '002432', '002617']"
giật mình dép quai hậu giầy dép,"['giật mình', 'dép quai hậu', 'giầy dép']","['002890', '002567', '002892']"
cốm xôi tượng đài,"['cốm', 'xôi', 'tượng đài']","['002427', '002044', '001698']"
lồng chim liếc nhìn hình,"['lồng chim', 'liếc nhìn', 'hình']","['003293', '000608', '002995']"
thụ phấn (hoa) lục địa nhọn,"['thụ phấn (hoa)', 'lục địa', 'nhọn']","['001293', '003308', '000008']"
hót tay đàn bướm,"['hót', 'tay', 'đàn bướm']","['003047', '000859', '002618']"
tờ báo nhiều vô cùng 80,"['tờ báo', 'nhiều vô cùng', '80']","['001406', '001862', '001163']"
may mắn cơ sở nguy hiểm,"['may mắn', 'cơ sở', 'nguy hiểm']","['000221', '002460', '003575']"
cối xay gió con ngựa cúc áo,"['cối xay gió', 'con ngựa', 'cúc áo']","['002425', '002368', '002475']"
lo sợ con nhím sổ tay,"['lo sợ', 'con nhím', 'sổ tay']","['003278', '002371', '000720']"
nhận thức gương sáng kiến,"['nhận thức', 'gương', 'sáng kiến']","['003633', '002937', '000625']"
con trai (động vật) mũ lưỡi trai quy định,"['con trai (động vật)', 'mũ lưỡi trai', 'quy định']","['002393', '003459', '000469']"
ổn định bãi tắm héc-tô-mét (hm),"['ổn định', 'bãi tắm', 'héc-tô-mét (hm)']","['000101', '001327', '002976']"
thu mua ý chí cốm,"['thu mua', 'ý chí', 'cốm']","['001131', '002078', '002427']"
tập thể dục lý do chương trình,"['tập thể dục', 'lý do', 'chương trình']","['000883', '000652', '002298']"
gắn bó tôi yêu bạn trở thành,"['gắn bó', 'tôi yêu bạn', 'trở thành']","['002834', '002098', '001528']"
hình bình hành q giao lưu,"['hình bình hành', 'q', 'giao lưu']","['002996', '001076', '002878']"
s mặc sờ,"['s', 'mặc', 'sờ']","['001080', '003370', '000926']"
xôi máy vi tính làn sóng,"['xôi', 'máy vi tính', 'làn sóng']","['002044', '002310', '003219']"
hoán vị xăng-ti-mét-khối (cm3) trụi lá,"['hoán vị', 'xăng-ti-mét-khối (cm3)', 'trụi lá']","['003020', '001974', '001538']"
người bán hàng con trai (động vật) chuyên biệt,"['người bán hàng', 'con trai (động vật)', 'chuyên biệt']","['003583', '002393', '002276']"
giao thừa mật khẩu dầu gội đầu,"['giao thừa', 'mật khẩu', 'dầu gội đầu']","['002879', '003389', '002548']"
chứng nhận con ong chum,"['chứng nhận', 'con ong', 'chum']","['002304', '002375', '002266']"
nô lệ rèn luyện đề phòng,"['nô lệ', 'rèn luyện', 'đề phòng']","['000040', '000541', '000461']"
ốm đau quả bầu kinh nghiệm,"['ốm đau', 'quả bầu', 'kinh nghiệm']","['000095', '000306', '003200']"
màu nhiệm chủ đề rửa bát,"['màu nhiệm', 'chủ đề', 'rửa bát']","['003351', '002236', '000589']"
công viên chiêng rau dền,"['công viên', 'chiêng', 'rau dền']","['002441', '002191', '000519']"
rộng rãi Yên Bái Cocacola,"['rộng rãi', 'Yên Bái', 'Cocacola']","['000575', '002092', '000860']"
người gửi tháng đàn bướm,"['người gửi', 'tháng', 'đàn bướm']","['003584', '000951', '002618']"
trung tâm lưỡi câu tên riêng,"['trung tâm', 'lưỡi câu', 'tên riêng']","['001556', '003321', '000895']"
xa cách bịa đặt bốt cảnh sát,"['xa cách', 'bịa đặt', 'bốt cảnh sát']","['001928', '001631', '001759']"
chuyển giao rạp chiếu phim bò sát,"['chuyển giao', 'rạp chiếu phim', 'bò sát']","['002288', '000509', '001677']"
úp 1 000 000 (một triệu) lá cây,"['úp', '1 000 000 (một triệu)', 'lá cây']","['001718', '001183', '003208']"
sinh sản bất hiếu trong suốt,"['sinh sản', 'bất hiếu', 'trong suốt']","['000703', '001555', '001502']"
Bun-ga-ri (nước Bun-ga-ri) quả hồng thuê,"['Bun-ga-ri (nước Bun-ga-ri)', 'quả hồng', 'thuê']","['001816', '000345', '001168']"
thao thức dầu khí p,"['thao thức', 'dầu khí', 'p']","['000721', '002550', '001070']"
tay chân sạch sẽ tưởng dãy nhà,"['tay chân sạch sẽ', 'tưởng', 'dãy nhà']","['000920', '001692', '002530']"
nón mỗi ngày tán thành,"['nón', 'mỗi ngày', 'tán thành']","['000039', '000389', '000845']"
phòng âm nhạc em út quyền lợi,"['phòng âm nhạc', 'em út', 'quyền lợi']","['000237', '002806', '000475']"
Cocacola trong sáng đường cao,"['Cocacola', 'trong sáng', 'đường cao']","['000860', '001492', '002788']"
củ cà rốt ô ăn quan bọt biển,"['củ cà rốt', 'ô ăn quan', 'bọt biển']","['002479', '000091', '001711']"
chuyển đổi số đo Quy Nhơn giận dữ,"['chuyển đổi số đo', 'Quy Nhơn', 'giận dữ']","['002284', '000037', '002889']"
lái tàu hỏa sân thượng chăn (cái chăn),"['lái tàu hỏa', 'sân thượng', 'chăn (cái chăn)']","['003213', '000664', '002125']"
cây cổ thụ nhắm mắt chiều dài,"['cây cổ thụ', 'nhắm mắt', 'chiều dài']","['002021', '000924', '002193']"
nhận phố cổ Hội an khuôn hình,"['nhận', 'phố cổ Hội an', 'khuôn hình']","['003632', '000268', '003173']"
đàn kiến sợi len quên,"['đàn kiến', 'sợi len', 'quên']","['002620', '000755', '000451']"
khát nước văn nghệ con đường,"['khát nước', 'văn nghệ', 'con đường']","['003119', '001770', '002343']"
dòng chữ hi sinh mớ rau,"['dòng chữ', 'hi sinh', 'mớ rau']","['002592', '002985', '003454']"
thói quen Đu Bai (nước Đu Bai) chăn (cái chăn),"['thói quen', 'Đu Bai (nước Đu Bai)', 'chăn (cái chăn)']","['000069', '000027', '002121']"
rừng rậm trang phục nhắm mắt,"['rừng rậm', 'trang phục', 'nhắm mắt']","['000599', '001438', '000924']"
ruộng bậc thang môn Giáo dục thể chất công cụ,"['ruộng bậc thang', 'môn Giáo dục thể chất', 'công cụ']","['000578', '003431', '002432']"
lau khô băng bó vô ý,"['lau khô', 'băng bó', 'vô ý']","['003230', '001519', '001874']"
thắp đèn cơ bắp hữu nghị,"['thắp đèn', 'cơ bắp', 'hữu nghị']","['000957', '002455', '000494']"
tĩnh lặng Hạ Long truyền dịch,"['tĩnh lặng', 'Hạ Long', 'truyền dịch']","['001326', '002942', '001576']"
chú rể lung tung đổ nước,"['chú rể', 'lung tung', 'đổ nước']","['002243', '000050', '002749']"
vô duyên thở nghệ sĩ,"['vô duyên', 'thở', 'nghệ sĩ']","['000144', '001117', '003527']"
tai nạn lùi bước vỗ tay,"['tai nạn', 'lùi bước', 'vỗ tay']","['000821', '003310', '001881']"
côn trùng người xấu cối xay lúa,"['côn trùng', 'người xấu', 'cối xay lúa']","['002428', '003591', '002426']"
ngày của Cha hành quân phổ biến,"['ngày của Cha', 'hành quân', 'phổ biến']","['000113', '002960', '000262']"
đánh máy ảnh mồ hôi nhễ nhại,"['đánh', 'máy ảnh', 'mồ hôi nhễ nhại']","['002625', '003362', '000440']"
vá quần áo sau cầu giao,"['vá quần áo', 'sau', 'cầu giao']","['002122', '000640', '001999']"
mùa thu Đông Nam Á hồ dán,"['mùa thu', 'Đông Nam Á', 'hồ dán']","['003466', '002744', '003050']"
chuyên biệt giàu có gửi thư,"['chuyên biệt', 'giàu có', 'gửi thư']","['002276', '002885', '002936']"
quả điều 3 băng chuyền,"['quả điều', '3', 'băng chuyền']","['002707', '001128', '001521']"
quần yếm sữa đặc to lớn,"['quần yếm', 'sữa đặc', 'to lớn']","['000438', '000785', '001346']"
kiểm tra đồng bào xoa đầu,"['kiểm tra', 'đồng bào', 'xoa đầu']","['003190', '002759', '000232']"
thùng mĩ thuật sóng thần,"['thùng', 'mĩ thuật', 'sóng thần']","['001170', '003405', '000715']"
môn Tiếng Việt dấu hỏi con trai (động vật),"['môn Tiếng Việt', 'dấu hỏi', 'con trai (động vật)']","['003440', '001116', '002393']"
cầu cứu đoàn thanh niên đổi,"['cầu cứu', 'đoàn thanh niên', 'đổi']","['001997', '002720', '002735']"
trêu bất động phòng y tế,"['trêu', 'bất động', 'phòng y tế']","['001470', '001553', '000257']"
Quảng Trị khó khăn â,"['Quảng Trị', 'khó khăn', 'â']","['000421', '003136', '001029']"
chị chồng màu đen rừng núi,"['chị chồng', 'màu đen', 'rừng núi']","['002174', '003346', '000596']"
thủng giỏi ấn tượng,"['thủng', 'giỏi', 'ấn tượng']","['001172', '002909', '001296']"
hàng nghìn tia chớp ghi chú,"['hàng nghìn', 'tia chớp', 'ghi chú']","['002951', '001242', '002848']"
kính lúp nghỉ học không gian,"['kính lúp', 'nghỉ học', 'không gian']","['003203', '003537', '003159']"
nghệ thuật thủng bé hơn,"['nghệ thuật', 'thủng', 'bé hơn']","['003529', '001172', '001575']"
cưa (cái cưa) chọi trâu tham dự,"['cưa (cái cưa)', 'chọi trâu', 'tham dự']","['002499', '002221', '000935']"
quay cóp 23 trước,"['quay cóp', '23', 'trước']","['000414', '001158', '001594']"
ăn hối lộ thú y ti hí mắt,"['ăn hối lộ', 'thú y', 'ti hí mắt']","['001270', '001151', '000150']"
biển đông chim yến đàng hoàng,"['biển đông', 'chim yến', 'đàng hoàng']","['001635', '002208', '000511']"
xăng-ti-mét (cm) xuyên Việt về 5 (về nhà),"['xăng-ti-mét (cm)', 'xuyên Việt', 'về 5 (về nhà)']","['001972', '000465', '000366']"
Quảng Nam cờ cắt lông mũi,"['Quảng Nam', 'cờ', 'cắt lông mũi']","['000418', '002464', '000618']"
tải về tròn trịa (mặt) bánh canh,"['tải về', 'tròn trịa (mặt)', 'bánh canh']","['000591', '001490', '000834']"
đồng phục sao chép nháy mắt,"['đồng phục', 'sao chép', 'nháy mắt']","['002761', '000633', '003619']"
địa đạo Củ Chi ngã ba phổ biến,"['địa đạo Củ Chi', 'ngã ba', 'phổ biến']","['002698', '003498', '000262']"
bóc lột đông lạnh bắt buộc,"['bóc lột', 'đông lạnh', 'bắt buộc']","['001693', '002757', '002555']"
doanh trại buổi đêm cạnh tranh,"['doanh trại', 'buổi đêm', 'cạnh tranh']","['002590', '001830', '000982']"
cao (nhà) màu xanh lá cây trêu,"['cao (nhà)', 'màu xanh lá cây', 'trêu']","['001935', '003359', '001470']"
đồng bằng chiều dài thổi bóng,"['đồng bằng', 'chiều dài', 'thổi bóng']","['002745', '002193', '001089']"
theo đuổi chuyển giao phụ huynh,"['theo đuổi', 'chuyển giao', 'phụ huynh']","['001031', '002288', '000286']"
khách vip bất động vô lo vô nghĩ,"['khách vip', 'bất động', 'vô lo vô nghĩ']","['003114', '001553', '001866']"
con sò súc miệng sờ,"['con sò', 'súc miệng', 'sờ']","['002381', '000759', '000926']"
nổi da gà phòng đa năng khát vọng,"['nổi da gà', 'phòng đa năng', 'khát vọng']","['000041', '000245', '003120']"
phòng chức năng Văn miếu Quốc Tử Giám bờ rào,"['phòng chức năng', 'Văn miếu Quốc Tử Giám', 'bờ rào']","['000243', '001766', '001777']"
chấm dứt suỵt lượm,"['chấm dứt', 'suỵt', 'lượm']","['002140', '000158', '003323']"
tô màu thân thiết Ma Cao,"['tô màu', 'thân thiết', 'Ma Cao']","['001380', '001002', '000016']"
giao hoán vai trò trường PTCS (cấp 2),"['giao hoán', 'vai trò', 'trường PTCS (cấp 2)']","['002877', '001746', '001610']"
hi sinh ế ẩm con gián,"['hi sinh', 'ế ẩm', 'con gián']","['002983', '002809', '002348']"
ấm áp giao thừa sáng,"['ấm áp', 'giao thừa', 'sáng']","['001286', '002879', '001243']"
Đắk Lắk tóm cổ một tiết học,"['Đắk Lắk', 'tóm cổ', 'một tiết học']","['002637', '001374', '000864']"
dốt sừng sân chơi,"['dốt', 'sừng', 'sân chơi']","['002596', '000803', '000657']"
quan tâm hợp đồng mềm mại,"['quan tâm', 'hợp đồng', 'mềm mại']","['000399', '003067', '003402']"
kẻ cắp thủ công lao phổi,"['kẻ cắp', 'thủ công', 'lao phổi']","['003093', '001141', '003224']"
phương tiện thuận lợi đề-xi-mét (dm),"['phương tiện', 'thuận lợi', 'đề-xi-mét (dm)']","['000300', '001156', '002686']"
biểu thị gắp thức ăn Bắc bộ,"['biểu thị', 'gắp thức ăn', 'Bắc bộ']","['001649', '002836', '001499']"
đoàn tụ z vạch xuất phát,"['đoàn tụ', 'z', 'vạch xuất phát']","['002721', '001095', '001742']"
lá cây hạt lạc thường xuyên,"['lá cây', 'hạt lạc', 'thường xuyên']","['003209', '002963', '000348']"
hàng xóm góc bẹt hẹn,"['hàng xóm', 'góc bẹt', 'hẹn']","['002955', '002918', '000371']"
công trường Hoàng tử vỗ tay,"['công trường', 'Hoàng tử', 'vỗ tay']","['002437', '003023', '001881']"
công bằng trục tung con nhím,"['công bằng', 'trục tung', 'con nhím']","['002429', '001534', '002371']"
thiếu thốn búp bê Võ Thị Sáu,"['thiếu thốn', 'búp bê', 'Võ Thị Sáu']","['000460', '001863', '000453']"
thú dữ cửa kính quy đồng mẫu số,"['thú dữ', 'cửa kính', 'quy đồng mẫu số']","['001147', '002502', '000471']"
câu chuyện Bắc bộ rước đèn,"['câu chuyện', 'Bắc bộ', 'rước đèn']","['001977', '001499', '000603']"
danh từ riêng cấp dưỡng thẻ,"['danh từ riêng', 'cấp dưỡng', 'thẻ']","['002527', '001971', '001033']"
báo động tách lớp học trò,"['báo động', 'tách lớp', 'học trò']","['001483', '000817', '003037']"
mỳ ý bật đèn tham ăn,"['mỳ ý', 'bật đèn', 'tham ăn']","['000187', '001557', '000065']"
cạnh đối diện cây cọ giá trị phần trăm,"['cạnh đối diện', 'cây cọ', 'giá trị phần trăm']","['001929', '000994', '002867']"
chương trình phật (tượng) đón tiếp,"['chương trình', 'phật (tượng)', 'đón tiếp']","['002298', '000190', '002728']"
hệ bài tiết phép tính di chuyển,"['hệ bài tiết', 'phép tính', 'di chuyển']","['001317', '000194', '002573']"
"úp đại dương kiêu (kiêu căng, kiêu xa)","['úp', 'đại dương', 'kiêu (kiêu căng, kiêu xa)']","['001718', '002610', '003197']"
kiên quyết thím mọc râu,"['kiên quyết', 'thím', 'mọc râu']","['003193', '001083', '000630']"
trường PTCS (cấp 2) đào tạo Hung-ga-ri (nước Hung-ga-ri),"['trường PTCS (cấp 2)', 'đào tạo', 'Hung-ga-ri (nước Hung-ga-ri)']","['001608', '002631', '003074']"
Trần Quốc Toản chọn lọc anh ruột,"['Trần Quốc Toản', 'chọn lọc', 'anh ruột']","['000464', '002222', '001239']"
ủng hộ cống sơn,"['ủng hộ', 'cống', 'sơn']","['001706', '002445', '000757']"
con gái mở trường mầm non,"['con gái', 'mở', 'trường mầm non']","['002345', '003449', '001600']"
giếng nước góc vườn tuốt lúa,"['giếng nước', 'góc vườn', 'tuốt lúa']","['002906', '002924', '001636']"
khó tiêu tròn trịa (mặt) đèo,"['khó tiêu', 'tròn trịa (mặt)', 'đèo']","['002166', '001490', '002679']"
quy đồng mẫu số bùn giả sử,"['quy đồng mẫu số', 'bùn', 'giả sử']","['000471', '001818', '002854']"
tính chất bằng nhau chùm nho cấy lúa,"['tính chất bằng nhau', 'chùm nho', 'cấy lúa']","['001332', '002269', '002057']"
v lời giải gạo nếp,"['v', 'lời giải', 'gạo nếp']","['001092', '003296', '002828']"
trọng tài thìa Hùng Vương,"['trọng tài', 'thìa', 'Hùng Vương']","['001504', '001055', '003075']"
thi cử bay nhanh (máy bay) thuộc lòng,"['thi cử', 'bay nhanh (máy bay)', 'thuộc lòng']","['001049', '000409', '001174']"
trưởng nhóm bảo tàng tăm,"['trưởng nhóm', 'bảo tàng', 'tăm']","['001618', '001463', '000867']"
thiệp sinh nhật cổ họng sữa,"['thiệp sinh nhật', 'cổ họng', 'sữa']","['000240', '002411', '000799']"
bỏ hoang lương thực giao thừa,"['bỏ hoang', 'lương thực', 'giao thừa']","['001681', '003324', '002879']"
phim truyện tuần sau tuyệt vọng,"['phim truyện', 'tuần sau', 'tuyệt vọng']","['000225', '000882', '001644']"
yên ngựa xu (tiền) xếp hàng ưu tiên,"['yên ngựa', 'xu (tiền)', 'xếp hàng ưu tiên']","['002505', '002048', '002028']"
công viên ngập ngừng bánh cuốn,"['công viên', 'ngập ngừng', 'bánh cuốn']","['002439', '000448', '001429']"
vồ đỡ phòng đa năng,"['vồ', 'đỡ', 'phòng đa năng']","['001877', '002777', '000245']"
mồ hôi phản bội kết quả,"['mồ hôi', 'phản bội', 'kết quả']","['003421', '000143', '003105']"
gián tiếp quyết tâm chiều rộng,"['gián tiếp', 'quyết tâm', 'chiều rộng']","['002876', '000495', '002194']"
bến xe trí thức ghé thăm,"['bến xe', 'trí thức', 'ghé thăm']","['001615', '001476', '002845']"
bánh giầy sơ đồ sữa hộp,"['bánh giầy', 'sơ đồ', 'sữa hộp']","['001437', '000745', '000789']"
siêu thị nằm góc học tập,"['siêu thị', 'nằm', 'góc học tập']","['000685', '003486', '002920']"
nhụy hoa ban ngày chèn ép,"['nhụy hoa', 'ban ngày', 'chèn ép']","['000015', '001331', '002160']"
vắng lặng phổi tạm biệt,"['vắng lặng', 'phổi', 'tạm biệt']","['001782', '000270', '000841']"
dãy số phép tính Phú Thọ,"['dãy số', 'phép tính', 'Phú Thọ']","['002532', '000194', '000284']"
dốt hàng dọc mở đầu,"['dốt', 'hàng dọc', 'mở đầu']","['002596', '002948', '003451']"
nẻ internet xóa bảng,"['nẻ', 'internet', 'xóa bảng']","['003491', '001014', '002034']"
buổi chiều súp lơ bỏ hoang,"['buổi chiều', 'súp lơ', 'bỏ hoang']","['001826', '000176', '001681']"
nghe giẫm quả na,"['nghe', 'giẫm', 'quả na']","['003522', '002887', '000361']"
trang phục vòi voi bỏ rơi,"['trang phục', 'vòi voi', 'bỏ rơi']","['001438', '001845', '001687']"
chứng cớ lễ bế giảng Liên Bang Nga (nước Nga),"['chứng cớ', 'lễ bế giảng', 'Liên Bang Nga (nước Nga)']","['002302', '003243', '003258']"
về 3 (đi về) danh từ riêng tháo gỡ,"['về 3 (đi về)', 'danh từ riêng', 'tháo gỡ']","['000362', '002527', '000978']"
màu trắng dốt bạn,"['màu trắng', 'dốt', 'bạn']","['003352', '002596', '001375']"
trong suốt ít nhất boong tàu,"['trong suốt', 'ít nhất', 'boong tàu']","['001502', '003091', '001709']"
Mã Lai (nước Ma-lai-xi-a) bệnh nhân vô lí,"['Mã Lai (nước Ma-lai-xi-a)', 'bệnh nhân', 'vô lí']","['000502', '001621', '001864']"
bàn ghế thực hành phó hiệu trưởng,"['bàn ghế', 'thực hành', 'phó hiệu trưởng']","['001339', '001216', '000486']"
cổ áo tính cách đoạn thơ,"['cổ áo', 'tính cách', 'đoạn thơ']","['002408', '001328', '002724']"
rau mùng tơi say sưa ngâm hạt,"['rau mùng tơi', 'say sưa', 'ngâm hạt']","['000521', '000642', '003520']"
khung cửa số hiểu sơ mi,"['khung cửa số', 'hiểu', 'sơ mi']","['003171', '002993', '000747']"
lũy tre đường ray xe lửa máy bơm,"['lũy tre', 'đường ray xe lửa', 'máy bơm']","['003312', '000959', '003363']"
chim chào mào bàn tay tính chất cơ bản của phân số,"['chim chào mào', 'bàn tay', 'tính chất cơ bản của phân số']","['002202', '001345', '001334']"
số đo vận động 7up,"['số đo', 'vận động', '7up']","['000729', '001794', '000862']"
loa ăn diện 12,"['loa', 'ăn diện', '12']","['003282', '001268', '001154']"
viện nghiên cứu tiếng nói giầy ba ta,"['viện nghiên cứu', 'tiếng nói', 'giầy ba ta']","['001831', '001273', '002891']"
cây khế nghi ngờ chiều tối,"['cây khế', 'nghi ngờ', 'chiều tối']","['002031', '003531', '002195']"
mồ côi chát hành lang,"['mồ côi', 'chát', 'hành lang']","['003419', '002081', '002957']"
tuyệt vọng sổ tay chi tiết,"['tuyệt vọng', 'sổ tay', 'chi tiết']","['001644', '000720', '002167']"
Nam Định nguyện vọng trêu tức,"['Nam Định', 'nguyện vọng', 'trêu tức']","['003478', '003578', '001472']"
bánh cuốn sức khỏe đá bóng,"['bánh cuốn', 'sức khỏe', 'đá bóng']","['001429', '000801', '002604']"
quốc tế khuyến khích tóc dài,"['quốc tế', 'khuyến khích', 'tóc dài']","['000462', '000072', '000908']"
bên trái con thỏ bảng chỉ dẫn,"['bên trái', 'con thỏ', 'bảng chỉ dẫn']","['001603', '002389', '001395']"
cá voi rẽ phải thuận lợi,"['cá voi', 'rẽ phải', 'thuận lợi']","['000165', '000537', '001156']"
chúng tôi (4 người) (đại từ) tôm hùm tổng (số),"['chúng tôi (4 người) (đại từ)', 'tôm hùm', 'tổng (số)']","['000277', '000819', '001392']"
giai đoạn năn nỉ ác độc,"['giai đoạn', 'năn nỉ', 'ác độc']","['002856', '000584', '001194']"
kiếm (cái kiếm) ăn đủ gặp gỡ,"['kiếm (cái kiếm)', 'ăn đủ', 'gặp gỡ']","['003191', '000937', '002837']"
xe đạp môn Giáo dục công dân gắp thức ăn,"['xe đạp', 'môn Giáo dục công dân', 'gắp thức ăn']","['001988', '003430', '002836']"
sừng trâu ác độc quần âu,"['sừng trâu', 'ác độc', 'quần âu']","['000807', '001194', '000429']"
Hồ Chí Minh hi vọng đầy,"['Hồ Chí Minh', 'hi vọng', 'đầy']","['003049', '002988', '002654']"
nô lệ bản nhạc chăm học,"['nô lệ', 'bản nhạc', 'chăm học']","['000040', '001359', '002113']"
ngoan ngoãn nhặt rau bốc hơi,"['ngoan ngoãn', 'nhặt rau', 'bốc hơi']","['003553', '003623', '001741']"
đen láy (như đen nhánh) chúng tôi (3 người) (đại từ) sa mạc,"['đen láy (như đen nhánh)', 'chúng tôi (3 người) (đại từ)', 'sa mạc']","['002658', '000275', '000433']"
nhà thờ dầu ăn bệnh Đao - Down,"['nhà thờ', 'dầu ăn', 'bệnh Đao - Down']","['003606', '002547', '000798']"
tuyên ngôn giẻ lau Do Thái,"['tuyên ngôn', 'giẻ lau', 'Do Thái']","['001642', '002904', '000018']"
mưa phùn hoa sen phẫu thuật bụng,"['mưa phùn', 'hoa sen', 'phẫu thuật bụng']","['003475', '003014', '000794']"
chung kết xông hơi báo động,"['chung kết', 'xông hơi', 'báo động']","['002271', '002046', '001483']"
mét (m) gấp đôi gãi đầu gãi tai,"['mét (m)', 'gấp đôi', 'gãi đầu gãi tai']","['003397', '000554', '002819']"
ư tượng đài máy chiếu,"['ư', 'tượng đài', 'máy chiếu']","['001090', '001698', '003364']"
cắt nhau hình bình hành quả nhãn,"['cắt nhau', 'hình bình hành', 'quả nhãn']","['001966', '002996', '000368']"
xăm đuốc khuyến khích,"['xăm', 'đuốc', 'khuyến khích']","['001968', '002783', '000072']"
ngày xưa nhảy dù gáy,"['ngày xưa', 'nhảy dù', 'gáy']","['003513', '003617', '002831']"
củ gừng liều mình Paris,"['củ gừng', 'liều mình', 'Paris']","['002481', '003272', '002443']"
tránh thai hứa liếc nhìn,"['tránh thai', 'hứa', 'liếc nhìn']","['001444', '000375', '000606']"
chứng nhận xếp hàng dọc răng,"['chứng nhận', 'xếp hàng dọc', 'răng']","['002304', '002024', '000531']"
phân số co giật sóng biển,"['phân số', 'co giật', 'sóng biển']","['000163', '002306', '000712']"
cờ ca rô sau lâu,"['cờ ca rô', 'sau', 'lâu']","['002465', '000640', '000381']"
tuần lễ người Điếc thế giới đèn điện quyền lợi,"['tuần lễ người Điếc thế giới', 'đèn điện', 'quyền lợi']","['000105', '002665', '000476']"
vua Hùng mách chia rẽ,"['vua Hùng', 'mách', 'chia rẽ']","['001891', '000139', '000728']"
luyện tập tuỷ sống đất nặn,"['luyện tập', 'tuỷ sống', 'đất nặn']","['003313', '001638', '002648']"
chuyển vế bốc vác môn Giáo dục công dân,"['chuyển vế', 'bốc vác', 'môn Giáo dục công dân']","['002290', '001727', '003430']"
đánh cầu lông giả sử toàn cầu,"['đánh cầu lông', 'giả sử', 'toàn cầu']","['000743', '002854', '001370']"
góp tiền văn nghệ thương (số),"['góp tiền', 'văn nghệ', 'thương (số)']","['000958', '001768', '001228']"
rửa chân răng cưa nghệ sĩ,"['rửa chân', 'răng cưa', 'nghệ sĩ']","['000590', '000533', '003527']"
ngán rau bắp cải Bạc Liêu,"['ngán', 'rau bắp cải', 'Bạc Liêu']","['000816', '000513', '001307']"
cổng tạo dáng thợ thêu,"['cổng', 'tạo dáng', 'thợ thêu']","['002444', '000847', '001123']"
tàu thủy Cam-pu-chia (nước Cam-pu-chia) tiếc,"['tàu thủy', 'Cam-pu-chia (nước Cam-pu-chia)', 'tiếc']","['000855', '001917', '001255']"
bó đũa bánh mì Cô-lôm-bi-a (nước Cô-lôm-bi-a),"['bó đũa', 'bánh mì', 'Cô-lôm-bi-a (nước Cô-lôm-bi-a)']","['001689', '001447', '002420']"
an ninh đảo Hoàng Sa con số,"['an ninh', 'đảo Hoàng Sa', 'con số']","['001205', '000843', '002385']"
áp phích nhiệt độ ga tàu,"['áp phích', 'nhiệt độ', 'ga tàu']","['001266', '002767', '002811']"
xà phòng giặt không dám vỗ về,"['xà phòng giặt', 'không dám', 'vỗ về']","['001938', '000470', '000529']"
châm chọc nhào lộn bắt giữ,"['châm chọc', 'nhào lộn', 'bắt giữ']","['002139', '003614', '001543']"
bón phân tiêu cực thả mồi,"['bón phân', 'tiêu cực', 'thả mồi']","['001699', '001287', '000919']"
mạnh mẽ co giật quả nho,"['mạnh mẽ', 'co giật', 'quả nho']","['003344', '002306', '000370']"
xoa đầu cá kho khuôn hình,"['xoa đầu', 'cá kho', 'khuôn hình']","['000232', '001900', '003173']"
cầu (cây cầu) điều kiện chuyên cần,"['cầu (cây cầu)', 'điều kiện', 'chuyên cần']","['001995', '002714', '002277']"
chào hàng ngang khuôn hình,"['chào', 'hàng ngang', 'khuôn hình']","['002075', '002950', '003173']"
dân ca con nuôi bổ ích,"['dân ca', 'con nuôi', 'bổ ích']","['002534', '002374', '001717']"
bổ ngữ đuôi chuột triều cường,"['bổ ngữ', 'đuôi chuột', 'triều cường']","['001719', '000172', '001478']"
chị họ bảng nhân gửi thư,"['chị họ', 'bảng nhân', 'gửi thư']","['000323', '001415', '002936']"
Bà Nà chú rể bộ sách,"['Bà Nà', 'chú rể', 'bộ sách']","['001301', '002243', '001739']"
xe lu quả ổi củi,"['xe lu', 'quả ổi', 'củi']","['002008', '000372', '002490']"
c quốc hội bực mình,"['c', 'quốc hội', 'bực mình']","['001032', '000456', '000096']"
cổ chân tôm hùm ủy ban,"['cổ chân', 'tôm hùm', 'ủy ban']","['002409', '000819', '001720']"
nhát gan đua thuyền tỉ lệ,"['nhát gan', 'đua thuyền', 'tỉ lệ']","['003615', '002779', '001238']"
bến xe mua bán Bắc Giang,"['bến xe', 'mua bán', 'Bắc Giang']","['001615', '003460', '001501']"
con ốc thùng k,"['con ốc', 'thùng', 'k']","['002377', '001170', '001058']"
sắt lớp mặt,"['sắt', 'lớp', 'mặt']","['000647', '003299', '003378']"
vận động cao quý trạm xe buýt,"['vận động', 'cao quý', 'trạm xe buýt']","['001794', '001945', '001432']"
sấm chớp nhăn mặt thiếu thốn,"['sấm chớp', 'nhăn mặt', 'thiếu thốn']","['000653', '003622', '000459']"
một là ngắt hoa chim chóc,"['một là', 'ngắt hoa', 'chim chóc']","['000313', '003519', '002204']"
môi trường đội thiếu niên đá bóng,"['môi trường', 'đội thiếu niên', 'đá bóng']","['003424', '002754', '002604']"
vỗ về chát cả ngày,"['vỗ về', 'chát', 'cả ngày']","['000529', '002081', '000802']"
bảo thủ đàn tơ-rưng sông Hồng,"['bảo thủ', 'đàn tơ-rưng', 'sông Hồng']","['001465', '002621', '000741']"
diều đèn vàng số chín,"['diều', 'đèn vàng', 'số chín']","['002586', '002670', '000727']"
nguy hiểm dãy số liệu đeo kính,"['nguy hiểm', 'dãy số liệu', 'đeo kính']","['003576', '002533', '002675']"
Cam-pu-chia (nước Cam-pu-chia) tung tăng sinh đẻ,"['Cam-pu-chia (nước Cam-pu-chia)', 'tung tăng', 'sinh đẻ']","['001917', '001632', '000689']"
Thủy Điện Hòa Bình con rùa áo,"['Thủy Điện Hòa Bình', 'con rùa', 'áo']","['001190', '002379', '001250']"
cây trồng Tết Thiếu nhi mất ngủ,"['cây trồng', 'Tết Thiếu nhi', 'mất ngủ']","['002051', '000905', '003386']"
chị chồng màu cam bắt,"['chị chồng', 'màu cam', 'bắt']","['002174', '003345', '001535']"
triều cường cầu giao phủ nhận,"['triều cường', 'cầu giao', 'phủ nhận']","['001478', '001999', '000282']"
đồng phục hoa giấy rong chơi,"['đồng phục', 'hoa giấy', 'rong chơi']","['002763', '001008', '000565']"
đẹp mê hồn cày gợi ý,"['đẹp mê hồn', 'cày', 'gợi ý']","['002681', '001957', '002933']"
4 quay phim đua xe máy,"['4', 'quay phim', 'đua xe máy']","['001130', '000416', '002780']"
yêu mến (yêu quí) màu nâu Lâm Đồng,"['yêu mến (yêu quí)', 'màu nâu', 'Lâm Đồng']","['002110', '003348', '003235']"
ở ngoài ngồi mạch máu,"['ở ngoài', 'ngồi', 'mạch máu']","['000128', '003570', '003335']"
vải lụa duy nhất trầm trồ,"['vải lụa', 'duy nhất', 'trầm trồ']","['000711', '000980', '001456']"
cầu cứu nấu nướng cử động,"['cầu cứu', 'nấu nướng', 'cử động']","['001997', '000229', '002498']"
thống nhất đất nước bé gái hoàn thành,"['thống nhất đất nước', 'bé gái', 'hoàn thành']","['000667', '001573', '003019']"
mét vuông (m2) việc làm ôn tập,"['mét vuông (m2)', 'việc làm', 'ôn tập']","['003399', '001827', '000099']"
cỏ lưu ý 1 000 000 (một triệu),"['cỏ', 'lưu ý', '1 000 000 (một triệu)']","['001804', '003328', '001183']"
nguy hiểm hòn bi (giống viên bi) độc lập,"['nguy hiểm', 'hòn bi (giống viên bi)', 'độc lập']","['003574', '003042', '002750']"
mái nhà tính chất kết hợp gọt bút chì,"['mái nhà', 'tính chất kết hợp', 'gọt bút chì']","['003338', '001338', '002928']"
cái vợt cá con nhím trắng tay,"['cái vợt cá', 'con nhím', 'trắng tay']","['000950', '002371', '001454']"
khe núi xâm hại tình dục bỏ phiếu,"['khe núi', 'xâm hại tình dục', 'bỏ phiếu']","['003130', '003552', '001683']"
khố Dinh Độc Lập xưa,"['khố', 'Dinh Độc Lập', 'xưa']","['003162', '002587', '002070']"
mía khổ thơ ác độc,"['mía', 'khổ thơ', 'ác độc']","['000844', '003156', '001194']"
hình vẽ dây buộc tóc xem xét,"['hình vẽ', 'dây buộc tóc', 'xem xét']","['003008', '002559', '002014']"
lười học bắt dấu phẩy,"['lười học', 'bắt', 'dấu phẩy']","['003318', '001535', '002558']"
thổ dân tôn trọng không cần,"['thổ dân', 'tôn trọng', 'không cần']","['003223', '001390', '000088']"
chia tay trốn tìm ao chuôm,"['chia tay', 'trốn tìm', 'ao chuôm']","['002185', '000643', '001245']"
tờ tiền lễ hội nồi cơm điện,"['tờ tiền', 'lễ hội', 'nồi cơm điện']","['001416', '003246', '000051']"
giường truyền thống ngồi,"['giường', 'truyền thống', 'ngồi']","['002917', '001580', '003568']"
Lào (nước Lào) sân nhà bước,"['Lào (nước Lào)', 'sân nhà', 'bước']","['003227', '000662', '001882']"
trống dấu gạch ngang củ tỏi,"['trống', 'dấu gạch ngang', 'củ tỏi']","['001524', '002554', '002483']"
thùng thiếu nhi trộm cắp,"['thùng', 'thiếu nhi', 'trộm cắp']","['001170', '001079', '001508']"
mất ngủ Quảng Trị 9,"['mất ngủ', 'Quảng Trị', '9']","['003386', '000421', '001144']"
chia mệt mỏi nỏ,"['chia', 'mệt mỏi', 'nỏ']","['002179', '000800', '000029']"
Điện Biên Phủ con bướm khăn mặt,"['Điện Biên Phủ', 'con bướm', 'khăn mặt']","['002704', '002318', '003122']"
ngày thành lập quân đội nhân dân Việt Nam quả cam nổ lốp xe,"['ngày thành lập quân đội nhân dân Việt Nam', 'quả cam', 'nổ lốp xe']","['000125', '000314', '000043']"
gian dối đề tài phẫu thuật chân,"['gian dối', 'đề tài', 'phẫu thuật chân']","['000732', '002685', '000786']"
trong suốt cảnh giác lượt về (trong thể thao),"['trong suốt', 'cảnh giác', 'lượt về (trong thể thao)']","['001502', '000570', '000716']"
hài lòng biểu đồ chiếm đoạt,"['hài lòng', 'biểu đồ', 'chiếm đoạt']","['000444', '001643', '002190']"
tù giam đua thuyền ngày thầy thuốc Việt Nam,"['tù giam', 'đua thuyền', 'ngày thầy thuốc Việt Nam']","['001620', '002779', '000115']"
xếp nhân dân bánh cốm,"['xếp', 'nhân dân', 'bánh cốm']","['002020', '003626', '001427']"
chìa khóa giảm thở dài,"['chìa khóa', 'giảm', 'thở dài']","['002186', '002858', '001113']"
khéo bài báo con kiến,"['khéo', 'bài báo', 'con kiến']","['003133', '001309', '002352']"
nẻ du học trang trí,"['nẻ', 'du học', 'trang trí']","['003491', '002597', '001418']"
gieo xúc xắc đ ăn xin,"['gieo xúc xắc', 'đ', 'ăn xin']","['002905', '001037', '001276']"
nhỏ hơn tia chớp tính,"['nhỏ hơn', 'tia chớp', 'tính']","['000002', '001242', '002776']"
triều cường tuyên truyền cắt lông mũi,"['triều cường', 'tuyên truyền', 'cắt lông mũi']","['001478', '000737', '000618']"
quả nhãn lược tràn ngập (nước),"['quả nhãn', 'lược', 'tràn ngập (nước)']","['000368', '003316', '001436']"
sinh hoạt cướp cờ thừa,"['sinh hoạt', 'cướp cờ', 'thừa']","['000697', '002510', '001208']"
luật chơi màn xăng,"['luật chơi', 'màn', 'xăng']","['003301', '003340', '001970']"
kiên quyết từ trái nghĩa đoạn thơ,"['kiên quyết', 'từ trái nghĩa', 'đoạn thơ']","['003193', '001654', '002724']"
con cừu áo kẻ sọc mênh mông,"['con cừu', 'áo kẻ sọc', 'mênh mông']","['002337', '000663', '003403']"
chữ cái bổ ngữ giới hạn,"['chữ cái', 'bổ ngữ', 'giới hạn']","['002292', '001719', '002912']"
phấn đấu vắng họp,"['phấn đấu', 'vắng', 'họp']","['000184', '001776', '003046']"
hơi nước lục địa ti hí mắt,"['hơi nước', 'lục địa', 'ti hí mắt']","['003066', '003308', '000150']"
thì thầm quả táo truyền thông,"['thì thầm', 'quả táo', 'truyền thông']","['000419', '000386', '001578']"
định vị vợt cầu lông cao (nhà),"['định vị', 'vợt cầu lông', 'cao (nhà)']","['002717', '000953', '001935']"
căm thù keo kiệt xuất hiện,"['căm thù', 'keo kiệt', 'xuất hiện']","['000265', '003099', '002052']"
chia tay nạn nhân đánh giá,"['chia tay', 'nạn nhân', 'đánh giá']","['002185', '003479', '002627']"
đuôi chuột trí thức tiếng nói,"['đuôi chuột', 'trí thức', 'tiếng nói']","['000172', '001476', '001273']"
kẹo môn Lịch sử quan trọng,"['kẹo', 'môn Lịch sử', 'quan trọng']","['003100', '003436', '000402']"
tống tiền số bé phép tính,"['tống tiền', 'số bé', 'phép tính']","['001402', '000722', '000194']"
phép mầu đếm xe lam,"['phép mầu', 'đếm', 'xe lam']","['000192', '002689', '002006']"
nơ dây buộc tóc cau có,"['nơ', 'dây buộc tóc', 'cau có']","['000073', '002559', '001955']"
góc vườn Đông Dương lặng lẽ,"['góc vườn', 'Đông Dương', 'lặng lẽ']","['002924', '002756', '003233']"
"héc-ta (ha) gan chị hai, chị cả","['héc-ta (ha)', 'gan', 'chị hai, chị cả']","['002971', '002820', '000305']"
Kiên Giang ai bảo đèn điện,"['Kiên Giang', 'ai bảo', 'đèn điện']","['003192', '002133', '002665']"
thị giác quay phim chim chích chòe,"['thị giác', 'quay phim', 'chim chích chòe']","['001051', '000416', '002203']"
mật ong sợi len màu nhiệm,"['mật ong', 'sợi len', 'màu nhiệm']","['003391', '000755', '003351']"
bối rối nhổ râu ủy ban nhân dân,"['bối rối', 'nhổ râu', 'ủy ban nhân dân']","['000153', '000614', '001722']"
vào giám sát buổi tối,"['vào', 'giám sát', 'buổi tối']","['001758', '000572', '001842']"
giấy tờ đề-xi-mét vuông (dm2) hậu quả,"['giấy tờ', 'đề-xi-mét vuông (dm2)', 'hậu quả']","['002903', '002688', '002970']"
quay cóp sửa chữa bênh vực,"['quay cóp', 'sửa chữa', 'bênh vực']","['000414', '000770', '001617']"
đánh giá giá trị tuyệt đối đều đặn,"['đánh giá', 'giá trị tuyệt đối', 'đều đặn']","['002627', '002868', '002692']"
bớt đi buộc tóc quả gấc,"['bớt đi', 'buộc tóc', 'quả gấc']","['001795', '001824', '000343']"
vô duyên công nghiệp tiêu cực,"['vô duyên', 'công nghiệp', 'tiêu cực']","['000144', '000676', '001287']"
giải vô địch vịnh ngày của Mẹ,"['giải vô địch', 'vịnh', 'ngày của Mẹ']","['002871', '001839', '000107']"
sửa chữa nhà tù bỏ hoang,"['sửa chữa', 'nhà tù', 'bỏ hoang']","['000770', '003609', '001681']"
chặt chẽ duyệt binh lưới,"['chặt chẽ', 'duyệt binh', 'lưới']","['002138', '002599', '003322']"
chó cắn phương tiện chị dâu,"['chó cắn', 'phương tiện', 'chị dâu']","['000516', '000300', '002175']"
tiêm nhà thơ xôi gấc,"['tiêm', 'nhà thơ', 'xôi gấc']","['001259', '003605', '000202']"
thiên thần câu đố ý chí,"['thiên thần', 'câu đố', 'ý chí']","['001071', '001979', '002078']"
đảo Trường Sa hình vuông xây nhà,"['đảo Trường Sa', 'hình vuông', 'xây nhà']","['000837', '001916', '001986']"
má vòng nguyệt quế khoan,"['má', 'vòng nguyệt quế', 'khoan']","['003361', '000493', '003146']"
Liên Bang Nga (nước Nga) con nai nhập khẩu,"['Liên Bang Nga (nước Nga)', 'con nai', 'nhập khẩu']","['003257', '002363', '000032']"
liên quan chuyển giao cây khế,"['liên quan', 'chuyển giao', 'cây khế']","['003266', '002288', '002031']"
chuyên cần d công thức,"['chuyên cần', 'd', 'công thức']","['002277', '001034', '002436']"
bạn trai ngân hàng dự trữ,"['bạn trai', 'ngân hàng', 'dự trữ']","['001385', '003521', '003327']"
cửa khẩu doanh trại đằng trước,"['cửa khẩu', 'doanh trại', 'đằng trước']","['002501', '002590', '002641']"
tỉnh táo bánh giò lưỡi,"['tỉnh táo', 'bánh giò', 'lưỡi']","['000659', '001439', '003320']"
trung thành bảng học sinh máy xúc,"['trung thành', 'bảng học sinh', 'máy xúc']","['001558', '001389', '000698']"
hình tứ giác thắp đèn sách toán,"['hình tứ giác', 'thắp đèn', 'sách toán']","['003007', '000957', '000615']"
Tết Âm kết hợp màu xanh da trời,"['Tết Âm', 'kết hợp', 'màu xanh da trời']","['000899', '003104', '003355']"
hạt cườm hoàng đế Văn miếu Quốc Tử Giám,"['hạt cườm', 'hoàng đế', 'Văn miếu Quốc Tử Giám']","['002962', '003021', '001766']"
chùm khế cướp xuất hiện,"['chùm khế', 'cướp', 'xuất hiện']","['002268', '002506', '002052']"
thì thầm hình dáng môn Toán,"['thì thầm', 'hình dáng', 'môn Toán']","['000419', '002999', '003442']"
Thừa Thiên – Huế vào lớp tình huống,"['Thừa Thiên – Huế', 'vào lớp', 'tình huống']","['001212', '001760', '001316']"
nhà tầng đầu tiên quang hợp,"['nhà tầng', 'đầu tiên', 'quang hợp']","['003604', '002650', '000403']"
chia ba boong tàu hắt hơi,"['chia ba', 'boong tàu', 'hắt hơi']","['000566', '001709', '002968']"
số lớn quy đồng mẫu số riêng tư,"['số lớn', 'quy đồng mẫu số', 'riêng tư']","['000736', '000471', '000548']"
dốc tay bút màu,"['dốc', 'tay', 'bút màu']","['002595', '000859', '001869']"
ô thèm gửi quà,"['ô', 'thèm', 'gửi quà']","['001067', '000067', '002935']"
nhưng khoanh tay khe núi,"['nhưng', 'khoanh tay', 'khe núi']","['000540', '003148', '003130']"
thông qua tượng bát,"['thông qua', 'tượng', 'bát']","['001103', '001696', '001487']"
cây bàng môn Đạo đức trà nóng,"['cây bàng', 'môn Đạo đức', 'trà nóng']","['002015', '003429', '000854']"
sơn Thái Nguyên ngã,"['sơn', 'Thái Nguyên', 'ngã']","['000757', '000929', '003504']"
đan ngược đãi ngăn chặn,"['đan', 'ngược đãi', 'ngăn chặn']","['002615', '003581', '003515']"
nhiệt kế bật lửa nhà tầng,"['nhiệt kế', 'bật lửa', 'nhà tầng']","['003643', '001559', '003604']"
b đánh cầu lông đề-xi-mét vuông (dm2),"['b', 'đánh cầu lông', 'đề-xi-mét vuông (dm2)']","['001030', '000743', '002688']"
tên riêng sợi điều phối,"['tên riêng', 'sợi', 'điều phối']","['000895', '000749', '002710']"
sinh hoạt vạm vỡ Yên Bái,"['sinh hoạt', 'vạm vỡ', 'Yên Bái']","['000697', '001752', '002092']"
bẫy chuột (dụng cụ) rau kết hợp,"['bẫy chuột (dụng cụ)', 'rau', 'kết hợp']","['001565', '000510', '003104']"
không khí vi khuẩn Tây Bắc,"['không khí', 'vi khuẩn', 'Tây Bắc']","['003166', '001817', '000889']"
kiên quyết xe khách khói,"['kiên quyết', 'xe khách', 'khói']","['003193', '002004', '003152']"
nhăn mặt gãi đầu gãi tai nhi đồng,"['nhăn mặt', 'gãi đầu gãi tai', 'nhi đồng']","['003622', '002819', '003641']"
chương trình con tem trúng thưởng,"['chương trình', 'con tem', 'trúng thưởng']","['002298', '002388', '001568']"
chữ lớn hơn 2 (Toán học) quay cóp,"['chữ', 'lớn hơn 2 (Toán học)', 'quay cóp']","['002299', '000656', '000414']"
vác khát vọng i,"['vác', 'khát vọng', 'i']","['001738', '003120', '001056']"
đĩa bồi bàn phố,"['đĩa', 'bồi bàn', 'phố']","['002695', '001745', '000264']"
trạm y tế mù chữ chuyển động quay,"['trạm y tế', 'mù chữ', 'chuyển động quay']","['001434', '000100', '002287']"
đĩa tính chất giao hoán đèn xanh,"['đĩa', 'tính chất giao hoán', 'đèn xanh']","['002695', '001336', '002673']"
trụi lá Văn miếu Quốc Tử Giám củ từ,"['trụi lá', 'Văn miếu Quốc Tử Giám', 'củ từ']","['001540', '001766', '002473']"
huy hiệu cấp cứu rón rén,"['huy hiệu', 'cấp cứu', 'rón rén']","['003078', '001969', '000561']"
hồ nước tuân thủ xôi,"['hồ nước', 'tuân thủ', 'xôi']","['003052', '001626', '002044']"
khác nhược điểm con muỗi,"['khác', 'nhược điểm', 'con muỗi']","['003110', '000019', '002361']"
ủy quyền thu nhỏ quả dừa xiêm,"['ủy quyền', 'thu nhỏ', 'quả dừa xiêm']","['001728', '001133', '000334']"
nhọn hoắt đồn công an tủi thân,"['nhọn hoắt', 'đồn công an', 'tủi thân']","['000011', '002742', '001628']"
cổ tay Bà Nà khởi nghiệp,"['cổ tay', 'Bà Nà', 'khởi nghiệp']","['002413', '001301', '000706']"
trao tặng vợt cầu lông vỗ về,"['trao tặng', 'vợt cầu lông', 'vỗ về']","['001446', '000953', '000529']"
chim chuyền cành kịp thời phòng âm nhạc,"['chim chuyền cành', 'kịp thời', 'phòng âm nhạc']","['002282', '000151', '000237']"
Kim Đồng truyền dịch tóc dài,"['Kim Đồng', 'truyền dịch', 'tóc dài']","['001004', '001576', '000908']"
chiếu phim khố góp tiền,"['chiếu phim', 'khố', 'góp tiền']","['002199', '003162', '000958']"
nói dối nhăn mặt đau tai,"['nói dối', 'nhăn mặt', 'đau tai']","['000034', '003622', '000783']"
siêng năng bỏ rơi dãy núi Hoàng Liên Sơn,"['siêng năng', 'bỏ rơi', 'dãy núi Hoàng Liên Sơn']","['000681', '001687', '000550']"
bơm (cái bơm) cổ thổ dân,"['bơm (cái bơm)', 'cổ', 'thổ dân']","['001785', '002407', '003223']"
vận chuyển chân tay vịnh Hạ Long,"['vận chuyển', 'chân tay', 'vịnh Hạ Long']","['001792', '002144', '001841']"
cặp tóc dấu sắc danh dự,"['cặp tóc', 'dấu sắc', 'danh dự']","['001964', '001110', '002520']"
phiền hà quyến luyến tiêu hoá,"['phiền hà', 'quyến luyến', 'tiêu hoá']","['000474', '000373', '001291']"
nhà tù nhổ răng thao thức,"['nhà tù', 'nhổ răng', 'thao thức']","['003609', '000620', '000721']"
nổi giận môn Đạo đức đồ ăn,"['nổi giận', 'môn Đạo đức', 'đồ ăn']","['000057', '003428', '000945']"
dẫn chương trình Tây Nguyên hình vẽ,"['dẫn chương trình', 'Tây Nguyên', 'hình vẽ']","['002544', '000891', '003008']"
đề-xi-mét (dm) sườn lông gà,"['đề-xi-mét (dm)', 'sườn', 'lông gà']","['002686', '000810', '003291']"
quý hiếm đông lạnh tình huống,"['quý hiếm', 'đông lạnh', 'tình huống']","['000487', '002757', '001316']"
lấy mũi tên giếng nước,"['lấy', 'mũi tên', 'giếng nước']","['003240', '000498', '002906']"
bỏ hoang dấu chấm hỏi pha chế,"['bỏ hoang', 'dấu chấm hỏi', 'pha chế']","['001681', '002551', '000132']"
sữa đặc phục hồi quét nhà,"['sữa đặc', 'phục hồi', 'quét nhà']","['000785', '000288', '000443']"
cơ thể bắn bi kí hiệu,"['cơ thể', 'bắn bi', 'kí hiệu']","['002461', '001513', '003184']"
bơm (cái bơm) bảo hiểm mũm mĩm,"['bơm (cái bơm)', 'bảo hiểm', 'mũm mĩm']","['001785', '001459', '000906']"
ủy ban vòng đời lồng chim,"['ủy ban', 'vòng đời', 'lồng chim']","['001720', '001856', '003293']"
theo dõi Oa-sinh-tơn cảng Hải Phòng,"['theo dõi', 'Oa-sinh-tơn', 'cảng Hải Phòng']","['001028', '000087', '000700']"
chậm chạp Châu Á Thái Bình Dương chất hữu cơ,"['chậm chạp', 'Châu Á Thái Bình Dương', 'chất hữu cơ']","['000411', '002155', '002149']"
chuyển hướng xinh Anh (nước Anh),"['chuyển hướng', 'xinh', 'Anh (nước Anh)']","['002289', '002030', '001209']"
ngón tay ki-lô-gam bé hơn,"['ngón tay', 'ki-lô-gam', 'bé hơn']","['003560', '003179', '001575']"
chu vi thác chim chào mào,"['chu vi', 'thác', 'chim chào mào']","['002235', '000921', '002202']"
ưu tiên mẫu số lớn hoán vị,"['ưu tiên', 'mẫu số lớn', 'hoán vị']","['001732', '003395', '003020']"
liên lạc củ từ chạy,"['liên lạc', 'củ từ', 'chạy']","['003264', '002473', '002109']"
phân tích quả gấc tóm lược,"['phân tích', 'quả gấc', 'tóm lược']","['000171', '000343', '001376']"
gian khổ vật nuôi phẫu thuật mũi,"['gian khổ', 'vật nuôi', 'phẫu thuật mũi']","['002874', '001798', '000790']"
màu nâu con cú mèo trọng tài,"['màu nâu', 'con cú mèo', 'trọng tài']","['003349', '002336', '001504']"
tính chất giao hoán Khánh Hòa điều phối,"['tính chất giao hoán', 'Khánh Hòa', 'điều phối']","['001336', '003118', '002709']"
Kiên Giang hoan hô chiếu phim,"['Kiên Giang', 'hoan hô', 'chiếu phim']","['003192', '002124', '002199']"
tạo dáng siêu tốc phong kiến,"['tạo dáng', 'siêu tốc', 'phong kiến']","['000847', '000687', '000231']"
chúc thọ góc vuông vắng lặng,"['chúc thọ', 'góc vuông', 'vắng lặng']","['002259', '002923', '001782']"
chanh đá ai bảo buôn làng,"['chanh đá', 'ai bảo', 'buôn làng']","['000846', '002133', '001851']"
yên lòng rau bắp cải đấu tranh,"['yên lòng', 'rau bắp cải', 'đấu tranh']","['002096', '000513', '002652']"
"chị hai, chị cả đường sắt tính chất bằng nhau","['chị hai, chị cả', 'đường sắt', 'tính chất bằng nhau']","['000309', '002794', '001332']"
bàn chải đánh răng mở đầu nhọn hoắt,"['bàn chải đánh răng', 'mở đầu', 'nhọn hoắt']","['001335', '003451', '000011']"
Tết Dương tính chất bằng nhau bớt,"['Tết Dương', 'tính chất bằng nhau', 'bớt']","['000901', '001332', '001793']"
dấu gạch ngang địa đạo Củ Chi giải quyết,"['dấu gạch ngang', 'địa đạo Củ Chi', 'giải quyết']","['002554', '002698', '002870']"
đôi dép béo băng giá,"['đôi dép', 'béo', 'băng giá']","['002734', '001585', '001525']"
quốc gia dẫn chương trình tự lập,"['quốc gia', 'dẫn chương trình', 'tự lập']","['000455', '002544', '001666']"
thông minh rắc rối sau,"['thông minh', 'rắc rối', 'sau']","['001097', '000588', '000640']"
Gia Lai dàn bài sau,"['Gia Lai', 'dàn bài', 'sau']","['002851', '002517', '000640']"
vai niềm vui đường kính,"['vai', 'niềm vui', 'đường kính']","['001744', '000022', '002792']"
chanh đá dai bưu tá,"['chanh đá', 'dai', 'bưu tá']","['000846', '002514', '001890']"
Italia (nước Italia) lo sợ cuống lá,"['Italia (nước Italia)', 'lo sợ', 'cuống lá']","['003092', '003278', '002496']"
kính trọng chui cứu hộ,"['kính trọng', 'chui', 'cứu hộ']","['003204', '002264', '002513']"
khát vọng tách lớp hãng xe máy,"['khát vọng', 'tách lớp', 'hãng xe máy']","['003120', '000817', '001417']"
siêu thị dựng phim răng hô,"['siêu thị', 'dựng phim', 'răng hô']","['000685', '002603', '000622']"
kính lúp béo chuyển giao,"['kính lúp', 'béo', 'chuyển giao']","['003203', '001585', '002288']"
luân phiên trả lời con hàu,"['luân phiên', 'trả lời', 'con hàu']","['002230', '001424', '000822']"
nước mắt ăn uống đoàn thanh niên,"['nước mắt', 'ăn uống', 'đoàn thanh niên']","['000079', '001272', '002720']"
cỗ 7up đầu tàu,"['cỗ', '7up', 'đầu tàu']","['002418', '000862', '002649']"
nhảy dù quả nho đánh,"['nhảy dù', 'quả nho', 'đánh']","['003617', '000370', '002625']"
tình cờ mồ côi hợp tác,"['tình cờ', 'mồ côi', 'hợp tác']","['001314', '003419', '003070']"
bảng đen các bạn (2 người) chọi gà,"['bảng đen', 'các bạn (2 người)', 'chọi gà']","['001401', '000283', '002220']"
thối luật chơi vở chèo,"['thối', 'luật chơi', 'vở chèo']","['000811', '003303', '001885']"
chất lượng tuỷ sống vui mừng,"['chất lượng', 'tuỷ sống', 'vui mừng']","['002151', '001638', '001903']"
công cụ biển đông cầu Long Biên,"['công cụ', 'biển đông', 'cầu Long Biên']","['002432', '001635', '003157']"
cày ruộng tính nhẩm nổ lốp xe,"['cày ruộng', 'tính nhẩm', 'nổ lốp xe']","['001959', '001340', '000043']"
đối diện bỏ qua ngắn nhất,"['đối diện', 'bỏ qua', 'ngắn nhất']","['002736', '001685', '003517']"
tai nạn phong trào thổ dân,"['tai nạn', 'phong trào', 'thổ dân']","['000821', '000233', '003223']"
long lanh (mắt) nhìn tù giam,"['long lanh (mắt)', 'nhìn', 'tù giam']","['000598', '000000', '001620']"
lái tàu hỏa dừng lại đường tròn,"['lái tàu hỏa', 'dừng lại', 'đường tròn']","['003214', '000415', '002797']"
dầu gội đầu khu vườn chui,"['dầu gội đầu', 'khu vườn', 'chui']","['002548', '003168', '002264']"
ngã cỏ may màu đỏ,"['ngã', 'cỏ may', 'màu đỏ']","['003504', '002307', '003347']"
kẻ thù con mực giúp đỡ,"['kẻ thù', 'con mực', 'giúp đỡ']","['003095', '002362', '002915']"
gian khổ dân tộc Khơ me nhà trường,"['gian khổ', 'dân tộc Khơ me', 'nhà trường']","['002874', '000682', '003607']"
chùa hạt lúa cướp,"['chùa', 'hạt lúa', 'cướp']","['002247', '002964', '002508']"
điều trị tràn ngập (nước) tím tái,"['điều trị', 'tràn ngập (nước)', 'tím tái']","['002716', '001436', '001306']"
Bun-ga-ri (nước Bun-ga-ri) mũm mĩm vĩ cầm,"['Bun-ga-ri (nước Bun-ga-ri)', 'mũm mĩm', 'vĩ cầm']","['001816', '000906', '001819']"
áo cánh bờm tóc bối rối,"['áo cánh', 'bờm tóc', 'bối rối']","['001254', '001791', '000153']"
kèn sống sót bánh cuốn,"['kèn', 'sống sót', 'bánh cuốn']","['003094', '000342', '001429']"
phép tính họp nhóm động cơ,"['phép tính', 'họp nhóm', 'động cơ']","['000194', '000960', '002768']"
họ (đại từ) bánh hamburger không khí,"['họ (đại từ)', 'bánh hamburger', 'không khí']","['000287', '000830', '003166']"
nghĩa bóng quan điểm xe đạp,"['nghĩa bóng', 'quan điểm', 'xe đạp']","['003544', '000396', '001988']"
doanh trại nhà sàn hồ dán,"['doanh trại', 'nhà sàn', 'hồ dán']","['002590', '003603', '003050']"
chị dâu bím tóc đuôi sam đào tạo,"['chị dâu', 'bím tóc đuôi sam', 'đào tạo']","['002175', '001653', '002631']"
mục tiêu giá sách Khánh Hòa,"['mục tiêu', 'giá sách', 'Khánh Hòa']","['000898', '002855', '003118']"
trêu tức giường viết lia lịa,"['trêu tức', 'giường', 'viết lia lịa']","['001472', '002917', '001833']"
ít nhầm vạch xuất phát náo nức,"['ít', 'nhầm', 'vạch xuất phát', 'náo nức']","['003089', '000129', '001742', '003481']"
đen láy (như đen nhánh) hai phân số bằng nhau thợ kim hoàn xa cách,"['đen láy (như đen nhánh)', 'hai phân số bằng nhau', 'thợ kim hoàn', 'xa cách']","['002658', '000166', '001119', '001928']"
giới hạn gặm xương (con chó gặm xương) đánh giá chủ nghĩa xã hội,"['giới hạn', 'gặm xương (con chó gặm xương)', 'đánh giá', 'chủ nghĩa xã hội']","['002912', '002833', '002627', '002238']"
xếp hàng ưu tiên xăng-ti-mét-vuông (cm2) áo đồng phục khả năng,"['xếp hàng ưu tiên', 'xăng-ti-mét-vuông (cm2)', 'áo đồng phục', 'khả năng']","['002028', '001976', '001260', '000211']"
đất về 4 (từ nơi khác về) căm thù nhiệt độ,"['đất', 'về 4 (từ nơi khác về)', 'căm thù', 'nhiệt độ']","['002646', '000364', '000265', '002767']"
bảng cửu chương Thủy Điện Hòa Bình tươi cười mênh mông,"['bảng cửu chương', 'Thủy Điện Hòa Bình', 'tươi cười', 'mênh mông']","['001399', '001188', '001680', '003403']"
công thức u tự lập mở màn,"['công thức', 'u', 'tự lập', 'mở màn']","['002436', '001088', '001666', '003452']"
môn Sinh học trần nhà bản sao (chỉ người) giao hoán,"['môn Sinh học', 'trần nhà', 'bản sao (chỉ người)', 'giao hoán']","['003439', '001460', '001361', '002877']"
chặt chẽ về 3 (đi về) dấu chấm hỏi gặm xương (con chó gặm xương),"['chặt chẽ', 'về 3 (đi về)', 'dấu chấm hỏi', 'gặm xương (con chó gặm xương)']","['002138', '000362', '002551', '002833']"
tinh mắt ngừng lại không dám Đặng Văn Ngữ,"['tinh mắt', 'ngừng lại', 'không dám', 'Đặng Văn Ngữ']","['000260', '000413', '000468', '002642']"
đội trưởng văn bản di truyền cỏ may,"['đội trưởng', 'văn bản', 'di truyền', 'cỏ may']","['002741', '001764', '002576', '002307']"
màu đỏ người yêu bé loắt choắt hối lộ,"['màu đỏ', 'người yêu', 'bé loắt choắt', 'hối lộ']","['003347', '003597', '001577', '003059']"
bí ngô màn máy in nẻ,"['bí ngô', 'màn', 'máy in', 'nẻ']","['001625', '003342', '003367', '003491']"
"kiêu (kiêu căng, kiêu xa) dây thừng tung tăng sơn","['kiêu (kiêu căng, kiêu xa)', 'dây thừng', 'tung tăng', 'sơn']","['003197', '002565', '001632', '000757']"
phòng thư viện điều tra khuyên tai ghi chú,"['phòng thư viện', 'điều tra', 'khuyên tai', 'ghi chú']","['000255', '002715', '003175', '002848']"
phản động chùm vải triệu phú phân tích,"['phản động', 'chùm vải', 'triệu phú', 'phân tích']","['000149', '002270', '001305', '000171']"
hệ bài tiết ngoại hình thuê ý thức,"['hệ bài tiết', 'ngoại hình', 'thuê', 'ý thức']","['001317', '003551', '001164', '002086']"
cất giấu xứ Nghệ cái neo không gian,"['cất giấu', 'xứ Nghệ', 'cái neo', 'không gian']","['001973', '002064', '000986', '003159']"
an ninh vắt cam múa rối mĩ thuật,"['an ninh', 'vắt cam', 'múa rối', 'mĩ thuật']","['001205', '001784', '003470', '003405']"
chén hỏi thăm cấp dưỡng buông màn,"['chén', 'hỏi thăm', 'cấp dưỡng', 'buông màn']","['002161', '003041', '001971', '001859']"
mọc tóc con gà văn nghệ gợi ý,"['mọc tóc', 'con gà', 'văn nghệ', 'gợi ý']","['000628', '002344', '001768', '002933']"
điều trị thích thú rửa chân chúng tôi (5 người) (đại từ),"['điều trị', 'thích thú', 'rửa chân', 'chúng tôi (5 người) (đại từ)']","['002716', '001061', '000590', '000279']"
nhà rông giám khảo bốc thăm khéo,"['nhà rông', 'giám khảo', 'bốc thăm', 'khéo']","['000688', '002873', '001743', '003133']"
Lượm người lái xe (ô tô) cao độ ăn bám,"['Lượm', 'người lái xe (ô tô)', 'cao độ', 'ăn bám']","['000694', '003586', '001941', '000735']"
tuyên bố Paris khoác vai Châu Đại Dương,"['tuyên bố', 'Paris', 'khoác vai', 'Châu Đại Dương']","['001640', '002443', '003139', '002156']"
hàng xóm j người nước ngoài phòng chống,"['hàng xóm', 'j', 'người nước ngoài', 'phòng chống']","['002955', '001098', '000030', '000242']"
quan sát giấy phi tiêu ảo thuật,"['quan sát', 'giấy', 'phi tiêu', 'ảo thuật']","['000574', '002893', '000198', '001248']"
chim gõ kiến ngã đặt bất khuất,"['chim gõ kiến', 'ngã', 'đặt', 'bất khuất']","['002206', '003504', '002644', '000534']"
hồi hộp giấy tờ nói chuyện thiếp đi,"['hồi hộp', 'giấy tờ', 'nói chuyện', 'thiếp đi']","['003053', '002903', '000033', '001073']"
hàng trăm 1 000 000 000 (một tỉ) cát kí duyệt,"['hàng trăm', '1 000 000 000 (một tỉ)', 'cát', 'kí duyệt']","['002952', '001189', '001953', '003178']"
riêng biệt trục hoành số đo con mèo,"['riêng biệt', 'trục hoành', 'số đo', 'con mèo']","['000547', '001532', '000729', '002360']"
con ruồi võ thuật cơ thể xem,"['con ruồi', 'võ thuật', 'cơ thể', 'xem']","['002378', '001852', '002461', '000437']"
người xấu không muốn in (ấn) liều lĩnh,"['người xấu', 'không muốn', 'in (ấn)', 'liều lĩnh']","['003593', '000426', '003088', '003271']"
năng lực cảnh giác chuyện nhỏ gấp quần áo,"['năng lực', 'cảnh giác', 'chuyện nhỏ', 'gấp quần áo']","['003489', '000570', '000532', '002841']"
găng tay Quốc Tử Giám nhà vệ sinh đường ray xe lửa,"['găng tay', 'Quốc Tử Giám', 'nhà vệ sinh', 'đường ray xe lửa']","['002835', '000467', '001016', '000959']"
rửa bát Đu Bai (nước Đu Bai) thần chết chức vụ,"['rửa bát', 'Đu Bai (nước Đu Bai)', 'thần chết', 'chức vụ']","['000589', '000027', '001007', '002301']"
cướp cờ ngón tay g bàn chải đánh răng,"['cướp cờ', 'ngón tay', 'g', 'bàn chải đánh răng']","['002510', '003560', '001046', '001335']"
khẩu hiệu cố ý (như cố tình) vô lí Phi-líp-pin (nước Phi-líp-pin),"['khẩu hiệu', 'cố ý (như cố tình)', 'vô lí', 'Phi-líp-pin (nước Phi-líp-pin)']","['003127', '002422', '001864', '000212']"
đối diện giếng nước sách chăm sóc sức khỏe,"['đối diện', 'giếng nước', 'sách', 'chăm sóc sức khỏe']","['002736', '002906', '000611', '002119']"
cháo sườn Thanh Hóa băng giá vỗ về,"['cháo sườn', 'Thanh Hóa', 'băng giá', 'vỗ về']","['000205', '000955', '001525', '000529']"
môn Âm nhạc hình elip khen ruột già,"['môn Âm nhạc', 'hình elip', 'khen', 'ruột già']","['003426', '003000', '003131', '000581']"
vắt cam củ gừng nén thùng,"['vắt cam', 'củ gừng', 'nén', 'thùng']","['001784', '002481', '003492', '001170']"
giầy dép tai nổi nóng em út,"['giầy dép', 'tai', 'nổi nóng', 'em út']","['002892', '000818', '000059', '002806']"
đường chéo vái lạy tổ trưởng khoác vai,"['đường chéo', 'vái lạy', 'tổ trưởng', 'khoác vai']","['002789', '001748', '001388', '003139']"
phân tích buổi sáng gặp gỡ số chín,"['phân tích', 'buổi sáng', 'gặp gỡ', 'số chín']","['000171', '001836', '002837', '000727']"
cứu ăn vặt thìa chục,"['cứu', 'ăn vặt', 'thìa', 'chục']","['002512', '001274', '001055', '002261']"
quan (chức vụ) đỡ lặn đèn pin,"['quan (chức vụ)', 'đỡ', 'lặn', 'đèn pin']","['000524', '002777', '003232', '002666']"
gần gũi ủng mặt đất trói tay,"['gần gũi', 'ủng', 'mặt đất', 'trói tay']","['002839', '001704', '003379', '001488']"
mật khẩu cạnh tranh lễ Nô-en diện tích xung quanh,"['mật khẩu', 'cạnh tranh', 'lễ Nô-en', 'diện tích xung quanh']","['003390', '000982', '003248', '002583']"
muộn động cơ sổ đầu bài ấm trà,"['muộn', 'động cơ', 'sổ đầu bài', 'ấm trà']","['003474', '002768', '000717', '001292']"
bổ ngữ huỷ diệt ham chơi quả gấc,"['bổ ngữ', 'huỷ diệt', 'ham chơi', 'quả gấc']","['001719', '003079', '000738', '000343']"
tỉ lệ hơi nước hút nước thông thường,"['tỉ lệ', 'hơi nước', 'hút nước', 'thông thường']","['001238', '003066', '003076', '001105']"
áo cánh kể chuyện quả su su câu thơ,"['áo cánh', 'kể chuyện', 'quả su su', 'câu thơ']","['001254', '003102', '000382', '001987']"
con công bể cá viện bảo tàng thẳng tắp,"['con công', 'bể cá', 'viện bảo tàng', 'thẳng tắp']","['002334', '001591', '001829', '000991']"
bồi bàn làm ruộng quần âu vạch trần,"['bồi bàn', 'làm ruộng', 'quần âu', 'vạch trần']","['001745', '003216', '000429', '001740']"
cây phượng vịnh Hạ Long con ngựa ma,"['cây phượng', 'vịnh Hạ Long', 'con ngựa', 'ma']","['002041', '001841', '002370', '003331']"
hàng chục nghìn vòi nước dân tộc Chăm nhổ răng,"['hàng chục nghìn', 'vòi nước', 'dân tộc Chăm', 'nhổ răng']","['002946', '001854', '000678', '000620']"
trốn chạy học trò vệ sinh cá nhân email,"['trốn chạy', 'học trò', 'vệ sinh cá nhân', 'email']","['001510', '003037', '001811', '002807']"
vỗ tay Dinh Độc Lập thuyết phục cấy lúa,"['vỗ tay', 'Dinh Độc Lập', 'thuyết phục', 'cấy lúa']","['001881', '002587', '001200', '002057']"
bảng học sinh thổi bóng quả cam con ong,"['bảng học sinh', 'thổi bóng', 'quả cam', 'con ong']","['001389', '001089', '000314', '002376']"
phơi quần áo điều tra đơn giản công nhận,"['phơi quần áo', 'điều tra', 'đơn giản', 'công nhận']","['000278', '002715', '002774', '002433']"
quốc khánh kỉ niệm dân ca thủy chung,"['quốc khánh', 'kỉ niệm', 'dân ca', 'thủy chung']","['000458', '003183', '002534', '001186']"
no vô duyên Ê Đê quả gấc,"['no', 'vô duyên', 'Ê Đê', 'quả gấc']","['000026', '000146', '002808', '000343']"
khó khăn i cảnh giác hình phạt,"['khó khăn', 'i', 'cảnh giác', 'hình phạt']","['003136', '001056', '000570', '003004']"
thả diều chim yến tòa soạn lối đi,"['thả diều', 'chim yến', 'tòa soạn', 'lối đi']","['000917', '002208', '001366', '003289']"
gợi ý lò xo từ bỏ luyện từ và câu,"['gợi ý', 'lò xo', 'từ bỏ', 'luyện từ và câu']","['002933', '003279', '001646', '003314']"
gặm xương (con chó gặm xương) ba là trêu tức lọng,"['gặm xương (con chó gặm xương)', 'ba là', 'trêu tức', 'lọng']","['002833', '000317', '001472', '003286']"
phong kiến lướt ván bắn cung tên ma,"['phong kiến', 'lướt ván', 'bắn cung tên', 'ma']","['000231', '003325', '000496', '003331']"
bập bênh châm chọc lau nhà rực rỡ,"['bập bênh', 'châm chọc', 'lau nhà', 'rực rỡ']","['001551', '002139', '003231', '000234']"
cơ thể g thấp hơn ủy ban nhân dân,"['cơ thể', 'g', 'thấp hơn', 'ủy ban nhân dân']","['002461', '001046', '001013', '001722']"
cùi chỏ tưới cây văn nghệ xanh xao,"['cùi chỏ', 'tưới cây', 'văn nghệ', 'xanh xao']","['002489', '001682', '001770', '001956']"
tôm hùm con bê cong xì hơi (đánh rắm),"['tôm hùm', 'con bê', 'cong', 'xì hơi (đánh rắm)']","['000819', '002314', '002398', '001494']"
cá kho đường chỉ tay khổ nháy mắt,"['cá kho', 'đường chỉ tay', 'khổ', 'nháy mắt']","['001900', '002172', '003167', '003619']"
gợi ý đàn tơ-rưng thị lực cháu trai,"['gợi ý', 'đàn tơ-rưng', 'thị lực', 'cháu trai']","['002933', '002621', '001053', '002101']"
mục đích sau sáng chói yên bình,"['mục đích', 'sau', 'sáng chói', 'yên bình']","['001206', '000640', '000623', '002094']"
nhập ngũ xung đột ngô ủy ban,"['nhập ngũ', 'xung đột', 'ngô', 'ủy ban']","['002739', '002062', '003564', '001720']"
liên kết tập hợp (Toán học) dấu nhân hàng xóm,"['liên kết', 'tập hợp (Toán học)', 'dấu nhân', 'hàng xóm']","['003263', '000879', '002557', '002955']"
dao số liền sau rụng tóc (đt) ngày thành lập quân đội nhân dân Việt Nam,"['dao', 'số liền sau', 'rụng tóc (đt)', 'ngày thành lập quân đội nhân dân Việt Nam']","['002529', '000733', '000576', '000121']"
va li trăng khổ xã,"['va li', 'trăng', 'khổ', 'xã']","['001736', '001448', '003167', '001960']"
Đông Dương con hươu trà đá chủ ngữ,"['Đông Dương', 'con hươu', 'trà đá', 'chủ ngữ']","['002756', '002350', '000852', '002239']"
rau diếp cá nhận chiêng cần khởi động,"['rau diếp cá', 'nhận', 'chiêng', 'cần khởi động']","['000718', '003632', '002191', '001967']"
ngày của Mẹ xà phòng lao phổi cụm từ,"['ngày của Mẹ', 'xà phòng', 'lao phổi', 'cụm từ']","['000107', '001932', '003224', '002491']"
ở ngoài vịnh cạnh đáy tính chất kết hợp,"['ở ngoài', 'vịnh', 'cạnh đáy', 'tính chất kết hợp']","['000126', '001839', '001927', '001338']"
dán tinh trùng họa sỹ dệt,"['dán', 'tinh trùng', 'họa sỹ', 'dệt']","['002528', '001184', '003018', '002572']"
ra ngoài chọn lọc nhổ răng ngoặc đơn,"['ra ngoài', 'chọn lọc', 'nhổ răng', 'ngoặc đơn']","['000505', '002222', '000620', '003555']"
bắn cung tên chất đốt công bằng Tuy Hoà,"['bắn cung tên', 'chất đốt', 'công bằng', 'Tuy Hoà']","['000496', '002146', '002429', '000035']"
bồn rửa bát xảy ra trà khô héo,"['bồn rửa bát', 'xảy ra', 'trà', 'khô héo']","['001751', '000579', '001420', '003155']"
sợi dây hằng đẳng thức lương thực trả lời,"['sợi dây', 'hằng đẳng thức', 'lương thực', 'trả lời']","['000753', '002967', '003324', '001424']"
cây ăn quả mũm mĩm đại tá trả thù,"['cây ăn quả', 'mũm mĩm', 'đại tá', 'trả thù']","['002011', '000906', '002612', '002126']"
cổng bốc hơi chèo thuyền thở,"['cổng', 'bốc hơi', 'chèo thuyền', 'thở']","['002444', '001741', '002162', '001117']"
chính phủ bút màu bữa cơm đau tai,"['chính phủ', 'bút màu', 'bữa cơm', 'đau tai']","['002211', '001869', '001873', '000783']"
xà phòng đường hàng không bố mẹ làn sóng,"['xà phòng', 'đường hàng không', 'bố mẹ', 'làn sóng']","['001936', '002790', '001731', '003219']"
ẩm mốc xôi y tế thao thức,"['ẩm mốc', 'xôi', 'y tế', 'thao thức']","['001282', '002044', '002076', '000721']"
kiến trúc sư nghênh nghênh (đầu) nghỉ học ô,"['kiến trúc sư', 'nghênh nghênh (đầu)', 'nghỉ học', 'ô']","['003196', '000970', '003538', '001067']"
bãi tắm luật lệ trường PTCS (cấp 2) hộp,"['bãi tắm', 'luật lệ', 'trường PTCS (cấp 2)', 'hộp']","['001327', '003304', '001608', '003063']"
hôi xô đồ uống vua Hùng,"['hôi', 'xô', 'đồ uống', 'vua Hùng']","['000401', '002042', '000943', '001891']"
gửi thư dấu chấm than màu nâu trà sữa,"['gửi thư', 'dấu chấm than', 'màu nâu', 'trà sữa']","['002936', '002552', '003348', '000857']"
vịt quay nhỏ tuổi kiến trúc sư tôm hùm,"['vịt quay', 'nhỏ tuổi', 'kiến trúc sư', 'tôm hùm']","['000827', '000004', '003196', '000819']"
chất lượng đáng quý phòng thư viện nhân chứng,"['chất lượng', 'đáng quý', 'phòng thư viện', 'nhân chứng']","['002151', '002624', '000255', '003625']"
ích lợi cổng trường bạn ấy yêu bạn tri kỉ,"['ích lợi', 'cổng trường', 'bạn ấy yêu bạn', 'tri kỉ']","['003087', '002417', '000297', '001040']"
bắn cung tên tổ trưởng tìm hiểu c,"['bắn cung tên', 'tổ trưởng', 'tìm hiểu', 'c']","['000496', '001388', '001300', '001032']"
s cái bè hút nước đi tuần,"['s', 'cái bè', 'hút nước', 'đi tuần']","['001080', '001902', '003076', '000527']"
bỏ qua cao (vật) hằng đẳng thức băng giá,"['bỏ qua', 'cao (vật)', 'hằng đẳng thức', 'băng giá']","['001685', '001933', '002967', '001525']"
y tế Chi-lê (nước Chi-lê) cỗ mất ngủ,"['y tế', 'Chi-lê (nước Chi-lê)', 'cỗ', 'mất ngủ']","['002076', '002176', '002418', '003386']"
quả roi người xấu khắc phục Đặng Văn Ngữ,"['quả roi', 'người xấu', 'khắc phục', 'Đặng Văn Ngữ']","['000376', '003592', '003121', '002642']"
không hiểu nghiên cứu bắt tay tĩnh lặng,"['không hiểu', 'nghiên cứu', 'bắt tay', 'tĩnh lặng']","['003164', '003541', '001547', '001326']"
cảnh giác tiện nghi phá ngôn ngữ,"['cảnh giác', 'tiện nghi', 'phá', 'ngôn ngữ']","['000570', '001265', '000140', '003571']"
lon bia tiện nghi g vuông góc,"['lon bia', 'tiện nghi', 'g', 'vuông góc']","['003284', '001265', '001048', '001920']"
ổn định bồi bàn hi vọng xoa đầu,"['ổn định', 'bồi bàn', 'hi vọng', 'xoa đầu']","['000101', '001745', '002988', '000232']"
ngoặc đơn dốt văn bản xôi gấc,"['ngoặc đơn', 'dốt', 'văn bản', 'xôi gấc']","['003555', '002596', '001764', '000202']"
kẻ thù tòa soạn hốt hoảng trình bày,"['kẻ thù', 'tòa soạn', 'hốt hoảng', 'trình bày']","['003095', '001366', '000530', '001482']"
hữu nghị sinh tố phòng chống băng dính,"['hữu nghị', 'sinh tố', 'phòng chống', 'băng dính']","['000494', '000707', '000242', '001523']"
vỡ khẩu hiệu Hà Lan (nước Hà Lan) tôi yêu bạn,"['vỡ', 'khẩu hiệu', 'Hà Lan (nước Hà Lan)', 'tôi yêu bạn']","['001887', '003127', '002941', '002098']"
lượt về (trong thể thao) nháy mắt chức vụ quan hệ,"['lượt về (trong thể thao)', 'nháy mắt', 'chức vụ', 'quan hệ']","['000716', '003619', '002301', '000397']"
cua đồng góc vườn Y-Éc-Xanh chim chuyền cành,"['cua đồng', 'góc vườn', 'Y-Éc-Xanh', 'chim chuyền cành']","['000820', '002924', '002074', '002282']"
khoác áo tính chất giao hoán tuần này ngập ngừng,"['khoác áo', 'tính chất giao hoán', 'tuần này', 'ngập ngừng']","['003144', '001336', '000876', '000448']"
Đền Hùng dàn bài đoàn cải lương đi học,"['Đền Hùng', 'dàn bài', 'đoàn cải lương', 'đi học']","['002691', '002517', '002719', '002694']"
thắp đèn đại diện gặm cỏ chia ba,"['thắp đèn', 'đại diện', 'gặm cỏ', 'chia ba']","['000957', '002609', '002832', '000566']"
hợp lí tham quan đoạn văn lúa,"['hợp lí', 'tham quan', 'đoạn văn', 'lúa']","['003069', '000944', '002725', '003300']"
trong ngoài ăn ít nhãn vở chủ nhiệm,"['trong ngoài', 'ăn ít', 'nhãn vở', 'chủ nhiệm']","['001498', '000941', '003612', '002240']"
bốc hơi phấp phới quả mướp mùa thu,"['bốc hơi', 'phấp phới', 'quả mướp', 'mùa thu']","['001741', '000188', '000359', '003466']"
tưới cây a kiến trúc sư nấm,"['tưới cây', 'a', 'kiến trúc sư', 'nấm']","['001682', '001022', '003196', '003490']"
k i anh rể con hươu,"['k', 'i', 'anh rể', 'con hươu']","['001058', '001056', '001233', '002350']"
dân tộc hồi hộp chứng nhận anh em,"['dân tộc', 'hồi hộp', 'chứng nhận', 'anh em']","['002539', '003055', '002304', '001223']"
bể cá bơi lội danh từ riêng sáng,"['bể cá', 'bơi lội', 'danh từ riêng', 'sáng']","['001591', '001783', '002527', '001243']"
chương trình ngã ba cắt lông mũi háo hức,"['chương trình', 'ngã ba', 'cắt lông mũi', 'háo hức']","['002298', '003498', '000618', '000586']"
ngọn cây cua đồng xanh xao mặc kệ,"['ngọn cây', 'cua đồng', 'xanh xao', 'mặc kệ']","['003563', '000820', '001958', '003371']"
đường hầm kéo co vào lớp quả lê,"['đường hầm', 'kéo co', 'vào lớp', 'quả lê']","['002791', '000648', '001760', '000355']"
chùa mùa hè chủ nghĩa xã hội chúng tôi (4 người) (đại từ),"['chùa', 'mùa hè', 'chủ nghĩa xã hội', 'chúng tôi (4 người) (đại từ)']","['002248', '003464', '002238', '000277']"
xe cảnh sát phép mầu nghiên cứu xuất hiện,"['xe cảnh sát', 'phép mầu', 'nghiên cứu', 'xuất hiện']","['001994', '000192', '003541', '002054']"
các bạn (2 người) không gian địa điểm nhà bác học,"['các bạn (2 người)', 'không gian', 'địa điểm', 'nhà bác học']","['000283', '003159', '002699', '003601']"
bãi cát bê tông chim chích chòe giấy,"['bãi cát', 'bê tông', 'chim chích chòe', 'giấy']","['001321', '001587', '002203', '002893']"
ra lệnh lồng tiếng Đông Nam Á tháo gỡ,"['ra lệnh', 'lồng tiếng', 'Đông Nam Á', 'tháo gỡ']","['000501', '003294', '002744', '000978']"
mẫu số cặp sách thẻ vui tính,"['mẫu số', 'cặp sách', 'thẻ', 'vui tính']","['003392', '001962', '001033', '001910']"
cơ thể phẫu thuật mắt bánh pizza gương mặt,"['cơ thể', 'phẫu thuật mắt', 'bánh pizza', 'gương mặt']","['002461', '000788', '001449', '002938']"
thiu sườn áo kẻ sọc con mực,"['thiu', 'sườn', 'áo kẻ sọc', 'con mực']","['000812', '000810', '000663', '002362']"
sân nhà bụi tre cha vũ trụ,"['sân nhà', 'bụi tre', 'cha', 'vũ trụ']","['000662', '003154', '002059', '001889']"
óc thân thiết chui cả ngày,"['óc', 'thân thiết', 'chui', 'cả ngày']","['000089', '001002', '002264', '000802']"
miêu tả nghỉ học hoạt hình rụng tóc (đt),"['miêu tả', 'nghỉ học', 'hoạt hình', 'rụng tóc (đt)']","['003408', '003538', '003026', '000576']"
siêu tốc miền Nam Việt Nam bơm xe ống nghe,"['siêu tốc', 'miền Nam Việt Nam', 'bơm xe', 'ống nghe']","['000687', '003407', '001789', '000118']"
yên bình học bổng va li Do Thái,"['yên bình', 'học bổng', 'va li', 'Do Thái']","['002094', '003032', '001736', '000018']"
lời nói 90 cây gỗ Hồ Chí Minh,"['lời nói', '90', 'cây gỗ', 'Hồ Chí Minh']","['003297', '001165', '002029', '003049']"
ngộ độc đường tròn hoa dâm bụt bước chân,"['ngộ độc', 'đường tròn', 'hoa dâm bụt', 'bước chân']","['003566', '002797', '001010', '001884']"
bức tường bàn ghế phấn (viết bảng) lon bia,"['bức tường', 'bàn ghế', 'phấn (viết bảng)', 'lon bia']","['001880', '001339', '000182', '003284']"
xe lam chị dâu cây ăn quả công viên,"['xe lam', 'chị dâu', 'cây ăn quả', 'công viên']","['002006', '002175', '002013', '002439']"
tỉnh táo đoàn cải lương tóm lược sĩ diện,"['tỉnh táo', 'đoàn cải lương', 'tóm lược', 'sĩ diện']","['000659', '002719', '001376', '000679']"
ma kiểm tra khoá (cái khóa) thận,"['ma', 'kiểm tra', 'khoá (cái khóa)', 'thận']","['003331', '003188', '003142', '001011']"
co dãn góc bẹt thu mua mồ hôi nhễ nhại,"['co dãn', 'góc bẹt', 'thu mua', 'mồ hôi nhễ nhại']","['002305', '002918', '001131', '000440']"
đối tượng sóng biển xử lý má,"['đối tượng', 'sóng biển', 'xử lý', 'má']","['002737', '000712', '000256', '003361']"
đun nấu b chạy z,"['đun nấu', 'b', 'chạy', 'z']","['002782', '001030', '002109', '001095']"
mất trí hoàng hôn thành thị bênh vực,"['mất trí', 'hoàng hôn', 'thành thị', 'bênh vực']","['003387', '003022', '000972', '001617']"
xăm giám sát liên kết lùi bước,"['xăm', 'giám sát', 'liên kết', 'lùi bước']","['001968', '000572', '003263', '003310']"
vỗ tay vẫy tay lò xo mặc quần áo,"['vỗ tay', 'vẫy tay', 'lò xo', 'mặc quần áo']","['001881', '001805', '003279', '003372']"
răng hô cắt nhau đuôi chuột đất ruộng,"['răng hô', 'cắt nhau', 'đuôi chuột', 'đất ruộng']","['000622', '001966', '000172', '000258']"
con hươu bập bênh hôi thận,"['con hươu', 'bập bênh', 'hôi', 'thận']","['002350', '001551', '000401', '001011']"
Cam-pu-chia (nước Cam-pu-chia) dân tộc Thái rau cải kính hiển vi,"['Cam-pu-chia (nước Cam-pu-chia)', 'dân tộc Thái', 'rau cải', 'kính hiển vi']","['001915', '000684', '000515', '003201']"
con kiến cổ ấm áp tấm lòng,"['con kiến', 'cổ', 'ấm áp', 'tấm lòng']","['002354', '002407', '001286', '002700']"
lượt đi trà đá nhi đồng củ hành tây,"['lượt đi', 'trà đá', 'nhi đồng', 'củ hành tây']","['000714', '000852', '003641', '002482']"
chất độc ngừng lại thuyền rồng sức khỏe,"['chất độc', 'ngừng lại', 'thuyền rồng', 'sức khỏe']","['002147', '000413', '001195', '000801']"
đường sắt vòi nước tưới cây xe máy,"['đường sắt', 'vòi nước', 'tưới cây', 'xe máy']","['002794', '001854', '001682', '001992']"
Tây Nguyên nồi chúng tôi (đại từ) sổ tay,"['Tây Nguyên', 'nồi', 'chúng tôi (đại từ)', 'sổ tay']","['000891', '000049', '000281', '000720']"
nhận hàng bé loắt choắt chui UNICEF,"['nhận hàng', 'bé loắt choắt', 'chui', 'UNICEF']","['003631', '001577', '002264', '001708']"
vẫy vùng (cá) biểu thị trong khoảng nhổ răng,"['vẫy vùng (cá)', 'biểu thị', 'trong khoảng', 'nhổ răng']","['001807', '001649', '000641', '000620']"
chính xác đập chày nơi chốn,"['chính xác', 'đập', 'chày', 'nơi chốn']","['002215', '002645', '002105', '000075']"
xem vắn tắt đen láy (như đen nhánh) lúng túng,"['xem', 'vắn tắt', 'đen láy (như đen nhánh)', 'lúng túng']","['000437', '001774', '002660', '003311']"
Miến Điện (nước Mi-an-ma) vòng nguyệt quế hàng triệu lưu ý,"['Miến Điện (nước Mi-an-ma)', 'vòng nguyệt quế', 'hàng triệu', 'lưu ý']","['000012', '000493', '002954', '003328']"
danh từ riêng đào tạo nhắm mắt hòn đá,"['danh từ riêng', 'đào tạo', 'nhắm mắt', 'hòn đá']","['002527', '002631', '000924', '003030']"
chất thải thiệt thòi cơm bình dân dự trữ,"['chất thải', 'thiệt thòi', 'cơm bình dân', 'dự trữ']","['002153', '001077', '002467', '003327']"
pháo hoa công trường bún mắm anh dũng,"['pháo hoa', 'công trường', 'bún mắm', 'anh dũng']","['000156', '002437', '000191', '001219']"
phiền hà mồ hôi nhễ nhại lâu an ninh,"['phiền hà', 'mồ hôi nhễ nhại', 'lâu', 'an ninh']","['000474', '000440', '000383', '001205']"
tự hào ruột già nhổ tóc kiếm (cái kiếm),"['tự hào', 'ruột già', 'nhổ tóc', 'kiếm (cái kiếm)']","['000725', '000581', '000612', '003191']"
hình thang trúng tuyển kí duyệt q,"['hình thang', 'trúng tuyển', 'kí duyệt', 'q']","['003005', '001572', '003178', '001076']"
thợ thêu ao chuôm quần bò họ (đại từ),"['thợ thêu', 'ao chuôm', 'quần bò', 'họ (đại từ)']","['001123', '001245', '000434', '000287']"
chiếm đoạt chia chia tay gãi đầu gãi tai,"['chiếm đoạt', 'chia', 'chia tay', 'gãi đầu gãi tai']","['002190', '002179', '002185', '002819']"
ý chí bê tông dân số hỏi thăm,"['ý chí', 'bê tông', 'dân số', 'hỏi thăm']","['002078', '001587', '002537', '003041']"
quan điểm tóc dài hay là (hoặc là) luyện tập,"['quan điểm', 'tóc dài', 'hay là (hoặc là)', 'luyện tập']","['000396', '000908', '000544', '003313']"
hãng tàu thuyền buộc dây hài hước yêu nước Việt Nam,"['hãng tàu thuyền', 'buộc dây', 'hài hước', 'yêu nước Việt Nam']","['001453', '001822', '002943', '000523']"
thông tin mắm cháu ngoại con lợn (con heo),"['thông tin', 'mắm', 'cháu ngoại', 'con lợn (con heo)']","['001107', '003373', '002091', '002356']"
bàn chân nhà trường số chẵn cơ sở,"['bàn chân', 'nhà trường', 'số chẵn', 'cơ sở']","['001337', '003608', '000724', '002460']"
internet vô tâm họ (2 người) (đại từ) tập thể dục,"['internet', 'vô tâm', 'họ (2 người) (đại từ)', 'tập thể dục']","['001014', '001868', '000285', '000883']"
sóng biển quạt cây vượt trội mua bán,"['sóng biển', 'quạt cây', 'vượt trội', 'mua bán']","['000712', '000412', '001926', '003460']"
thợ rèn tái phạm chai đen láy (như đen nhánh),"['thợ rèn', 'tái phạm', 'chai', 'đen láy (như đen nhánh)']","['001121', '000833', '002069', '002660']"
kính lúp lí do phóng viên phim truyện,"['kính lúp', 'lí do', 'phóng viên', 'phim truyện']","['003203', '003256', '000988', '000223']"
gửi thư phù hợp sổ đầu bài trạm xe buýt,"['gửi thư', 'phù hợp', 'sổ đầu bài', 'trạm xe buýt']","['002936', '000280', '000717', '001432']"
khung cửa số hàng nghìn chanh nóng bố,"['khung cửa số', 'hàng nghìn', 'chanh nóng', 'bố']","['003171', '002951', '000848', '001729']"
mùa hè gù lưng xe đạp lời giải,"['mùa hè', 'gù lưng', 'xe đạp', 'lời giải']","['003465', '002132', '001988', '003296']"
dấu nặng súp lơ dự án liều lĩnh,"['dấu nặng', 'súp lơ', 'dự án', 'liều lĩnh']","['001126', '000176', '000580', '003271']"
phòng bệnh cơm rang Kiên Giang từ trái sang phải,"['phòng bệnh', 'cơm rang', 'Kiên Giang', 'từ trái sang phải']","['000239', '000207', '003192', '001660']"
kháng sinh khoác áo bơm nước đại sứ,"['kháng sinh', 'khoác áo', 'bơm nước', 'đại sứ']","['003117', '003144', '001787', '000569']"
con lươn hộp bút trực nhật ủy ban nhân dân,"['con lươn', 'hộp bút', 'trực nhật', 'ủy ban nhân dân']","['002358', '003064', '001582', '001722']"
vô ý quả nhãn bối rối chuyển động đều,"['vô ý', 'quả nhãn', 'bối rối', 'chuyển động đều']","['001874', '000365', '000153', '002286']"
chiếc gối rình mò Bắc Giang bẫy chuột (dụng cụ),"['chiếc gối', 'rình mò', 'Bắc Giang', 'bẫy chuột (dụng cụ)']","['002187', '000551', '001501', '001565']"
áo cánh cởi áo bật đèn hài hước,"['áo cánh', 'cởi áo', 'bật đèn', 'hài hước']","['001254', '002462', '001557', '002943']"
chảo dầu ăn hôi lời giải,"['chảo', 'dầu ăn', 'hôi', 'lời giải']","['002079', '002547', '000401', '003296']"
ma dây điện nghỉ ngơi liệt (liệt tay chân),"['ma', 'dây điện', 'nghỉ ngơi', 'liệt (liệt tay chân)']","['003331', '002562', '003539', '003270']"
hiếu thảo ban ngày bắt giữ dãy núi,"['hiếu thảo', 'ban ngày', 'bắt giữ', 'dãy núi']","['002994', '001331', '001543', '002531']"
đẹp đẽ (như đẹp) bồi bàn nhận nổ lốp xe,"['đẹp đẽ (như đẹp)', 'bồi bàn', 'nhận', 'nổ lốp xe']","['002680', '001745', '003632', '000043']"
tượng ẩm ướt bánh bột lọc Đông Dương,"['tượng', 'ẩm ướt', 'bánh bột lọc', 'Đông Dương']","['001696', '001284', '001425', '002756']"
lựu đạn thác ẩm mốc mồ côi,"['lựu đạn', 'thác', 'ẩm mốc', 'mồ côi']","['003330', '000921', '001282', '003419']"
con chuột nhắt lựu đạn mồ hôi nhễ nhại quả vải,"['con chuột nhắt', 'lựu đạn', 'mồ hôi nhễ nhại', 'quả vải']","['002328', '003330', '000440', '000390']"
xe máy truyền dịch bữa cơm sách,"['xe máy', 'truyền dịch', 'bữa cơm', 'sách']","['001992', '001576', '001873', '000611']"
vĩ đại xung đột Bắc Kạn nói dối,"['vĩ đại', 'xung đột', 'Bắc Kạn', 'nói dối']","['001821', '002062', '001503', '000034']"
giao thông hình dáng doanh trại câu ghép,"['giao thông', 'hình dáng', 'doanh trại', 'câu ghép']","['002860', '002999', '002590', '001985']"
nhà bác học số lẻ sao chép bản làng,"['nhà bác học', 'số lẻ', 'sao chép', 'bản làng']","['003601', '000730', '000633', '001355']"
bảng cửu chương tiếp tân lưu thánh địa Mỹ Sơn,"['bảng cửu chương', 'tiếp tân', 'lưu', 'thánh địa Mỹ Sơn']","['001399', '000009', '001461', '000976']"
xinh xắn quả dừa rón rén ý thức,"['xinh xắn', 'quả dừa', 'rón rén', 'ý thức']","['002032', '000328', '000561', '002086']"
trong suốt thung lũng hoa dâm bụt tổ tiên,"['trong suốt', 'thung lũng', 'hoa dâm bụt', 'tổ tiên']","['001502', '001000', '001010', '001386']"
lối đi bản lề nông nghiệp Tây Nguyên,"['lối đi', 'bản lề', 'nông nghiệp', 'Tây Nguyên']","['003289', '001357', '000066', '000891']"
tôn trọng quan tâm ăn xin mái chèo,"['tôn trọng', 'quan tâm', 'ăn xin', 'mái chèo']","['001390', '000399', '001276', '003336']"
cướp cờ cây tre mồ côi cha mẹ môn Giáo dục thể chất,"['cướp cờ', 'cây tre', 'mồ côi cha mẹ', 'môn Giáo dục thể chất']","['002510', '002049', '003420', '003431']"
ao chuôm đối xứng ai cho Mexico (nước Mexico),"['ao chuôm', 'đối xứng', 'ai cho', 'Mexico (nước Mexico)']","['001245', '002753', '000080', '003400']"
ă lắp ráp củ cải trắng dung tích,"['ă', 'lắp ráp', 'củ cải trắng', 'dung tích']","['001025', '003234', '002480', '002775']"
xếp hàng cả ngày lễ Nô-en người nước ngoài,"['xếp hàng', 'cả ngày', 'lễ Nô-en', 'người nước ngoài']","['002022', '000802', '003247', '000030']"
giết tập hợp (Toán học) lặn phụ thuộc,"['giết', 'tập hợp (Toán học)', 'lặn', 'phụ thuộc']","['002907', '000879', '003232', '000768']"
hấp huân chương tiết kiệm chuyện nhỏ,"['hấp', 'huân chương', 'tiết kiệm', 'chuyện nhỏ']","['000808', '003071', '001285', '000532']"
nhận thức nến chúng tôi (đại từ) cơ bắp,"['nhận thức', 'nến', 'chúng tôi (đại từ)', 'cơ bắp']","['003633', '003496', '000281', '002455']"
câu chuyện uốn tóc nhà bác học buổi sáng,"['câu chuyện', 'uốn tóc', 'nhà bác học', 'buổi sáng']","['001977', '001716', '003601', '001834']"
Thánh Gióng ông bà mù chữ ngon miệng,"['Thánh Gióng', 'ông bà', 'mù chữ', 'ngon miệng']","['001006', '000322', '000100', '003557']"
quả nhãn quyên góp bức tranh đánh bắt,"['quả nhãn', 'quyên góp', 'bức tranh', 'đánh bắt']","['000368', '000726', '001876', '002626']"
mưa phùn má nhận thức bệnh nhân,"['mưa phùn', 'má', 'nhận thức', 'bệnh nhân']","['003475', '003361', '003633', '001621']"
chức vụ cá kiếm con trăn kháu khỉnh,"['chức vụ', 'cá kiếm', 'con trăn', 'kháu khỉnh']","['002301', '000167', '002394', '000626']"
điều tra bán kính (hình tròn) thần kinh chữa bài,"['điều tra', 'bán kính (hình tròn)', 'thần kinh', 'chữa bài']","['002715', '001369', '001009', '002294']"
nghĩa bóng chăm học âm thanh mặt đất,"['nghĩa bóng', 'chăm học', 'âm thanh', 'mặt đất']","['003544', '002113', '001278', '003379']"
mặt nạ ủy ban nhân dân áo cánh biện pháp,"['mặt nạ', 'ủy ban nhân dân', 'áo cánh', 'biện pháp']","['003381', '001722', '001254', '001641']"
quả nhãn phép tính trong suốt môn Tự nhiên và Xã hội,"['quả nhãn', 'phép tính', 'trong suốt', 'môn Tự nhiên và Xã hội']","['000368', '000194', '001502', '003443']"
lắp ráp huyện tre lớn hơn 1 (Toán học),"['lắp ráp', 'huyện', 'tre', 'lớn hơn 1 (Toán học)']","['003234', '003082', '001466', '000654']"
vịnh mật khẩu bậc thang thầy cô,"['vịnh', 'mật khẩu', 'bậc thang', 'thầy cô']","['001839', '003389', '001549', '001017']"
sương gió dân tộc Thái kịp thời trung điểm,"['sương gió', 'dân tộc Thái', 'kịp thời', 'trung điểm']","['000809', '000684', '000151', '001548']"
ma quỷ niềm vui nghiên cứu chim chuyền cành,"['ma quỷ', 'niềm vui', 'nghiên cứu', 'chim chuyền cành']","['003333', '000022', '003541', '002282']"
sáo pha lê mạnh mẽ vỗ cánh,"['sáo', 'pha lê', 'mạnh mẽ', 'vỗ cánh']","['000636', '000134', '003344', '001879']"
gợi ý nguyên nhân 5000 (năm nghìn) tờ giấy,"['gợi ý', 'nguyên nhân', '5000 (năm nghìn)', 'tờ giấy']","['002933', '003577', '001173', '001410']"
hốt hoảng chất đốt thuận lợi hình tứ giác,"['hốt hoảng', 'chất đốt', 'thuận lợi', 'hình tứ giác']","['000530', '002146', '001156', '003007']"
lúc nào bơi cuối tuần bổ ích,"['lúc nào', 'bơi', 'cuối tuần', 'bổ ích']","['003306', '001781', '000892', '001717']"
dịu dàng quyên góp chim đại bàng phép tính,"['dịu dàng', 'quyên góp', 'chim đại bàng', 'phép tính']","['000930', '000726', '002205', '000194']"
toà án xăng nón đan,"['toà án', 'xăng', 'nón', 'đan']","['001364', '001970', '000039', '002615']"
phiên dịch cây thân gỗ cha da trắng,"['phiên dịch', 'cây thân gỗ', 'cha', 'da trắng']","['000201', '002043', '002059', '000750']"
Trần Quốc Toản lễ hội hóa trang thuộc lòng cột đèn,"['Trần Quốc Toản', 'lễ hội hóa trang', 'thuộc lòng', 'cột đèn']","['000464', '003249', '001174', '002449']"
chi tiết đau mắt Italia (nước Italia) con dê,"['chi tiết', 'đau mắt', 'Italia (nước Italia)', 'con dê']","['002167', '000775', '003092', '002339']"
buổi đêm vá quần áo thận viết lia lịa,"['buổi đêm', 'vá quần áo', 'thận', 'viết lia lịa']","['001828', '002122', '001011', '001833']"
liệt (liệt tay chân) cổ tay phản xạ con kiến,"['liệt (liệt tay chân)', 'cổ tay', 'phản xạ', 'con kiến']","['003270', '002413', '000152', '002353']"
Châu Á Thái Bình Dương du học mua bán môn Đạo đức,"['Châu Á Thái Bình Dương', 'du học', 'mua bán', 'môn Đạo đức']","['002155', '002597', '003460', '003427']"
tài năng hét (giống la) hình cầu pha cà phê,"['tài năng', 'hét (giống la)', 'hình cầu', 'pha cà phê']","['000825', '002979', '002997', '000130']"
thu mua pha cà phê nhân vật võ thuật,"['thu mua', 'pha cà phê', 'nhân vật', 'võ thuật']","['001131', '000130', '003630', '001852']"
xây bút thổi kèn quả thanh long,"['xây', 'bút', 'thổi kèn', 'quả thanh long']","['001980', '001865', '001091', '000388']"
hàng dọc ngày tháng đẹp đẽ (như đẹp) môi trường,"['hàng dọc', 'ngày tháng', 'đẹp đẽ (như đẹp)', 'môi trường']","['002948', '003502', '002680', '003424']"
phụ thuộc Oa-sinh-tơn ăn vú sữa mọc tóc,"['phụ thuộc', 'Oa-sinh-tơn', 'ăn vú sữa', 'mọc tóc']","['000768', '000087', '000400', '000628']"
chuyển động đều mái chèo bình thường gieo xúc xắc,"['chuyển động đều', 'mái chèo', 'bình thường', 'gieo xúc xắc']","['002286', '003336', '001669', '002905']"
nằm cờ môn Ngoại ngữ mục tiêu,"['nằm', 'cờ', 'môn Ngoại ngữ', 'mục tiêu']","['003486', '002464', '003438', '000898']"
vòng nguyệt quế bình thường dấu chia quả nho,"['vòng nguyệt quế', 'bình thường', 'dấu chia', 'quả nho']","['000493', '001667', '002553', '000370']"
vận chuyển viện bảo tàng khẩu hiệu tròn,"['vận chuyển', 'viện bảo tàng', 'khẩu hiệu', 'tròn']","['001792', '001829', '003127', '001493']"
cát không gian môn Tin học và Công nghệ bắn cung tên,"['cát', 'không gian', 'môn Tin học và Công nghệ', 'bắn cung tên']","['001953', '003159', '003441', '000496']"
cây đa bốc vác dãy núi Hoàng Liên Sơn củ khoai lang,"['cây đa', 'bốc vác', 'dãy núi Hoàng Liên Sơn', 'củ khoai lang']","['002027', '001727', '000550', '002472']"
to lớn mặt đất thẳng tắp cần khởi động,"['to lớn', 'mặt đất', 'thẳng tắp', 'cần khởi động']","['001346', '003379', '000991', '001967']"
vải lụa u ám ( trời u ám) anh ruột trả lời,"['vải lụa', 'u ám ( trời u ám)', 'anh ruột', 'trả lời']","['000713', '001700', '001239', '001424']"
số La Mã (Toán học) bắt nhường nhịn chục,"['số La Mã (Toán học)', 'bắt', 'nhường nhịn', 'chục']","['000507', '001535', '000020', '002261']"
gói (đgt) tượng đài ầm ĩ nội tiếp,"['gói (đgt)', 'tượng đài', 'ầm ĩ', 'nội tiếp']","['002925', '001698', '001280', '000064']"
kết luận tạo thành chanh muối róc rách,"['kết luận', 'tạo thành', 'chanh muối', 'róc rách']","['001012', '002164', '000850', '000559']"
anh ruột quanh năm bến phà đơn giản,"['anh ruột', 'quanh năm', 'bến phà', 'đơn giản']","['001235', '000552', '001609', '002774']"
khiêng pha cà phê hành quân gián tiếp,"['khiêng', 'pha cà phê', 'hành quân', 'gián tiếp']","['003134', '000130', '002958', '002876']"
chim chóc ham chơi hành quân gỗ,"['chim chóc', 'ham chơi', 'hành quân', 'gỗ']","['002204', '000740', '002958', '002931']"
rơm rớm con nhím tóc ngắn gương,"['rơm rớm', 'con nhím', 'tóc ngắn', 'gương']","['002766', '002371', '000915', '002937']"
quả su su đón muộn hàng ngang,"['quả su su', 'đón', 'muộn', 'hàng ngang']","['000382', '002727', '003474', '002950']"
Thanh Hóa tích cực kịch bản phụ huynh,"['Thanh Hóa', 'tích cực', 'kịch bản', 'phụ huynh']","['000955', '001249', '003187', '000286']"
tỉnh táo tăm vui mừng cây bàng,"['tỉnh táo', 'tăm', 'vui mừng', 'cây bàng']","['000659', '000867', '001901', '002017']"
đầu tàu mùa thu cá kiếm hơi nước,"['đầu tàu', 'mùa thu', 'cá kiếm', 'hơi nước']","['002649', '003466', '000167', '003066']"
di chuyển đàn xê lô đại vĩ cầm siêu âm rừng núi,"['di chuyển', 'đàn xê lô đại vĩ cầm', 'siêu âm', 'rừng núi']","['002573', '002616', '000683', '000596']"
trước bánh giò hút thuốc lá khổng lồ,"['trước', 'bánh giò', 'hút thuốc lá', 'khổng lồ']","['001594', '001439', '003077', '003161']"
quên tôi yêu bạn ấy góc bếp đường tròn,"['quên', 'tôi yêu bạn ấy', 'góc bếp', 'đường tròn']","['000451', '000292', '002919', '002797']"
quạt treo tường con chuột nhắt cối xay gió đại úy,"['quạt treo tường', 'con chuột nhắt', 'cối xay gió', 'đại úy']","['000423', '002328', '002425', '002614']"
tháo gỡ phép mầu vạm vỡ Phi-líp-pin (nước Phi-líp-pin),"['tháo gỡ', 'phép mầu', 'vạm vỡ', 'Phi-líp-pin (nước Phi-líp-pin)']","['000978', '000192', '001752', '000208']"
phân vân chùm vải mệt mỏi liếc nhìn,"['phân vân', 'chùm vải', 'mệt mỏi', 'liếc nhìn']","['000512', '002270', '000800', '000610']"
xếp hàng dọc cúi vắng lặng khắc phục,"['xếp hàng dọc', 'cúi', 'vắng lặng', 'khắc phục']","['002024', '002476', '001782', '003121']"
môn Kĩ thuật âm thanh huy hiệu đề nghị,"['môn Kĩ thuật', 'âm thanh', 'huy hiệu', 'đề nghị']","['003433', '001278', '003078', '002683']"
chất lỏng 4 khác thao thức,"['chất lỏng', '4', 'khác', 'thao thức']","['002150', '001130', '003110', '000721']"
lựu đạn vệ sinh cá nhân cầu (cây cầu) cụ già,"['lựu đạn', 'vệ sinh cá nhân', 'cầu (cây cầu)', 'cụ già']","['003330', '001811', '001995', '002487']"
trả lời phố cổ cá kho Ma Cao,"['trả lời', 'phố cổ', 'cá kho', 'Ma Cao']","['001424', '000266', '001898', '000016']"
nghiêm khắc va li đảo Trường Sa gang tay,"['nghiêm khắc', 'va li', 'đảo Trường Sa', 'gang tay']","['003547', '001736', '000837', '002823']"
cái vợt cá chiếu phim nhọn chó sói,"['cái vợt cá', 'chiếu phim', 'nhọn', 'chó sói']","['000950', '002199', '000008', '002218']"
ghép hình bát hương hình elip vồ,"['ghép hình', 'bát hương', 'hình elip', 'vồ']","['002846', '001489', '003000', '001877']"
ăn hối lộ lẩu tháo gỡ ghi chép,"['ăn hối lộ', 'lẩu', 'tháo gỡ', 'ghi chép']","['001270', '000804', '000978', '002847']"
gián tiếp chia tay ga tàu Đền Hùng,"['gián tiếp', 'chia tay', 'ga tàu', 'Đền Hùng']","['002876', '002185', '002813', '002691']"
nồi bơm nước điều phối con kiến,"['nồi', 'bơm nước', 'điều phối', 'con kiến']","['000049', '001787', '002709', '002354']"
cất giấu đánh chục nghìn mạnh mẽ,"['cất giấu', 'đánh', 'chục nghìn', 'mạnh mẽ']","['001973', '002625', '002262', '003344']"
công viên một đôi quyển vở Lâm Đồng,"['công viên', 'một đôi', 'quyển vở', 'Lâm Đồng']","['002440', '003445', '000489', '003235']"
nhào lộn xoá bỏ biển hiệu không cho,"['nhào lộn', 'xoá bỏ', 'biển hiệu', 'không cho']","['003614', '002036', '001637', '000082']"
ăn đủ liên quan dấu nhân môn Mĩ thuật,"['ăn đủ', 'liên quan', 'dấu nhân', 'môn Mĩ thuật']","['000937', '003266', '002557', '003437']"
bắt giữ dấu nặng đón tiếp xa xôi,"['bắt giữ', 'dấu nặng', 'đón tiếp', 'xa xôi']","['001543', '001126', '002728', '001930']"
một cặp bảo hiểm vật nuôi chị dâu,"['một cặp', 'bảo hiểm', 'vật nuôi', 'chị dâu']","['003444', '001459', '001798', '002175']"
nguồn gốc gãy chân bế em cộng (Toán học),"['nguồn gốc', 'gãy chân', 'bế em', 'cộng (Toán học)']","['003573', '002829', '001593', '002446']"
con đẻ khóa quần Tiền Giang mộc nhĩ,"['con đẻ', 'khóa quần', 'Tiền Giang', 'mộc nhĩ']","['002341', '003138', '001261', '003422']"
đàng hoàng ai đồn công an xăng-ti-mét-vuông (cm2),"['đàng hoàng', 'ai', 'đồn công an', 'xăng-ti-mét-vuông (cm2)']","['000511', '001201', '002742', '001976']"
sữa bột đối xứng say sưa nhân viên,"['sữa bột', 'đối xứng', 'say sưa', 'nhân viên']","['000778', '002753', '000642', '000010']"
trung điểm từ trái sang phải gậy của người già xóa bảng,"['trung điểm', 'từ trái sang phải', 'gậy của người già', 'xóa bảng']","['001548', '001660', '002844', '002034']"
nước tương (xì dầu) đẩy con trai (động vật) vai,"['nước tương (xì dầu)', 'đẩy', 'con trai (động vật)', 'vai']","['001688', '002657', '002393', '001744']"
còng phở cuốn thành viên ăn vú sữa (bằng thìa),"['còng', 'phở cuốn', 'thành viên', 'ăn vú sữa (bằng thìa)']","['002400', '000274', '000975', '000398']"
hợp lí đau mắt con hàu thiên đình,"['hợp lí', 'đau mắt', 'con hàu', 'thiên đình']","['003069', '000775', '000822', '001066']"
giàn khoan bạn mét khối (m3) bánh mì,"['giàn khoan', 'bạn', 'mét khối (m3)', 'bánh mì']","['002875', '001371', '003398', '001445']"
môn Giáo dục công dân gián tiếp khách sạn chặn,"['môn Giáo dục công dân', 'gián tiếp', 'khách sạn', 'chặn']","['003430', '002876', '003113', '002134']"
bánh giầy nhiều vô cùng phân tích bánh pizza,"['bánh giầy', 'nhiều vô cùng', 'phân tích', 'bánh pizza']","['001437', '001862', '000171', '001449']"
bắn cung tên không có chi thì thầm hành quân,"['bắn cung tên', 'không có chi', 'thì thầm', 'hành quân']","['000496', '000251', '000419', '002958']"
bộ truyện bay liệng (bay lượn) số lớn quát mắng,"['bộ truyện', 'bay liệng (bay lượn)', 'số lớn', 'quát mắng']","['001725', '001495', '000736', '000410']"
Tây Ninh khe cửa hành lang gửi quà,"['Tây Ninh', 'khe cửa', 'hành lang', 'gửi quà']","['000893', '003129', '002957', '002935']"
dây điện chim chuyền cành hung thủ cuộc sống,"['dây điện', 'chim chuyền cành', 'hung thủ', 'cuộc sống']","['002561', '002282', '003073', '002493']"
Âu Cơ lặng lẽ bút bi dung tích,"['Âu Cơ', 'lặng lẽ', 'bút bi', 'dung tích']","['001298', '003233', '001867', '002775']"
chanh nóng gù lưng tống tiền côn trùng,"['chanh nóng', 'gù lưng', 'tống tiền', 'côn trùng']","['000848', '002132', '001402', '002428']"
hứa bún mắm quả táo hợp tác,"['hứa', 'bún mắm', 'quả táo', 'hợp tác']","['000377', '000191', '000386', '003070']"
tròn cuống lá quả thanh long quyên góp,"['tròn', 'cuống lá', 'quả thanh long', 'quyên góp']","['001493', '002496', '000388', '000726']"
Cao Bằng địa đạo Củ Chi 100 màu nhiệm,"['Cao Bằng', 'địa đạo Củ Chi', '100', 'màu nhiệm']","['001939', '002698', '001167', '003351']"
khăn mặt gần gũi bệnh nhân bảng nhân,"['khăn mặt', 'gần gũi', 'bệnh nhân', 'bảng nhân']","['003122', '002839', '001621', '001411']"
nổi bật cổng tuỷ sống cỗ,"['nổi bật', 'cổng', 'tuỷ sống', 'cỗ']","['000053', '002444', '001638', '002418']"
mui xe sữa bột trung ương danh mục,"['mui xe', 'sữa bột', 'trung ương', 'danh mục']","['003473', '000778', '001566', '002523']"
pha cà phê bút bi góc vuông khoảng cách,"['pha cà phê', 'bút bi', 'góc vuông', 'khoảng cách']","['000130', '001867', '002923', '003141']"
bó hoa học kém Đông Timor (nước Đông Timor) cộng (Toán học),"['bó hoa', 'học kém', 'Đông Timor (nước Đông Timor)', 'cộng (Toán học)']","['001691', '003033', '002758', '002447']"
trục hoành nhảy dù rau dền dân ca,"['trục hoành', 'nhảy dù', 'rau dền', 'dân ca']","['001532', '003617', '000519', '002534']"
sống sót thân thiết báo (con báo) xịt côn trùng,"['sống sót', 'thân thiết', 'báo (con báo)', 'xịt côn trùng']","['000344', '001002', '001479', '002585']"
môn Khoa học khuy nhanh nhẹn nghĩ,"['môn Khoa học', 'khuy', 'nhanh nhẹn', 'nghĩ']","['003432', '003174', '003613', '003542']"
kêu mạch máu kim cương bằng phẳng,"['kêu', 'mạch máu', 'kim cương', 'bằng phẳng']","['003108', '003335', '000704', '001527']"
cuốn mưa phùn chanh muối băng giá,"['cuốn', 'mưa phùn', 'chanh muối', 'băng giá']","['002494', '003475', '000850', '001525']"
kim tương ứng bạn yêu bạn ấy lợi ích,"['kim', 'tương ứng', 'bạn yêu bạn ấy', 'lợi ích']","['003198', '001690', '000295', '003298']"
tụ tập gà trống dân ca tháng,"['tụ tập', 'gà trống', 'dân ca', 'tháng']","['001622', '002817', '002534', '000951']"
phân số bức tường đồng bằng dịch vụ,"['phân số', 'bức tường', 'đồng bằng', 'dịch vụ']","['000163', '001880', '002745', '002579']"
da trắng phân số bánh mì chia cắt,"['da trắng', 'phân số', 'bánh mì', 'chia cắt']","['000750', '000163', '001447', '002180']"
rau diếp cá mọc tóc phố cổ sáng,"['rau diếp cá', 'mọc tóc', 'phố cổ', 'sáng']","['000718', '000628', '000266', '001243']"
nhược điểm tập trung bò sát tính chất cơ bản của phân số,"['nhược điểm', 'tập trung', 'bò sát', 'tính chất cơ bản của phân số']","['000019', '000885', '001677', '001334']"
phục hồi tiếng Anh xôi gấc cung cấp,"['phục hồi', 'tiếng Anh', 'xôi gấc', 'cung cấp']","['000288', '001271', '000202', '000215']"
vé con công tươi cười gió Lào,"['vé', 'con công', 'tươi cười', 'gió Lào']","['001809', '002334', '001680', '002908']"
tuần sau sân chơi sức khỏe khóm dứa,"['tuần sau', 'sân chơi', 'sức khỏe', 'khóm dứa']","['000880', '000658', '000801', '003153']"
dựng phim lão già đun nấu hút thuốc lá,"['dựng phim', 'lão già', 'đun nấu', 'hút thuốc lá']","['002603', '003228', '002782', '003077']"
Cam-pu-chia (nước Cam-pu-chia) lỗi lầm câu đối tính chất giao hoán,"['Cam-pu-chia (nước Cam-pu-chia)', 'lỗi lầm', 'câu đối', 'tính chất giao hoán']","['001913', '003288', '001981', '001336']"
chia đôi rút gọn cái vợt cá Phi-líp-pin (nước Phi-líp-pin),"['chia đôi', 'rút gọn', 'cái vợt cá', 'Phi-líp-pin (nước Phi-líp-pin)']","['000560', '000585', '000950', '000212']"
chăm sóc sức khỏe cất giấu đánh cầu lông quay cóp,"['chăm sóc sức khỏe', 'cất giấu', 'đánh cầu lông', 'quay cóp']","['002115', '001973', '000743', '000414']"
sừng đất màu mỡ bãi cỏ câu chuyện,"['sừng', 'đất màu mỡ', 'bãi cỏ', 'câu chuyện']","['000803', '002647', '001323', '001977']"
leo trèo tiếp tục vá quần áo liên quan,"['leo trèo', 'tiếp tục', 'vá quần áo', 'liên quan']","['003241', '001275', '002122', '003266']"
phim truyện hiểu vùng vẫy (dành cho người) tiện nghi,"['phim truyện', 'hiểu', 'vùng vẫy (dành cho người)', 'tiện nghi']","['000225', '002993', '001914', '001265']"
sa mạc địa cầu đắt đỏ gấp đôi,"['sa mạc', 'địa cầu', 'đắt đỏ', 'gấp đôi']","['000433', '002697', '002643', '000554']"
thương yêu mênh mông no thân hình,"['thương yêu', 'mênh mông', 'no', 'thân hình']","['001232', '003403', '000026', '001001']"
tải về sữa sinh động khâm phục,"['tải về', 'sữa', 'sinh động', 'khâm phục']","['000591', '000799', '000695', '003125']"
thủ tướng bút bi giải lao bế em,"['thủ tướng', 'bút bi', 'giải lao', 'bế em']","['001143', '001867', '002869', '001593']"
bàn ghế tin cậy rửa mặt rong biển,"['bàn ghế', 'tin cậy', 'rửa mặt', 'rong biển']","['001339', '001308', '000870', '000563']"
gọt bút chì sinh đôi kẻ cắp răng cưa,"['gọt bút chì', 'sinh đôi', 'kẻ cắp', 'răng cưa']","['002928', '000902', '003093', '000533']"
lễ phép ngọn cây khách tiếc,"['lễ phép', 'ngọn cây', 'khách', 'tiếc']","['003250', '003561', '003111', '001251']"
cháu trai máy xúc cơm trứng,"['cháu trai', 'máy xúc', 'cơm', 'trứng']","['002103', '000698', '002466', '001586']"
rộng rãi kiểm tra ẩm ướt Bãi biển Vũng Tàu,"['rộng rãi', 'kiểm tra', 'ẩm ướt', 'Bãi biển Vũng Tàu']","['000575', '003189', '001284', '001319']"
nhảy lò cò hình bình hành ngón tay cái gương,"['nhảy lò cò', 'hình bình hành', 'ngón tay', 'cái gương']","['000646', '002996', '003560', '001908']"
giá trị quả nho đuốc áo ấm,"['giá trị', 'quả nho', 'đuốc', 'áo ấm']","['002864', '000370', '002783', '001252']"
xe máy tải về cầu Long Biên nhát gan,"['xe máy', 'tải về', 'cầu Long Biên', 'nhát gan']","['001992', '000591', '003157', '003615']"
phân vân ơ xếp hàng dọc kính lúp,"['phân vân', 'ơ', 'xếp hàng dọc', 'kính lúp']","['000512', '001069', '002024', '003203']"
cối xay lúa rón rén toàn cầu cơm,"['cối xay lúa', 'rón rén', 'toàn cầu', 'cơm']","['002426', '000561', '001370', '002466']"
vỗ tay liền trước vượt trội khắc phục,"['vỗ tay', 'liền trước', 'vượt trội', 'khắc phục']","['001881', '003269', '001926', '003121']"
giấy ăn thông báo ủng hộ con ba ba,"['giấy ăn', 'thông báo', 'ủng hộ', 'con ba ba']","['002896', '001093', '001706', '002311']"
giơ tay bản làng khe núi nhổ râu,"['giơ tay', 'bản làng', 'khe núi', 'nhổ râu']","['002911', '001355', '003130', '000614']"
tự lập dệt thở dài miền Bắc Việt Nam,"['tự lập', 'dệt', 'thở dài', 'miền Bắc Việt Nam']","['001662', '002572', '001113', '003406']"
bản nhạc tỏa hương khu vườn thủ tướng,"['bản nhạc', 'tỏa hương', 'khu vườn', 'thủ tướng']","['001359', '001368', '003168', '001143']"
chèo thuyền thổi chia cắt chọn lọc,"['chèo thuyền', 'thổi', 'chia cắt', 'chọn lọc']","['002162', '001087', '002180', '002222']"
thuê đàn bướm 10 000 (mười nghìn) câu văn,"['thuê', 'đàn bướm', '10 000 (mười nghìn)', 'câu văn']","['001166', '002618', '001177', '001993']"
xà phòng Cu ba (nước Cu ba) cấp cứu cứu,"['xà phòng', 'Cu ba (nước Cu ba)', 'cấp cứu', 'cứu']","['001934', '002470', '001969', '002512']"
Trần Quốc Toản bỏng đánh trống củ tỏi,"['Trần Quốc Toản', 'bỏng', 'đánh trống', 'củ tỏi']","['000464', '001703', '002629', '002483']"
nhà vệ sinh quan sát khối lượng Thái Nguyên,"['nhà vệ sinh', 'quan sát', 'khối lượng', 'Thái Nguyên']","['001016', '000574', '003158', '000929']"
nội quy làm ruộng mục đích mứt,"['nội quy', 'làm ruộng', 'mục đích', 'mứt']","['000062', '003216', '001206', '003476']"
ủng hộ đèn vàng con dế tham ăn,"['ủng hộ', 'đèn vàng', 'con dế', 'tham ăn']","['001706', '002671', '002340', '000061']"
khăn quàng lễ Nô-en rạp chiếu phim chùm nho,"['khăn quàng', 'lễ Nô-en', 'rạp chiếu phim', 'chùm nho']","['003123', '003248', '000509', '002269']"
màu nhiệm ủy ban phổ biến Trần Quốc Toản,"['màu nhiệm', 'ủy ban', 'phổ biến', 'Trần Quốc Toản']","['003351', '001720', '000262', '000464']"
khúc khuỷu nấm chúi đầu môn Toán,"['khúc khuỷu', 'nấm', 'chúi đầu', 'môn Toán']","['003170', '003490', '002265', '003442']"
tạo thành bé loắt choắt báo (con báo) thái độ,"['tạo thành', 'bé loắt choắt', 'báo (con báo)', 'thái độ']","['002164', '001577', '001475', '000923']"
rõ ràng hi vọng đối diện đuốc,"['rõ ràng', 'hi vọng', 'đối diện', 'đuốc']","['000555', '002988', '002736', '002783']"
dòng họ lũy tre nơ thực hành,"['dòng họ', 'lũy tre', 'nơ', 'thực hành']","['002593', '003312', '000073', '001216']"
gương mẫu bơm nước nông nghiệp đơn giản,"['gương mẫu', 'bơm nước', 'nông nghiệp', 'đơn giản']","['002939', '001787', '000066', '002774']"
con cua màu đen xoá bỏ lơ lửng,"['con cua', 'màu đen', 'xoá bỏ', 'lơ lửng']","['002335', '003346', '002036', '003295']"
hàng ngang nhân dân cưỡi ngựa có ích,"['hàng ngang', 'nhân dân', 'cưỡi ngựa', 'có ích']","['002950', '003626', '002504', '002308']"
Bru-nây (nước Bru-nây) đàng trong khâm phục về 2 (Miền Bắc),"['Bru-nây (nước Bru-nây)', 'đàng trong', 'khâm phục', 'về 2 (Miền Bắc)']","['001799', '002623', '003125', '000358']"
khóm dứa hoa lay ơn cao (núi) chim gõ kiến,"['khóm dứa', 'hoa lay ơn', 'cao (núi)', 'chim gõ kiến']","['003153', '003012', '001937', '002206']"
mồ côi minh hoạ cối xay lúa khởi nghiệp,"['mồ côi', 'minh hoạ', 'cối xay lúa', 'khởi nghiệp']","['003419', '003409', '002426', '000706']"
chiếu phim tuốt lúa thoát hiểm Hưng Yên,"['chiếu phim', 'tuốt lúa', 'thoát hiểm', 'Hưng Yên']","['002199', '001636', '001085', '003083']"
rế chuyền bóng lâu chị dâu,"['rế', 'chuyền bóng', 'lâu', 'chị dâu']","['000545', '002281', '000381', '002175']"
củ tỏi lối đi chớp mắt rạp chiếu phim,"['củ tỏi', 'lối đi', 'chớp mắt', 'rạp chiếu phim']","['002483', '003289', '002234', '000509']"
giải quyết không nghe lời f cầu Long Biên,"['giải quyết', 'không nghe lời', 'f', 'cầu Long Biên']","['002870', '000076', '001096', '003157']"
chính tả nấu nướng giấc ngủ giới hạn,"['chính tả', 'nấu nướng', 'giấc ngủ', 'giới hạn']","['002214', '000229', '002886', '002912']"
ngăn chặn nhưng đối tượng cháo sườn,"['ngăn chặn', 'nhưng', 'đối tượng', 'cháo sườn']","['003515', '000540', '002737', '000205']"
lũy tre dân tộc Mường phẫu thuật mũi quy đồng mẫu số,"['lũy tre', 'dân tộc Mường', 'phẫu thuật mũi', 'quy đồng mẫu số']","['003312', '000680', '000790', '000471']"
duy nhất cắt nhau góc nhọn giận dỗi,"['duy nhất', 'cắt nhau', 'góc nhọn', 'giận dỗi']","['000980', '001966', '002921', '002888']"
tóm lược chia từ phải sang trái trang phục,"['tóm lược', 'chia', 'từ phải sang trái', 'trang phục']","['001376', '002177', '001652', '001438']"
cạnh đối diện đèn điện tàu ngầm củ cải trắng,"['cạnh đối diện', 'đèn điện', 'tàu ngầm', 'củ cải trắng']","['001929', '002665', '000851', '002480']"
mồ côi tự trọng râu gà nướng lu,"['mồ côi', 'tự trọng', 'râu', 'gà nướng lu']","['003419', '000731', '000535', '000828']"
tác dụng nổ súng con nhím lợi ích,"['tác dụng', 'nổ súng', 'con nhím', 'lợi ích']","['000813', '000047', '002371', '003298']"
phản xạ nổ lốp xe con dâu sáng,"['phản xạ', 'nổ lốp xe', 'con dâu', 'sáng']","['000152', '000043', '002338', '001243']"
sáng v thường xuyên đòi,"['sáng', 'v', 'thường xuyên', 'đòi']","['001243', '001092', '000348', '000977']"
mâm cơm chính tả w đèn pin,"['mâm cơm', 'chính tả', 'w', 'đèn pin']","['003383', '002214', '001101', '002668']"
vây bắt tự (tự làm) tự hào lũy tre,"['vây bắt', 'tự (tự làm)', 'tự hào', 'lũy tre']","['001803', '001462', '000725', '003312']"
gà trống hoảng sợ bàn chải đánh răng chúng tôi (3 người) (đại từ),"['gà trống', 'hoảng sợ', 'bàn chải đánh răng', 'chúng tôi (3 người) (đại từ)']","['002817', '003024', '001335', '000275']"
xe đạp con dế ă thủ công,"['xe đạp', 'con dế', 'ă', 'thủ công']","['001988', '002340', '001025', '001141']"
đau tay cốc em rể làm việc,"['đau tay', 'cốc', 'em rể', 'làm việc']","['000779', '002423', '002804', '003217']"
a Quy Nhơn quần âu về 3 (đi về),"['a', 'Quy Nhơn', 'quần âu', 'về 3 (đi về)']","['001022', '000037', '000429', '000362']"
mắm con ngựa dân ca chú rể,"['mắm', 'con ngựa', 'dân ca', 'chú rể']","['003373', '002369', '002534', '002243']"
hoàn thành tay phải xông hơi bí ngô,"['hoàn thành', 'tay phải', 'xông hơi', 'bí ngô']","['003019', '000861', '002046', '001625']"
khổ sum họp kia mở màn,"['khổ', 'sum họp', 'kia', 'mở màn']","['003167', '000760', '000261', '003452']"
trông chờ bát hương cạnh đáy phương tiện,"['trông chờ', 'bát hương', 'cạnh đáy', 'phương tiện']","['001516', '001489', '001927', '000300']"
phim hoạt hình lối đi cây xanh cổ đại,"['phim hoạt hình', 'lối đi', 'cây xanh', 'cổ đại']","['000216', '003289', '002053', '002410']"
hạt tiêu Mã Lai (nước Ma-lai-xi-a) mất trí lãnh đạo,"['hạt tiêu', 'Mã Lai (nước Ma-lai-xi-a)', 'mất trí', 'lãnh đạo']","['002965', '000502', '003387', '003222']"
Kim Đồng quyến luyến trong khoảng chày,"['Kim Đồng', 'quyến luyến', 'trong khoảng', 'chày']","['001004', '000373', '000641', '002105']"
đoạn thơ trí thức sấm chớp quốc ca,"['đoạn thơ', 'trí thức', 'sấm chớp', 'quốc ca']","['002724', '001476', '000653', '000452']"
tròn trịa (mặt) sữa đánh răng bảo tàng,"['tròn trịa (mặt)', 'sữa', 'đánh răng', 'bảo tàng']","['001490', '000797', '002628', '001463']"
hoa dâm bụt dãy núi Hoàng Liên Sơn trạm xe buýt không dám,"['hoa dâm bụt', 'dãy núi Hoàng Liên Sơn', 'trạm xe buýt', 'không dám']","['001010', '000550', '001432', '000468']"
chục phơi quần áo khát nước má hồng,"['chục', 'phơi quần áo', 'khát nước', 'má hồng']","['002261', '000278', '003119', '000446']"
cuộc đời chất rắn tẩy chay giá sách,"['cuộc đời', 'chất rắn', 'tẩy chay', 'giá sách']","['002492', '002152', '000773', '002855']"
tái phát chiều rộng vào lớp tính chất,"['tái phát', 'chiều rộng', 'vào lớp', 'tính chất']","['000829', '002194', '001760', '001330']"
em họ nói leo phục hồi đóng góp,"['em họ', 'nói leo', 'phục hồi', 'đóng góp']","['000331', '000036', '000288', '002731']"
san sẻ dòng sông quàng khăn con mực,"['san sẻ', 'dòng sông', 'quàng khăn', 'con mực']","['000619', '002594', '000406', '002362']"
nước mắm hạt lúa bánh cuốn chung kết,"['nước mắm', 'hạt lúa', 'bánh cuốn', 'chung kết']","['000966', '002964', '001429', '002271']"
xe cảnh sát mắc áo nhiệt kế tổ tiên,"['xe cảnh sát', 'mắc áo', 'nhiệt kế', 'tổ tiên']","['001994', '003369', '003643', '001386']"
nhiều hơn ủy ban cụ quyển vở,"['nhiều hơn', 'ủy ban', 'cụ', 'quyển vở']","['003645', '001720', '002485', '000490']"
tai nạn quốc gia răng hô con dế,"['tai nạn', 'quốc gia', 'răng hô', 'con dế']","['000821', '000455', '000622', '002340']"
c quan sát rón rén trục tung,"['c', 'quan sát', 'rón rén', 'trục tung']","['001032', '000574', '000561', '001534']"
Ô-lim-píc tiếng nói quốc ca nhổ răng,"['Ô-lim-píc', 'tiếng nói', 'quốc ca', 'nhổ răng']","['000491', '001273', '000452', '000620']"
biển hiệu nông nghiệp theo đuổi ngày nay,"['biển hiệu', 'nông nghiệp', 'theo đuổi', 'ngày nay']","['001637', '000066', '001031', '003507']"
trong ngoài l say sưa chùm vải,"['trong ngoài', 'l', 'say sưa', 'chùm vải']","['001500', '001060', '000642', '002270']"
di truyền chia hết từ trái nghĩa con trăn,"['di truyền', 'chia hết', 'từ trái nghĩa', 'con trăn']","['002574', '002182', '001658', '002394']"
thanh niên lớp giáo sĩ nấm,"['thanh niên', 'lớp', 'giáo sĩ', 'nấm']","['000956', '003299', '002884', '003490']"
gậy của người già hạt tiêu dây xích ra ngoài,"['gậy của người già', 'hạt tiêu', 'dây xích', 'ra ngoài']","['002844', '002965', '002566', '000503']"
con chuột nhắt đau tay Tiền Giang hoạt hình,"['con chuột nhắt', 'đau tay', 'Tiền Giang', 'hoạt hình']","['002328', '000779', '001261', '003028']"
vỡ ủy ban nhân dân miền Bắc Việt Nam muối i-ốt,"['vỡ', 'ủy ban nhân dân', 'miền Bắc Việt Nam', 'muối i-ốt']","['001887', '001722', '003406', '003085']"
ai cho ý nghĩa lang thang chia đôi,"['ai cho', 'ý nghĩa', 'lang thang', 'chia đôi']","['000080', '002084', '003218', '000562']"
tam giác hạt lạc chuyển động quay ăn vụng,"['tam giác', 'hạt lạc', 'chuyển động quay', 'ăn vụng']","['000839', '002963', '002287', '000577']"
Hà Giang trung điểm quan hệ bàn bạc,"['Hà Giang', 'trung điểm', 'quan hệ', 'bàn bạc']","['002940', '001548', '000397', '001333']"
anh chị em lên ngôi người lái xe (ô tô) đếm,"['anh chị em', 'lên ngôi', 'người lái xe (ô tô)', 'đếm']","['001215', '003253', '003586', '002689']"
dây buộc tóc vạm vỡ bắp ngô cơm,"['dây buộc tóc', 'vạm vỡ', 'bắp ngô', 'cơm']","['002559', '001752', '001531', '002466']"
sấm chớp nhà thơ tự tin đại tướng,"['sấm chớp', 'nhà thơ', 'tự tin', 'đại tướng']","['000653', '003605', '001672', '002613']"
chị môn Kĩ thuật cánh tay chữ cái,"['chị', 'môn Kĩ thuật', 'cánh tay', 'chữ cái']","['002173', '003434', '001921', '002292']"
tính chất giao hoán anh chị em góc vườn Điện Biên Phủ,"['tính chất giao hoán', 'anh chị em', 'góc vườn', 'Điện Biên Phủ']","['001336', '001215', '002924', '002704']"
thực hành trạm xe buýt đoạn văn chén,"['thực hành', 'trạm xe buýt', 'đoạn văn', 'chén']","['001216', '001432', '002725', '002161']"
thêu in (ấn) xẻng đầu tư,"['thêu', 'in (ấn)', 'xẻng', 'đầu tư']","['001042', '003088', '002018', '000583']"
đẹp đẽ (như đẹp) anh ruột hình elip sắp xếp,"['đẹp đẽ (như đẹp)', 'anh ruột', 'hình elip', 'sắp xếp']","['002680', '001235', '003000', '000645']"
nhấp nháy thông thường hình hộp chữ nhật học trò,"['nhấp nháy', 'thông thường', 'hình hộp chữ nhật', 'học trò']","['003635', '001105', '003002', '003037']"
áo phông mái nhà buổi đêm cá kiếm,"['áo phông', 'mái nhà', 'buổi đêm', 'cá kiếm']","['001262', '003338', '001828', '000167']"
lưỡi câu địa cầu đấu vật ruột già,"['lưỡi câu', 'địa cầu', 'đấu vật', 'ruột già']","['003321', '002697', '002653', '000581']"
hòa bình tán thành phân vân vị trí,"['hòa bình', 'tán thành', 'phân vân', 'vị trí']","['003016', '000845', '000512', '001825']"
Đông Dương túm tóc tóc ngắn biểu thị,"['Đông Dương', 'túm tóc', 'tóc ngắn', 'biểu thị']","['002756', '001630', '000910', '001649']"
nhu cầu Tiền Giang đánh chum,"['nhu cầu', 'Tiền Giang', 'đánh', 'chum']","['000014', '001261', '002625', '002266']"
bài báo ấm áp đuôi cá phản động,"['bài báo', 'ấm áp', 'đuôi cá', 'phản động']","['001309', '001286', '000170', '000149']"
hạt cườm trả lời thèm bìa vở,"['hạt cườm', 'trả lời', 'thèm', 'bìa vở']","['002962', '001424', '000067', '001629']"
đề-xi-mét vuông (dm2) đất màu mỡ cuối tháng quả lê,"['đề-xi-mét vuông (dm2)', 'đất màu mỡ', 'cuối tháng', 'quả lê']","['002688', '002647', '000894', '000355']"
chứng minh tiếc màu đỏ vườn thú,"['chứng minh', 'tiếc', 'màu đỏ', 'vườn thú']","['002303', '001253', '003347', '001924']"
gián tiếp hay là (hoặc là) nhảy dù sợi,"['gián tiếp', 'hay là (hoặc là)', 'nhảy dù', 'sợi']","['002876', '000546', '003617', '000749']"
phong cách sữa đặc lùi bước thờ cúng,"['phong cách', 'sữa đặc', 'lùi bước', 'thờ cúng']","['000230', '000785', '003310', '001111']"
nạn nhân thâm quầng mắt va chạm chuyển động quay,"['nạn nhân', 'thâm quầng mắt', 'va chạm', 'chuyển động quay']","['003479', '000723', '001734', '002287']"
chợ nổi Cái Răng ngập ngừng chăn nuôi mời,"['chợ nổi Cái Răng', 'ngập ngừng', 'chăn nuôi', 'mời']","['002229', '000448', '002129', '003455']"
màn dãy nhà chục triệu ngăn chặn,"['màn', 'dãy nhà', 'chục triệu', 'ngăn chặn']","['003342', '002530', '002263', '003515']"
ông nội chiều rộng mũ lưỡi trai dãy nhà,"['ông nội', 'chiều rộng', 'mũ lưỡi trai', 'dãy nhà']","['000114', '002194', '003459', '002530']"
môn Sinh học diêm chăm sóc sức khỏe ma quỷ,"['môn Sinh học', 'diêm', 'chăm sóc sức khỏe', 'ma quỷ']","['003439', '002580', '002119', '003333']"
tính cách ấm đun nước số chín nước mắm,"['tính cách', 'ấm đun nước', 'số chín', 'nước mắm']","['001328', '001288', '000727', '000966']"
chất hữu cơ vòng đeo tay giẻ lau đô thị,"['chất hữu cơ', 'vòng đeo tay', 'giẻ lau', 'đô thị']","['002149', '001847', '002904', '002732']"
ngộ độc lựu đạn sa mạc khóa cửa,"['ngộ độc', 'lựu đạn', 'sa mạc', 'khóa cửa']","['003566', '003330', '000433', '003143']"
23 liền trước hoa lay ơn sân khấu,"['23', 'liền trước', 'hoa lay ơn', 'sân khấu']","['001158', '003269', '003012', '000661']"
bế em nhiều hơn xôi khát nước,"['bế em', 'nhiều hơn', 'xôi', 'khát nước']","['001593', '003645', '002044', '003119']"
góc nhọn đuốc hình tứ giác cây phượng,"['góc nhọn', 'đuốc', 'hình tứ giác', 'cây phượng']","['002921', '002783', '003007', '002039']"
công nghiệp cặp sách taxi khoan (cái khoan),"['công nghiệp', 'cặp sách', 'taxi', 'khoan (cái khoan)']","['000674', '001962', '000856', '003140']"
sâu bọ cực khổ vái tứ phương chuyển động,"['sâu bọ', 'cực khổ', 'vái tứ phương', 'chuyển động']","['000677', '000219', '001750', '002285']"
tím tái nhận hàng thả mồi con cú mèo,"['tím tái', 'nhận hàng', 'thả mồi', 'con cú mèo']","['001306', '003631', '000919', '002336']"
khách tập hợp (Toán học) gửi thư hàng triệu,"['khách', 'tập hợp (Toán học)', 'gửi thư', 'hàng triệu']","['003111', '000879', '002936', '002954']"
người xấu lối đi bố trí doanh trại,"['người xấu', 'lối đi', 'bố trí', 'doanh trại']","['003593', '003289', '001723', '002590']"
tự (tự làm) vi khuẩn anh ruột hòa bình,"['tự (tự làm)', 'vi khuẩn', 'anh ruột', 'hòa bình']","['001462', '001817', '001239', '003016']"
thở cháu họ quả bưởi tự lập,"['thở', 'cháu họ', 'quả bưởi', 'tự lập']","['001117', '000339', '000310', '001662']"
cây xanh tươi đàn bầu hú vía Nam bán cầu,"['cây xanh tươi', 'đàn bầu', 'hú vía', 'Nam bán cầu']","['001965', '002617', '000155', '003477']"
rèn sắt ngô đóng góp tài giỏi,"['rèn sắt', 'ngô', 'đóng góp', 'tài giỏi']","['000539', '003565', '002731', '000823']"
tranh luận nhụy hoa vẫy vùng (cá) thuỷ điện,"['tranh luận', 'nhụy hoa', 'vẫy vùng (cá)', 'thuỷ điện']","['001440', '000015', '001807', '001176']"
nhận thức bức tường tri kỉ thiếu niên,"['nhận thức', 'bức tường', 'tri kỉ', 'thiếu niên']","['003633', '001880', '001040', '001081']"
thân thiện cá kho quả roi nhảy dù,"['thân thiện', 'cá kho', 'quả roi', 'nhảy dù']","['001005', '001900', '000376', '003617']"
thuyền rồng lẩu giải lao đẩy,"['thuyền rồng', 'lẩu', 'giải lao', 'đẩy']","['001195', '000804', '002869', '002657']"
trà đèn báo giao thông ngã ba bên phải,"['trà', 'đèn báo giao thông', 'ngã ba', 'bên phải']","['001420', '002661', '003498', '001601']"
thụ phấn (hoa) nghĩ phở cuốn nổi nóng,"['thụ phấn (hoa)', 'nghĩ', 'phở cuốn', 'nổi nóng']","['001293', '003542', '000274', '000059']"
tỉ lệ đuốc vực sâu thì thầm,"['tỉ lệ', 'đuốc', 'vực sâu', 'thì thầm']","['001238', '002783', '003169', '000419']"
sân nhà vững chắc quả su su ngược lại,"['sân nhà', 'vững chắc', 'quả su su', 'ngược lại']","['000662', '001922', '000382', '003582']"
bó hoa mách nổi giận cây tre,"['bó hoa', 'mách', 'nổi giận', 'cây tre']","['001691', '000141', '000057', '002049']"
lãnh đạo điều hòa rơm rớm sáng,"['lãnh đạo', 'điều hòa', 'rơm rớm', 'sáng']","['003222', '002711', '002766', '001243']"
thống nhất đất nước thú y bản đồ Việt Nam anh chị,"['thống nhất đất nước', 'thú y', 'bản đồ Việt Nam', 'anh chị']","['000667', '001155', '001349', '001213']"
để (đặt) nước mắt vui sướng hạt cườm,"['để (đặt)', 'nước mắt', 'vui sướng', 'hạt cườm']","['002682', '000079', '001905', '002962']"
động viên béo cục tẩy rộng rãi,"['động viên', 'béo', 'cục tẩy', 'rộng rãi']","['002770', '001585', '002488', '000575']"
thẳng tắp bánh xe hình học cưỡi ngựa,"['thẳng tắp', 'bánh xe', 'hình học', 'cưỡi ngựa']","['000991', '001455', '003001', '002504']"
co dãn tập hợp rỗng đón tiếp con voi,"['co dãn', 'tập hợp rỗng', 'đón tiếp', 'con voi']","['002305', '000881', '002728', '002396']"
thác gọt bút chì bọt xà phòng tóm tắt,"['thác', 'gọt bút chì', 'bọt xà phòng', 'tóm tắt']","['000921', '002928', '001713', '001378']"
xăng-ti-mét (cm) chợ nổi Cái Bè cụ thể thề,"['xăng-ti-mét (cm)', 'chợ nổi Cái Bè', 'cụ thể', 'thề']","['001972', '002228', '002474', '001036']"
cờ ca rô dàn bài chợ nổi Cái Bè va chạm,"['cờ ca rô', 'dàn bài', 'chợ nổi Cái Bè', 'va chạm']","['002465', '002517', '002228', '001734']"
bãi cát phao con khỉ a,"['bãi cát', 'phao', 'con khỉ', 'a']","['001321', '000154', '002351', '001022']"
răng khểnh ngoại hình đồ chơi khăn quàng,"['răng khểnh', 'ngoại hình', 'đồ chơi', 'khăn quàng']","['000624', '003551', '002733', '003123']"
môn Ngoại ngữ â từ trái nghĩa bảng trừ,"['môn Ngoại ngữ', 'â', 'từ trái nghĩa', 'bảng trừ']","['003438', '001029', '001654', '001423']"
em gái hiếu thảo bản đồ Việt Nam lão già,"['em gái', 'hiếu thảo', 'bản đồ Việt Nam', 'lão già']","['002802', '002994', '001353', '003228']"
róc rách yếm một tiếng phà,"['róc rách', 'yếm', 'một tiếng', 'phà']","['000559', '002090', '000866', '000136']"
yên ngựa bị động con ốc ăn đủ,"['yên ngựa', 'bị động', 'con ốc', 'ăn đủ']","['002505', '001627', '002377', '000937']"
uốn tóc đ sợi chỉ trung thành,"['uốn tóc', 'đ', 'sợi chỉ', 'trung thành']","['001716', '001037', '000751', '001558']"
bổ ích không gian công chúa màu xanh lá cây,"['bổ ích', 'không gian', 'công chúa', 'màu xanh lá cây']","['001717', '003159', '002430', '003358']"
tòa soạn đối xứng giả mạo cần khởi động,"['tòa soạn', 'đối xứng', 'giả mạo', 'cần khởi động']","['001366', '002753', '002853', '001967']"
nhà nước bài báo chong chóng hi vọng,"['nhà nước', 'bài báo', 'chong chóng', 'hi vọng']","['002600', '001309', '002224', '002986']"
bên trong Đồng Tháp Mười ôn tập kẻ cắp,"['bên trong', 'Đồng Tháp Mười', 'ôn tập', 'kẻ cắp']","['001607', '002748', '000099', '003093']"
luật lệ đàng trong óc tổ trưởng,"['luật lệ', 'đàng trong', 'óc', 'tổ trưởng']","['003304', '002623', '000089', '001388']"
khát vọng xịt côn trùng bánh đúc thiệt thòi,"['khát vọng', 'xịt côn trùng', 'bánh đúc', 'thiệt thòi']","['003120', '002585', '001433', '001077']"
áo cánh nhân cách hoá I-rắc (nước I-rắc) 10,"['áo cánh', 'nhân cách hoá', 'I-rắc (nước I-rắc)', '10']","['001254', '003624', '003086', '001146']"
tính cách con tôm bãi tắm chú hề,"['tính cách', 'con tôm', 'bãi tắm', 'chú hề']","['001328', '002392', '001327', '002242']"
thần kì mặt dài công nghiệp Đặng Văn Ngữ,"['thần kì', 'mặt dài', 'công nghiệp', 'Đặng Văn Ngữ']","['001310', '003382', '000676', '002642']"
đề-xi-mét khối (dm3) mũ lưỡi trai thèm nội tiếp,"['đề-xi-mét khối (dm3)', 'mũ lưỡi trai', 'thèm', 'nội tiếp']","['002687', '003459', '000067', '000064']"
hệ bài tiết vận chuyển chúng tôi (4 người) (đại từ) va chạm,"['hệ bài tiết', 'vận chuyển', 'chúng tôi (4 người) (đại từ)', 'va chạm']","['001317', '001792', '000277', '001734']"
bột màu bênh vực bảng học sinh cháu ngoại,"['bột màu', 'bênh vực', 'bảng học sinh', 'cháu ngoại']","['001767', '001617', '001389', '002091']"
hoang mang giáo sĩ pha cà phê vỡ,"['hoang mang', 'giáo sĩ', 'pha cà phê', 'vỡ']","['003115', '002884', '000130', '001887']"
tôm hùm khói cô đơn nấm,"['tôm hùm', 'khói', 'cô đơn', 'nấm']","['000819', '003152', '002403', '003490']"
ít hơn giá trị tuyệt đối tờ báo bánh hamburger,"['ít hơn', 'giá trị tuyệt đối', 'tờ báo', 'bánh hamburger']","['003090', '002868', '001404', '000830']"
thiếu thốn súp lơ dân tộc Khơ me thầy cúng,"['thiếu thốn', 'súp lơ', 'dân tộc Khơ me', 'thầy cúng']","['000460', '000176', '000682', '001021']"
chim yến chuyện nhỏ trúng thưởng hòa bình,"['chim yến', 'chuyện nhỏ', 'trúng thưởng', 'hòa bình']","['002208', '000532', '001568', '003016']"
lùi bước tim trói tay đập,"['lùi bước', 'tim', 'trói tay', 'đập']","['003310', '001297', '001488', '002645']"
cháy rừng răng mắm ngày xưa,"['cháy rừng', 'răng', 'mắm', 'ngày xưa']","['002107', '000531', '003373', '003513']"
triều đình phân số từ ngữ lồng tiếng,"['triều đình', 'phân số', 'từ ngữ', 'lồng tiếng']","['001480', '000163', '001650', '003294']"
hình hộp chữ nhật đảo Trường Sa phản bội suy nghĩ,"['hình hộp chữ nhật', 'đảo Trường Sa', 'phản bội', 'suy nghĩ']","['003002', '000837', '000145', '000765']"
đòi hỏi â giận dữ xuyên Việt,"['đòi hỏi', 'â', 'giận dữ', 'xuyên Việt']","['000979', '001029', '002889', '000465']"
nước ép trái cây chó cắn tính nhẩm con cừu,"['nước ép trái cây', 'chó cắn', 'tính nhẩm', 'con cừu']","['000836', '000516', '001340', '002337']"
bình sữa (em bé) quyền lợi môn Sinh học dân ca,"['bình sữa (em bé)', 'quyền lợi', 'môn Sinh học', 'dân ca']","['000974', '000475', '003439', '002534']"
dân tộc Mường nhạy cảm nấm yêu nước Việt Nam,"['dân tộc Mường', 'nhạy cảm', 'nấm', 'yêu nước Việt Nam']","['000680', '003620', '003490', '000523']"
sắp xếp ngày khai trường xóa bảng thần chết,"['sắp xếp', 'ngày khai trường', 'xóa bảng', 'thần chết']","['000645', '003499', '002034', '001007']"
bó hoa thả diều thề cây thông,"['bó hoa', 'thả diều', 'thề', 'cây thông']","['001691', '000917', '001036', '003326']"
bánh hamburger Khánh Hòa diện tích xung quanh sa thải,"['bánh hamburger', 'Khánh Hòa', 'diện tích xung quanh', 'sa thải']","['000830', '003118', '002583', '002785']"
bức tranh ngoắc tay khó tiêu buộc dây,"['bức tranh', 'ngoắc tay', 'khó tiêu', 'buộc dây']","['001876', '003554', '002166', '001822']"
triệu phú bế em điện thoại nhập trường,"['triệu phú', 'bế em', 'điện thoại', 'nhập trường']","['001305', '001593', '002705', '003636']"
bụi đời nghĩ 7 xâm hại tình dục,"['bụi đời', 'nghĩ', '7', 'xâm hại tình dục']","['001808', '003542', '001140', '003552']"
vuốt tóc từ bỏ đường cao tiết kiệm,"['vuốt tóc', 'từ bỏ', 'đường cao', 'tiết kiệm']","['001918', '001646', '002788', '001281']"
bên trái hạt giả bộ (giống giả vờ) mật khẩu,"['bên trái', 'hạt', 'giả bộ (giống giả vờ)', 'mật khẩu']","['001603', '002961', '002852', '003390']"
chu vi lông gà ủng hộ mít tinh,"['chu vi', 'lông gà', 'ủng hộ', 'mít tinh']","['002235', '003291', '001706', '000454']"
bánh cốm nhà nước phố cổ trong khoảng,"['bánh cốm', 'nhà nước', 'phố cổ', 'trong khoảng']","['001427', '002602', '000266', '000641']"
ca nô nghiêm khắc lọ hoa phòng bệnh,"['ca nô', 'nghiêm khắc', 'lọ hoa', 'phòng bệnh']","['001894', '003546', '003280', '000239']"
Do Thái muối i-ốt mẫu số số chẵn,"['Do Thái', 'muối i-ốt', 'mẫu số', 'số chẵn']","['000018', '003085', '003392', '000724']"
toa lét tinh trùng quốc tế phép tính,"['toa lét', 'tinh trùng', 'quốc tế', 'phép tính']","['001352', '001184', '000462', '000194']"
cơ hội cơ sở chức năng quý hiếm,"['cơ hội', 'cơ sở', 'chức năng', 'quý hiếm']","['002456', '002460', '002296', '000487']"
vị ngữ một tiếng chặt chẽ nhọn,"['vị ngữ', 'một tiếng', 'chặt chẽ', 'nhọn']","['001823', '000866', '002138', '000008']"
chia phần cộng (Toán học) chanh nóng học bổng,"['chia phần', 'cộng (Toán học)', 'chanh nóng', 'học bổng']","['002183', '002448', '000848', '003032']"
luật lệ việc làm chức năng cuống hoa,"['luật lệ', 'việc làm', 'chức năng', 'cuống hoa']","['003304', '001827', '002296', '002477']"
đếm nhanh nhẹn nhỏ tuổi nhổ tóc,"['đếm', 'nhanh nhẹn', 'nhỏ tuổi', 'nhổ tóc']","['002689', '003613', '000004', '000612']"
danh nhân tia nắng yêu mến (yêu quí) ham chơi,"['danh nhân', 'tia nắng', 'yêu mến (yêu quí)', 'ham chơi']","['002524', '001244', '002110', '000740']"
dừng lại đường hầm thuyền chài ma quỷ,"['dừng lại', 'đường hầm', 'thuyền chài', 'ma quỷ']","['000415', '002791', '001193', '003333']"
quần yếm quạt cây sữa liếc nhìn,"['quần yếm', 'quạt cây', 'sữa', 'liếc nhìn']","['000438', '000412', '000795', '000606']"
khăn quàng hình cầu thành viên nấm,"['khăn quàng', 'hình cầu', 'thành viên', 'nấm']","['003123', '002997', '000975', '003490']"
chất lỏng thông tin tương lai phim truyện,"['chất lỏng', 'thông tin', 'tương lai', 'phim truyện']","['002150', '001107', '000637', '000225']"
câu ghép tha thứ Hà Lan (nước Hà Lan) ngữ pháp,"['câu ghép', 'tha thứ', 'Hà Lan (nước Hà Lan)', 'ngữ pháp']","['001985', '000912', '002941', '001159']"
lời nói sáng kiến thần kì con voi,"['lời nói', 'sáng kiến', 'thần kì', 'con voi']","['003297', '000625', '001310', '002397']"
má tưởng tượng sách giáo khoa chọi trâu,"['má', 'tưởng tượng', 'sách giáo khoa', 'chọi trâu']","['003361', '001694', '000613', '002221']"
Socola con chuột nhắt rực rỡ chúng tôi (2 người) (đại từ),"['Socola', 'con chuột nhắt', 'rực rỡ', 'chúng tôi (2 người) (đại từ)']","['000858', '002328', '000234', '000273']"
trường tiểu học trông chờ câu ghép đề tài,"['trường tiểu học', 'trông chờ', 'câu ghép', 'đề tài']","['001590', '001516', '001985', '002685']"
môn Đạo đức tính chất bằng nhau thèm Võ Thị Sáu,"['môn Đạo đức', 'tính chất bằng nhau', 'thèm', 'Võ Thị Sáu']","['003428', '001332', '000067', '000453']"
ăn vú sữa (bằng thìa) trống (không có gì) cốc gửi thư,"['ăn vú sữa (bằng thìa)', 'trống (không có gì)', 'cốc', 'gửi thư']","['000398', '002755', '002423', '002936']"
bên trái bình sữa (em bé) Nam bán cầu Tây Ninh,"['bên trái', 'bình sữa (em bé)', 'Nam bán cầu', 'Tây Ninh']","['001603', '000974', '003477', '000893']"
rau dền đi đường sắt vỗ cánh,"['rau dền', 'đi', 'đường sắt', 'vỗ cánh']","['000519', '002693', '002794', '001879']"
suối đồ uống xe khách gốm sứ,"['suối', 'đồ uống', 'xe khách', 'gốm sứ']","['000763', '000943', '002000', '002932']"
người xấu bên dưới về (Sài Gòn) tam giác,"['người xấu', 'bên dưới', 'về (Sài Gòn)', 'tam giác']","['003591', '001599', '000356', '000839']"
thần kinh bồi bàn gãy tay gọt bút chì (cái),"['thần kinh', 'bồi bàn', 'gãy tay', 'gọt bút chì (cái)']","['001009', '001745', '002830', '002927']"
hẹn con đẻ lễ vật tôn trọng,"['hẹn', 'con đẻ', 'lễ vật', 'tôn trọng']","['000367', '002341', '003251', '001390']"
hoa giấy bồi bàn quốc ca phân số tối giản,"['hoa giấy', 'bồi bàn', 'quốc ca', 'phân số tối giản']","['001008', '001745', '000452', '000169']"
ngôn ngữ lễ bế giảng vô lo vô nghĩ bộ sách,"['ngôn ngữ', 'lễ bế giảng', 'vô lo vô nghĩ', 'bộ sách']","['003571', '003243', '001866', '001739']"
bờm tóc thông thường hiểu cụ thể,"['bờm tóc', 'thông thường', 'hiểu', 'cụ thể']","['001791', '001105', '002992', '002474']"
cụm từ xếp hàng ngang trúng thưởng toàn cầu,"['cụm từ', 'xếp hàng ngang', 'trúng thưởng', 'toàn cầu']","['002491', '002026', '001568', '001370']"
thích nghi tiện nghi anh chị em quần yếm,"['thích nghi', 'tiện nghi', 'anh chị em', 'quần yếm']","['002245', '001265', '001215', '000438']"
bánh bột lọc phẫu thuật chân bể bơi ngày của Cha,"['bánh bột lọc', 'phẫu thuật chân', 'bể bơi', 'ngày của Cha']","['001425', '000786', '001589', '000111']"
đối xử ngâm hạt phòng máy tính hiểu,"['đối xử', 'ngâm hạt', 'phòng máy tính', 'hiểu']","['002752', '003520', '000250', '002992']"
nổi dậy công sức nhiều vô cùng tia nắng,"['nổi dậy', 'công sức', 'nhiều vô cùng', 'tia nắng']","['000055', '002434', '001862', '001244']"
hình vẽ 7up mơ ước lựu,"['hình vẽ', '7up', 'mơ ước', 'lựu']","['003008', '000862', '003448', '003329']"
ghi chú chim chóc tiết kiệm bụi đời,"['ghi chú', 'chim chóc', 'tiết kiệm', 'bụi đời']","['002848', '002204', '001283', '001808']"
xô đánh trống kháng sinh thóc (gạo),"['xô', 'đánh trống', 'kháng sinh', 'thóc (gạo)']","['002042', '002629', '003117', '001086']"
cười nhếch mép vững chắc hối hận văn nghệ,"['cười nhếch mép', 'vững chắc', 'hối hận', 'văn nghệ']","['000056', '001922', '003058', '001772']"
dầu ăn củ tỏi giàn khoan d,"['dầu ăn', 'củ tỏi', 'giàn khoan', 'd']","['002547', '002483', '002875', '001034']"
la hét thắng lợi cái nhíp trình độ,"['la hét', 'thắng lợi', 'cái nhíp', 'trình độ']","['003207', '000993', '001909', '001484']"
lớp rau biển đông tình yêu,"['lớp', 'rau', 'biển đông', 'tình yêu']","['003299', '000510', '001635', '001324']"
cây cổ thụ u ám ( trời u ám) khu vực cách ly mi-li-mét (mm),"['cây cổ thụ', 'u ám ( trời u ám)', 'khu vực cách ly', 'mi-li-mét (mm)']","['002021', '001700', '000996', '003404']"
khiêng xây nồi chú hề,"['khiêng', 'xây', 'nồi', 'chú hề']","['003134', '001980', '000049', '002242']"
gọt bút chì (cái) khát vọng bảo thủ dây xích,"['gọt bút chì (cái)', 'khát vọng', 'bảo thủ', 'dây xích']","['002927', '003120', '001465', '002566']"
hắt hơi áo phông chớp mắt bật lửa,"['hắt hơi', 'áo phông', 'chớp mắt', 'bật lửa']","['002968', '001264', '002234', '001559']"
trung ương cây xanh tươi lũy tre xã,"['trung ương', 'cây xanh tươi', 'lũy tre', 'xã']","['001566', '001963', '003312', '001960']"
Hạ Long giáo dục làm được sinh tố,"['Hạ Long', 'giáo dục', 'làm được', 'sinh tố']","['002942', '002883', '000932', '000707']"
gọt bút chì (cái) chữa cháy xử lý áo ấm,"['gọt bút chì (cái)', 'chữa cháy', 'xử lý', 'áo ấm']","['002927', '002295', '000256', '001252']"
hữu nghị hướng dẫn lao phổi san hô,"['hữu nghị', 'hướng dẫn', 'lao phổi', 'san hô']","['000494', '003084', '003224', '000617']"
giả sử doanh trại co giật gãy tay,"['giả sử', 'doanh trại', 'co giật', 'gãy tay']","['002854', '002590', '002306', '002830']"
sức khỏe củ gừng hồi hộp đánh trống,"['sức khỏe', 'củ gừng', 'hồi hộp', 'đánh trống']","['000801', '002481', '003053', '002629']"
giống nhau bùng binh phân số lốc xoáy,"['giống nhau', 'bùng binh', 'phân số', 'lốc xoáy']","['002910', '001230', '000163', '000916']"
đi dạo nhận vô ý con cá,"['đi dạo', 'nhận', 'vô ý', 'con cá']","['000354', '003632', '001874', '002319']"
chim gõ kiến phổi đăng ký chen lấn,"['chim gõ kiến', 'phổi', 'đăng ký', 'chen lấn']","['002206', '000270', '002638', '002159']"
kiến thức tóc dựng đứng bài báo độc lập,"['kiến thức', 'tóc dựng đứng', 'bài báo', 'độc lập']","['003194', '002050', '001309', '002750']"
miền Nam Việt Nam An Giang báo (con báo) dài hạn,"['miền Nam Việt Nam', 'An Giang', 'báo (con báo)', 'dài hạn']","['003407', '001203', '001475', '002516']"
bụi tre vỡ đối tượng khai mạc,"['bụi tre', 'vỡ', 'đối tượng', 'khai mạc']","['003154', '001887', '002737', '003116']"
chia cắt diện tích toàn phần bổ ích bắt đền,"['chia cắt', 'diện tích toàn phần', 'bổ ích', 'bắt đền']","['002180', '002582', '001717', '001539']"
vào thìa cây cọ đóng dấu,"['vào', 'thìa', 'cây cọ', 'đóng dấu']","['001758', '001057', '000994', '002730']"
chính xác bánh gai sân nhà bùn,"['chính xác', 'bánh gai', 'sân nhà', 'bùn']","['002216', '001435', '000662', '001818']"
mét khối (m3) khói hối lộ nổi nóng,"['mét khối (m3)', 'khói', 'hối lộ', 'nổi nóng']","['003398', '003152', '003059', '000059']"
đồ ăn tự lập thèm huyện,"['đồ ăn', 'tự lập', 'thèm', 'huyện']","['000945', '001664', '000067', '003081']"
thơm có ích phản bội mĩ thuật,"['thơm', 'có ích', 'phản bội', 'mĩ thuật']","['001125', '002308', '000147', '003405']"
sữa rửa mặt đổi óc lá cây,"['sữa rửa mặt', 'đổi', 'óc', 'lá cây']","['000793', '002735', '000089', '003208']"
nhấp nháy vùng vẫy (dành cho người) nhà tù rế,"['nhấp nháy', 'vùng vẫy (dành cho người)', 'nhà tù', 'rế']","['003635', '001914', '003609', '000545']"
kính lúp chứng minh Trần Quốc Toản đường ray xe lửa,"['kính lúp', 'chứng minh', 'Trần Quốc Toản', 'đường ray xe lửa']","['003203', '002303', '000464', '000959']"
dân tộc Khơ me xách túi tay chân sạch sẽ dấu sắc,"['dân tộc Khơ me', 'xách túi', 'tay chân sạch sẽ', 'dấu sắc']","['000682', '001952', '000920', '001108']"
vị trí mớ rau nhược điểm đầy tớ,"['vị trí', 'mớ rau', 'nhược điểm', 'đầy tớ']","['001825', '003454', '000019', '002656']"
bảo thủ tôm hùm phá biểu đồ hình quạt,"['bảo thủ', 'tôm hùm', 'phá', 'biểu đồ hình quạt']","['001465', '000819', '000142', '001647']"
môn Sinh học quả vải hoa giấy chúng tôi (5 người) (đại từ),"['môn Sinh học', 'quả vải', 'hoa giấy', 'chúng tôi (5 người) (đại từ)']","['003439', '000390', '001008', '000279']"
chất dẻo cổng chương trình vội vã,"['chất dẻo', 'cổng', 'chương trình', 'vội vã']","['002145', '002444', '002298', '001883']"
muốn tạo thành bắc bán cầu nhà trường,"['muốn', 'tạo thành', 'bắc bán cầu', 'nhà trường']","['003415', '002164', '001497', '003607']"
tròn l khoan chọi gà,"['tròn', 'l', 'khoan', 'chọi gà']","['001493', '001060', '003146', '002220']"
dây thần kinh hoan hô lạc quan Hung-ga-ri (nước Hung-ga-ri),"['dây thần kinh', 'hoan hô', 'lạc quan', 'Hung-ga-ri (nước Hung-ga-ri)']","['002564', '002124', '003212', '003074']"
đánh trống nông nghiệp lấy Bun-ga-ri (nước Bun-ga-ri),"['đánh trống', 'nông nghiệp', 'lấy', 'Bun-ga-ri (nước Bun-ga-ri)']","['002629', '000066', '003240', '001816']"
học tập mùa đông bánh pizza chúc tết,"['học tập', 'mùa đông', 'bánh pizza', 'chúc tết']","['003036', '003462', '001449', '002258']"
thực vật chuyển động đều thụ phấn (hoa) thuỷ thủ,"['thực vật', 'chuyển động đều', 'thụ phấn (hoa)', 'thuỷ thủ']","['001226', '002286', '001293', '001182']"
cảnh vật sân trường mất trí thu mua,"['cảnh vật', 'sân trường', 'mất trí', 'thu mua']","['001919', '000670', '003387', '001131']"
dấu hỏi không muốn con muỗi bánh đa,"['dấu hỏi', 'không muốn', 'con muỗi', 'bánh đa']","['001116', '000430', '002361', '001431']"
nhường nhịn nhổ tóc môn Lịch sử lễ hội,"['nhường nhịn', 'nhổ tóc', 'môn Lịch sử', 'lễ hội']","['000020', '000612', '003436', '003246']"
vi khuẩn chất độc Long Vương phòng chống,"['vi khuẩn', 'chất độc', 'Long Vương', 'phòng chống']","['001817', '002147', '000508', '000242']"
không có chi bàn phím (máy vi tính) tuốt lúa hàng dọc,"['không có chi', 'bàn phím (máy vi tính)', 'tuốt lúa', 'hàng dọc']","['000251', '001343', '001636', '002948']"
câu đố mất trí quân đội bánh hamburger,"['câu đố', 'mất trí', 'quân đội', 'bánh hamburger']","['001979', '003387', '000425', '000830']"
cõng Long An gián tiếp khố,"['cõng', 'Long An', 'gián tiếp', 'khố']","['002401', '003285', '002876', '003162']"
tủi thân phở cuốn lớp ngược đãi,"['tủi thân', 'phở cuốn', 'lớp', 'ngược đãi']","['001628', '000274', '003299', '003581']"
vô ý thức rừng rậm bổ trợ phép tính,"['vô ý thức', 'rừng rậm', 'bổ trợ', 'phép tính']","['001875', '000599', '001721', '000194']"
hành động bóc vỏ rạp chiếu phim lồng bàn,"['hành động', 'bóc vỏ', 'rạp chiếu phim', 'lồng bàn']","['002956', '001695', '000509', '003292']"
bỏ qua đường cao tính cách dây buộc tóc,"['bỏ qua', 'đường cao', 'tính cách', 'dây buộc tóc']","['001685', '002788', '001328', '002559']"
biểu thị đàng hoàng hệ bài tiết bình thường,"['biểu thị', 'đàng hoàng', 'hệ bài tiết', 'bình thường']","['001649', '000511', '001317', '001671']"
con ong Lào (nước Lào) máy in Tiền Giang,"['con ong', 'Lào (nước Lào)', 'máy in', 'Tiền Giang']","['002375', '003226', '003366', '001261']"
chống đối tính chất kết hợp Đồng Tháp Mười cái vợt cá,"['chống đối', 'tính chất kết hợp', 'Đồng Tháp Mười', 'cái vợt cá']","['002225', '001338', '002748', '000950']"
thờ cúng đối xử Bạc Liêu chặt,"['thờ cúng', 'đối xử', 'Bạc Liêu', 'chặt']","['001111', '002752', '001307', '002136']"
khâu vá cây ngô vệ sinh cá nhân tiện nghi,"['khâu vá', 'cây ngô', 'vệ sinh cá nhân', 'tiện nghi']","['003126', '002033', '001811', '001265']"
Tết hàn thực đưa đón số đo đánh cầu lông,"['Tết hàn thực', 'đưa đón', 'số đo', 'đánh cầu lông']","['000102', '002786', '000729', '000743']"
tiện nghi cua đồng cối xay lúa toa lét,"['tiện nghi', 'cua đồng', 'cối xay lúa', 'toa lét']","['001265', '000820', '002426', '001352']"
tiêu cực bánh giò ốm đau hình hộp chữ nhật,"['tiêu cực', 'bánh giò', 'ốm đau', 'hình hộp chữ nhật']","['001287', '001439', '000095', '003002']"
mùa hè xã hội con hàu giao hoán,"['mùa hè', 'xã hội', 'con hàu', 'giao hoán']","['003463', '001948', '000822', '002877']"
công nghiệp tình cờ la hét đấu vật,"['công nghiệp', 'tình cờ', 'la hét', 'đấu vật']","['000674', '001314', '003207', '002653']"
công sức lượt đi thác thổi bóng,"['công sức', 'lượt đi', 'thác', 'thổi bóng']","['002434', '000714', '000921', '001089']"
phê bình phổ biến xoa đầu chum,"['phê bình', 'phổ biến', 'xoa đầu', 'chum']","['000196', '000262', '000232', '002266']"
tưởng tượng Kim Đồng ngoặc đơn cốc,"['tưởng tượng', 'Kim Đồng', 'ngoặc đơn', 'cốc']","['001694', '001004', '003555', '002423']"
thổi bóng giấy ủy quyền đối thoại,"['thổi bóng', 'giấy', 'ủy quyền', 'đối thoại']","['001089', '002893', '001726', '002751']"
trú mưa giúp đỡ con vượn củ sả,"['trú mưa', 'giúp đỡ', 'con vượn', 'củ sả']","['001530', '002915', '000954', '002484']"
kiến thức tàu hoả số chẵn khoan (khoan đã),"['kiến thức', 'tàu hoả', 'số chẵn', 'khoan (khoan đã)']","['003194', '000849', '000724', '003410']"
nước mắm huyện ốm đau Châu Á Thái Bình Dương,"['nước mắm', 'huyện', 'ốm đau', 'Châu Á Thái Bình Dương']","['000966', '003081', '000095', '002155']"
hòa bình dây thừng cá mập bộ đội,"['hòa bình', 'dây thừng', 'cá mập', 'bộ đội']","['003016', '002565', '002200', '001737']"
con cua quả roi chi tiết bột màu,"['con cua', 'quả roi', 'chi tiết', 'bột màu']","['002335', '000378', '002167', '001767']"
mũm mĩm khoan (cái khoan) vé hàng trăm nghìn,"['mũm mĩm', 'khoan (cái khoan)', 'vé', 'hàng trăm nghìn']","['000906', '003140', '001809', '002953']"
con mèo quyển vở quan trọng chữ cái,"['con mèo', 'quyển vở', 'quan trọng', 'chữ cái']","['002360', '000490', '000402', '002292']"
người lái xe (ô tô) chương trình con khỉ ngũ quả,"['người lái xe (ô tô)', 'chương trình', 'con khỉ', 'ngũ quả']","['003585', '002298', '002351', '003572']"
đun nấu lối đi không đẹp thường xuyên,"['đun nấu', 'lối đi', 'không đẹp', 'thường xuyên']","['002782', '003289', '000271', '000348']"
xã hội tham dự dấu chấm hỏi khoáng sản,"['xã hội', 'tham dự', 'dấu chấm hỏi', 'khoáng sản']","['001950', '000933', '002551', '000668']"
Thừa Thiên – Huế hỏng cây bàng củ đậu,"['Thừa Thiên – Huế', 'hỏng', 'cây bàng', 'củ đậu']","['001214', '003044', '002017', '002471']"
thần kì bạn gái thuyền rồng hàng trăm nghìn,"['thần kì', 'bạn gái', 'thuyền rồng', 'hàng trăm nghìn']","['001310', '001381', '001195', '002953']"
dòng họ tròn trịa (mặt) bánh pía phim tài liệu,"['dòng họ', 'tròn trịa (mặt)', 'bánh pía', 'phim tài liệu']","['002593', '001490', '001451', '000220']"
phố giá trị tuyệt đối chất thải tím tái,"['phố', 'giá trị tuyệt đối', 'chất thải', 'tím tái']","['000264', '002868', '002153', '001306']"
trình độ liền sau giẫm sân trường,"['trình độ', 'liền sau', 'giẫm', 'sân trường']","['001484', '003268', '002887', '000669']"
hãng tàu thuyền răng cưa không ngon hợp đồng,"['hãng tàu thuyền', 'răng cưa', 'không ngon', 'hợp đồng']","['001453', '000533', '000442', '003068']"
thầy giáo Chi-lê (nước Chi-lê) định vị ham chơi,"['thầy giáo', 'Chi-lê (nước Chi-lê)', 'định vị', 'ham chơi']","['001026', '002176', '002717', '000740']"
bên trái tính từ gắp thức ăn lượm,"['bên trái', 'tính từ', 'gắp thức ăn', 'lượm']","['001603', '001344', '002836', '003323']"
hoang mang tổng hợp trung điểm trình độ,"['hoang mang', 'tổng hợp', 'trung điểm', 'trình độ']","['003115', '001394', '001548', '001484']"
nhảy cao thợ rèn dám làm sáng tạo,"['nhảy cao', 'thợ rèn', 'dám làm', 'sáng tạo']","['003616', '001121', '000466', '000627']"
trường PTCS (cấp 2) kém đền không có chi,"['trường PTCS (cấp 2)', 'kém', 'đền', 'không có chi']","['001610', '003097', '002690', '000251']"
ngược đãi sợi dây tượng đài trắng tay,"['ngược đãi', 'sợi dây', 'tượng đài', 'trắng tay']","['003581', '000753', '001698', '001454']"
cột sống quả mít phật (tượng) danh lam thắng cảnh,"['cột sống', 'quả mít', 'phật (tượng)', 'danh lam thắng cảnh']","['002454', '000357', '000190', '002522']"
chữa bệnh ô nhiễm súc miệng gặt lúa,"['chữa bệnh', 'ô nhiễm', 'súc miệng', 'gặt lúa']","['002300', '000093', '000759', '002838']"
môi trường bụi đời ngán phao,"['môi trường', 'bụi đời', 'ngán', 'phao']","['003424', '001808', '000816', '000154']"
con cừu ao chuôm tuần trước bẫy chuột (dụng cụ),"['con cừu', 'ao chuôm', 'tuần trước', 'bẫy chuột (dụng cụ)']","['002337', '001245', '000888', '001565']"
bán kính (hình tròn) dân chài liên kết buổi trưa,"['bán kính (hình tròn)', 'dân chài', 'liên kết', 'buổi trưa']","['001369', '002535', '003263', '001846']"
cơm rang phiền hà chúng tôi (đại từ) giải vô địch,"['cơm rang', 'phiền hà', 'chúng tôi (đại từ)', 'giải vô địch']","['000207', '000474', '000281', '002871']"
sự thật k sờ má,"['sự thật', 'k', 'sờ', 'má']","['000769', '001058', '000926', '003361']"
mía tán thành con cừu thánh địa Mỹ Sơn,"['mía', 'tán thành', 'con cừu', 'thánh địa Mỹ Sơn']","['000844', '000845', '002337', '000976']"
âm thanh cô giáo bít tất đẹp mê hồn,"['âm thanh', 'cô giáo', 'bít tất', 'đẹp mê hồn']","['001278', '002406', '001673', '002681']"
gương mặt nhộn nhịp (đông người) cô đơn phòng học tin học,"['gương mặt', 'nhộn nhịp (đông người)', 'cô đơn', 'phòng học tin học']","['002938', '000660', '002403', '000247']"
luyện từ và câu ki-lô-mét vuông (km2) tay xôi gấc,"['luyện từ và câu', 'ki-lô-mét vuông (km2)', 'tay', 'xôi gấc']","['003314', '003180', '000859', '000202']"
rộng rãi phục vụ tình cờ rơm rớm,"['rộng rãi', 'phục vụ', 'tình cờ', 'rơm rớm']","['000575', '000290', '001314', '002766']"
thừa nghĩ viện nghiên cứu máy chiếu,"['thừa', 'nghĩ', 'viện nghiên cứu', 'máy chiếu']","['001208', '003542', '001831', '003364']"
1 000 000 (một triệu) quay phim chai cảnh vật,"['1 000 000 (một triệu)', 'quay phim', 'chai', 'cảnh vật']","['001185', '000416', '002069', '001919']"
biến đổi sóng biển nô lệ lẫn lộn,"['biến đổi', 'sóng biển', 'nô lệ', 'lẫn lộn']","['001639', '000712', '000040', '003236']"
liếc nhìn quả bưởi bắp ngô bỏ rơi,"['liếc nhìn', 'quả bưởi', 'bắp ngô', 'bỏ rơi']","['000608', '000310', '001531', '001687']"
Thăng Long về 3 (đi về) rau cải thảo thói quen,"['Thăng Long', 'về 3 (đi về)', 'rau cải thảo', 'thói quen']","['000549', '000362', '000517', '000071']"
rau ngót con tôm dãy núi hàng ngang,"['rau ngót', 'con tôm', 'dãy núi', 'hàng ngang']","['000522', '002392', '002531', '002950']"
cảng Sài Gòn rộng lớn 90 vào mùa,"['cảng Sài Gòn', 'rộng lớn', '90', 'vào mùa']","['000702', '000573', '001165', '001761']"
bỏ rơi nhà trường sinh hoạt câu ghép,"['bỏ rơi', 'nhà trường', 'sinh hoạt', 'câu ghép']","['001687', '003608', '000697', '001985']"
c áo đồng phục dòng sông chảy thừa,"['c', 'áo đồng phục', 'dòng sông chảy', 'thừa']","['001032', '001260', '000934', '001208']"
hình vuông môn Địa lý nước mắm động cơ,"['hình vuông', 'môn Địa lý', 'nước mắm', 'động cơ']","['001916', '002130', '000966', '002768']"
thánh địa Mỹ Sơn vỗ về danh sách Bắc bộ,"['thánh địa Mỹ Sơn', 'vỗ về', 'danh sách', 'Bắc bộ']","['000976', '000529', '002525', '001499']"
trang phục dừng lại mỗi ngày hợp tác,"['trang phục', 'dừng lại', 'mỗi ngày', 'hợp tác']","['001438', '000415', '000389', '003070']"
vịnh Hạ Long lễ vật hắt hơi phích nước,"['vịnh Hạ Long', 'lễ vật', 'hắt hơi', 'phích nước']","['001841', '003251', '002968', '000200']"
sương gió cao tốc bên phải em họ,"['sương gió', 'cao tốc', 'bên phải', 'em họ']","['000809', '001951', '001601', '000329']"
cảnh giác cổ truyền quả vải phấp phới,"['cảnh giác', 'cổ truyền', 'quả vải', 'phấp phới']","['000570', '002414', '000390', '000188']"
uốn dẻo mạnh mẽ chùm nho Phi-líp-pin (nước Phi-líp-pin),"['uốn dẻo', 'mạnh mẽ', 'chùm nho', 'Phi-líp-pin (nước Phi-líp-pin)']","['001714', '003344', '002269', '000208']"
nhân viên ca nô về 4 (từ nơi khác về) vở chèo,"['nhân viên', 'ca nô', 'về 4 (từ nơi khác về)', 'vở chèo']","['000010', '001894', '000364', '001885']"
toà án đấu vật tạo dáng con cóc,"['toà án', 'đấu vật', 'tạo dáng', 'con cóc']","['001364', '002653', '000847', '002330']"
xâm hại tình dục màu đỏ Lạc Long Quân con nuôi,"['xâm hại tình dục', 'màu đỏ', 'Lạc Long Quân', 'con nuôi']","['003552', '003347', '003211', '002372']"
tô màu nhọn sừng bò đối diện,"['tô màu', 'nhọn', 'sừng bò', 'đối diện']","['001382', '000008', '000805', '002736']"
100 dịch vụ chuyển đồ chùa Một Cột,"['100', 'dịch vụ', 'chuyển đồ', 'chùa Một Cột']","['001167', '002578', '002283', '002251']"
khô héo đường kính khắc phục một tiếng,"['khô héo', 'đường kính', 'khắc phục', 'một tiếng']","['003155', '002792', '003121', '000868']"
Lượm không nghe lời bán kính (hình tròn) thêu,"['Lượm', 'không nghe lời', 'bán kính (hình tròn)', 'thêu']","['000694', '000078', '001369', '001042']"
thở con ong chim chào mào yêu cầu,"['thở', 'con ong', 'chim chào mào', 'yêu cầu']","['001117', '002375', '002202', '002100']"
thiếu niên kéo co 23 chia sẻ,"['thiếu niên', 'kéo co', '23', 'chia sẻ']","['001081', '000648', '001158', '002184']"
phương tiện đấu tranh ngon giấc in (ấn),"['phương tiện', 'đấu tranh', 'ngon giấc', 'in (ấn)']","['000300', '002652', '003556', '003088']"
cây xanh tươi bệnh thủy đậu kiếm (cái kiếm) nhiều hơn,"['cây xanh tươi', 'bệnh thủy đậu', 'kiếm (cái kiếm)', 'nhiều hơn']","['001965', '001619', '003191', '003645']"
đua xe máy may mắn dòng sông chảy diện tích,"['đua xe máy', 'may mắn', 'dòng sông chảy', 'diện tích']","['002780', '000221', '000934', '002581']"
giám sát nhà văn hóa trở thành tải về,"['giám sát', 'nhà văn hóa', 'trở thành', 'tải về']","['000572', '000992', '001528', '000591']"
đuốc ế ẩm tự lập Thánh Gióng,"['đuốc', 'ế ẩm', 'tự lập', 'Thánh Gióng']","['002783', '002809', '001662', '001006']"
sĩ diện chuẩn bị quan sát Mã Lai (nước Ma-lai-xi-a),"['sĩ diện', 'chuẩn bị', 'quan sát', 'Mã Lai (nước Ma-lai-xi-a)']","['000679', '002254', '000574', '000504']"
thầy cúng tập thể dục áo phông tay,"['thầy cúng', 'tập thể dục', 'áo phông', 'tay']","['001021', '000883', '001264', '000859']"
tạo dáng sáng tạo vi khuẩn đất ruộng,"['tạo dáng', 'sáng tạo', 'vi khuẩn', 'đất ruộng']","['000847', '000627', '001817', '000258']"
nhà trường xe cứu thương Bắc Giang bẫy chuột (dụng cụ),"['nhà trường', 'xe cứu thương', 'Bắc Giang', 'bẫy chuột (dụng cụ)']","['003608', '001998', '001501', '001565']"
sừng nguy hiểm nhà sàn báo thù,"['sừng', 'nguy hiểm', 'nhà sàn', 'báo thù']","['000803', '003575', '003603', '001485']"
nhà thờ vịnh tâm thần đồng bào,"['nhà thờ', 'vịnh', 'tâm thần', 'đồng bào']","['003606', '001839', '000869', '002759']"
bẫy chuột (hành động) cửa sổ Ê-ti-ô-pi-a (nước Ê-ti-ô-pi-a) ngoắc tay,"['bẫy chuột (hành động)', 'cửa sổ', 'Ê-ti-ô-pi-a (nước Ê-ti-ô-pi-a)', 'ngoắc tay']","['001561', '002503', '002810', '003554']"
hay là (hoặc là) công nhận tha thứ chú hề,"['hay là (hoặc là)', 'công nhận', 'tha thứ', 'chú hề']","['000546', '002433', '000912', '002242']"
bay liệng (bay lượn) nhắc nhở thùng tàu hoả,"['bay liệng (bay lượn)', 'nhắc nhở', 'thùng', 'tàu hoả']","['001495', '003621', '001170', '000849']"
da trắng quy đồng mẫu số rong biển quàng khăn,"['da trắng', 'quy đồng mẫu số', 'rong biển', 'quàng khăn']","['000750', '000471', '000563', '000406']"
điều khiển sinh sống rạp chiếu phim sân chơi,"['điều khiển', 'sinh sống', 'rạp chiếu phim', 'sân chơi']","['002713', '000705', '000509', '000658']"
rửa mặt vượt trội người bán hàng quả dừa,"['rửa mặt', 'vượt trội', 'người bán hàng', 'quả dừa']","['000870', '001926', '003583', '000332']"
sáng tạo buộc tóc bướng bỉnh tính chất,"['sáng tạo', 'buộc tóc', 'bướng bỉnh', 'tính chất']","['000627', '001824', '001886', '001330']"
đón lược chất hữu cơ xôi,"['đón', 'lược', 'chất hữu cơ', 'xôi']","['002727', '003316', '002149', '002044']"
phố cổ Hội an Tết Trung thu cuộc đời để (đặt),"['phố cổ Hội an', 'Tết Trung thu', 'cuộc đời', 'để (đặt)']","['000268', '000911', '002492', '002682']"
dọc ý chí đèn vàng lông,"['dọc', 'ý chí', 'đèn vàng', 'lông']","['002591', '002078', '002671', '003290']"
huyện thẳng tắp ngày nay Đông Dương,"['huyện', 'thẳng tắp', 'ngày nay', 'Đông Dương']","['003081', '000991', '003507', '002756']"
giàu có đũa triều đình môn Giáo dục công dân,"['giàu có', 'đũa', 'triều đình', 'môn Giáo dục công dân']","['002885', '002781', '001480', '003430']"
Thăng Long con cá nhổ lông mày cày ruộng,"['Thăng Long', 'con cá', 'nhổ lông mày', 'cày ruộng']","['000549', '002320', '000616', '001959']"
số lẻ Do Thái trần nhà móc áo,"['số lẻ', 'Do Thái', 'trần nhà', 'móc áo']","['000730', '000018', '001460', '003411']"
cầu Long Biên nhụy hoa chiếm đoạt con chuột nhắt,"['cầu Long Biên', 'nhụy hoa', 'chiếm đoạt', 'con chuột nhắt']","['003157', '000015', '002190', '002328']"
tay buồn nôn chùm vải khoe,"['tay', 'buồn nôn', 'chùm vải', 'khoe']","['000859', '001853', '002270', '003150']"
ê dấu chấm hỏi sừng sấm chớp,"['ê', 'dấu chấm hỏi', 'sừng', 'sấm chớp']","['001045', '002551', '000803', '000653']"
cuống hoa triều đình bánh hamburger người máy,"['cuống hoa', 'triều đình', 'bánh hamburger', 'người máy']","['002477', '001480', '000830', '003589']"
thẳng hàng (Toán học) ngữ pháp buộc tóc Ê-ti-ô-pi-a (nước Ê-ti-ô-pi-a),"['thẳng hàng (Toán học)', 'ngữ pháp', 'buộc tóc', 'Ê-ti-ô-pi-a (nước Ê-ti-ô-pi-a)']","['000989', '001157', '001824', '002810']"
trường PTCS (cấp 2) tia nắng sinh động trắng tay,"['trường PTCS (cấp 2)', 'tia nắng', 'sinh động', 'trắng tay']","['001608', '001244', '000695', '001454']"
hối hận tuốt lúa viết lia lịa nước tới chân mới nhảy,"['hối hận', 'tuốt lúa', 'viết lia lịa', 'nước tới chân mới nhảy']","['003058', '001636', '001833', '002241']"
khổng lồ quét nhà từ chối bó hoa,"['khổng lồ', 'quét nhà', 'từ chối', 'bó hoa']","['003161', '000443', '000228', '001691']"
tranh luận cặp sách hét (giống la) tham dự,"['tranh luận', 'cặp sách', 'hét (giống la)', 'tham dự']","['001440', '001962', '002979', '000931']"
thiên thần bệnh Đao - Down Thánh Gióng chỉ khâu,"['thiên thần', 'bệnh Đao - Down', 'Thánh Gióng', 'chỉ khâu']","['001071', '000798', '001006', '002171']"
kim cương đại số 3 khoang tàu,"['kim cương', 'đại số', '3', 'khoang tàu']","['000704', '002611', '001128', '003147']"
gửi quà dấu chấm than xông hơi mênh mông,"['gửi quà', 'dấu chấm than', 'xông hơi', 'mênh mông']","['002935', '002552', '002046', '003403']"
đồng tiền phương pháp cơ quan vực sâu,"['đồng tiền', 'phương pháp', 'cơ quan', 'vực sâu']","['002765', '000298', '002459', '003169']"
đại tướng vô ý thức luyện tập danh từ,"['đại tướng', 'vô ý thức', 'luyện tập', 'danh từ']","['002613', '001875', '003313', '002526']"
cao tốc số chín chia cắt lĩnh hội,"['cao tốc', 'số chín', 'chia cắt', 'lĩnh hội']","['001951', '000727', '002180', '003274']"
nô lệ mía mô tả củ tỏi,"['nô lệ', 'mía', 'mô tả', 'củ tỏi']","['000040', '000844', '000904', '002483']"
đường chỉ tay ngõ đòi con đường,"['đường chỉ tay', 'ngõ', 'đòi', 'con đường']","['002172', '003558', '000977', '002343']"
cầu Long Biên môi bồn rửa bát trăng,"['cầu Long Biên', 'môi', 'bồn rửa bát', 'trăng']","['003157', '003423', '001751', '001448']"
doanh trại chuyên gia buông màn người yêu,"['doanh trại', 'chuyên gia', 'buông màn', 'người yêu']","['002590', '002279', '001857', '003599']"
phim tài liệu chén con ốc địa đạo Củ Chi,"['phim tài liệu', 'chén', 'con ốc', 'địa đạo Củ Chi']","['000220', '002161', '002377', '002698']"
quả đu đủ bụng học tập tiết kiệm,"['quả đu đủ', 'bụng', 'học tập', 'tiết kiệm']","['000340', '001820', '003036', '001285']"
Hà Giang xếp hàng triều cường nhi đồng,"['Hà Giang', 'xếp hàng', 'triều cường', 'nhi đồng']","['002940', '002022', '001478', '003641']"
xăng bẫy chuột (dụng cụ) đề tài số lớn,"['xăng', 'bẫy chuột (dụng cụ)', 'đề tài', 'số lớn']","['001970', '001565', '002685', '000736']"
tàu thuyền trưởng nhóm kịch bản p,"['tàu thuyền', 'trưởng nhóm', 'kịch bản', 'p']","['000853', '001618', '003187', '001074']"
trục hoành đen đủi lượt đi ngô,"['trục hoành', 'đen đủi', 'lượt đi', 'ngô']","['001532', '000595', '000714', '003564']"
Bình Phước hình dáng nhà tù sinh tố,"['Bình Phước', 'hình dáng', 'nhà tù', 'sinh tố']","['001663', '002999', '003609', '000707']"
trúng thưởng hội thoại đầu tàu Quy Nhơn,"['trúng thưởng', 'hội thoại', 'đầu tàu', 'Quy Nhơn']","['001568', '000650', '002649', '000037']"
vắt chanh giã Tuy Hoà sách toán,"['vắt chanh', 'giã', 'Tuy Hoà', 'sách toán']","['000842', '002861', '000035', '000615']"
tinh trùng đi chức năng quả sầu riêng,"['tinh trùng', 'đi', 'chức năng', 'quả sầu riêng']","['001184', '002693', '002296', '000380']"
chiếm đoạt Nam Định hiếu thảo tia nắng,"['chiếm đoạt', 'Nam Định', 'hiếu thảo', 'tia nắng']","['002190', '003478', '002994', '001244']"
phiên dịch chim phượng hoàng ác mộng xâm hại tình dục,"['phiên dịch', 'chim phượng hoàng', 'ác mộng', 'xâm hại tình dục']","['000201', '002207', '001196', '003552']"
ngâm hạt lẫn lộn lượt đi khoảng cách,"['ngâm hạt', 'lẫn lộn', 'lượt đi', 'khoảng cách']","['003520', '003236', '000714', '003141']"
chày lĩnh vực con đường héo,"['chày', 'lĩnh vực', 'con đường', 'héo']","['002105', '003275', '002343', '002978']"
thầy cô gần gũi hốt hoảng nấu nướng,"['thầy cô', 'gần gũi', 'hốt hoảng', 'nấu nướng']","['001018', '002839', '000530', '000229']"
giá trị tuyệt đối Trung Thu đoạn văn chiếm đoạt,"['giá trị tuyệt đối', 'Trung Thu', 'đoạn văn', 'chiếm đoạt']","['002868', '001564', '002725', '002190']"
cao độ bốc hơi tai nạn giao thông thích thú,"['cao độ', 'bốc hơi', 'tai nạn giao thông', 'thích thú']","['001941', '001741', '001442', '001064']"
trong ngoài rừng thưa chỉnh sửa nổ lốp xe,"['trong ngoài', 'rừng thưa', 'chỉnh sửa', 'nổ lốp xe']","['001500', '000601', '002209', '000043']"
ham chơi háo hức tuổi thơ ấu tiêm,"['ham chơi', 'háo hức', 'tuổi thơ ấu', 'tiêm']","['000738', '000586', '001109', '001259']"
hình vuông giả bộ (giống giả vờ) cánh tay chúc thọ,"['hình vuông', 'giả bộ (giống giả vờ)', 'cánh tay', 'chúc thọ']","['001916', '002852', '001921', '002260']"
bụi tre thổi bóng cây cổ thụ quay phim,"['bụi tre', 'thổi bóng', 'cây cổ thụ', 'quay phim']","['003154', '001089', '002019', '000416']"
ông bà máy xúc cánh tay ngân hàng,"['ông bà', 'máy xúc', 'cánh tay', 'ngân hàng']","['000322', '000698', '001921', '003521']"
ngày thành lập quân đội nhân dân Việt Nam bẫy chuột (dụng cụ) vào cuối tháng,"['ngày thành lập quân đội nhân dân Việt Nam', 'bẫy chuột (dụng cụ)', 'vào', 'cuối tháng']","['000125', '001565', '001758', '000894']"
cắt nhau luân phiên tách lớp công việc,"['cắt nhau', 'luân phiên', 'tách lớp', 'công việc']","['001966', '002230', '000817', '002442']"
đồng phục tính nhẩm nước tới chân mới nhảy địa hình,"['đồng phục', 'tính nhẩm', 'nước tới chân mới nhảy', 'địa hình']","['002762', '001340', '002241', '001003']"
nẻ đơn giản hữu nghị mũi tên,"['nẻ', 'đơn giản', 'hữu nghị', 'mũi tên']","['003491', '002774', '000494', '000498']"
lượt về (trong thể thao) nước mắt cửa khẩu rước đèn,"['lượt về (trong thể thao)', 'nước mắt', 'cửa khẩu', 'rước đèn']","['000716', '000079', '002501', '000603']"
quét nhà khoan (cái khoan) bắc bán cầu kết quả,"['quét nhà', 'khoan (cái khoan)', 'bắc bán cầu', 'kết quả']","['000443', '003140', '001497', '003105']"
thân cây trường tiểu học đường sắt ngã,"['thân cây', 'trường tiểu học', 'đường sắt', 'ngã']","['000999', '001592', '002794', '003504']"
bún ngan náo nức hạn hán cỏ,"['bún ngan', 'náo nức', 'hạn hán', 'cỏ']","['000195', '003481', '002944', '001804']"
bế em chấm dứt quả cam về 2 (Miền Bắc),"['bế em', 'chấm dứt', 'quả cam', 'về 2 (Miền Bắc)']","['001593', '002140', '000314', '000358']"
liền trước bìa vở nhà tù nhà trường,"['liền trước', 'bìa vở', 'nhà tù', 'nhà trường']","['003269', '001629', '003609', '003608']"
y tế người lạ vườn thú kinh nghiệm,"['y tế', 'người lạ', 'vườn thú', 'kinh nghiệm']","['002076', '003588', '001924', '003200']"
chính tả ngõ thói quen sữa bò,"['chính tả', 'ngõ', 'thói quen', 'sữa bò']","['002214', '003558', '000071', '000776']"
câu thơ biểu thị sổ tay thuyết phục,"['câu thơ', 'biểu thị', 'sổ tay', 'thuyết phục']","['001991', '001649', '000720', '001200']"
xâm lược chi hội sinh hoạt tay chân sạch sẽ,"['xâm lược', 'chi hội', 'sinh hoạt', 'tay chân sạch sẽ']","['001978', '002165', '000697', '000918']"
cấy dấu hỏi khổ thơ cha,"['cấy', 'dấu hỏi', 'khổ thơ', 'cha']","['002055', '001114', '003156', '002059']"
tự tin toa xe ít đường thẳng,"['tự tin', 'toa xe', 'ít', 'đường thẳng']","['001672', '001356', '003089', '002795']"
Lạc Long Quân nhà kho Lào (nước Lào) dài,"['Lạc Long Quân', 'nhà kho', 'Lào (nước Lào)', 'dài']","['003211', '000806', '003227', '002515']"
hội thảo nội tiếp không thẳng hàng ghi hình,"['hội thảo', 'nội tiếp', 'không thẳng hàng', 'ghi hình']","['003061', '000064', '003160', '002849']"
xanh xao cá voi chân dung khung thành,"['xanh xao', 'cá voi', 'chân dung', 'khung thành']","['001956', '000165', '002142', '003172']"
cạnh đối diện phê bình phục hồi Trung Thu,"['cạnh đối diện', 'phê bình', 'phục hồi', 'Trung Thu']","['001929', '000196', '000288', '001562']"
nhổ tóc Bắc Giang chu vi một cặp,"['nhổ tóc', 'Bắc Giang', 'chu vi', 'một cặp']","['000612', '001501', '002235', '003444']"
chọi trâu sữa rửa mặt thầy giáo sợi chỉ,"['chọi trâu', 'sữa rửa mặt', 'thầy giáo', 'sợi chỉ']","['002221', '000793', '001023', '000751']"
khóa cửa một đôi gật gù tỉ lệ,"['khóa cửa', 'một đôi', 'gật gù', 'tỉ lệ']","['003143', '003445', '002843', '001238']"
bê tông quan tâm làng xóm ngữ điệu,"['bê tông', 'quan tâm', 'làng xóm', 'ngữ điệu']","['001587', '000399', '003220', '003579']"
giơ tay cưa (cái cưa) con dâu kiến thức,"['giơ tay', 'cưa (cái cưa)', 'con dâu', 'kiến thức']","['002911', '002499', '002338', '003194']"
chăm học dân tộc Mông trong sáng con sư tử,"['chăm học', 'dân tộc Mông', 'trong sáng', 'con sư tử']","['002113', '000686', '001492', '002387']"
cao tầng mỗi ngày cây cổ thụ dấu nhân,"['cao tầng', 'mỗi ngày', 'cây cổ thụ', 'dấu nhân']","['001947', '000387', '002023', '002557']"
pháo sáng e môn Tiếng Việt ai bảo,"['pháo sáng', 'e', 'môn Tiếng Việt', 'ai bảo']","['000157', '001038', '003440', '002133']"
hồ nước cướp cờ Bắc Ninh gãy tay,"['hồ nước', 'cướp cờ', 'Bắc Ninh', 'gãy tay']","['003052', '002510', '001509', '002830']"
lẫn lộn trong ngoài vững chắc trăng,"['lẫn lộn', 'trong ngoài', 'vững chắc', 'trăng']","['003236', '001498', '001922', '001448']"
bánh giầy ngày thầy thuốc Việt Nam tưởng thẻ,"['bánh giầy', 'ngày thầy thuốc Việt Nam', 'tưởng', 'thẻ']","['001437', '000117', '001692', '001033']"
vác mặt dài chiều dài email,"['vác', 'mặt dài', 'chiều dài', 'email']","['001738', '003382', '002193', '002807']"
UNICEF chuyền bóng lĩnh vực hẹn,"['UNICEF', 'chuyền bóng', 'lĩnh vực', 'hẹn']","['001708', '002281', '003277', '000369']"
cháy rừng buổi đêm hộp văn,"['cháy rừng', 'buổi đêm', 'hộp', 'văn']","['002107', '001830', '003063', '001762']"
ăn xin duy nhất cung cấp ăn vụng,"['ăn xin', 'duy nhất', 'cung cấp', 'ăn vụng']","['001276', '000980', '000215', '000577']"
bắt buộc tờ tiền gợi ý từ trái nghĩa,"['bắt buộc', 'tờ tiền', 'gợi ý', 'từ trái nghĩa']","['002555', '001416', '002933', '001656']"
chuyển giao sinh tố cơ bắp nhân hậu,"['chuyển giao', 'sinh tố', 'cơ bắp', 'nhân hậu']","['002288', '000707', '002455', '003627']"
thẻ Hà Giang góc học tập đường hầm,"['thẻ', 'Hà Giang', 'góc học tập', 'đường hầm']","['001033', '002940', '002920', '002791']"
đại tá trông chờ lười học Đền Hùng,"['đại tá', 'trông chờ', 'lười học', 'Đền Hùng']","['002612', '001516', '003318', '002691']"
hòa bình gan dạ chuông Hung-ga-ri (nước Hung-ga-ri),"['hòa bình', 'gan dạ', 'chuông', 'Hung-ga-ri (nước Hung-ga-ri)']","['003016', '002821', '002273', '003074']"
xả rác bóc lột khéo cuối tuần,"['xả rác', 'bóc lột', 'khéo', 'cuối tuần']","['001944', '001693', '003133', '000892']"
dao bế em đồ ăn uốn cong,"['dao', 'bế em', 'đồ ăn', 'uốn cong']","['002529', '001593', '000945', '001712']"
ý nghĩa vòi nước hành lang ghi chép,"['ý nghĩa', 'vòi nước', 'hành lang', 'ghi chép']","['002080', '001854', '002957', '002847']"
thung lũng khát nước con nai yếu,"['thung lũng', 'khát nước', 'con nai', 'yếu']","['001000', '003119', '002363', '002116']"
mạnh mẽ doanh nghiệp lưu con hươu,"['mạnh mẽ', 'doanh nghiệp', 'lưu', 'con hươu']","['003344', '002589', '001461', '002350']"
họp nhóm đằng trước bắn bi lung tung,"['họp nhóm', 'đằng trước', 'bắn bi', 'lung tung']","['000962', '002641', '001515', '000050']"
chia sẻ sức khỏe giám khảo Bắc Ninh,"['chia sẻ', 'sức khỏe', 'giám khảo', 'Bắc Ninh']","['002184', '000801', '002873', '001509']"
gãi đầu gãi tai chuyển động đều bàn phím (máy vi tính) một cặp,"['gãi đầu gãi tai', 'chuyển động đều', 'bàn phím (máy vi tính)', 'một cặp']","['002819', '002286', '001343', '003444']"
nguội cướp bút trưởng nhóm,"['nguội', 'cướp', 'bút', 'trưởng nhóm']","['000814', '002507', '001865', '001618']"
chia đôi sốt thù lao giã,"['chia đôi', 'sốt', 'thù lao', 'giã']","['000562', '000742', '001137', '002861']"
cơ quan ngược đãi Tây Nguyên giúp đỡ,"['cơ quan', 'ngược đãi', 'Tây Nguyên', 'giúp đỡ']","['002459', '003581', '000891', '002916']"
vô ý thu thập cực khổ bố mẹ,"['vô ý', 'thu thập', 'cực khổ', 'bố mẹ']","['001874', '001135', '000219', '001731']"
răng cưa châm chọc bạn trai sợi dây,"['răng cưa', 'châm chọc', 'bạn trai', 'sợi dây']","['000533', '002139', '001387', '000753']"
cây tre tưởng nháy mắt chục,"['cây tre', 'tưởng', 'nháy mắt', 'chục']","['002049', '001692', '003619', '002261']"
ngập ngừng đội thiếu niên môn Tin học và Công nghệ ai bảo,"['ngập ngừng', 'đội thiếu niên', 'môn Tin học và Công nghệ', 'ai bảo']","['000448', '002754', '003441', '002133']"
khoan (cái khoan) màu xanh da trời đề-xi-mét khối (dm3) không khí,"['khoan (cái khoan)', 'màu xanh da trời', 'đề-xi-mét khối (dm3)', 'không khí']","['003140', '003356', '002687', '003166']"
chủ ngữ tim võng (cái võng) bối rối,"['chủ ngữ', 'tim', 'võng (cái võng)', 'bối rối']","['002239', '001297', '001860', '000153']"
mùa xuân lều trại nước Việt nam đề-xi-mét vuông (dm2),"['mùa xuân', 'lều trại', 'nước Việt nam', 'đề-xi-mét vuông (dm2)']","['003467', '003255', '000085', '002688']"
lỗi lầm chui thông cảm sách giáo khoa,"['lỗi lầm', 'chui', 'thông cảm', 'sách giáo khoa']","['003288', '002264', '001094', '000613']"
Tây Bắc sóng biển quả ổi ông già,"['Tây Bắc', 'sóng biển', 'quả ổi', 'ông già']","['000889', '000712', '000372', '000103']"
hình chiếu bức tường bảng màu ghen tị,"['hình chiếu', 'bức tường', 'bảng màu', 'ghen tị']","['002998', '001880', '001409', '000046']"
ngồi cướp giật gói nhưng,"['ngồi', 'cướp giật', 'gói', 'nhưng']","['003569', '002511', '002926', '000540']"
dây điện quyển vở đẩy họp nhóm,"['dây điện', 'quyển vở', 'đẩy', 'họp nhóm']","['002561', '000490', '002657', '000964']"
đập đá bóng Quảng Ninh nỏ,"['đập', 'đá bóng', 'Quảng Ninh', 'nỏ']","['002645', '002604', '000407', '000029']"
chúi đầu một tiếng béo trung bình,"['chúi đầu', 'một tiếng', 'béo', 'trung bình']","['002265', '000868', '001585', '001546']"
chuyển hướng bò tót máy chiếu đăng nhập,"['chuyển hướng', 'bò tót', 'máy chiếu', 'đăng nhập']","['002289', '001679', '003364', '002639']"
bán hàng mời chu vi từ phải sang trái,"['bán hàng', 'mời', 'chu vi', 'từ phải sang trái']","['001365', '003455', '002235', '001652']"
dài bán kính (hình tròn) luyện tập tiếp tân,"['dài', 'bán kính (hình tròn)', 'luyện tập', 'tiếp tân']","['002515', '001369', '003313', '000009']"
"cõng nóng tính con người anh hai, anh cả","['cõng', 'nóng tính', 'con người', 'anh hai, anh cả']","['002401', '000263', '002367', '000299']"
ngà voi giấy nháp quả nhãn con đẻ,"['ngà voi', 'giấy nháp', 'quả nhãn', 'con đẻ']","['003497', '002900', '000368', '002341']"
cướp vật nuôi chuẩn bị đoàn tụ,"['cướp', 'vật nuôi', 'chuẩn bị', 'đoàn tụ']","['002507', '001801', '002252', '002721']"
đáng quý giường trùm chăn chai nước,"['đáng quý', 'giường', 'trùm chăn', 'chai nước']","['002624', '002917', '001544', '002071']"
vô duyên vòng tròn mồ côi cha mẹ con chó,"['vô duyên', 'vòng tròn', 'mồ côi cha mẹ', 'con chó']","['000148', '001858', '003420', '002325']"
ngày nay con chồn danh sách Ô-lim-píc,"['ngày nay', 'con chồn', 'danh sách', 'Ô-lim-píc']","['003506', '002326', '002525', '000491']"
béo gãy chân dự án mồ hôi nhễ nhại,"['béo', 'gãy chân', 'dự án', 'mồ hôi nhễ nhại']","['001585', '002829', '000580', '000440']"
giận dữ cầu thang tiến sĩ nhà trường,"['giận dữ', 'cầu thang', 'tiến sĩ', 'nhà trường']","['002889', '000946', '001263', '003607']"
cao tầng mồ côi cha mẹ thoăn thoắt lọ mực,"['cao tầng', 'mồ côi cha mẹ', 'thoăn thoắt', 'lọ mực']","['001947', '003420', '000968', '003281']"
sáng kiến hòa bình hình phạt theo dõi,"['sáng kiến', 'hòa bình', 'hình phạt', 'theo dõi']","['000625', '003016', '003004', '001028']"
Ả Rập (nước Ả Rập) ngày Nhà giáo Việt nam con bê khỏi bệnh,"['Ả Rập (nước Ả Rập)', 'ngày Nhà giáo Việt nam', 'con bê', 'khỏi bệnh']","['000021', '003500', '002313', '003151']"
bảo tàng ngà voi đón cứu hộ,"['bảo tàng', 'ngà voi', 'đón', 'cứu hộ']","['001463', '003497', '002727', '002513']"
bổ trợ mặt dài mọc ria mép xe container,"['bổ trợ', 'mặt dài', 'mọc ria mép', 'xe container']","['001721', '003382', '000632', '000408']"
khăn quàng không đẹp cạnh máy xúc,"['khăn quàng', 'không đẹp', 'cạnh', 'máy xúc']","['003123', '000267', '001923', '000698']"
trong ngoài tay phải ngắt hoa ủng hộ,"['trong ngoài', 'tay phải', 'ngắt hoa', 'ủng hộ']","['001496', '000861', '003518', '001706']"
dàn nhạc tờ tiền lọng chấm điểm,"['dàn nhạc', 'tờ tiền', 'lọng', 'chấm điểm']","['002518', '001416', '003286', '002141']"
đáng quý xe container gián tiếp nổ lốp xe,"['đáng quý', 'xe container', 'gián tiếp', 'nổ lốp xe']","['002624', '000408', '002876', '000043']"
bớt chiếm đoạt biểu thức phòng mĩ thuật,"['bớt', 'chiếm đoạt', 'biểu thức', 'phòng mĩ thuật']","['001793', '002190', '001651', '000252']"
anh vợ nghiên cứu bánh canh trống (không có gì),"['anh vợ', 'nghiên cứu', 'bánh canh', 'trống (không có gì)']","['001241', '003541', '000834', '002755']"
phòng thí nghiệm kính lão chăm học âm thanh,"['phòng thí nghiệm', 'kính lão', 'chăm học', 'âm thanh']","['000254', '003202', '002113', '001278']"
đài sen công sức ngày sinh xem đã,"['đài sen', 'công sức', 'ngày sinh', 'xem đã']","['002606', '002434', '003511', '000439']"
rụng tóc (đt) Long An cơm đau tay,"['rụng tóc (đt)', 'Long An', 'cơm', 'đau tay']","['000576', '003285', '002466', '000779']"
lễ Nô-en bộ sách bản đồ Việt Nam xẻng,"['lễ Nô-en', 'bộ sách', 'bản đồ Việt Nam', 'xẻng']","['003247', '001739', '001351', '002018']"
luyện tập trao tặng giàu có dây điện,"['luyện tập', 'trao tặng', 'giàu có', 'dây điện']","['003313', '001446', '002885', '002562']"
cuộc sống ẩm mốc gãy chân phụ thuộc,"['cuộc sống', 'ẩm mốc', 'gãy chân', 'phụ thuộc']","['002493', '001282', '002829', '000768']"
hình hộp chữ nhật rìu Paris Đông Nam,"['hình hộp chữ nhật', 'rìu', 'Paris', 'Đông Nam']","['003002', '000553', '002443', '002743']"
ân hận dẫn chứng giải quyết cá mập,"['ân hận', 'dẫn chứng', 'giải quyết', 'cá mập']","['001294', '002545', '002870', '002200']"
con vượn trà đá bánh canh cây đa,"['con vượn', 'trà đá', 'bánh canh', 'cây đa']","['000954', '000852', '000834', '002027']"
cuộn giấy vệ sinh k mềm mại sao chép,"['cuộn giấy vệ sinh', 'k', 'mềm mại', 'sao chép']","['002495', '001058', '003402', '000633']"
không khí nhưng vé bên cạnh,"['không khí', 'nhưng', 'vé', 'bên cạnh']","['003166', '000540', '001809', '001597']"
chong chóng suỵt đĩa DVD hậu quả,"['chong chóng', 'suỵt', 'đĩa DVD', 'hậu quả']","['002224', '000158', '002696', '002970']"
diêm sấm chớp phòng đa năng ngã ba,"['diêm', 'sấm chớp', 'phòng đa năng', 'ngã ba']","['002580', '000653', '000245', '003498']"
thần kì túm tóc bờ biển môn Kĩ thuật,"['thần kì', 'túm tóc', 'bờ biển', 'môn Kĩ thuật']","['001310', '001630', '001775', '003434']"
lễ phép cơm chuyển động quay tôi yêu bạn,"['lễ phép', 'cơm', 'chuyển động quay', 'tôi yêu bạn']","['003250', '002466', '002287', '002098']"
quả sầu riêng nhập ngũ nghị lực phân số thập phân,"['quả sầu riêng', 'nhập ngũ', 'nghị lực', 'phân số thập phân']","['000380', '002739', '003543', '000168']"
cơ sở Quốc Tử Giám cố gắng ngược đãi,"['cơ sở', 'Quốc Tử Giám', 'cố gắng', 'ngược đãi']","['002460', '000467', '002412', '003581']"
tăm f Điện Biên Phủ bố,"['tăm', 'f', 'Điện Biên Phủ', 'bố']","['000867', '001096', '002704', '001729']"
dầu gội đầu cầu tre Sóc Trăng răng,"['dầu gội đầu', 'cầu tre', 'Sóc Trăng', 'răng']","['002548', '002007', '000710', '000531']"
con chuột nhắt dừng lại trường mầm non chúi đầu,"['con chuột nhắt', 'dừng lại', 'trường mầm non', 'chúi đầu']","['002328', '000415', '001604', '002265']"
ngày thầy thuốc Việt Nam no nô lệ bài thơ,"['ngày thầy thuốc Việt Nam', 'no', 'nô lệ', 'bài thơ']","['000119', '000026', '000040', '001315']"
chùm nho dây xích nhà cửa nổi giận,"['chùm nho', 'dây xích', 'nhà cửa', 'nổi giận']","['002269', '002566', '003602', '000057']"
sức khỏe trúng thưởng môn Sinh học bẫy chuột (dụng cụ),"['sức khỏe', 'trúng thưởng', 'môn Sinh học', 'bẫy chuột (dụng cụ)']","['000801', '001568', '003439', '001565']"
số lẻ sân nhà buổi trưa vô tư,"['số lẻ', 'sân nhà', 'buổi trưa', 'vô tư']","['000730', '000662', '001849', '001872']"
tháng nhảy cao hình vẽ gấp ba,"['tháng', 'nhảy cao', 'hình vẽ', 'gấp ba']","['000952', '003616', '003008', '000556']"
truyền thông ổn định hàng chục triệu tống tiền,"['truyền thông', 'ổn định', 'hàng chục triệu', 'tống tiền']","['001578', '000101', '002947', '001402']"
uốn cong nổi dậy giả mạo bạn ấy yêu tôi,"['uốn cong', 'nổi dậy', 'giả mạo', 'bạn ấy yêu tôi']","['001712', '000055', '002853', '000293']"
quần âu vô tâm tình cảm nhát gan,"['quần âu', 'vô tâm', 'tình cảm', 'nhát gan']","['000429', '001868', '001312', '003615']"
gật gù Hung-ga-ri (nước Hung-ga-ri) chùm vải dọc,"['gật gù', 'Hung-ga-ri (nước Hung-ga-ri)', 'chùm vải', 'dọc']","['002843', '003074', '002270', '002591']"
đua đòi Hà Lan (nước Hà Lan) nhân dân tỏa hương,"['đua đòi', 'Hà Lan (nước Hà Lan)', 'nhân dân', 'tỏa hương']","['000973', '002941', '003626', '001368']"
đuôi cá khỏi bệnh nước ép trái cây vái tứ phương,"['đuôi cá', 'khỏi bệnh', 'nước ép trái cây', 'vái tứ phương']","['000170', '003151', '000838', '001750']"
Tây Ninh củi tóm cổ con sói,"['Tây Ninh', 'củi', 'tóm cổ', 'con sói']","['000893', '002490', '001374', '002383']"
Vĩnh Phúc bánh đa ủy quyền trung ương,"['Vĩnh Phúc', 'bánh đa', 'ủy quyền', 'trung ương']","['001837', '001431', '001724', '001566']"
xăng-ti-mét-vuông (cm2) nghiêm túc hàng xóm phê bình,"['xăng-ti-mét-vuông (cm2)', 'nghiêm túc', 'hàng xóm', 'phê bình']","['001976', '003549', '002955', '000196']"
máy ảnh thầy cúng tạo thành tuyên ngôn,"['máy ảnh', 'thầy cúng', 'tạo thành', 'tuyên ngôn']","['003362', '001021', '002164', '001642']"
đánh răng cá voi vòng đeo tay nông nghiệp,"['đánh răng', 'cá voi', 'vòng đeo tay', 'nông nghiệp']","['002628', '000165', '001847', '000066']"
vạm vỡ đòi anh vợ bắt buộc,"['vạm vỡ', 'đòi', 'anh vợ', 'bắt buộc']","['001752', '000977', '001241', '002555']"
hạn hán dẫn chứng đại diện ca,"['hạn hán', 'dẫn chứng', 'đại diện', 'ca']","['002944', '002545', '002608', '001892']"
trung tâm cái bè ăn bám dê mẹ,"['trung tâm', 'cái bè', 'ăn bám', 'dê mẹ']","['001556', '001902', '000735', '002569']"
giới thiệu lâu khó tiêu chủ nghĩa xã hội,"['giới thiệu', 'lâu', 'khó tiêu', 'chủ nghĩa xã hội']","['002913', '000381', '002166', '002238']"
chúc mừng mùa xuân biển hiệu Bắc bộ,"['chúc mừng', 'mùa xuân', 'biển hiệu', 'Bắc bộ']","['002257', '003468', '001637', '001499']"
phích nước cứu sống chú ý triều đình,"['phích nước', 'cứu sống', 'chú ý', 'triều đình']","['000200', '000696', '002246', '001480']"
chặt chẽ khung cửa số giấy màu bắp ngô,"['chặt chẽ', 'khung cửa số', 'giấy màu', 'bắp ngô']","['002138', '003171', '002898', '001531']"
mất ngủ va chạm ư ngắn nhất,"['mất ngủ', 'va chạm', 'ư', 'ngắn nhất']","['003386', '001734', '001090', '003517']"
bút máy gặp gỡ danh sách không cần,"['bút máy', 'gặp gỡ', 'danh sách', 'không cần']","['001871', '002837', '002525', '000088']"
lời giải lĩnh hội đấu vật đường chéo,"['lời giải', 'lĩnh hội', 'đấu vật', 'đường chéo']","['003296', '003274', '002653', '002789']"
ngõ tượng đài con sóc cô giáo,"['ngõ', 'tượng đài', 'con sóc', 'cô giáo']","['003558', '001698', '002382', '002404']"
đào tạo cử động đánh chuyển động quay,"['đào tạo', 'cử động', 'đánh', 'chuyển động quay']","['002631', '002498', '002625', '002287']"
nhăn mặt tàu hoả bọt xà phòng cái túi,"['nhăn mặt', 'tàu hoả', 'bọt xà phòng', 'cái túi']","['003622', '000849', '001713', '001911']"
con thỏ quanh năm ống nước bồi thường,"['con thỏ', 'quanh năm', 'ống nước', 'bồi thường']","['002389', '000552', '000122', '001747']"
cuộc đời vái lạy hoa sen Tết Thiếu nhi,"['cuộc đời', 'vái lạy', 'hoa sen', 'Tết Thiếu nhi']","['002492', '001748', '003015', '000905']"
chính tả dấu chia chứng nhận chú tễu,"['chính tả', 'dấu chia', 'chứng nhận', 'chú tễu']","['002214', '002553', '002304', '002244']"
rau dền kinh ngạc chương trình lửa,"['rau dền', 'kinh ngạc', 'chương trình', 'lửa']","['000519', '003199', '002298', '003315']"
danh hiệu lễ hội núi lửa công việc,"['danh hiệu', 'lễ hội', 'núi lửa', 'công việc']","['002521', '003244', '000077', '002442']"
dây thừng khát nước xôi gà Cao Bằng,"['dây thừng', 'khát nước', 'xôi gà', 'Cao Bằng']","['002565', '003119', '000204', '001939']"
cố ý (như cố tình) tránh thai hình thần kinh,"['cố ý (như cố tình)', 'tránh thai', 'hình', 'thần kinh']","['002422', '001444', '002995', '001009']"
truyền thống trăng phun nước quả cam,"['truyền thống', 'trăng', 'phun nước', 'quả cam']","['001580', '001448', '000291', '000314']"
tiếp tân chùm khế trầm trồ lọ mực,"['tiếp tân', 'chùm khế', 'trầm trồ', 'lọ mực']","['000009', '002268', '001456', '003281']"
đầu tiên lâu tinh mắt xếp hàng,"['đầu tiên', 'lâu', 'tinh mắt', 'xếp hàng']","['002650', '000383', '000260', '002022']"
ngày Nhà giáo Việt nam làm được bảng đen bao la,"['ngày Nhà giáo Việt nam', 'làm được', 'bảng đen', 'bao la']","['003500', '000932', '001401', '001457']"
móng chân Bắc Ninh ma quỷ chia đôi,"['móng chân', 'Bắc Ninh', 'ma quỷ', 'chia đôi']","['003418', '001509', '003333', '000562']"
châm chọc hơi nước dao bàn là,"['châm chọc', 'hơi nước', 'dao', 'bàn là']","['002139', '003066', '002529', '001341']"
nhổ củ cải ai cho rơm rớm ca,"['nhổ củ cải', 'ai cho', 'rơm rớm', 'ca']","['000013', '000080', '002766', '001892']"
cao thấp dỗi đầy đủ thờ cúng,"['cao thấp', 'dỗi', 'đầy đủ', 'thờ cúng']","['001949', '000600', '002655', '001111']"
Hung-ga-ri (nước Hung-ga-ri) mẫu số bé p cổ vũ,"['Hung-ga-ri (nước Hung-ga-ri)', 'mẫu số bé', 'p', 'cổ vũ']","['003074', '003393', '001072', '002415']"
khóc khoan phòng đa năng mồ hôi,"['khóc', 'khoan', 'phòng đa năng', 'mồ hôi']","['003149', '003146', '000245', '003421']"
chín đổ nước sao chép đối diện,"['chín', 'đổ nước', 'sao chép', 'đối diện']","['002210', '002749', '000633', '002736']"
Cà Mau tuốt lúa cây ăn quả hạn hán,"['Cà Mau', 'tuốt lúa', 'cây ăn quả', 'hạn hán']","['001896', '001636', '002013', '002944']"
Điện Biên Phủ nến cần khởi động đánh bắt,"['Điện Biên Phủ', 'nến', 'cần khởi động', 'đánh bắt']","['002704', '003496', '001967', '002626']"
xương rồng cưa (cái cưa) nói chuyện như hình với bóng,"['xương rồng', 'cưa (cái cưa)', 'nói chuyện', 'như hình với bóng']","['002072', '002499', '000033', '000017']"
văn nghệ chất lượng lý do chuyển động quay,"['văn nghệ', 'chất lượng', 'lý do', 'chuyển động quay']","['001770', '002151', '000652', '002287']"
con sư tử Cà Mau bóc lột búp bê,"['con sư tử', 'Cà Mau', 'bóc lột', 'búp bê']","['002387', '001896', '001693', '001863']"
sấm chớp thiếp mời nhìn sáng chói,"['sấm chớp', 'thiếp mời', 'nhìn', 'sáng chói']","['000653', '001075', '000000', '000623']"
sinh đẻ khoảng cách Tết Thiếu nhi đèn vàng,"['sinh đẻ', 'khoảng cách', 'Tết Thiếu nhi', 'đèn vàng']","['000691', '003141', '000905', '002669']"
dấu hỏi sữa bò kết quả thi cử,"['dấu hỏi', 'sữa bò', 'kết quả', 'thi cử']","['001116', '000776', '003105', '001049']"
nói dối Tết Thiếu nhi chức năng con sông,"['nói dối', 'Tết Thiếu nhi', 'chức năng', 'con sông']","['000034', '000905', '002296', '002384']"
tham dự nghẹn ngào bố trí vẫy tay,"['tham dự', 'nghẹn ngào', 'bố trí', 'vẫy tay']","['000931', '003526', '001723', '001805']"
bún chả chất lượng đầy tớ mặt vuông,"['bún chả', 'chất lượng', 'đầy tớ', 'mặt vuông']","['000193', '002151', '002656', '003380']"
ghép hình con hươu con lươn tia số,"['ghép hình', 'con hươu', 'con lươn', 'tia số']","['002846', '002350', '002358', '001246']"
thì thầm khoảng cách cháu trai kiến trúc sư,"['thì thầm', 'khoảng cách', 'cháu trai', 'kiến trúc sư']","['000419', '003141', '002103', '003196']"
căm thù mênh mông cột đèn lục địa,"['căm thù', 'mênh mông', 'cột đèn', 'lục địa']","['000265', '003403', '002449', '003308']"
sữa đặc chuyện nhỏ khát vọng dự trữ,"['sữa đặc', 'chuyện nhỏ', 'khát vọng', 'dự trữ']","['000785', '000532', '003120', '003327']"
nghệ thuật mỳ vằn thắn thở dài vỗ tay,"['nghệ thuật', 'mỳ vằn thắn', 'thở dài', 'vỗ tay']","['003530', '000183', '001113', '001881']"
mở dẫn chứng chén chia sẻ,"['mở', 'dẫn chứng', 'chén', 'chia sẻ']","['003449', '002545', '002161', '002184']"
tác dụng 5 con ruồi ngập ngừng,"['tác dụng', '5', 'con ruồi', 'ngập ngừng']","['000813', '001132', '002378', '000448']"
cơm bình dân vòng đeo tay xa xôi thừa,"['cơm bình dân', 'vòng đeo tay', 'xa xôi', 'thừa']","['002469', '001847', '001930', '001208']"
Bắc Giang khói phong tục con lợn (con heo),"['Bắc Giang', 'khói', 'phong tục', 'con lợn (con heo)']","['001501', '003152', '000235', '002357']"
chính phủ tóm cổ chuyển vế nước ép trái cây,"['chính phủ', 'tóm cổ', 'chuyển vế', 'nước ép trái cây']","['002211', '001374', '002290', '000838']"
thị lực chia sẻ cạnh Võ Nguyên Giáp,"['thị lực', 'chia sẻ', 'cạnh', 'Võ Nguyên Giáp']","['001053', '002184', '001923', '001843']"
chỉ huy đầu xuôi đuôi lọt vui chơi vận động,"['chỉ huy', 'đầu xuôi đuôi lọt', 'vui chơi', 'vận động']","['002170', '002651', '001897', '001794']"
trung bình phẫu thuật cổ dấu ngoặc đơn Do Thái,"['trung bình', 'phẫu thuật cổ', 'dấu ngoặc đơn', 'Do Thái']","['001546', '000792', '002556', '000018']"
xu (tiền) huỷ diệt bảo vệ môi trường con hoẵng,"['xu (tiền)', 'huỷ diệt', 'bảo vệ môi trường', 'con hoẵng']","['002048', '003079', '001471', '002349']"
đi học cây phượng gần gũi quay phim,"['đi học', 'cây phượng', 'gần gũi', 'quay phim']","['002694', '002039', '002839', '000416']"
kia phòng y tế gù lưng tai nạn,"['kia', 'phòng y tế', 'gù lưng', 'tai nạn']","['000261', '000257', '002132', '000821']"
đèn ông sao minh hoạ kết hợp ngưỡng mộ,"['đèn ông sao', 'minh hoạ', 'kết hợp', 'ngưỡng mộ']","['000477', '003409', '003104', '003600']"
góc học tập ý thức cây ăn quả gửi quà,"['góc học tập', 'ý thức', 'cây ăn quả', 'gửi quà']","['002920', '002086', '002009', '002935']"
sân chơi địa hình chém v,"['sân chơi', 'địa hình', 'chém', 'v']","['000658', '001003', '002158', '001092']"
không cần con lợn (con heo) tay trái chủ ngữ,"['không cần', 'con lợn (con heo)', 'tay trái', 'chủ ngữ']","['000088', '002355', '000863', '002239']"
mét vuông (m2) phủ nhận tiêu hoá tưới cây,"['mét vuông (m2)', 'phủ nhận', 'tiêu hoá', 'tưới cây']","['003399', '000282', '001291', '001686']"
Y-Éc-Xanh bò tót ghi nhớ thăm hỏi,"['Y-Éc-Xanh', 'bò tót', 'ghi nhớ', 'thăm hỏi']","['002074', '001679', '002850', '000983']"
ngón chân san sẻ trục xuất xông hơi,"['ngón chân', 'san sẻ', 'trục xuất', 'xông hơi']","['003559', '000619', '001536', '002046']"
gắp thức ăn ổn định cạnh tranh chia phần,"['gắp thức ăn', 'ổn định', 'cạnh tranh', 'chia phần']","['002836', '000101', '000982', '002183']"
r sa mạc nhường nhịn chen lấn,"['r', 'sa mạc', 'nhường nhịn', 'chen lấn']","['001078', '000433', '000020', '002159']"
bơm xe vạm vỡ xa xôi giẻ lau,"['bơm xe', 'vạm vỡ', 'xa xôi', 'giẻ lau']","['001789', '001752', '001930', '002904']"
10 dấu nặng tạo thành răng khểnh,"['10', 'dấu nặng', 'tạo thành', 'răng khểnh']","['001146', '001126', '002164', '000624']"
quả xoài cố gắng gửi thư suối,"['quả xoài', 'cố gắng', 'gửi thư', 'suối']","['000392', '002412', '002936', '000763']"
nhảy lò cò tổng (số) la bàn đất,"['nhảy lò cò', 'tổng (số)', 'la bàn', 'đất']","['000646', '001392', '003206', '002646']"
con bướm chim bồ câu tán thành hiểu,"['con bướm', 'chim bồ câu', 'tán thành', 'hiểu']","['002318', '002201', '000845', '002991']"
nhận cuối tuần bắc nam nghỉ hè,"['nhận', 'cuối tuần', 'bắc nam', 'nghỉ hè']","['003632', '000892', '001507', '003534']"
mật ong vĩ đại cổ truyền nhắc nhở,"['mật ong', 'vĩ đại', 'cổ truyền', 'nhắc nhở']","['003391', '001821', '002414', '003621']"
thở dài phố cổ Hội an chớp mắt quan hệ từ,"['thở dài', 'phố cổ Hội an', 'chớp mắt', 'quan hệ từ']","['001113', '000268', '002234', '000520']"
hàng ngang kẻ thù kết quả đài sen,"['hàng ngang', 'kẻ thù', 'kết quả', 'đài sen']","['002950', '003095', '003106', '002606']"
kim cương siêng năng xăng-ti-mét-vuông (cm2) khuôn hình,"['kim cương', 'siêng năng', 'xăng-ti-mét-vuông (cm2)', 'khuôn hình']","['000704', '000681', '001976', '003173']"
vòng đời răng hô y tế đèn điện,"['vòng đời', 'răng hô', 'y tế', 'đèn điện']","['001856', '000622', '002076', '002665']"
diệt chủng nằm bàn là đàng trong,"['diệt chủng', 'nằm', 'bàn là', 'đàng trong']","['002584', '003486', '001341', '002623']"
con thỏ thành thị kỹ năng phấn (viết bảng),"['con thỏ', 'thành thị', 'kỹ năng', 'phấn (viết bảng)']","['002389', '000972', '000213', '000180']"
lên ngôi bát ngát chức năng góc vườn,"['lên ngôi', 'bát ngát', 'chức năng', 'góc vườn']","['003253', '001491', '002296', '002924']"
tính toán quy định chùm nho cần khởi động,"['tính toán', 'quy định', 'chùm nho', 'cần khởi động']","['001342', '000469', '002269', '001967']"
xã hội bò sát đối xử gãi đầu gãi tai,"['xã hội', 'bò sát', 'đối xử', 'gãi đầu gãi tai']","['001950', '001677', '002752', '002819']"
hàng chục nghìn đóng cửa sấm sét buổi đêm,"['hàng chục nghìn', 'đóng cửa', 'sấm sét', 'buổi đêm']","['002946', '002729', '000655', '001830']"
bột ngọt luyện tập hội thoại kính hiển vi,"['bột ngọt', 'luyện tập', 'hội thoại', 'kính hiển vi']","['001773', '003313', '000650', '003201']"
phương pháp mọc ria mép quả lê cố định,"['phương pháp', 'mọc ria mép', 'quả lê', 'cố định']","['000298', '000632', '000355', '002419']"
chùa Hương 8 sân nhà chanh nóng,"['chùa Hương', '8', 'sân nhà', 'chanh nóng']","['002250', '001142', '000662', '000848']"
dãy nhà thăng bằng héc-tô-gam (hg) thư giãn,"['dãy nhà', 'thăng bằng', 'héc-tô-gam (hg)', 'thư giãn']","['002530', '000987', '002974', '001204']"
con khỉ nhà trường bến tàu thông minh,"['con khỉ', 'nhà trường', 'bến tàu', 'thông minh']","['002351', '003607', '001611', '001100']"
cố gắng trong ngoài hàng triệu cổ tích,"['cố gắng', 'trong ngoài', 'hàng triệu', 'cổ tích']","['002412', '001496', '002954', '002421']"
hồ Hoàn Kiếm nhiệt độ nhà kho khắc phục,"['hồ Hoàn Kiếm', 'nhiệt độ', 'nhà kho', 'khắc phục']","['003051', '002767', '000806', '003121']"
nón UNICEF tiếng nói sáng chói,"['nón', 'UNICEF', 'tiếng nói', 'sáng chói']","['000039', '001708', '001273', '000623']"
phân số tối giản nhà kho hộp sơn,"['phân số tối giản', 'nhà kho', 'hộp', 'sơn']","['000169', '000806', '003063', '000757']"
vợt cầu lông tuần này mọc ria mép cướp giật,"['vợt cầu lông', 'tuần này', 'mọc ria mép', 'cướp giật']","['000953', '000876', '000632', '002511']"
nghĩ chai nước vịt quay kính hiển vi,"['nghĩ', 'chai nước', 'vịt quay', 'kính hiển vi']","['003542', '002071', '000827', '003201']"
riêng biệt như hình với bóng tách lớp ngày của Cha,"['riêng biệt', 'như hình với bóng', 'tách lớp', 'ngày của Cha']","['000547', '000017', '000817', '000111']"
bắc nam bảng chia tròn lấy,"['bắc nam', 'bảng chia', 'tròn', 'lấy']","['001505', '001393', '001493', '003240']"
triều cường lỗi chính tả tặc lưỡi cúc áo,"['triều cường', 'lỗi chính tả', 'tặc lưỡi', 'cúc áo']","['001478', '003287', '000865', '002475']"
phơi quần áo vô lo vô nghĩ trụi lá thẻ,"['phơi quần áo', 'vô lo vô nghĩ', 'trụi lá', 'thẻ']","['000278', '001866', '001542', '001033']"
nạp điện trường THPT ( cấp 3) thắng lợi Gia Lai,"['nạp điện', 'trường THPT ( cấp 3)', 'thắng lợi', 'Gia Lai']","['003483', '001612', '000993', '002851']"
cưa (cái cưa) nổi giận vắng lặng cứu,"['cưa (cái cưa)', 'nổi giận', 'vắng lặng', 'cứu']","['002499', '000057', '001782', '002512']"
cá mập ghen tị bánh pizza mùa thu,"['cá mập', 'ghen tị', 'bánh pizza', 'mùa thu']","['002200', '000044', '001449', '003466']"
khăn mặt khoang tàu Bắc bộ lồng chim,"['khăn mặt', 'khoang tàu', 'Bắc bộ', 'lồng chim']","['003122', '003147', '001499', '003293']"
quốc gia biểu thị tự tin xe cứu hỏa,"['quốc gia', 'biểu thị', 'tự tin', 'xe cứu hỏa']","['000455', '001649', '001672', '001996']"
10 tóc dài khó khăn múa,"['10', 'tóc dài', 'khó khăn', 'múa']","['001146', '000908', '003135', '003472']"
bánh gai ai bảo bản nhạc nghĩ,"['bánh gai', 'ai bảo', 'bản nhạc', 'nghĩ']","['001435', '002133', '001359', '003542']"
cụ Cao Bằng khuôn hình xúc xắc,"['cụ', 'Cao Bằng', 'khuôn hình', 'xúc xắc']","['002485', '001939', '003173', '002060']"
con kiến bất hiếu chợ Bến Thành chân dung,"['con kiến', 'bất hiếu', 'chợ Bến Thành', 'chân dung']","['002354', '001555', '002226', '002142']"
mét (m) ơ bút bi Châu Á Thái Bình Dương,"['mét (m)', 'ơ', 'bút bi', 'Châu Á Thái Bình Dương']","['003397', '001069', '001867', '002155']"
xẻng con sư tử nhỏ hơn dài,"['xẻng', 'con sư tử', 'nhỏ hơn', 'dài']","['002018', '002387', '000002', '002515']"
Bắc bộ cây đa siêng năng suối,"['Bắc bộ', 'cây đa', 'siêng năng', 'suối']","['001499', '002027', '000681', '000763']"
mạch máu Bắc Kạn vô lo vô nghĩ Cocacola,"['mạch máu', 'Bắc Kạn', 'vô lo vô nghĩ', 'Cocacola']","['003335', '001503', '001866', '000860']"
tuân lệnh thành viên trạm xe buýt đeo kính,"['tuân lệnh', 'thành viên', 'trạm xe buýt', 'đeo kính']","['001624', '000975', '001432', '002675']"
mía vực sâu mỗi ngày thèm,"['mía', 'vực sâu', 'mỗi ngày', 'thèm']","['000844', '003169', '000385', '000067']"
đầu xuôi đuôi lọt cục tẩy mẫu số chung liều lĩnh,"['đầu xuôi đuôi lọt', 'cục tẩy', 'mẫu số chung', 'liều lĩnh']","['002651', '002488', '003394', '003271']"
lặn chọi gà quả dừa xiêm bảo thủ,"['lặn', 'chọi gà', 'quả dừa xiêm', 'bảo thủ']","['003232', '002220', '000334', '001465']"
nhà văn hóa đoàn thanh niên tính 5,"['nhà văn hóa', 'đoàn thanh niên', 'tính', '5']","['000992', '002720', '002776', '001132']"
thiếp đi thuyết phục sâu hoảng sợ,"['thiếp đi', 'thuyết phục', 'sâu', 'hoảng sợ']","['001073', '001200', '000675', '003024']"
gậy của người già góc bẹt ngày sinh ngày khai trường,"['gậy của người già', 'góc bẹt', 'ngày sinh', 'ngày khai trường']","['002844', '002918', '003510', '003499']"
tính chất cơ bản của phân số ổn định sáng tạo đề phòng,"['tính chất cơ bản của phân số', 'ổn định', 'sáng tạo', 'đề phòng']","['001334', '000101', '000627', '000461']"
tô màu cao (nhà) bệnh nhân chiếu,"['tô màu', 'cao (nhà)', 'bệnh nhân', 'chiếu']","['001380', '001935', '001621', '002197']"
chục nghìn tò mò không nghe lời sinh đôi,"['chục nghìn', 'tò mò', 'không nghe lời', 'sinh đôi']","['002262', '001350', '000076', '000902']"
gián tiếp nhỏ tuổi quả chôm chôm xử lý,"['gián tiếp', 'nhỏ tuổi', 'quả chôm chôm', 'xử lý']","['002876', '000004', '000318', '000256']"
trung bình dây xích gà nướng lu lúng túng,"['trung bình', 'dây xích', 'gà nướng lu', 'lúng túng']","['001546', '002566', '000828', '003311']"
cửa kính diêm cây phượng phong tục,"['cửa kính', 'diêm', 'cây phượng', 'phong tục']","['002502', '002580', '002039', '000235']"
vải lụa cảnh giác dân tộc Chăm chạy,"['vải lụa', 'cảnh giác', 'dân tộc Chăm', 'chạy']","['000713', '000570', '000678', '002109']"
chùm nho chỉnh sửa phòng chức năng áo đồng phục,"['chùm nho', 'chỉnh sửa', 'phòng chức năng', 'áo đồng phục']","['002269', '002209', '000243', '001258']"
ăn vụng cháu trai mới thiếp mời cháu ngoại,"['ăn vụng', 'cháu trai', 'mới', 'thiếp mời', 'cháu ngoại']","['000577', '002101', '003458', '001075', '002089']"
trung tâm ngày thành lập quân đội nhân dân Việt Nam răng cưa móc áo trói tay,"['trung tâm', 'ngày thành lập quân đội nhân dân Việt Nam', 'răng cưa', 'móc áo', 'trói tay']","['001556', '000123', '000533', '003411', '001488']"
ốm đau cháu họ diện tích cháu trai thợ rèn,"['ốm đau', 'cháu họ', 'diện tích', 'cháu trai', 'thợ rèn']","['000095', '000335', '002581', '002101', '001121']"
cưa (cái cưa) bí ngô dãy nhà bụng lỗi chính tả,"['cưa (cái cưa)', 'bí ngô', 'dãy nhà', 'bụng', 'lỗi chính tả']","['002499', '001625', '002530', '001820', '003287']"
tóc dựng đứng đoàn thanh niên quốc gia tính chất kết hợp vùng vẫy (dành cho người),"['tóc dựng đứng', 'đoàn thanh niên', 'quốc gia', 'tính chất kết hợp', 'vùng vẫy (dành cho người)']","['002050', '002720', '000455', '001338', '001914']"
nghẹn ngào cốc nhập khẩu s lưỡi,"['nghẹn ngào', 'cốc', 'nhập khẩu', 's', 'lưỡi']","['003526', '002423', '000032', '001080', '003320']"
hình học f chùm khế bật đèn bắt nạt,"['hình học', 'f', 'chùm khế', 'bật đèn', 'bắt nạt']","['003001', '001096', '002268', '001557', '001545']"
xếp hàng dọc thổ dân Tết Âm số chẵn siêu thị,"['xếp hàng dọc', 'thổ dân', 'Tết Âm', 'số chẵn', 'siêu thị']","['002024', '003223', '000899', '000724', '000685']"
về 5 (về nhà) môn Sinh học bẫy chuột (hành động) gian khổ tính toán,"['về 5 (về nhà)', 'môn Sinh học', 'bẫy chuột (hành động)', 'gian khổ', 'tính toán']","['000366', '003439', '001561', '002874', '001342']"
thẳng tắp Tết Âm Đặng Văn Ngữ đại sứ ngọn cây,"['thẳng tắp', 'Tết Âm', 'Đặng Văn Ngữ', 'đại sứ', 'ngọn cây']","['000991', '000899', '002642', '000569', '003561']"
dầu hoả hàng nghìn Ba chân bốn cẳng Mã Lai (nước Ma-lai-xi-a) cơm hộp,"['dầu hoả', 'hàng nghìn', 'Ba chân bốn cẳng', 'Mã Lai (nước Ma-lai-xi-a)', 'cơm hộp']","['002549', '002951', '001299', '000500', '002463']"
Đông Timor (nước Đông Timor) cá kiếm lên xe vàng bạc sừng bò,"['Đông Timor (nước Đông Timor)', 'cá kiếm', 'lên xe', 'vàng bạc', 'sừng bò']","['002758', '000167', '003254', '001756', '000805']"
về (Sài Gòn) cháu họ đường cao tóm tắt khoác tay,"['về (Sài Gòn)', 'cháu họ', 'đường cao', 'tóm tắt', 'khoác tay']","['000356', '000339', '002788', '001378', '003145']"
quả hồng kịp thời giá trị dòng họ tồn tại,"['quả hồng', 'kịp thời', 'giá trị', 'dòng họ', 'tồn tại']","['000345', '000151', '002863', '002593', '001468']"
múa đèn báo giao thông cao tốc con bò vòi nước,"['múa', 'đèn báo giao thông', 'cao tốc', 'con bò', 'vòi nước']","['003472', '002662', '001951', '002317', '001854']"
đau mắt đỏ giấc ngủ tôi yêu bạn ấy cây tre công chúa,"['đau mắt đỏ', 'giấc ngủ', 'tôi yêu bạn ấy', 'cây tre', 'công chúa']","['000949', '002886', '000292', '002049', '002430']"
điều phối chủ ngữ kính lúp chui mặt dài,"['điều phối', 'chủ ngữ', 'kính lúp', 'chui', 'mặt dài']","['002709', '002239', '003203', '002264', '003382']"
làn sóng sơn phép tính kim khăn quàng,"['làn sóng', 'sơn', 'phép tính', 'kim', 'khăn quàng']","['003219', '000757', '000194', '003198', '003123']"
lên xe để (đặt) suy nghĩ động viên giúp đỡ,"['lên xe', 'để (đặt)', 'suy nghĩ', 'động viên', 'giúp đỡ']","['003254', '002682', '000765', '002770', '002914']"
rửa mặt cơ hội vuông góc ngoặc đơn ơ,"['rửa mặt', 'cơ hội', 'vuông góc', 'ngoặc đơn', 'ơ']","['000593', '002458', '001920', '003555', '001069']"
tưởng chợ nổi Cái Răng rực rỡ lặng lẽ Dinh Độc Lập,"['tưởng', 'chợ nổi Cái Răng', 'rực rỡ', 'lặng lẽ', 'Dinh Độc Lập']","['001692', '002229', '000234', '003233', '002587']"
đối diện trứng vênh váo bún mắm nghi ngờ,"['đối diện', 'trứng', 'vênh váo', 'bún mắm', 'nghi ngờ']","['002736', '001588', '001813', '000191', '003533']"
thủng đeo kính gửi thư đổi khóa quần,"['thủng', 'đeo kính', 'gửi thư', 'đổi', 'khóa quần']","['001172', '002675', '002936', '002735', '003138']"
nằm vĩ cầm phẫu thuật mắt học phí chăn nuôi,"['nằm', 'vĩ cầm', 'phẫu thuật mắt', 'học phí', 'chăn nuôi']","['003486', '001819', '000788', '003035', '002131']"
hình vẽ giường hung thủ quả hồng xiêm sấm chớp,"['hình vẽ', 'giường', 'hung thủ', 'quả hồng xiêm', 'sấm chớp']","['003008', '002917', '003073', '000347', '000653']"
cháu gái đòi kia kết luận giết,"['cháu gái', 'đòi', 'kia', 'kết luận', 'giết']","['002087', '000977', '000261', '001012', '002907']"
ban giám hiệu bắt tay buộc dây xe khách cối giã,"['ban giám hiệu', 'bắt tay', 'buộc dây', 'xe khách', 'cối giã']","['001329', '001547', '001822', '002000', '002424']"
chạy (động vật) bánh cuốn mỗi ngày gọt bút chì trốn chạy,"['chạy (động vật)', 'bánh cuốn', 'mỗi ngày', 'gọt bút chì', 'trốn chạy']","['000405', '001429', '000385', '002928', '001512']"
vĩ cầm ngân hàng anh dũng chi hội tờ tiền,"['vĩ cầm', 'ngân hàng', 'anh dũng', 'chi hội', 'tờ tiền']","['001819', '003521', '001221', '002165', '001416']"
thăng bằng đầy tớ gà nướng lu xu (tiền) họ (2 người) (đại từ),"['thăng bằng', 'đầy tớ', 'gà nướng lu', 'xu (tiền)', 'họ (2 người) (đại từ)']","['000987', '002656', '000828', '002048', '000285']"
quả bưởi con lợn (con heo) sổ tay héc-tô-mét (hm) báo cáo,"['quả bưởi', 'con lợn (con heo)', 'sổ tay', 'héc-tô-mét (hm)', 'báo cáo']","['000308', '002356', '000720', '002975', '001481']"
giúp đỡ ngày Nhà giáo Việt nam bánh giầy giỏi khe núi,"['giúp đỡ', 'ngày Nhà giáo Việt nam', 'bánh giầy', 'giỏi', 'khe núi']","['002915', '003500', '001437', '002909', '003130']"
tránh thai hoặc bờ ruộng ngô đồng ruộng,"['tránh thai', 'hoặc', 'bờ ruộng', 'ngô', 'đồng ruộng']","['001444', '000424', '001779', '003564', '002764']"
tiện nghi mâm cơm bỏ hoang thu nhỏ kèn,"['tiện nghi', 'mâm cơm', 'bỏ hoang', 'thu nhỏ', 'kèn']","['001265', '003383', '001681', '001133', '003094']"
giai đoạn cỏ may cột điện dãy số liệu ủng hộ,"['giai đoạn', 'cỏ may', 'cột điện', 'dãy số liệu', 'ủng hộ']","['002856', '002307', '002452', '002533', '001706']"
về 4 (từ nơi khác về) hoàng đế em út sờ giết,"['về 4 (từ nơi khác về)', 'hoàng đế', 'em út', 'sờ', 'giết']","['000364', '003021', '002806', '000926', '002907']"
quả ổi phơi quần áo xếp hàng ưu tiên củ đậu hấp,"['quả ổi', 'phơi quần áo', 'xếp hàng ưu tiên', 'củ đậu', 'hấp']","['000372', '000278', '002028', '002471', '000808']"
ngưỡng mộ gà trống hình bình hành bắn súng dập,"['ngưỡng mộ', 'gà trống', 'hình bình hành', 'bắn súng', 'dập']","['003600', '002817', '002996', '001517', '002546']"
hối hận cảnh giác hàng đơn vị nổi bật ca nô,"['hối hận', 'cảnh giác', 'hàng đơn vị', 'nổi bật', 'ca nô']","['003057', '000570', '002949', '000053', '001894']"
liên hoan tiêu hoá tuần này Mexico (nước Mexico) bên phải,"['liên hoan', 'tiêu hoá', 'tuần này', 'Mexico (nước Mexico)', 'bên phải']","['003260', '001291', '000876', '003401', '001601']"
chức năng thực tế thiếp đi khổ lễ bế giảng,"['chức năng', 'thực tế', 'thiếp đi', 'khổ', 'lễ bế giảng']","['002296', '001224', '001073', '003167', '003243']"
bạn quả nhãn bắt câu đối bùng binh,"['bạn', 'quả nhãn', 'bắt', 'câu đối', 'bùng binh']","['001375', '000365', '001535', '001981', '001230']"
bắt đền bến phà lông cây phượng quyên góp,"['bắt đền', 'bến phà', 'lông', 'cây phượng', 'quyên góp']","['001537', '001609', '003290', '002041', '000726']"
hoàng đế áo cánh cột nhà gà rừng thấp hơn,"['hoàng đế', 'áo cánh', 'cột nhà', 'gà rừng', 'thấp hơn']","['003021', '001254', '002453', '002815', '001013']"
phân tích không gian duyệt binh Hoàng tử ư,"['phân tích', 'không gian', 'duyệt binh', 'Hoàng tử', 'ư']","['000171', '003159', '002599', '003023', '001090']"
con vượn ngược đãi nghĩa trang lựu ngon giấc,"['con vượn', 'ngược đãi', 'nghĩa trang', 'lựu', 'ngon giấc']","['000954', '003581', '003545', '003329', '003556']"
sinh tố con sói chuyển động công nhận cao (nhà),"['sinh tố', 'con sói', 'chuyển động', 'công nhận', 'cao (nhà)']","['000707', '002383', '002285', '002433', '001935']"
củ hành tây nhóm nhảy múa họp nhóm tờ báo,"['củ hành tây', 'nhóm', 'nhảy múa', 'họp nhóm', 'tờ báo']","['002482', '000006', '003618', '000960', '001404']"
nhãn vở quay phim chó sói đèn ông sao thực vật,"['nhãn vở', 'quay phim', 'chó sói', 'đèn ông sao', 'thực vật']","['003611', '000416', '002218', '000477', '001226']"
hậu quả lặn quả hồng rửa mặt chọn lựa,"['hậu quả', 'lặn', 'quả hồng', 'rửa mặt', 'chọn lựa']","['002970', '003232', '000345', '000593', '002223']"
ban giám hiệu Miến Điện (nước Mi-an-ma) nhưng đo Kiên Giang,"['ban giám hiệu', 'Miến Điện (nước Mi-an-ma)', 'nhưng', 'đo', 'Kiên Giang']","['001329', '000012', '000538', '002718', '003192']"
phù hợp bán hàng gắp thức ăn thơm đàng trong,"['phù hợp', 'bán hàng', 'gắp thức ăn', 'thơm', 'đàng trong']","['000280', '001367', '002836', '001125', '002623']"
thiệp sinh nhật bắt tay thợ kim hoàn tuyên truyền gà rừng,"['thiệp sinh nhật', 'bắt tay', 'thợ kim hoàn', 'tuyên truyền', 'gà rừng']","['000238', '001547', '001119', '000737', '002815']"
cơ bắp liên quan I-rắc (nước I-rắc) bình thường xóa bảng,"['cơ bắp', 'liên quan', 'I-rắc (nước I-rắc)', 'bình thường', 'xóa bảng']","['002455', '003266', '003086', '001667', '002034']"
không dám u đồ uống tham ăn liên hoan,"['không dám', 'u', 'đồ uống', 'tham ăn', 'liên hoan']","['000468', '001088', '000943', '000063', '003262']"
môn Lịch sử báo (con báo) phi tiêu người nước ngoài đằng trước,"['môn Lịch sử', 'báo (con báo)', 'phi tiêu', 'người nước ngoài', 'đằng trước']","['003436', '001475', '000198', '000030', '002641']"
tái phát chân đất cày suỵt biểu đồ cột,"['tái phát', 'chân đất', 'cày', 'suỵt', 'biểu đồ cột']","['000829', '002143', '001957', '000158', '001645']"
sợi mộc nhĩ nổi da gà xẻng bạn ấy yêu bạn,"['sợi', 'mộc nhĩ', 'nổi da gà', 'xẻng', 'bạn ấy yêu bạn']","['000749', '003422', '000041', '002018', '000297']"
con đom đóm cây xanh Vĩnh Phúc kết hợp mồ côi cha mẹ,"['con đom đóm', 'cây xanh', 'Vĩnh Phúc', 'kết hợp', 'mồ côi cha mẹ']","['002342', '002053', '001837', '003104', '003420']"
ngữ pháp anh rể Võ Thị Sáu phòng mĩ thuật bò sát,"['ngữ pháp', 'anh rể', 'Võ Thị Sáu', 'phòng mĩ thuật', 'bò sát']","['001160', '001233', '000453', '000252', '001677']"
mặt đất xe khách thành thạo địa cầu câu đơn,"['mặt đất', 'xe khách', 'thành thạo', 'địa cầu', 'câu đơn']","['003379', '002002', '000971', '002697', '001983']"
khóm dứa xe tải tính chất cơ bản của phân số lẩu xâm lược,"['khóm dứa', 'xe tải', 'tính chất cơ bản của phân số', 'lẩu', 'xâm lược']","['003153', '001506', '001334', '000804', '001978']"
đường chỉ tay con sâu bên trái kẻ cắp con nhím,"['đường chỉ tay', 'con sâu', 'bên trái', 'kẻ cắp', 'con nhím']","['002172', '002380', '001603', '003093', '002371']"
chúc tết héc-tô-gam (hg) nước mắt ăn uống dân chủ,"['chúc tết', 'héc-tô-gam (hg)', 'nước mắt', 'ăn uống', 'dân chủ']","['002258', '002972', '000079', '001272', '000253']"
bốt cảnh sát gù lưng xa xôi Lào (nước Lào) thề,"['bốt cảnh sát', 'gù lưng', 'xa xôi', 'Lào (nước Lào)', 'thề']","['001759', '002132', '001930', '003226', '001036']"
khuy thành công tượng con cừu tiến sĩ,"['khuy', 'thành công', 'tượng', 'con cừu', 'tiến sĩ']","['003174', '000961', '001696', '002337', '001263']"
ít hơn tai nạn giao thông bẻ ngô chia phần chùm vải,"['ít hơn', 'tai nạn giao thông', 'bẻ ngô', 'chia phần', 'chùm vải']","['003090', '001442', '001567', '002183', '002270']"
nỏ bảng trừ trực nhật hàng đơn vị dịu dàng,"['nỏ', 'bảng trừ', 'trực nhật', 'hàng đơn vị', 'dịu dàng']","['000029', '001423', '001582', '002949', '000930']"
ân hận da trắng tỉ mỉ tinh trùng thuỷ điện,"['ân hận', 'da trắng', 'tỉ mỉ', 'tinh trùng', 'thuỷ điện']","['001294', '000748', '001240', '001184', '001178']"
thân hình bắn bi bột giặt đại tá đài sen,"['thân hình', 'bắn bi', 'bột giặt', 'đại tá', 'đài sen']","['001001', '001511', '001763', '002612', '002606']"
nghỉ học căm thù lựu đạn bữa cơm vẫy tay,"['nghỉ học', 'căm thù', 'lựu đạn', 'bữa cơm', 'vẫy tay']","['003538', '000265', '003330', '001873', '001805']"
không khí tim trêu mọc râu dám làm,"['không khí', 'tim', 'trêu', 'mọc râu', 'dám làm']","['003166', '001297', '001470', '000630', '000466']"
lau miệng vỗ về rước đèn bò tót Quảng Trị,"['lau miệng', 'vỗ về', 'rước đèn', 'bò tót', 'Quảng Trị']","['000514', '000529', '000603', '001679', '000421']"
rút gọn vạm vỡ đội trưởng cực khổ kính trọng,"['rút gọn', 'vạm vỡ', 'đội trưởng', 'cực khổ', 'kính trọng']","['000585', '001752', '002741', '000219', '003204']"
dãy số liệu cốc xách túi tôi yêu bạn 100,"['dãy số liệu', 'cốc', 'xách túi', 'tôi yêu bạn', '100']","['002533', '002423', '001952', '002098', '001167']"
cá mập vịt quay linh hồn đầu tiên đảo Hoàng Sa,"['cá mập', 'vịt quay', 'linh hồn', 'đầu tiên', 'đảo Hoàng Sa']","['002200', '000827', '003273', '002650', '000843']"
cây xanh tươi vở chèo xăng cổ vũ mẫu số bé,"['cây xanh tươi', 'vở chèo', 'xăng', 'cổ vũ', 'mẫu số bé']","['001965', '001885', '001970', '002415', '003393']"
mét (m) gấp quần áo phó hiệu trưởng con sâu vỗ cánh,"['mét (m)', 'gấp quần áo', 'phó hiệu trưởng', 'con sâu', 'vỗ cánh']","['003397', '002841', '000488', '002380', '001879']"
cộng (Toán học) yên bình đường thuỷ cướp cờ chúng tôi (2 người) (đại từ),"['cộng (Toán học)', 'yên bình', 'đường thuỷ', 'cướp cờ', 'chúng tôi (2 người) (đại từ)']","['002446', '002094', '002796', '002510', '000273']"
Vĩnh Long lời giải cảnh giác chợ nổi Cái Bè cạnh bên (toán),"['Vĩnh Long', 'lời giải', 'cảnh giác', 'chợ nổi Cái Bè', 'cạnh bên (toán)']","['001835', '003296', '000570', '002228', '001925']"
con dê đi dạo chàng trai không dám kêu,"['con dê', 'đi dạo', 'chàng trai', 'không dám', 'kêu']","['002339', '000354', '002073', '000472', '003108']"
khoang tàu mặt đất sữa rửa mặt thân hình động cơ,"['khoang tàu', 'mặt đất', 'sữa rửa mặt', 'thân hình', 'động cơ']","['003147', '003379', '000793', '001001', '002768']"
nhân viên nhảy cao ít bài báo bốc hơi,"['nhân viên', 'nhảy cao', 'ít', 'bài báo', 'bốc hơi']","['000010', '003616', '003089', '001309', '001741']"
cong đánh bắt mái nhà mỗi ngày kẹp,"['cong', 'đánh bắt', 'mái nhà', 'mỗi ngày', 'kẹp']","['002398', '002626', '003338', '000385', '003101']"
nghé giải lao chữ cái âm thanh tuyệt vọng,"['nghé', 'giải lao', 'chữ cái', 'âm thanh', 'tuyệt vọng']","['003524', '002869', '002292', '001278', '001644']"
chia tay kì lạ phật (tượng) xếp hàng ngang phẫu thuật bụng,"['chia tay', 'kì lạ', 'phật (tượng)', 'xếp hàng ngang', 'phẫu thuật bụng']","['002185', '003177', '000190', '002026', '000794']"
đàn bướm kết bạn nguồn gốc công văn đèn ông sao,"['đàn bướm', 'kết bạn', 'nguồn gốc', 'công văn', 'đèn ông sao']","['002618', '003103', '003573', '002120', '000477']"
cái neo xây hung thủ kể chuyện thư giãn,"['cái neo', 'xây', 'hung thủ', 'kể chuyện', 'thư giãn']","['000986', '001980', '003073', '003102', '001204']"
giỏi tấm lòng cái nhíp diện tích tích cực,"['giỏi', 'tấm lòng', 'cái nhíp', 'diện tích', 'tích cực']","['002909', '002700', '001909', '002581', '001249']"
ghen tị mồ hôi quan hệ từ thét mách,"['ghen tị', 'mồ hôi', 'quan hệ từ', 'thét', 'mách']","['000044', '003421', '000520', '001035', '000139']"
xông hơi ria mép chuyển động đều người yêu ma cà rồng,"['xông hơi', 'ria mép', 'chuyển động đều', 'người yêu', 'ma cà rồng']","['002046', '000638', '002286', '003598', '003332']"
đội trưởng thiếp mời hình vuông bẫy chuột (hành động) từ trái sang phải,"['đội trưởng', 'thiếp mời', 'hình vuông', 'bẫy chuột (hành động)', 'từ trái sang phải']","['002741', '001075', '001916', '001563', '001660']"
chèn ép gáy thực sự khói sân nhà,"['chèn ép', 'gáy', 'thực sự', 'khói', 'sân nhà']","['002160', '002831', '001222', '003152', '000662']"
tuyên ngôn bánh gai bìa vở khai mạc thiên thần,"['tuyên ngôn', 'bánh gai', 'bìa vở', 'khai mạc', 'thiên thần']","['001642', '001435', '001629', '003116', '001071']"
nhặt rau bạn trai giả mạo trong khoảng dân chủ,"['nhặt rau', 'bạn trai', 'giả mạo', 'trong khoảng', 'dân chủ']","['003623', '001387', '002853', '000641', '000253']"
héc-ta (ha) dự trữ phương Tây dấu chia giận dỗi,"['héc-ta (ha)', 'dự trữ', 'phương Tây', 'dấu chia', 'giận dỗi']","['002971', '003327', '000023', '002553', '002888']"
giám khảo đèo Hải Vân Khánh Hòa rế muốn,"['giám khảo', 'đèo Hải Vân', 'Khánh Hòa', 'rế', 'muốn']","['002873', '002677', '003118', '000545', '003415']"
rèn sắt bảng học sinh hàng trăm Đồng Tháp Mười hoa giấy,"['rèn sắt', 'bảng học sinh', 'hàng trăm', 'Đồng Tháp Mười', 'hoa giấy']","['000539', '001389', '002952', '002748', '001008']"
cổ linh hồn thần kì phẫu thuật bụng hình phạt,"['cổ', 'linh hồn', 'thần kì', 'phẫu thuật bụng', 'hình phạt']","['002407', '003273', '001310', '000794', '003004']"
chục tồn tại tai nạn giao thông mồ hôi nhễ nhại giỗ,"['chục', 'tồn tại', 'tai nạn giao thông', 'mồ hôi nhễ nhại', 'giỗ']","['002261', '001468', '001442', '000440', '000104']"
số liền sau tham lam mặc kệ hạt lúa 1 000 000 000 (một tỉ),"['số liền sau', 'tham lam', 'mặc kệ', 'hạt lúa', '1 000 000 000 (một tỉ)']","['000733', '000938', '003371', '002964', '001189']"
nhanh nhẹn phố lầu (tầng) chọn lọc chân tay,"['nhanh nhẹn', 'phố', 'lầu (tầng)', 'chọn lọc', 'chân tay']","['003613', '000264', '003237', '002222', '002144']"
đối diện con chim trông nhà chặt chẽ chương trình,"['đối diện', 'con chim', 'trông nhà', 'chặt chẽ', 'chương trình']","['002736', '002322', '000404', '002138', '002298']"
háo hức cuối năm làn sóng ruột non đàn bướm,"['háo hức', 'cuối năm', 'làn sóng', 'ruột non', 'đàn bướm']","['000586', '000896', '003219', '000582', '002618']"
bánh pizza cầu giao hình vuông lợi ích chất đốt,"['bánh pizza', 'cầu giao', 'hình vuông', 'lợi ích', 'chất đốt']","['001449', '001999', '001916', '003298', '002146']"
bắn cung tên nhảy múa rế rút gọn phân số rẽ phải,"['bắn cung tên', 'nhảy múa', 'rế', 'rút gọn phân số', 'rẽ phải']","['000496', '003618', '000545', '000587', '000537']"
con voi quét nhà lỗi chính tả văn trường tiểu học,"['con voi', 'quét nhà', 'lỗi chính tả', 'văn', 'trường tiểu học']","['002396', '000443', '003287', '001762', '001592']"
đăng ký giận dỗi hoa lay ơn bay nhanh (máy bay) kẻ thù,"['đăng ký', 'giận dỗi', 'hoa lay ơn', 'bay nhanh (máy bay)', 'kẻ thù']","['002638', '002888', '003012', '000409', '003095']"
chia sẻ đoàn thanh niên vết thương chia rẽ quyết tâm,"['chia sẻ', 'đoàn thanh niên', 'vết thương', 'chia rẽ', 'quyết tâm']","['002184', '002720', '001815', '000728', '000495']"
Bắc Giang đàn bướm nhận Mã Lai (nước Ma-lai-xi-a) câu đố,"['Bắc Giang', 'đàn bướm', 'nhận', 'Mã Lai (nước Ma-lai-xi-a)', 'câu đố']","['001501', '002618', '003632', '000502', '001979']"
phiền hà thành công lây bệnh giầy dép hằng đẳng thức,"['phiền hà', 'thành công', 'lây bệnh', 'giầy dép', 'hằng đẳng thức']","['000474', '000961', '003238', '002892', '002967']"
phơi quần áo sân vận động củ từ phức tạp con gái,"['phơi quần áo', 'sân vận động', 'củ từ', 'phức tạp', 'con gái']","['000278', '000673', '002473', '000294', '002345']"
quả ổi giao thừa bọt biển phim hoạt hình con chim,"['quả ổi', 'giao thừa', 'bọt biển', 'phim hoạt hình', 'con chim']","['000372', '002879', '001711', '000216', '002322']"
vị ngữ e đường hàng không bọt biển bím tóc đuôi sam,"['vị ngữ', 'e', 'đường hàng không', 'bọt biển', 'bím tóc đuôi sam']","['001823', '001038', '002790', '001711', '001653']"
khăn quàng đỏ bệnh tật chặn duyệt binh chi hội,"['khăn quàng đỏ', 'bệnh tật', 'chặn', 'duyệt binh', 'chi hội']","['003124', '001623', '002134', '002599', '002165']"
môn Kĩ thuật pháo hoa dân tộc la bàn ngày của Cha,"['môn Kĩ thuật', 'pháo hoa', 'dân tộc', 'la bàn', 'ngày của Cha']","['003435', '000156', '002540', '003206', '000111']"
công nhận em rể tham ăn dịch vụ lều trại,"['công nhận', 'em rể', 'tham ăn', 'dịch vụ', 'lều trại']","['002433', '002804', '000065', '002578', '003255']"
ngon giấc bút màu dừng lại em trai mái tóc,"['ngon giấc', 'bút màu', 'dừng lại', 'em trai', 'mái tóc']","['003556', '001869', '000415', '002805', '003339']"
phong trào đĩa kèn cộng (Toán học) cái nhíp,"['phong trào', 'đĩa', 'kèn', 'cộng (Toán học)', 'cái nhíp']","['000233', '002695', '003094', '002448', '001909']"
xui xẻo cháu trai nhà cửa bò chặt,"['xui xẻo', 'cháu trai', 'nhà cửa', 'bò', 'chặt']","['000597', '002103', '003602', '001675', '002136']"
bọt biển da ngăm (nước da ngăm đen) khoa học khoan (khoan đã) bánh cốm,"['bọt biển', 'da ngăm (nước da ngăm đen)', 'khoa học', 'khoan (khoan đã)', 'bánh cốm']","['001711', '000756', '003137', '003410', '001427']"
đèo Hải Vân khoác vai muộn thành viên sinh hoạt,"['đèo Hải Vân', 'khoác vai', 'muộn', 'thành viên', 'sinh hoạt']","['002678', '003139', '003474', '000975', '000697']"
Đồng Nai chứng minh mây xăng-ti-mét (cm) vực sâu,"['Đồng Nai', 'chứng minh', 'mây', 'xăng-ti-mét (cm)', 'vực sâu']","['002747', '002303', '003396', '001972', '003169']"
Đông Nam nhân cách hoá lặn Bến Tre hình học,"['Đông Nam', 'nhân cách hoá', 'lặn', 'Bến Tre', 'hình học']","['002743', '003624', '003232', '001613', '003001']"
sinh động sờ cụ già gói (đgt) rơm rớm,"['sinh động', 'sờ', 'cụ già', 'gói (đgt)', 'rơm rớm']","['000695', '000926', '002487', '002925', '002766']"
vênh váo nhà thơ tay chân sạch sẽ cầu Long Biên mũm mĩm,"['vênh váo', 'nhà thơ', 'tay chân sạch sẽ', 'cầu Long Biên', 'mũm mĩm']","['001813', '003605', '000918', '003157', '000906']"
chỉ dẫn trả (đt) bóc vỏ con cóc đau bụng,"['chỉ dẫn', 'trả (đt)', 'bóc vỏ', 'con cóc', 'đau bụng']","['002169', '001422', '001695', '002330', '000777']"
dịch vụ khâu vá khách vip ê chi tiết,"['dịch vụ', 'khâu vá', 'khách vip', 'ê', 'chi tiết']","['002579', '003126', '003114', '001043', '002167']"
kết quả nhà sàn tay phải ế ẩm con hoẵng,"['kết quả', 'nhà sàn', 'tay phải', 'ế ẩm', 'con hoẵng']","['003106', '003603', '000861', '002809', '002349']"
sừng trâu nhìn xuyên Việt động cơ cưỡi ngựa,"['sừng trâu', 'nhìn', 'xuyên Việt', 'động cơ', 'cưỡi ngựa']","['000807', '000000', '000465', '002768', '002504']"
giao hoán cưa (cái cưa) 100 sửa chữa con gái,"['giao hoán', 'cưa (cái cưa)', '100', 'sửa chữa', 'con gái']","['002877', '002499', '001167', '000770', '002345']"
chơi quỳ hỏng dịch vụ chức vụ,"['chơi', 'quỳ', 'hỏng', 'dịch vụ', 'chức vụ']","['002232', '000485', '003043', '002577', '002301']"
đi tuần bơm (cái bơm) tuyên bố tình cảm xếp hàng ưu tiên,"['đi tuần', 'bơm (cái bơm)', 'tuyên bố', 'tình cảm', 'xếp hàng ưu tiên']","['000527', '001785', '001640', '001312', '002028']"
thung lũng Oa-sinh-tơn nguy hiểm lẩu quý hiếm,"['thung lũng', 'Oa-sinh-tơn', 'nguy hiểm', 'lẩu', 'quý hiếm']","['001000', '000087', '003576', '000804', '000487']"
hăm dọa chai nước gật gù thông qua đằng sau,"['hăm dọa', 'chai nước', 'gật gù', 'thông qua', 'đằng sau']","['002588', '002071', '002843', '001103', '002640']"
quan hệ r tiếng nói nhóm ngược đãi,"['quan hệ', 'r', 'tiếng nói', 'nhóm', 'ngược đãi']","['000397', '001078', '001273', '000006', '003581']"
chữa bệnh Liên Bang Nga (nước Nga) rửa tay Oa-sinh-tơn liệt (liệt tay chân),"['chữa bệnh', 'Liên Bang Nga (nước Nga)', 'rửa tay', 'Oa-sinh-tơn', 'liệt (liệt tay chân)']","['002300', '003258', '000594', '000087', '003270']"
trục hoành xem đã thói quen con chuột nhắt mỳ ý,"['trục hoành', 'xem đã', 'thói quen', 'con chuột nhắt', 'mỳ ý']","['001532', '000439', '000071', '002328', '000185']"
em út Lào (nước Lào) nghiêm túc gạo nếp cày,"['em út', 'Lào (nước Lào)', 'nghiêm túc', 'gạo nếp', 'cày']","['002806', '003225', '003549', '002828', '001957']"
môn Khoa học chặt thái độ mồ côi Hạ Long,"['môn Khoa học', 'chặt', 'thái độ', 'mồ côi', 'Hạ Long']","['003432', '002136', '000923', '003419', '002942']"
rơm rớm tri kỉ gửi quà thắng lợi lượt về (trong thể thao),"['rơm rớm', 'tri kỉ', 'gửi quà', 'thắng lợi', 'lượt về (trong thể thao)']","['002766', '001040', '002935', '000993', '000716']"
bắc nam lễ bế giảng đầu tàu giả bộ (giống giả vờ) bắn cung tên,"['bắc nam', 'lễ bế giảng', 'đầu tàu', 'giả bộ (giống giả vờ)', 'bắn cung tên']","['001507', '003242', '002649', '002852', '000496']"
Liên Bang Nga (nước Nga) bất động nạn nhân ngoặc đơn nhọn hoắt,"['Liên Bang Nga (nước Nga)', 'bất động', 'nạn nhân', 'ngoặc đơn', 'nhọn hoắt']","['003258', '001553', '003479', '003555', '000011']"
thờ cúng khờ dại sân vận động Ma Cao vạm vỡ,"['thờ cúng', 'khờ dại', 'sân vận động', 'Ma Cao', 'vạm vỡ']","['001111', '000217', '000673', '000016', '001752']"
buổi đêm tuân thủ cộng (Toán học) Âu Cơ củ sả,"['buổi đêm', 'tuân thủ', 'cộng (Toán học)', 'Âu Cơ', 'củ sả']","['001832', '001626', '002447', '001298', '002484']"
chỉ khâu đèn báo giao thông củ gừng tăm chuyển đồ,"['chỉ khâu', 'đèn báo giao thông', 'củ gừng', 'tăm', 'chuyển đồ']","['002171', '002662', '002481', '000867', '002283']"
má hồng quốc khánh hạt nước mắm địa đạo Củ Chi,"['má hồng', 'quốc khánh', 'hạt', 'nước mắm', 'địa đạo Củ Chi']","['000446', '000458', '002961', '000966', '002698']"
kịch bản gang tay chè đỗ đỏ máy xúc xem đã,"['kịch bản', 'gang tay', 'chè đỗ đỏ', 'máy xúc', 'xem đã']","['003187', '002823', '002157', '000698', '000439']"
kính lão lão già khoảng cách con số thuyết trình,"['kính lão', 'lão già', 'khoảng cách', 'con số', 'thuyết trình']","['003202', '003228', '003141', '002385', '001202']"
yên ngựa thiệp sinh nhật Âu Cơ mệt mỏi cầu tre,"['yên ngựa', 'thiệp sinh nhật', 'Âu Cơ', 'mệt mỏi', 'cầu tre']","['002505', '000236', '001298', '000800', '002007']"
cao (núi) lục địa con ngựa ai cho công nghiệp,"['cao (núi)', 'lục địa', 'con ngựa', 'ai cho', 'công nghiệp']","['001937', '003308', '002370', '000080', '000676']"
bánh giầy tính chất bằng nhau trúng thưởng chất độc màu da cam tạo thành,"['bánh giầy', 'tính chất bằng nhau', 'trúng thưởng', 'chất độc màu da cam', 'tạo thành']","['001437', '001332', '001568', '002148', '002164']"
tờ báo Đắk Lắk gạo đầu xuôi đuôi lọt giai đoạn,"['tờ báo', 'Đắk Lắk', 'gạo', 'đầu xuôi đuôi lọt', 'giai đoạn']","['001406', '002637', '002826', '002651', '002856']"
luật lệ chuông bìa vở hàng triệu ai bảo,"['luật lệ', 'chuông', 'bìa vở', 'hàng triệu', 'ai bảo']","['003304', '002273', '001629', '002954', '002133']"
tỉ lệ Mexico (nước Mexico) mùa xuân mật ong quả dừa xiêm,"['tỉ lệ', 'Mexico (nước Mexico)', 'mùa xuân', 'mật ong', 'quả dừa xiêm']","['001238', '003401', '003467', '003391', '000336']"
mẫu số lớn nhận hàng đầy chi hội trông nom,"['mẫu số lớn', 'nhận hàng', 'đầy', 'chi hội', 'trông nom']","['003395', '003631', '002654', '002165', '001522']"
Bắc Giang rèn luyện Ô-lim-píc sừng sao chép,"['Bắc Giang', 'rèn luyện', 'Ô-lim-píc', 'sừng', 'sao chép']","['001501', '000541', '000491', '000803', '000633']"
con rùa thuỷ thủ Kiên Giang không nghe lời đi,"['con rùa', 'thuỷ thủ', 'Kiên Giang', 'không nghe lời', 'đi']","['002379', '001182', '003192', '000078', '002693']"
điều kiện tiệc lồng chim bước chân góc nhọn,"['điều kiện', 'tiệc', 'lồng chim', 'bước chân', 'góc nhọn']","['002714', '001257', '003293', '001884', '002921']"
vận động thiếu niên chặt chẽ kêu cổ,"['vận động', 'thiếu niên', 'chặt chẽ', 'kêu', 'cổ']","['001794', '001081', '002138', '003108', '002407']"
Kon Tum chè đỗ đỏ măng tủi thân co giật,"['Kon Tum', 'chè đỗ đỏ', 'măng', 'tủi thân', 'co giật']","['003205', '002157', '003374', '001628', '002306']"
làm ruộng hoàng đế cạnh đối diện đông lạnh cây đa,"['làm ruộng', 'hoàng đế', 'cạnh đối diện', 'đông lạnh', 'cây đa']","['003216', '003021', '001929', '002757', '002027']"
cửa hàng thiếu niên ủy ban nhân dân thế hệ người máy,"['cửa hàng', 'thiếu niên', 'ủy ban nhân dân', 'thế hệ', 'người máy']","['002500', '001081', '001722', '001039', '003589']"
con đẻ màu nâu chìa khóa hồ Hoàn Kiếm địa hình,"['con đẻ', 'màu nâu', 'chìa khóa', 'hồ Hoàn Kiếm', 'địa hình']","['002341', '003349', '002186', '003051', '001003']"
Kim Đồng sân chơi nóc nhà rơm rớm hệ thống,"['Kim Đồng', 'sân chơi', 'nóc nhà', 'rơm rớm', 'hệ thống']","['001004', '000658', '000031', '002766', '002981']"
đường chéo khoa học gạo nếp dốt vội vã,"['đường chéo', 'khoa học', 'gạo nếp', 'dốt', 'vội vã']","['002789', '003137', '002828', '002596', '001883']"
khâu vá bó hoa đua thuyền tống tiền xui xẻo,"['khâu vá', 'bó hoa', 'đua thuyền', 'tống tiền', 'xui xẻo']","['003126', '001691', '002779', '001402', '000597']"
bớt đi bánh đúc nhổ râu con vượn về (Sài Gòn),"['bớt đi', 'bánh đúc', 'nhổ râu', 'con vượn', 'về (Sài Gòn)']","['001795', '001433', '000614', '000954', '000356']"
nhà thơ kim cương thiên thần quả sầu riêng Tết Âm,"['nhà thơ', 'kim cương', 'thiên thần', 'quả sầu riêng', 'Tết Âm']","['003605', '000704', '001071', '000380', '000899']"
hình elip thở dài ngồi bún ốc giấy,"['hình elip', 'thở dài', 'ngồi', 'bún ốc', 'giấy']","['003000', '001113', '003570', '000197', '002893']"
lây bệnh riêng tư dân chài 6 thẳng hàng (Toán học),"['lây bệnh', 'riêng tư', 'dân chài', '6', 'thẳng hàng (Toán học)']","['003238', '000548', '002535', '001136', '000989']"
mũi tên tháng sân thượng bập bênh 8,"['mũi tên', 'tháng', 'sân thượng', 'bập bênh', '8']","['000498', '000952', '000664', '001551', '001142']"
châm chọc con ốc đầy đủ nhanh nhẹn khởi nghiệp,"['châm chọc', 'con ốc', 'đầy đủ', 'nhanh nhẹn', 'khởi nghiệp']","['002139', '002377', '002655', '003613', '000706']"
đổi Quảng Trị con gái Hung-ga-ri (nước Hung-ga-ri) cái bè,"['đổi', 'Quảng Trị', 'con gái', 'Hung-ga-ri (nước Hung-ga-ri)', 'cái bè']","['002735', '000421', '002345', '003074', '001902']"
liên quan hung ác tay trái dãy nhà tập hợp (Toán học),"['liên quan', 'hung ác', 'tay trái', 'dãy nhà', 'tập hợp (Toán học)']","['003266', '003072', '000863', '002530', '000879']"
đáng quý khai mạc nguyên nhân khách sạn nổi da gà,"['đáng quý', 'khai mạc', 'nguyên nhân', 'khách sạn', 'nổi da gà']","['002624', '003116', '003577', '003113', '000041']"
chùa tòa soạn bơm nước bãi đỗ xe (ô tô) năng khiếu,"['chùa', 'tòa soạn', 'bơm nước', 'bãi đỗ xe (ô tô)', 'năng khiếu']","['002248', '001366', '001787', '001325', '003488']"
đau mắt đỏ nhà kho hướng dẫn chuyện nhỏ chuyển động,"['đau mắt đỏ', 'nhà kho', 'hướng dẫn', 'chuyện nhỏ', 'chuyển động']","['000949', '000806', '003084', '000532', '002285']"
sao chép ấm trà ung thư vô lí đầu xuôi đuôi lọt,"['sao chép', 'ấm trà', 'ung thư', 'vô lí', 'đầu xuôi đuôi lọt']","['000633', '001292', '000479', '001864', '002651']"
nổi giận trứng diện tích công ước tai,"['nổi giận', 'trứng', 'diện tích', 'công ước', 'tai']","['000057', '001586', '002581', '002438', '000818']"
tình huống Y-Éc-Xanh ngán ầm ĩ nhà bác học,"['tình huống', 'Y-Éc-Xanh', 'ngán', 'ầm ĩ', 'nhà bác học']","['001316', '002074', '000816', '001280', '003601']"
nằm gan dạ khó tiêu hút nước bánh sandwich,"['nằm', 'gan dạ', 'khó tiêu', 'hút nước', 'bánh sandwich']","['003486', '002821', '002166', '003076', '000832']"
chuyển đồ khe cửa ai xoá bỏ mọc tóc,"['chuyển đồ', 'khe cửa', 'ai', 'xoá bỏ', 'mọc tóc']","['002283', '003129', '001199', '002036', '000628']"
hình học củ khoai lang khuôn hình xôi gà khúc khuỷu,"['hình học', 'củ khoai lang', 'khuôn hình', 'xôi gà', 'khúc khuỷu']","['003001', '002472', '003173', '000204', '003170']"
xứ Nghệ bánh giầy ban giám hiệu anh chị em đội trưởng,"['xứ Nghệ', 'bánh giầy', 'ban giám hiệu', 'anh chị em', 'đội trưởng']","['002064', '001437', '001329', '001215', '002741']"
người xưa lý do ê xe lu lời nói,"['người xưa', 'lý do', 'ê', 'xe lu', 'lời nói']","['003596', '000652', '001041', '002008', '003297']"
thầy cúng cổ chân hàng triệu chảo quả su su,"['thầy cúng', 'cổ chân', 'hàng triệu', 'chảo', 'quả su su']","['001021', '002409', '002954', '002079', '000382']"
thờ cúng hành động lỗi lầm dấu ngoặc đơn bát ngát,"['thờ cúng', 'hành động', 'lỗi lầm', 'dấu ngoặc đơn', 'bát ngát']","['001111', '002956', '003288', '002556', '001491']"
sổ tay vái tứ phương phòng chống khe cửa đảo Trường Sa,"['sổ tay', 'vái tứ phương', 'phòng chống', 'khe cửa', 'đảo Trường Sa']","['000720', '001750', '000242', '003129', '000837']"
phong trào ngã ba taxi lĩnh hội liều mình,"['phong trào', 'ngã ba', 'taxi', 'lĩnh hội', 'liều mình']","['000233', '003498', '000856', '003274', '003272']"
dãy núi phà đuôi chuột sừng bò Đặng Văn Ngữ,"['dãy núi', 'phà', 'đuôi chuột', 'sừng bò', 'Đặng Văn Ngữ']","['002531', '000136', '000172', '000805', '002642']"
môn Giáo dục công dân quý hiếm nhỏ tuổi chia tay bảng cửu chương,"['môn Giáo dục công dân', 'quý hiếm', 'nhỏ tuổi', 'chia tay', 'bảng cửu chương']","['003430', '000487', '000004', '002185', '001399']"
cối giã tự lập nhà văn hóa ống nghe lọ mực,"['cối giã', 'tự lập', 'nhà văn hóa', 'ống nghe', 'lọ mực']","['002424', '001664', '000990', '000118', '003281']"
Đồng Tháp Mười khen tặng 12 góc vườn dệt,"['Đồng Tháp Mười', 'khen tặng', '12', 'góc vườn', 'dệt']","['002748', '003132', '001154', '002924', '002572']"
ngã bờm tóc chất dẻo bàn tay mẫu số chung,"['ngã', 'bờm tóc', 'chất dẻo', 'bàn tay', 'mẫu số chung']","['003504', '001791', '002145', '001345', '003394']"
đàn bầu Lào (nước Lào) môn Đạo đức tô màu Nam bán cầu,"['đàn bầu', 'Lào (nước Lào)', 'môn Đạo đức', 'tô màu', 'Nam bán cầu']","['002617', '003227', '003428', '001382', '003477']"
theo đuổi hót rác (cái hót rác) góc bếp đài sen dịu dàng,"['theo đuổi', 'hót rác (cái hót rác)', 'góc bếp', 'đài sen', 'dịu dàng']","['001031', '003048', '002919', '002606', '000930']"
đông lạnh duy nhất dân tộc Khơ me gieo xúc xắc cặp sách,"['đông lạnh', 'duy nhất', 'dân tộc Khơ me', 'gieo xúc xắc', 'cặp sách']","['002757', '000980', '000682', '002905', '001962']"
thìa mọc râu sắt nói chuyện e,"['thìa', 'mọc râu', 'sắt', 'nói chuyện', 'e']","['001059', '000630', '000651', '000033', '001038']"
răng điều khiển bắt đền xăm gương,"['răng', 'điều khiển', 'bắt đền', 'xăm', 'gương']","['000531', '002713', '001537', '001968', '002937']"
cổ vũ năng lực chủ động khen cái gương,"['cổ vũ', 'năng lực', 'chủ động', 'khen', 'cái gương']","['002415', '003489', '002237', '003131', '001908']"
mái hiên email gặm xương (con chó gặm xương) xôi chi tiết,"['mái hiên', 'email', 'gặm xương (con chó gặm xương)', 'xôi', 'chi tiết']","['003337', '002807', '002833', '002044', '002167']"
quả lê dự án không đẹp tập viết cạnh đối diện,"['quả lê', 'dự án', 'không đẹp', 'tập viết', 'cạnh đối diện']","['000355', '000580', '000269', '000887', '001929']"
nhọn tiêu cực tuân lệnh con người cổ đại,"['nhọn', 'tiêu cực', 'tuân lệnh', 'con người', 'cổ đại']","['000008', '001287', '001624', '002367', '002410']"
vạm vỡ tờ tiền quanh năm số lớn thiu,"['vạm vỡ', 'tờ tiền', 'quanh năm', 'số lớn', 'thiu']","['001752', '001416', '000552', '000736', '000812']"
quốc hội nổi nóng ngắt hoa chúng tôi (5 người) (đại từ) người yêu,"['quốc hội', 'nổi nóng', 'ngắt hoa', 'chúng tôi (5 người) (đại từ)', 'người yêu']","['000456', '000059', '003518', '000279', '003598']"
xăm máy khâu quả na thực hành xăng-ti-mét (cm),"['xăm', 'máy khâu', 'quả na', 'thực hành', 'xăng-ti-mét (cm)']","['001968', '003368', '000361', '001216', '001972']"
long lanh (mắt) may mắn tròn kiến trúc sư dấu gạch ngang,"['long lanh (mắt)', 'may mắn', 'tròn', 'kiến trúc sư', 'dấu gạch ngang']","['000598', '000221', '001493', '003196', '002554']"
gửi thư trả (đt) xe tải quạt cây đi học,"['gửi thư', 'trả (đt)', 'xe tải', 'quạt cây', 'đi học']","['002936', '001422', '001506', '000412', '002694']"
mùa đông gạo thổ dân náo nức Võ Thị Sáu,"['mùa đông', 'gạo', 'thổ dân', 'náo nức', 'Võ Thị Sáu']","['003462', '002826', '003223', '003481', '000453']"
vùng vẫy (dành cho người) nhanh nhẹn bất khuất râu tính nhẩm,"['vùng vẫy (dành cho người)', 'nhanh nhẹn', 'bất khuất', 'râu', 'tính nhẩm']","['001914', '003613', '000534', '000535', '001340']"
lẫn lộn tung tăng năn nỉ không ngon lễ hội hóa trang,"['lẫn lộn', 'tung tăng', 'năn nỉ', 'không ngon', 'lễ hội hóa trang']","['003236', '001632', '000584', '000442', '003249']"
chỉnh sửa tiến sĩ trọng tài ngón chân thuộc địa,"['chỉnh sửa', 'tiến sĩ', 'trọng tài', 'ngón chân', 'thuộc địa']","['002209', '001263', '001504', '003559', '000771']"
xuất hiện không nghe lời tính chất bằng nhau chèn ép phơi quần áo,"['xuất hiện', 'không nghe lời', 'tính chất bằng nhau', 'chèn ép', 'phơi quần áo']","['002052', '000076', '001332', '002160', '000278']"
dự trữ con cóc đảo Hoàng Sa đầu tàu ngoan ngoãn,"['dự trữ', 'con cóc', 'đảo Hoàng Sa', 'đầu tàu', 'ngoan ngoãn']","['003327', '002330', '000843', '002649', '003553']"
nguyên nhân tự giác duyên dáng quả cam nông nghiệp,"['nguyên nhân', 'tự giác', 'duyên dáng', 'quả cam', 'nông nghiệp']","['003577', '000098', '002598', '000314', '000066']"
đường hầm ăn xin bò tót ngã ba học bổng,"['đường hầm', 'ăn xin', 'bò tót', 'ngã ba', 'học bổng']","['002791', '001276', '001679', '003498', '003032']"
lục giác đào tạo thối trống (không có gì) mỳ vằn thắn,"['lục giác', 'đào tạo', 'thối', 'trống (không có gì)', 'mỳ vằn thắn']","['003309', '002631', '000811', '002755', '000183']"
kỹ năng dán mâm ngũ quả f con ngỗng,"['kỹ năng', 'dán', 'mâm ngũ quả', 'f', 'con ngỗng']","['000213', '002528', '003384', '001096', '002364']"
về 4 (từ nơi khác về) khúc khuỷu thú dữ củ khoai lang màu nhiệm,"['về 4 (từ nơi khác về)', 'khúc khuỷu', 'thú dữ', 'củ khoai lang', 'màu nhiệm']","['000364', '003170', '001145', '002472', '003351']"
hoa mai bán hàng chủ nhiệm ngược lại bất hiếu,"['hoa mai', 'bán hàng', 'chủ nhiệm', 'ngược lại', 'bất hiếu']","['001020', '001365', '002240', '003582', '001555']"
giấy tờ khả năng chim bồ câu bắt hồi hộp,"['giấy tờ', 'khả năng', 'chim bồ câu', 'bắt', 'hồi hộp']","['002903', '000211', '002201', '001535', '003055']"
bánh cuốn cạnh bên (toán) củ cà rốt phấn (viết bảng) ngắn,"['bánh cuốn', 'cạnh bên (toán)', 'củ cà rốt', 'phấn (viết bảng)', 'ngắn']","['001429', '001925', '002479', '000178', '003516']"
nguồn gốc cõng khoan xâm hại tình dục thành công,"['nguồn gốc', 'cõng', 'khoan', 'xâm hại tình dục', 'thành công']","['003573', '002401', '003146', '003552', '000961']"
phòng thư viện giống nhau ngoại hình an ninh đền,"['phòng thư viện', 'giống nhau', 'ngoại hình', 'an ninh', 'đền']","['000255', '002910', '003551', '001205', '002690']"
xe máy vật nuôi cấy lúa chứng kiến lau nhà,"['xe máy', 'vật nuôi', 'cấy lúa', 'chứng kiến', 'lau nhà']","['001992', '001801', '002057', '002297', '003231']"
tham khảo hỏi chuyển động quay Hùng Vương tĩnh lặng,"['tham khảo', 'hỏi', 'chuyển động quay', 'Hùng Vương', 'tĩnh lặng']","['000936', '003039', '002287', '003075', '001326']"
quả táo vịnh tủi thân mâm cơm tinh mắt,"['quả táo', 'vịnh', 'tủi thân', 'mâm cơm', 'tinh mắt']","['000384', '001839', '001628', '003383', '000260']"
d giá trị tuyệt đối phim truyện công nhận chùm vải,"['d', 'giá trị tuyệt đối', 'phim truyện', 'công nhận', 'chùm vải']","['001034', '002868', '000225', '002433', '002270']"
xây mạch lạc 23 tinh trùng quanh năm,"['xây', 'mạch lạc', '23', 'tinh trùng', 'quanh năm']","['001984', '003334', '001158', '001184', '000552']"
thực tế rón rén hình trụ ô ăn quan khoáng sản,"['thực tế', 'rón rén', 'hình trụ', 'ô ăn quan', 'khoáng sản']","['001224', '000561', '003006', '000091', '000668']"
thu mua 8 con ốc đau tay dấu nhân,"['thu mua', '8', 'con ốc', 'đau tay', 'dấu nhân']","['001131', '001142', '002377', '000779', '002557']"
nhân hậu giới hạn vịnh Hạ Long tôn trọng gương mẫu,"['nhân hậu', 'giới hạn', 'vịnh Hạ Long', 'tôn trọng', 'gương mẫu']","['003628', '002912', '001841', '001390', '002939']"
không có chi chùm khế kính hiển vi xé rách ngày khai trường,"['không có chi', 'chùm khế', 'kính hiển vi', 'xé rách', 'ngày khai trường']","['000251', '002268', '003201', '002012', '003499']"
ngày sinh bánh pizza Nhật (nước Nhật) hình thang dây điện,"['ngày sinh', 'bánh pizza', 'Nhật (nước Nhật)', 'hình thang', 'dây điện']","['003512', '001449', '003639', '003005', '002563']"
lây bệnh con ghẹ giường bát ngát tiến bộ,"['lây bệnh', 'con ghẹ', 'giường', 'bát ngát', 'tiến bộ']","['003238', '002347', '002917', '001491', '000693']"
tia số mùa xuân dấu hỏi môn Tiếng Việt tóm lược,"['tia số', 'mùa xuân', 'dấu hỏi', 'môn Tiếng Việt', 'tóm lược']","['001246', '003467', '001118', '003440', '001376']"
đài sen đường hầm sức khỏe bóc lột từ chối,"['đài sen', 'đường hầm', 'sức khỏe', 'bóc lột', 'từ chối']","['002606', '002791', '000801', '001693', '000228']"
hãng máy bay lao phổi thần kinh đau bụng con sư tử,"['hãng máy bay', 'lao phổi', 'thần kinh', 'đau bụng', 'con sư tử']","['001407', '003224', '001009', '000777', '002386']"
chục nghìn sa thải thím ăn vặt toàn cầu,"['chục nghìn', 'sa thải', 'thím', 'ăn vặt', 'toàn cầu']","['002262', '002785', '001083', '001274', '001370']"
thận con sâu sương gió thắng lợi mục tiêu,"['thận', 'con sâu', 'sương gió', 'thắng lợi', 'mục tiêu']","['001011', '002380', '000809', '000993', '000898']"
trung bình băng dính thực sự củ đậu xóa bảng,"['trung bình', 'băng dính', 'thực sự', 'củ đậu', 'xóa bảng']","['001546', '001523', '001222', '002471', '002034']"
Đồng Tháp Mười vết thương hạt lúa phở cuốn vạch xuất phát,"['Đồng Tháp Mười', 'vết thương', 'hạt lúa', 'phở cuốn', 'vạch xuất phát']","['002748', '001815', '002964', '000276', '001742']"
tiếng nói con chồn bánh canh xoáy cá voi,"['tiếng nói', 'con chồn', 'bánh canh', 'xoáy', 'cá voi']","['001273', '002326', '000834', '002038', '000165']"
bắt giữ đứng nghiêm vòng nguyệt quế cây cối bao la,"['bắt giữ', 'đứng nghiêm', 'vòng nguyệt quế', 'cây cối', 'bao la']","['001543', '002787', '000493', '002025', '001457']"
cổng hiện nay nước Việt nam kẹo tỉ lệ,"['cổng', 'hiện nay', 'nước Việt nam', 'kẹo', 'tỉ lệ']","['002444', '002990', '000085', '003100', '001238']"
thư giãn lưu ý tuần trước tiêu cực ảo thuật,"['thư giãn', 'lưu ý', 'tuần trước', 'tiêu cực', 'ảo thuật']","['001204', '003328', '000890', '001287', '001248']"
cười nhếch mép băng dính liên tục thổ dân tĩnh lặng,"['cười nhếch mép', 'băng dính', 'liên tục', 'thổ dân', 'tĩnh lặng']","['000056', '001523', '003267', '003223', '001326']"
hòa nhập ngoại hình xé rách dòng chữ hợp đồng,"['hòa nhập', 'ngoại hình', 'xé rách', 'dòng chữ', 'hợp đồng']","['003017', '003551', '002012', '002592', '003067']"
dép quai hậu ầm ĩ tránh thai nấm Đền Hùng,"['dép quai hậu', 'ầm ĩ', 'tránh thai', 'nấm', 'Đền Hùng']","['002567', '001280', '001444', '003490', '002691']"
bít tất hoa mai khoác tay cỏ may thực hành,"['bít tất', 'hoa mai', 'khoác tay', 'cỏ may', 'thực hành']","['001673', '001020', '003145', '002307', '001216']"
chủ ngữ thực tế tờ tiền đũa dòng chữ,"['chủ ngữ', 'thực tế', 'tờ tiền', 'đũa', 'dòng chữ']","['002239', '001224', '001416', '002781', '002592']"
chất thải rau dền hộp bút dây chun chim bồ câu,"['chất thải', 'rau dền', 'hộp bút', 'dây chun', 'chim bồ câu']","['002153', '000519', '003064', '002560', '002201']"
nội quy bực mình hăng hái hồ Hoàn Kiếm hình vẽ,"['nội quy', 'bực mình', 'hăng hái', 'hồ Hoàn Kiếm', 'hình vẽ']","['000062', '000096', '002966', '003051', '003008']"
múa đô thị nguồn gốc vô lí đấu tranh,"['múa', 'đô thị', 'nguồn gốc', 'vô lí', 'đấu tranh']","['003472', '002732', '003573', '001864', '002652']"
còng (cái còng) môn Tự nhiên và Xã hội hiểu nhiệt độ kỉ niệm,"['còng (cái còng)', 'môn Tự nhiên và Xã hội', 'hiểu', 'nhiệt độ', 'kỉ niệm']","['002399', '003443', '002992', '002767', '003181']"
cơm hộp động viên vác đoàn cải lương Ả Rập (nước Ả Rập),"['cơm hộp', 'động viên', 'vác', 'đoàn cải lương', 'Ả Rập (nước Ả Rập)']","['002463', '002770', '001738', '002719', '000021']"
chỉ huy hãng xe máy môn Tiếng Việt chú hề đỡ,"['chỉ huy', 'hãng xe máy', 'môn Tiếng Việt', 'chú hề', 'đỡ']","['002170', '001417', '003440', '002242', '002777']"
bập bênh lưỡi ngước nhìn xe container dừng lại,"['bập bênh', 'lưỡi', 'ngước nhìn', 'xe container', 'dừng lại']","['001551', '003320', '003580', '000408', '000415']"
trúng thưởng giả bộ (giống giả vờ) quả chôm chôm trêu tức ngữ pháp,"['trúng thưởng', 'giả bộ (giống giả vờ)', 'quả chôm chôm', 'trêu tức', 'ngữ pháp']","['001568', '002852', '000318', '001472', '001159']"
đóng góp Tết Trung thu hàng chục bất động cao (người),"['đóng góp', 'Tết Trung thu', 'hàng chục', 'bất động', 'cao (người)']","['002731', '000907', '002945', '001553', '001931']"
trốn chạy chục vòi nước con ruồi chú hề,"['trốn chạy', 'chục', 'vòi nước', 'con ruồi', 'chú hề']","['001510', '002261', '001854', '002378', '002242']"
nổi nóng kháu khỉnh mũi tên khoá (cái khóa) vòng nguyệt quế,"['nổi nóng', 'kháu khỉnh', 'mũi tên', 'khoá (cái khóa)', 'vòng nguyệt quế']","['000059', '000626', '000498', '003142', '000493']"
thụ phấn (hoa) vạm vỡ chiếc gối bón phân chú ý,"['thụ phấn (hoa)', 'vạm vỡ', 'chiếc gối', 'bón phân', 'chú ý']","['001293', '001752', '002188', '001697', '002246']"
ít nhất chuồng mua bán phóng viên sữa rửa mặt,"['ít nhất', 'chuồng', 'mua bán', 'phóng viên', 'sữa rửa mặt']","['003091', '002275', '003460', '000988', '000793']"
ăn diện diêm lượt đi dấu ngoặc đơn hoàng hôn,"['ăn diện', 'diêm', 'lượt đi', 'dấu ngoặc đơn', 'hoàng hôn']","['001268', '002580', '000714', '002556', '003022']"
căm thù Bạc Liêu hót vũ trụ giai đoạn,"['căm thù', 'Bạc Liêu', 'hót', 'vũ trụ', 'giai đoạn']","['000265', '001307', '003047', '001889', '002856']"
chép bài chiều rộng đề nghị ủng hộ u,"['chép bài', 'chiều rộng', 'đề nghị', 'ủng hộ', 'u']","['002163', '002194', '002684', '001706', '001088']"
chính quyền sổ điểm danh từ đồng âm phản bội lãng phí,"['chính quyền', 'sổ điểm danh', 'từ đồng âm', 'phản bội', 'lãng phí']","['002213', '000719', '001648', '000145', '000690']"
chén ngoặc đơn quan trọng một là xoa đầu,"['chén', 'ngoặc đơn', 'quan trọng', 'một là', 'xoa đầu']","['002161', '003555', '000402', '000313', '000232']"
lắp ráp lọng sản xuất bổ ngữ trung thành,"['lắp ráp', 'lọng', 'sản xuất', 'bổ ngữ', 'trung thành']","['003234', '003286', '000621', '001719', '001558']"
rằm trung thu hồ Hoàn Kiếm bó đũa gù lưng tham khảo,"['rằm trung thu', 'hồ Hoàn Kiếm', 'bó đũa', 'gù lưng', 'tham khảo']","['000526', '003051', '001689', '002132', '000936']"
chú ý chiếu phim phụ huynh không nên khen tặng,"['chú ý', 'chiếu phim', 'phụ huynh', 'không nên', 'khen tặng']","['002246', '002199', '000286', '000092', '003132']"
da ngăm (nước da ngăm đen) biến đổi tổ trưởng đường kính Tết Âm,"['da ngăm (nước da ngăm đen)', 'biến đổi', 'tổ trưởng', 'đường kính', 'Tết Âm']","['000754', '001639', '001388', '002792', '000897']"
người nước ngoài con dê quân đội bể bơi xã,"['người nước ngoài', 'con dê', 'quân đội', 'bể bơi', 'xã']","['000030', '002339', '000427', '001589', '001960']"
hàng đơn vị vé bánh pía thợ rèn đen láy (như đen nhánh),"['hàng đơn vị', 'vé', 'bánh pía', 'thợ rèn', 'đen láy (như đen nhánh)']","['002949', '001809', '001451', '001121', '002659']"
chớp mắt lon bia quà vòi nước đôi dép,"['chớp mắt', 'lon bia', 'quà', 'vòi nước', 'đôi dép']","['002234', '003284', '000417', '001854', '002734']"
ban ngày đoạn thẳng năm ngoái trúng tuyển d,"['ban ngày', 'đoạn thẳng', 'năm ngoái', 'trúng tuyển', 'd']","['001331', '002723', '003485', '001574', '001034']"
tri kỉ đài sen đối tượng chùm nho bập bênh,"['tri kỉ', 'đài sen', 'đối tượng', 'chùm nho', 'bập bênh']","['001040', '002606', '002737', '002269', '001551']"
mạng lưới dẫn chương trình em gái tin cậy mùa thu,"['mạng lưới', 'dẫn chương trình', 'em gái', 'tin cậy', 'mùa thu']","['003343', '002544', '002802', '001308', '003466']"
thuận lợi trình độ d con hàu vắng,"['thuận lợi', 'trình độ', 'd', 'con hàu', 'vắng']","['001156', '001484', '001034', '000822', '001780']"
tam giác luật chơi chợ nổi Cái Răng lưu cột điện,"['tam giác', 'luật chơi', 'chợ nổi Cái Răng', 'lưu', 'cột điện']","['000839', '003301', '002229', '001461', '002452']"
buồng trứng nốt ruồi bạn yêu tôi truyền thống bắt nạt,"['buồng trứng', 'nốt ruồi', 'bạn yêu tôi', 'truyền thống', 'bắt nạt']","['001861', '000070', '000289', '001580', '001545']"
pha lê một tiếng hợp lí 7up giấy ăn,"['pha lê', 'một tiếng', 'hợp lí', '7up', 'giấy ăn']","['000134', '000866', '003069', '000862', '002894']"
dốt chân tay bộ truyện cửa sổ làng xóm,"['dốt', 'chân tay', 'bộ truyện', 'cửa sổ', 'làng xóm']","['002596', '002144', '001725', '002503', '003220']"
thuộc lòng đánh răng môn Tin học và Công nghệ hú vía băng chuyền,"['thuộc lòng', 'đánh răng', 'môn Tin học và Công nghệ', 'hú vía', 'băng chuyền']","['001174', '002628', '003441', '000155', '001521']"
tập trung gà nướng lu anh ruột phẫu thuật cổ máy vi tính,"['tập trung', 'gà nướng lu', 'anh ruột', 'phẫu thuật cổ', 'máy vi tính']","['000885', '000828', '001235', '000792', '002310']"
80 sừng nhãn vở bơi xu (tiền),"['80', 'sừng', 'nhãn vở', 'bơi', 'xu (tiền)']","['001163', '000803', '003610', '001781', '002048']"
tự lập thú dữ Thăng Long mõm bạn trai,"['tự lập', 'thú dữ', 'Thăng Long', 'mõm', 'bạn trai']","['001664', '001149', '000549', '003413', '001385']"
tống tiền anh chị em ý chí bùn khoang tàu,"['tống tiền', 'anh chị em', 'ý chí', 'bùn', 'khoang tàu']","['001402', '001215', '002078', '001818', '003147']"
thích nghi làm được Tết Âm không thẳng hàng tai nạn,"['thích nghi', 'làm được', 'Tết Âm', 'không thẳng hàng', 'tai nạn']","['002245', '000932', '000897', '003160', '000821']"
trụi lá bột màu Mã Lai (nước Ma-lai-xi-a) cây đa huỷ,"['trụi lá', 'bột màu', 'Mã Lai (nước Ma-lai-xi-a)', 'cây đa', 'huỷ']","['001540', '001767', '000500', '002027', '000766']"
biện pháp bàn tay con hươu thuỷ thủ tổng thống,"['biện pháp', 'bàn tay', 'con hươu', 'thuỷ thủ', 'tổng thống']","['001641', '001345', '002350', '001182', '001400']"
quỳ chi hội từ trái nghĩa tổng (số) Cao Bằng,"['quỳ', 'chi hội', 'từ trái nghĩa', 'tổng (số)', 'Cao Bằng']","['000485', '002165', '001654', '001392', '001939']"
tiếng nói thích thú cột đèn mở màn con sâu,"['tiếng nói', 'thích thú', 'cột đèn', 'mở màn', 'con sâu']","['001273', '001061', '002449', '003452', '002380']"
pháo sáng người xưa đánh gạo nếp quỳ,"['pháo sáng', 'người xưa', 'đánh', 'gạo nếp', 'quỳ']","['000157', '003595', '002625', '002828', '000485']"
lễ Nô-en bát trầm trồ thân cây chúng tôi (3 người) (đại từ),"['lễ Nô-en', 'bát', 'trầm trồ', 'thân cây', 'chúng tôi (3 người) (đại từ)']","['003247', '001487', '001456', '000995', '000275']"
ngon miệng nhổ lông mày quân đội sâu bọ sương gió,"['ngon miệng', 'nhổ lông mày', 'quân đội', 'sâu bọ', 'sương gió']","['003557', '000616', '000425', '000677', '000809']"
trộn (đt) 11 bột giặt thực sự bạn yêu tôi,"['trộn (đt)', '11', 'bột giặt', 'thực sự', 'bạn yêu tôi']","['001526', '001148', '001763', '001222', '000289']"
siêu âm mâm cơm nồi cơm điện quát mắng cổ họng,"['siêu âm', 'mâm cơm', 'nồi cơm điện', 'quát mắng', 'cổ họng']","['000683', '003383', '000051', '000410', '002411']"
k quạt cây tiêm xa xôi quan tâm,"['k', 'quạt cây', 'tiêm', 'xa xôi', 'quan tâm']","['001058', '000412', '001259', '001930', '000399']"
ngõ chứng cớ kim cương hình hộp chữ nhật bán hàng,"['ngõ', 'chứng cớ', 'kim cương', 'hình hộp chữ nhật', 'bán hàng']","['003558', '002302', '000704', '003002', '001367']"
bắp ngô giao hoán còng hợp đồng tôm hùm,"['bắp ngô', 'giao hoán', 'còng', 'hợp đồng', 'tôm hùm']","['001529', '002877', '002400', '003068', '000819']"
thờ cúng chín em gái Trung Quốc (nước Trung Quốc) đồ uống,"['thờ cúng', 'chín', 'em gái', 'Trung Quốc (nước Trung Quốc)', 'đồ uống']","['001111', '002210', '002802', '001550', '000943']"
con hoẵng đồ chơi Đồng Nai giới thiệu bữa cơm,"['con hoẵng', 'đồ chơi', 'Đồng Nai', 'giới thiệu', 'bữa cơm']","['002349', '002733', '002747', '002913', '001873']"
hàng nghìn Long An màu nâu bánh cốm suối,"['hàng nghìn', 'Long An', 'màu nâu', 'bánh cốm', 'suối']","['002951', '003285', '003350', '001427', '000763']"
Tiền Giang bến xe đỡ lướt ván siêng năng,"['Tiền Giang', 'bến xe', 'đỡ', 'lướt ván', 'siêng năng']","['001261', '001615', '002777', '003325', '000681']"
tin cậy số chín vua Hùng anh vợ Đền Hùng,"['tin cậy', 'số chín', 'vua Hùng', 'anh vợ', 'Đền Hùng']","['001308', '000727', '001891', '001241', '002691']"
vắt chanh mẫu số chung cứu lối đi quả thanh long,"['vắt chanh', 'mẫu số chung', 'cứu', 'lối đi', 'quả thanh long']","['000842', '003394', '002512', '003289', '000388']"
tôm hùm phân số tối giản cử động chai r,"['tôm hùm', 'phân số tối giản', 'cử động', 'chai', 'r']","['000819', '000169', '002498', '002069', '001078']"
lựu đạn thông báo Đồng Tháp Mười Thừa Thiên – Huế Mặt trời mọc,"['lựu đạn', 'thông báo', 'Đồng Tháp Mười', 'Thừa Thiên – Huế', 'Mặt trời mọc']","['003330', '001093', '002748', '001212', '003412']"
đoán giãn cách xã hội dai răng khểnh Văn miếu Quốc Tử Giám,"['đoán', 'giãn cách xã hội', 'dai', 'răng khểnh', 'Văn miếu Quốc Tử Giám']","['002722', '000634', '002514', '000624', '001766']"
vịt quay phức tạp bất khuất chúng tôi (3 người) (đại từ) trắng muốt,"['vịt quay', 'phức tạp', 'bất khuất', 'chúng tôi (3 người) (đại từ)', 'trắng muốt']","['000827', '000294', '000534', '000275', '001452']"
góc bẹt gan dạ chim chào mào tán thành quyết tâm,"['góc bẹt', 'gan dạ', 'chim chào mào', 'tán thành', 'quyết tâm']","['002918', '002821', '002202', '000845', '000497']"
mở rộng quả khế xứ Nghệ đề tài cây thân gỗ,"['mở rộng', 'quả khế', 'xứ Nghệ', 'đề tài', 'cây thân gỗ']","['003453', '000353', '002064', '002685', '002047']"
bạn ấy yêu bạn f đăng ký mặc cấy lúa,"['bạn ấy yêu bạn', 'f', 'đăng ký', 'mặc', 'cấy lúa']","['000297', '001096', '002638', '003370', '002057']"
sinh tố có ích chất dẻo một là Anh (nước Anh),"['sinh tố', 'có ích', 'chất dẻo', 'một là', 'Anh (nước Anh)']","['000707', '002308', '002145', '000313', '001207']"
sum họp kí tên con ong yên ngựa lùi bước,"['sum họp', 'kí tên', 'con ong', 'yên ngựa', 'lùi bước']","['000760', '003185', '002376', '002505', '003310']"
trưởng nhóm gương cổ tay 7up 23,"['trưởng nhóm', 'gương', 'cổ tay', '7up', '23']","['001618', '002937', '002413', '000862', '001158']"
bữa cơm quả dừa xiêm đèn điện quạt treo tường bước chân,"['bữa cơm', 'quả dừa xiêm', 'đèn điện', 'quạt treo tường', 'bước chân']","['001873', '000334', '002664', '000423', '001884']"
mạnh mẽ 3 rau cải thảo Châu Á Thái Bình Dương kết bạn,"['mạnh mẽ', '3', 'rau cải thảo', 'Châu Á Thái Bình Dương', 'kết bạn']","['003344', '001128', '000517', '002155', '003103']"
giai đoạn cá mập nỏ sơ mi lí do,"['giai đoạn', 'cá mập', 'nỏ', 'sơ mi', 'lí do']","['002856', '002200', '000029', '000747', '003256']"
lễ vật bập bênh không gian Kiên Giang đằng trước,"['lễ vật', 'bập bênh', 'không gian', 'Kiên Giang', 'đằng trước']","['003251', '001551', '003159', '003192', '002641']"
băng giá tia nắng học nhóm tiếp tục đối xử,"['băng giá', 'tia nắng', 'học nhóm', 'tiếp tục', 'đối xử']","['001525', '001244', '003034', '001279', '002752']"
con gà vị ngữ tán thành góc bẹt khuyên tai,"['con gà', 'vị ngữ', 'tán thành', 'góc bẹt', 'khuyên tai']","['002344', '001823', '000845', '002918', '003175']"
sắt đuốc khoáng sản không dám giận dỗi,"['sắt', 'đuốc', 'khoáng sản', 'không dám', 'giận dỗi']","['000647', '002783', '000668', '000470', '002888']"
xu (tiền) ngộ độc tinh mắt thụ phấn (hoa) nước ép trái cây,"['xu (tiền)', 'ngộ độc', 'tinh mắt', 'thụ phấn (hoa)', 'nước ép trái cây']","['002048', '003566', '000260', '001293', '000838']"
vào lớp quyết định xách túi đèn báo giao thông cơ thể,"['vào lớp', 'quyết định', 'xách túi', 'đèn báo giao thông', 'cơ thể']","['001760', '000478', '001952', '002663', '002461']"
thánh địa Mỹ Sơn bánh giò ác mộng nhãn vở trong ngoài,"['thánh địa Mỹ Sơn', 'bánh giò', 'ác mộng', 'nhãn vở', 'trong ngoài']","['000976', '001439', '001196', '003610', '001500']"
vòi voi phong trào dài hạn xe cẩu đầu tiên,"['vòi voi', 'phong trào', 'dài hạn', 'xe cẩu', 'đầu tiên']","['001845', '000233', '002516', '002010', '002650']"
bổ trợ thú y trống (không có gì) bắt buộc khởi nghiệp,"['bổ trợ', 'thú y', 'trống (không có gì)', 'bắt buộc', 'khởi nghiệp']","['001721', '001153', '002755', '002555', '000706']"
pha lê con chồn thu thập Âu Cơ điều trị,"['pha lê', 'con chồn', 'thu thập', 'Âu Cơ', 'điều trị']","['000134', '002326', '001135', '001298', '002716']"
Quốc Tử Giám Chi-lê (nước Chi-lê) chương trình Điện Biên Phủ vật,"['Quốc Tử Giám', 'Chi-lê (nước Chi-lê)', 'chương trình', 'Điện Biên Phủ', 'vật']","['000467', '002176', '002298', '002704', '001796']"
tấn công quả bầu hồ lô hơi nước lỗi lầm phổi,"['tấn công', 'quả bầu hồ lô', 'hơi nước', 'lỗi lầm', 'phổi']","['000877', '000312', '003066', '003288', '000270']"
ngăn chặn vịt quay cõng anh dũng bắc bán cầu,"['ngăn chặn', 'vịt quay', 'cõng', 'anh dũng', 'bắc bán cầu']","['003515', '000827', '002401', '001217', '001497']"
truyền thông thi cử gù lưng sinh hoạt chi tiết,"['truyền thông', 'thi cử', 'gù lưng', 'sinh hoạt', 'chi tiết']","['001578', '001044', '002132', '000697', '002167']"
mũm mĩm nhắm mắt bình an vạch trần lược,"['mũm mĩm', 'nhắm mắt', 'bình an', 'vạch trần', 'lược']","['000906', '000924', '001657', '001740', '003316']"
cuộn giấy vệ sinh anh chị em trầm trồ con bò kính lúp,"['cuộn giấy vệ sinh', 'anh chị em', 'trầm trồ', 'con bò', 'kính lúp']","['002495', '001215', '001456', '002317', '003203']"
nồi cơm điện bệnh tật ư khen tặng buồng trứng,"['nồi cơm điện', 'bệnh tật', 'ư', 'khen tặng', 'buồng trứng']","['000051', '001623', '001090', '003132', '001861']"
nước tới chân mới nhảy Thăng Long đèn ông sao lau chùi quả ổi,"['nước tới chân mới nhảy', 'Thăng Long', 'đèn ông sao', 'lau chùi', 'quả ổi']","['002241', '000549', '000477', '003229', '000372']"
bát cụ thể cây ăn quả quạt cây dán,"['bát', 'cụ thể', 'cây ăn quả', 'quạt cây', 'dán']","['001487', '002474', '002009', '000412', '002528']"
cơm rang gọt bút chì lược hạt lúa chợ nổi Cái Răng,"['cơm rang', 'gọt bút chì', 'lược', 'hạt lúa', 'chợ nổi Cái Răng']","['000207', '002928', '003316', '002964', '002229']"
quốc khánh đất nước bị chia cắt (Việt Nam) dấu chia hạt lạc bơm (cái bơm),"['quốc khánh', 'đất nước bị chia cắt (Việt Nam)', 'dấu chia', 'hạt lạc', 'bơm (cái bơm)']","['000458', '000665', '002553', '002963', '001785']"
cây cọ ria mép đề-xi-mét khối (dm3) ông ngoại chiều rộng,"['cây cọ', 'ria mép', 'đề-xi-mét khối (dm3)', 'ông ngoại', 'chiều rộng']","['000994', '000638', '002687', '000106', '002194']"
địa chỉ thẻ múa Anh (nước Anh) tiết kiệm,"['địa chỉ', 'thẻ', 'múa', 'Anh (nước Anh)', 'tiết kiệm']","['000003', '001033', '003472', '001211', '001285']"
anh vợ đóng dấu chú hề xé rách la bàn,"['anh vợ', 'đóng dấu', 'chú hề', 'xé rách', 'la bàn']","['001241', '002730', '002242', '002012', '003206']"
chai nước không cần ngày của Cha Văn miếu Quốc Tử Giám gấp quần áo,"['chai nước', 'không cần', 'ngày của Cha', 'Văn miếu Quốc Tử Giám', 'gấp quần áo']","['002071', '000088', '000111', '001766', '002841']"
vệ sinh cá nhân rửa bát cơ sở ăn vừa ít nhất,"['vệ sinh cá nhân', 'rửa bát', 'cơ sở', 'ăn vừa', 'ít nhất']","['001811', '000589', '002460', '000939', '003091']"
sơ đồ phòng y tế dãy số liệu bập bênh cứu sống,"['sơ đồ', 'phòng y tế', 'dãy số liệu', 'bập bênh', 'cứu sống']","['000745', '000257', '002533', '001551', '000696']"
chín sáng chói nghĩa bóng Vĩnh Phúc thuê,"['chín', 'sáng chói', 'nghĩa bóng', 'Vĩnh Phúc', 'thuê']","['002210', '000623', '003544', '001837', '001164']"
chim chuyền cành đua đòi thuyền rồng đuôi tỉnh,"['chim chuyền cành', 'đua đòi', 'thuyền rồng', 'đuôi', 'tỉnh']","['002282', '000973', '001195', '002784', '000007']"
quyển vở bản làng tổng thống chạy (động vật) tấn công,"['quyển vở', 'bản làng', 'tổng thống', 'chạy (động vật)', 'tấn công']","['000489', '001355', '001396', '000405', '000877']"
4 in (ấn) đô thị mặt đất lùi bước,"['4', 'in (ấn)', 'đô thị', 'mặt đất', 'lùi bước']","['001130', '003088', '002732', '003379', '003310']"
nhỏ tuổi từ chối sụp đổ củ đậu trọc đầu,"['nhỏ tuổi', 'từ chối', 'sụp đổ', 'củ đậu', 'trọc đầu']","['000004', '000224', '000457', '002471', '001486']"
găng tay mặt nạ xe đạp sinh đôi hối lộ,"['găng tay', 'mặt nạ', 'xe đạp', 'sinh đôi', 'hối lộ']","['002835', '003381', '001988', '000902', '003059']"
sữa giống nhau bí ngô người xấu ngập ngừng,"['sữa', 'giống nhau', 'bí ngô', 'người xấu', 'ngập ngừng']","['000795', '002910', '001625', '003591', '000448']"
sữa đặc bình an chó cắn buộc tóc Khánh Hòa,"['sữa đặc', 'bình an', 'chó cắn', 'buộc tóc', 'Khánh Hòa']","['000785', '001659', '000516', '001824', '003118']"
phương tiện buổi chiều phép mầu dỗi ki-lô-mét vuông (km2),"['phương tiện', 'buổi chiều', 'phép mầu', 'dỗi', 'ki-lô-mét vuông (km2)']","['000300', '001826', '000192', '000602', '003180']"
hoảng sợ bàn tay răng cưa tiếng Anh nghi ngờ,"['hoảng sợ', 'bàn tay', 'răng cưa', 'tiếng Anh', 'nghi ngờ']","['003024', '001345', '000533', '001269', '003533']"
bánh xe sản xuất chim yến ống nhòm dây chun,"['bánh xe', 'sản xuất', 'chim yến', 'ống nhòm', 'dây chun']","['001455', '000621', '002208', '000120', '002560']"
vuông góc phát động phù hợp bánh gai giao tiếp,"['vuông góc', 'phát động', 'phù hợp', 'bánh gai', 'giao tiếp']","['001920', '000161', '000280', '001435', '002880']"
hoán vị tuần lễ người Điếc thế giới kính trọng ý thức hàng ngày,"['hoán vị', 'tuần lễ người Điếc thế giới', 'kính trọng', 'ý thức', 'hàng ngày']","['003020', '000105', '003204', '002086', '000395']"
xôi gấc chó sói đuôi chuột ế ẩm khách vip,"['xôi gấc', 'chó sói', 'đuôi chuột', 'ế ẩm', 'khách vip']","['000202', '002218', '000172', '002809', '003114']"
Hạ Long trăng bàn ghế xà phòng cột sống,"['Hạ Long', 'trăng', 'bàn ghế', 'xà phòng', 'cột sống']","['002942', '001448', '001339', '001936', '002454']"
bỏ qua xem nghệ sĩ báo (con báo) chứng kiến,"['bỏ qua', 'xem', 'nghệ sĩ', 'báo (con báo)', 'chứng kiến']","['001685', '000437', '003527', '001479', '002297']"
mũi tên nhà văn hóa sáng tạo dấu sắc tóm tắt,"['mũi tên', 'nhà văn hóa', 'sáng tạo', 'dấu sắc', 'tóm tắt']","['000498', '000990', '000627', '001110', '001378']"
7up địa hình chủ động chai mùa hè,"['7up', 'địa hình', 'chủ động', 'chai', 'mùa hè']","['000862', '001003', '002237', '002069', '003464']"
thèm ô hàng trăm bóc vỏ vùng vẫy (dành cho người),"['thèm', 'ô', 'hàng trăm', 'bóc vỏ', 'vùng vẫy (dành cho người)']","['000067', '001067', '002952', '001695', '001914']"
người xưa cá voi Thanh Hóa con hoẵng cướp giật,"['người xưa', 'cá voi', 'Thanh Hóa', 'con hoẵng', 'cướp giật']","['003595', '000165', '000955', '002349', '002511']"
ấm áp liệt (liệt tay chân) từ phải sang trái Thánh Gióng thân thiết,"['ấm áp', 'liệt (liệt tay chân)', 'từ phải sang trái', 'Thánh Gióng', 'thân thiết']","['001286', '003270', '001652', '001006', '001002']"
ai cho bộ sách ế ẩm giận dỗi về 2 (Miền Bắc),"['ai cho', 'bộ sách', 'ế ẩm', 'giận dỗi', 'về 2 (Miền Bắc)']","['000080', '001739', '002809', '002888', '000360']"
răng hô tiết kiệm Hà Lan (nước Hà Lan) pháo sáng quả hồng xiêm,"['răng hô', 'tiết kiệm', 'Hà Lan (nước Hà Lan)', 'pháo sáng', 'quả hồng xiêm']","['000622', '001285', '002941', '000157', '000347']"
Hung-ga-ri (nước Hung-ga-ri) tay chân sạch sẽ Nhật (nước Nhật) tích cực Hà Lan (nước Hà Lan),"['Hung-ga-ri (nước Hung-ga-ri)', 'tay chân sạch sẽ', 'Nhật (nước Nhật)', 'tích cực', 'Hà Lan (nước Hà Lan)']","['003074', '000922', '003640', '001249', '002941']"
ân hận hàng nghìn rón rén bối rối Bắc Ninh,"['ân hận', 'hàng nghìn', 'rón rén', 'bối rối', 'Bắc Ninh']","['001294', '002951', '000561', '000153', '001509']"
phương Tây trắng tay Tết hàn thực Socola dám làm,"['phương Tây', 'trắng tay', 'Tết hàn thực', 'Socola', 'dám làm']","['000023', '001454', '000102', '000858', '000466']"
Quảng Nam thao thức sa mạc tính cách động cơ,"['Quảng Nam', 'thao thức', 'sa mạc', 'tính cách', 'động cơ']","['000418', '000721', '000433', '001328', '002768']"
mắc áo liền sau luật lệ ca ao chuôm,"['mắc áo', 'liền sau', 'luật lệ', 'ca', 'ao chuôm']","['003369', '003268', '003304', '001892', '001245']"
chứng cớ nhân cách hoá góp tiền xe tải vây bắt,"['chứng cớ', 'nhân cách hoá', 'góp tiền', 'xe tải', 'vây bắt']","['002302', '003624', '000958', '001506', '001803']"
taxi điều phối gãy chân khóa cửa nước mắm,"['taxi', 'điều phối', 'gãy chân', 'khóa cửa', 'nước mắm']","['000856', '002709', '002829', '003143', '000966']"
gọt bút chì (cái) mỳ tôm bánh bột lọc giá trị tuyệt đối khen,"['gọt bút chì (cái)', 'mỳ tôm', 'bánh bột lọc', 'giá trị tuyệt đối', 'khen']","['002927', '000179', '001425', '002868', '003131']"
nghi ngờ Socola chúng tôi (đại từ) nội tiếp rổ,"['nghi ngờ', 'Socola', 'chúng tôi (đại từ)', 'nội tiếp', 'rổ']","['003531', '000858', '000281', '000064', '000571']"
tai nạn giao thông đánh giá Quảng Trị tri kỉ phương tiện giao thông,"['tai nạn giao thông', 'đánh giá', 'Quảng Trị', 'tri kỉ', 'phương tiện giao thông']","['001442', '002627', '000421', '001040', '000304']"
sụp đổ xoá bỏ bò tót Tây Nguyên củ tỏi,"['sụp đổ', 'xoá bỏ', 'bò tót', 'Tây Nguyên', 'củ tỏi']","['000457', '002036', '001679', '000891', '002483']"
ao chuôm khô héo ti hí mắt dòng chữ chia đều,"['ao chuôm', 'khô héo', 'ti hí mắt', 'dòng chữ', 'chia đều']","['001245', '003155', '000150', '002592', '002181']"
sách cháy rừng thần kinh ăn diện bò sát,"['sách', 'cháy rừng', 'thần kinh', 'ăn diện', 'bò sát']","['000611', '002107', '001009', '001268', '001677']"
chục triệu nét mặt văn bản phật (tượng) đau tay,"['chục triệu', 'nét mặt', 'văn bản', 'phật (tượng)', 'đau tay']","['002263', '003493', '001764', '000190', '000779']"
rút gọn phân số xúc xắc đón tưới cây tổng thống,"['rút gọn phân số', 'xúc xắc', 'đón', 'tưới cây', 'tổng thống']","['000587', '002060', '002727', '001682', '001400']"
giả sử thùng góc học tập pháo đài tên riêng,"['giả sử', 'thùng', 'góc học tập', 'pháo đài', 'tên riêng']","['002854', '001170', '002920', '002605', '000895']"
đại tướng nhà thơ thả mồi cái nhíp cây cối,"['đại tướng', 'nhà thơ', 'thả mồi', 'cái nhíp', 'cây cối']","['002613', '003605', '000919', '001909', '002025']"
cầu Long Biên hồ Hoàn Kiếm dây xích ông nội hằng đẳng thức,"['cầu Long Biên', 'hồ Hoàn Kiếm', 'dây xích', 'ông nội', 'hằng đẳng thức']","['003157', '003051', '002566', '000114', '002967']"
bắn bi con chuột cây trồng quan hệ diêm,"['bắn bi', 'con chuột', 'cây trồng', 'quan hệ', 'diêm']","['001511', '002327', '002051', '000397', '002580']"
đau tai thoăn thoắt bít tết (bò) chấm điểm chùa Một Cột,"['đau tai', 'thoăn thoắt', 'bít tết (bò)', 'chấm điểm', 'chùa Một Cột']","['000783', '000968', '000173', '002141', '002251']"
đàn bầu dừng lại hơi nước chứng cớ chép bài,"['đàn bầu', 'dừng lại', 'hơi nước', 'chứng cớ', 'chép bài']","['002617', '000415', '003066', '002302', '002163']"
phó hiệu trưởng Quảng Nam chất độc chất thải người lái xe (ô tô),"['phó hiệu trưởng', 'Quảng Nam', 'chất độc', 'chất thải', 'người lái xe (ô tô)']","['000484', '000418', '002147', '002153', '003585']"
say sưa thợ rèn huyện bàn phím (máy vi tính) đếm,"['say sưa', 'thợ rèn', 'huyện', 'bàn phím (máy vi tính)', 'đếm']","['000642', '001121', '003081', '001343', '002689']"
nhiều hơn dấu chia mắc áo đi vệ sinh mặt nạ,"['nhiều hơn', 'dấu chia', 'mắc áo', 'đi vệ sinh', 'mặt nạ']","['003645', '002553', '003369', '001019', '003381']"
bảo hiểm công nhận chép bài xây cầu giao,"['bảo hiểm', 'công nhận', 'chép bài', 'xây', 'cầu giao']","['001459', '002433', '002163', '001980', '001999']"
lông phong trào nháy mắt chàng trai chém,"['lông', 'phong trào', 'nháy mắt', 'chàng trai', 'chém']","['003290', '000233', '003619', '002073', '002158']"
nhà tầng thổ dân thơm nhổ tóc mĩ thuật,"['nhà tầng', 'thổ dân', 'thơm', 'nhổ tóc', 'mĩ thuật']","['003604', '003223', '001125', '000612', '003405']"
xem đã giám sát gửi quà hiện đại mâm ngũ quả,"['xem đã', 'giám sát', 'gửi quà', 'hiện đại', 'mâm ngũ quả']","['000439', '000572', '002935', '002989', '003385']"
giai đoạn màu trắng sinh hoạt dây xích danh từ,"['giai đoạn', 'màu trắng', 'sinh hoạt', 'dây xích', 'danh từ']","['002856', '003354', '000697', '002566', '002526']"
chuyển hướng cưa (cái cưa) nóc nhà đạn uốn,"['chuyển hướng', 'cưa (cái cưa)', 'nóc nhà', 'đạn', 'uốn']","['002289', '002499', '000031', '002630', '001710']"
trộn (đt) lau chùi phẫu thuật mũi nhà nước hội nghị,"['trộn (đt)', 'lau chùi', 'phẫu thuật mũi', 'nhà nước', 'hội nghị']","['001526', '003229', '000790', '002602', '003060']"
đổ nước chân tay giá sách tưởng tượng lương thực,"['đổ nước', 'chân tay', 'giá sách', 'tưởng tượng', 'lương thực']","['002749', '002144', '002855', '001694', '003324']"
quan hệ từ lúa đòi hỏi ghi chép thì thầm,"['quan hệ từ', 'lúa', 'đòi hỏi', 'ghi chép', 'thì thầm']","['000520', '003300', '000979', '002847', '000419']"
từ chối lĩnh hội đàn kiến đoàn thanh niên quên,"['từ chối', 'lĩnh hội', 'đàn kiến', 'đoàn thanh niên', 'quên']","['000224', '003274', '002620', '002720', '000451']"
mời tiêu hoá Miến Điện (nước Mi-an-ma) chuyển giao bế em,"['mời', 'tiêu hoá', 'Miến Điện (nước Mi-an-ma)', 'chuyển giao', 'bế em']","['003455', '001291', '000012', '002288', '001593']"
thận xếp hàng đại số gà nướng lu cửa hàng,"['thận', 'xếp hàng', 'đại số', 'gà nướng lu', 'cửa hàng']","['001011', '002022', '002611', '000828', '002500']"
miền Nam Việt Nam cần khởi động khai mạc chạy (động vật) con ngỗng,"['miền Nam Việt Nam', 'cần khởi động', 'khai mạc', 'chạy (động vật)', 'con ngỗng']","['003407', '001967', '003116', '000405', '002364']"
siêu thị nhảy cao suy nghĩ sờ ăn ít,"['siêu thị', 'nhảy cao', 'suy nghĩ', 'sờ', 'ăn ít']","['000685', '003616', '000767', '000926', '000941']"
quét nhà môn Giáo dục công dân rộng lớn sa mạc bực mình,"['quét nhà', 'môn Giáo dục công dân', 'rộng lớn', 'sa mạc', 'bực mình']","['000443', '003430', '000573', '000433', '000096']"
rừng núi hãng tàu thuyền cua đồng chục triệu phục vụ,"['rừng núi', 'hãng tàu thuyền', 'cua đồng', 'chục triệu', 'phục vụ']","['000596', '001453', '000820', '002263', '000290']"
tháo gỡ háo hức xâm hại tình dục cấy mở,"['tháo gỡ', 'háo hức', 'xâm hại tình dục', 'cấy', 'mở']","['000978', '000586', '003552', '002055', '003449']"
bơi lội kiên quyết xương rồng chợ Bến Thành cột đèn,"['bơi lội', 'kiên quyết', 'xương rồng', 'chợ Bến Thành', 'cột đèn']","['001783', '003193', '002072', '002226', '002449']"
hoán vị bí ngô khéo sờ buông màn,"['hoán vị', 'bí ngô', 'khéo', 'sờ', 'buông màn']","['003020', '001625', '003133', '000926', '001859']"
loạn thị san hô siêu thị cộng (Toán học) từ ngữ,"['loạn thị', 'san hô', 'siêu thị', 'cộng (Toán học)', 'từ ngữ']","['003283', '000617', '000685', '002448', '001650']"
bún mắm dê mẹ đóng góp số thập phân nổi giận,"['bún mắm', 'dê mẹ', 'đóng góp', 'số thập phân', 'nổi giận']","['000191', '002569', '002731', '000739', '000057']"
đằng trước phở cuốn tiêu hoá gấp đôi 23,"['đằng trước', 'phở cuốn', 'tiêu hoá', 'gấp đôi', '23']","['002641', '000272', '001291', '000554', '001158']"
gãy chân con ốc bay liệng (bay lượn) nhắm mắt học kém,"['gãy chân', 'con ốc', 'bay liệng (bay lượn)', 'nhắm mắt', 'học kém']","['002829', '002377', '001495', '000924', '003033']"
mẫu số chung thú dữ huỷ siêu thị Võ Nguyên Giáp,"['mẫu số chung', 'thú dữ', 'huỷ', 'siêu thị', 'Võ Nguyên Giáp']","['003394', '001145', '000766', '000685', '001843']"
hỏi han thực sự tiêu hoá lục giác công chúa,"['hỏi han', 'thực sự', 'tiêu hoá', 'lục giác', 'công chúa']","['003029', '001222', '001291', '003309', '002430']"
thuê truyền dịch ca nô chiếc gối 1 000 000 (một triệu),"['thuê', 'truyền dịch', 'ca nô', 'chiếc gối', '1 000 000 (một triệu)']","['001166', '001576', '001894', '002188', '001183']"
bún ngan chú rể mọc râu bánh xe gánh,"['bún ngan', 'chú rể', 'mọc râu', 'bánh xe', 'gánh']","['000195', '002243', '000630', '001455', '002824']"
đều đặn yếm thói quen công thức bờ rào,"['đều đặn', 'yếm', 'thói quen', 'công thức', 'bờ rào']","['002692', '002090', '000071', '002436', '001777']"
liền sau thủy chung trà nóng bụng củ cải trắng,"['liền sau', 'thủy chung', 'trà nóng', 'bụng', 'củ cải trắng']","['003268', '001186', '000854', '001820', '002480']"
ă quát mắng chùm vải điều khiển giáo dục,"['ă', 'quát mắng', 'chùm vải', 'điều khiển', 'giáo dục']","['001027', '000410', '002270', '002713', '002883']"
rễ cọc tuần này cơm hộp áp phích chăm học,"['rễ cọc', 'tuần này', 'cơm hộp', 'áp phích', 'chăm học']","['000543', '000876', '002463', '001266', '002113']"
cối xay gió bé trai dài hạn nói dối vạm vỡ,"['cối xay gió', 'bé trai', 'dài hạn', 'nói dối', 'vạm vỡ']","['002425', '001581', '002516', '000034', '001752']"
về 5 (về nhà) cây gỗ con ba ba tòa soạn lãng phí,"['về 5 (về nhà)', 'cây gỗ', 'con ba ba', 'tòa soạn', 'lãng phí']","['000366', '002029', '002311', '001366', '000690']"
tồn tại nền nhà đi học luyện tập lý do,"['tồn tại', 'nền nhà', 'đi học', 'luyện tập', 'lý do']","['001468', '003495', '002694', '003313', '000652']"
xoa đầu áo ấm số chẵn giám sát con ong,"['xoa đầu', 'áo ấm', 'số chẵn', 'giám sát', 'con ong']","['000232', '001252', '000724', '000572', '002376']"
gián tiếp con bướm chim gõ kiến trưởng nhóm gật đầu,"['gián tiếp', 'con bướm', 'chim gõ kiến', 'trưởng nhóm', 'gật đầu']","['002876', '002318', '002206', '001618', '002842']"
đôi dép xu (tiền) mặc kệ tỉ lệ biến đổi,"['đôi dép', 'xu (tiền)', 'mặc kệ', 'tỉ lệ', 'biến đổi']","['002734', '002048', '003371', '001238', '001639']"
chim bồ câu chất dẻo lạc quan con rùa con voi,"['chim bồ câu', 'chất dẻo', 'lạc quan', 'con rùa', 'con voi']","['002201', '002145', '003212', '002379', '002397']"
lão già phương tiện giao thông yếm con tem vị ngữ,"['lão già', 'phương tiện giao thông', 'yếm', 'con tem', 'vị ngữ']","['003228', '000302', '002090', '002388', '001823']"
hòn bi (giống viên bi) ngô giết rau ngót mặt vuông,"['hòn bi (giống viên bi)', 'ngô', 'giết', 'rau ngót', 'mặt vuông']","['003042', '003565', '002907', '000522', '003380']"
phân vân anh chị em áp phích yếu tố lý do,"['phân vân', 'anh chị em', 'áp phích', 'yếu tố', 'lý do']","['000512', '001215', '001266', '002118', '000652']"
mâm cơm biểu thị khẩu hiệu nghệ thuật cao (nhà),"['mâm cơm', 'biểu thị', 'khẩu hiệu', 'nghệ thuật', 'cao (nhà)']","['003383', '001649', '003127', '003528', '001935']"
kí hiệu xe cảnh sát sáng tạo túm tóc tỉ lệ,"['kí hiệu', 'xe cảnh sát', 'sáng tạo', 'túm tóc', 'tỉ lệ']","['003184', '001994', '000627', '001630', '001238']"
rón rén dự án hót sương gió con cừu,"['rón rén', 'dự án', 'hót', 'sương gió', 'con cừu']","['000561', '000580', '003047', '000809', '002337']"
cái vợt cá quần đùi xôi gấc đẹp đẽ (như đẹp) phát động,"['cái vợt cá', 'quần đùi', 'xôi gấc', 'đẹp đẽ (như đẹp)', 'phát động']","['000950', '000436', '000202', '002680', '000161']"
đạn ôn tập phòng thí nghiệm bánh giò đề phòng,"['đạn', 'ôn tập', 'phòng thí nghiệm', 'bánh giò', 'đề phòng']","['002630', '000099', '000254', '001439', '000461']"
thần chết khách chia sẻ vùng vẫy (dành cho người) truyền dịch,"['thần chết', 'khách', 'chia sẻ', 'vùng vẫy (dành cho người)', 'truyền dịch']","['001007', '003111', '002184', '001914', '001576']"
quỳ héo lọ mực miền Nam Việt Nam no,"['quỳ', 'héo', 'lọ mực', 'miền Nam Việt Nam', 'no']","['000485', '002978', '003281', '003407', '000026']"
góp tiền gỗ Lâm Đồng giỏi gấp ba,"['góp tiền', 'gỗ', 'Lâm Đồng', 'giỏi', 'gấp ba']","['000958', '002930', '003235', '002909', '000556']"
ghé thăm huân chương phẫu thuật cổ nhà kho đóng cửa,"['ghé thăm', 'huân chương', 'phẫu thuật cổ', 'nhà kho', 'đóng cửa']","['002845', '003071', '000792', '000806', '002729']"
tóm cổ gà nướng lu Bến Tre Tây Bắc quan hệ,"['tóm cổ', 'gà nướng lu', 'Bến Tre', 'Tây Bắc', 'quan hệ']","['001374', '000828', '001613', '000889', '000397']"
bố nhấp nháy 1 000 000 (một triệu) xăm số lẻ,"['bố', 'nhấp nháy', '1 000 000 (một triệu)', 'xăm', 'số lẻ']","['001729', '003635', '001185', '001968', '000730']"
đi dạo hàng chục triệu tự giác áp phích hài lòng,"['đi dạo', 'hàng chục triệu', 'tự giác', 'áp phích', 'hài lòng']","['000354', '002947', '000098', '001266', '000444']"
xe máy cấp cứu mạch máu sa mạc sự thật,"['xe máy', 'cấp cứu', 'mạch máu', 'sa mạc', 'sự thật']","['001992', '001969', '003335', '000433', '000769']"
cầu nguyện nấm chuyên cần thẳng tắp 1000 (một nghìn),"['cầu nguyện', 'nấm', 'chuyên cần', 'thẳng tắp', '1000 (một nghìn)']","['002003', '003490', '002277', '000991', '001169']"
con vượn củ cải trắng bến phà cột nhà kiên quyết,"['con vượn', 'củ cải trắng', 'bến phà', 'cột nhà', 'kiên quyết']","['000954', '002480', '001609', '002453', '003193']"
tàu thuyền nấm cố định thiệt thòi thương (số),"['tàu thuyền', 'nấm', 'cố định', 'thiệt thòi', 'thương (số)']","['000853', '003490', '002419', '001077', '001228']"
thực hiện buổi đêm băng giá Thủy Điện Hòa Bình báo (con báo),"['thực hiện', 'buổi đêm', 'băng giá', 'Thủy Điện Hòa Bình', 'báo (con báo)']","['001218', '001832', '001525', '001190', '001479']"
thiếu thốn tiết kiệm phi tiêu có ích pháo đài,"['thiếu thốn', 'tiết kiệm', 'phi tiêu', 'có ích', 'pháo đài']","['000463', '001281', '000198', '002308', '002605']"
mạch lạc cánh buồm cúi biểu thức phân vân,"['mạch lạc', 'cánh buồm', 'cúi', 'biểu thức', 'phân vân']","['003334', '000744', '002476', '001651', '000512']"
đông lạnh họp hạn hán công nghiệp mồ côi,"['đông lạnh', 'họp', 'hạn hán', 'công nghiệp', 'mồ côi']","['002757', '003046', '002944', '000672', '003419']"
muộn băng bó nhào lộn sấm sét bổ ngữ,"['muộn', 'băng bó', 'nhào lộn', 'sấm sét', 'bổ ngữ']","['003474', '001519', '003614', '000655', '001719']"
màu xanh da trời huy hiệu gù lưng khói nổi da gà,"['màu xanh da trời', 'huy hiệu', 'gù lưng', 'khói', 'nổi da gà']","['003355', '003078', '002132', '003152', '000041']"
ủy ban nhân dân bập bênh đoán tôm hùm huyện,"['ủy ban nhân dân', 'bập bênh', 'đoán', 'tôm hùm', 'huyện']","['001722', '001551', '002722', '000819', '003082']"
vua Hùng Albania (nước Albania) ông nội giao lưu phát biểu,"['vua Hùng', 'Albania (nước Albania)', 'ông nội', 'giao lưu', 'phát biểu']","['001891', '000028', '000112', '002878', '000159']"
phong bì niềm vui hàng triệu bắn súng thợ thêu,"['phong bì', 'niềm vui', 'hàng triệu', 'bắn súng', 'thợ thêu']","['000227', '000022', '002954', '001517', '001123']"
con hàu phần trăm nếm chất độc phim hoạt hình,"['con hàu', 'phần trăm', 'nếm', 'chất độc', 'phim hoạt hình']","['000822', '000175', '003494', '002147', '000216']"
chia đều rong chơi chuyển đồ thèm bảng học sinh,"['chia đều', 'rong chơi', 'chuyển đồ', 'thèm', 'bảng học sinh']","['002181', '000567', '002283', '000067', '001389']"
leo trèo đạn cầu Long Biên màu đỏ đau mắt đỏ,"['leo trèo', 'đạn', 'cầu Long Biên', 'màu đỏ', 'đau mắt đỏ']","['003241', '002630', '003157', '003347', '000949']"
siêu âm giữ nguyên phẫu thuật mắt trong khoảng trang trí,"['siêu âm', 'giữ nguyên', 'phẫu thuật mắt', 'trong khoảng', 'trang trí']","['000683', '000174', '000788', '000641', '001418']"
môn Giáo dục công dân hóa đơn ngày thành lập quân đội nhân dân Việt Nam Tết hàn thực cá kiếm,"['môn Giáo dục công dân', 'hóa đơn', 'ngày thành lập quân đội nhân dân Việt Nam', 'Tết hàn thực', 'cá kiếm']","['003430', '001633', '000125', '000102', '000167']"
thống nhất đất nước liền trước thả mồi buồn thảm riêng tư,"['thống nhất đất nước', 'liền trước', 'thả mồi', 'buồn thảm', 'riêng tư']","['000667', '003269', '000919', '000135', '000548']"
dao đau tai từ ngữ tài trợ tích cực,"['dao', 'đau tai', 'từ ngữ', 'tài trợ', 'tích cực']","['002529', '000783', '001650', '000826', '001249']"
con gấu Italia (nước Italia) con kiến danh nhân nhi đồng,"['con gấu', 'Italia (nước Italia)', 'con kiến', 'danh nhân', 'nhi đồng']","['002346', '003092', '002352', '002524', '003641']"
chỉ dẫn kim chém tia nắng đèn xanh,"['chỉ dẫn', 'kim', 'chém', 'tia nắng', 'đèn xanh']","['002169', '003198', '002158', '001244', '002672']"
vịnh Hạ Long ế ẩm hi vọng từ bỏ ý tưởng,"['vịnh Hạ Long', 'ế ẩm', 'hi vọng', 'từ bỏ', 'ý tưởng']","['001841', '002809', '002986', '001646', '002088']"
vào lớp phao công viên vũ trụ gánh,"['vào lớp', 'phao', 'công viên', 'vũ trụ', 'gánh']","['001760', '000154', '002439', '001889', '002824']"
chị sách giáo khoa phá sản xuất nổi bật,"['chị', 'sách giáo khoa', 'phá', 'sản xuất', 'nổi bật']","['002173', '000613', '000138', '000621', '000053']"
xe cảnh sát hội thoại đau tai kết bạn hạt lạc,"['xe cảnh sát', 'hội thoại', 'đau tai', 'kết bạn', 'hạt lạc']","['001994', '000650', '000783', '003103', '002963']"
đối xử tranh luận võ thuật duyên dáng dọc,"['đối xử', 'tranh luận', 'võ thuật', 'duyên dáng', 'dọc']","['002752', '001440', '001852', '002598', '002591']"
bất khuất cao (nhà) mi-li-mét (mm) hình rìu,"['bất khuất', 'cao (nhà)', 'mi-li-mét (mm)', 'hình', 'rìu']","['000534', '001935', '003404', '002995', '000553']"
bột màu ai bảo sản xuất tinh trùng chỉ huy,"['bột màu', 'ai bảo', 'sản xuất', 'tinh trùng', 'chỉ huy']","['001769', '002133', '000621', '001184', '002170']"
An Giang hay là (hoặc là) chu vi xe cảnh sát xen,"['An Giang', 'hay là (hoặc là)', 'chu vi', 'xe cảnh sát', 'xen']","['001203', '000544', '002235', '001994', '002016']"
ngoại hình đấu vật phòng đa năng rút gọn phong toả,"['ngoại hình', 'đấu vật', 'phòng đa năng', 'rút gọn', 'phong toả']","['003551', '002653', '000245', '000585', '000998']"
kêu gọi chủ động thân cây tôn thờ ra lệnh,"['kêu gọi', 'chủ động', 'thân cây', 'tôn thờ', 'ra lệnh']","['003109', '002237', '000999', '001384', '000501']"
thiên đình cao (núi) bộ sách chủ động dân chủ,"['thiên đình', 'cao (núi)', 'bộ sách', 'chủ động', 'dân chủ']","['001066', '001937', '001739', '002237', '000253']"
khăn quàng đỏ buổi trưa trái nghĩa chức vụ đèn ông sao,"['khăn quàng đỏ', 'buổi trưa', 'trái nghĩa', 'chức vụ', 'đèn ông sao']","['003124', '001849', '001428', '002301', '000477']"
thân thiết nhân cách hoá phóng viên tính nhẩm cầu Thê Húc (Hồ Gươm),"['thân thiết', 'nhân cách hoá', 'phóng viên', 'tính nhẩm', 'cầu Thê Húc (Hồ Gươm)']","['001002', '003624', '000988', '001340', '000746']"
chia đôi nón gánh gấp quần áo bò,"['chia đôi', 'nón', 'gánh', 'gấp quần áo', 'bò']","['000562', '000039', '002824', '002841', '001675']"
Thanh Hóa Lượm dây xích nhắm mắt đường thuỷ,"['Thanh Hóa', 'Lượm', 'dây xích', 'nhắm mắt', 'đường thuỷ']","['000955', '000694', '002566', '000924', '002796']"
quả thanh long chuyển vế Bãi biển Vũng Tàu chuỗi hạt đoàn cải lương,"['quả thanh long', 'chuyển vế', 'Bãi biển Vũng Tàu', 'chuỗi hạt', 'đoàn cải lương']","['000388', '002290', '001319', '002272', '002719']"
va li bảng nhân củ tỏi giấy nháp nông thôn,"['va li', 'bảng nhân', 'củ tỏi', 'giấy nháp', 'nông thôn']","['001736', '001411', '002483', '002901', '000068']"
thiếp đi Thăng Long xì hơi (đánh rắm) biển hiệu vòng đeo tay,"['thiếp đi', 'Thăng Long', 'xì hơi (đánh rắm)', 'biển hiệu', 'vòng đeo tay']","['001073', '000549', '001494', '001637', '001847']"
họ (đại từ) trống (không có gì) chào theo dõi Tết Trung thu,"['họ (đại từ)', 'trống (không có gì)', 'chào', 'theo dõi', 'Tết Trung thu']","['000287', '002755', '002075', '001028', '000911']"
buổi chiều chia tay lọ hoa học kém hứa,"['buổi chiều', 'chia tay', 'lọ hoa', 'học kém', 'hứa']","['001826', '002185', '003280', '003033', '000375']"
giải thích sụp đổ tưởng tượng súc miệng xa cách,"['giải thích', 'sụp đổ', 'tưởng tượng', 'súc miệng', 'xa cách']","['002857', '000457', '001694', '000759', '001928']"
chim chích chòe nhà tầng quả roi sấm sét nhổ răng,"['chim chích chòe', 'nhà tầng', 'quả roi', 'sấm sét', 'nhổ răng']","['002203', '003604', '000374', '000655', '000620']"
nổi bật mĩ thuật mét vuông (m2) chó xù nhận hàng,"['nổi bật', 'mĩ thuật', 'mét vuông (m2)', 'chó xù', 'nhận hàng']","['000053', '003405', '003399', '002219', '003631']"
khó tiêu nhổ râu đèo Hải Vân bồi bàn chèn ép,"['khó tiêu', 'nhổ râu', 'đèo Hải Vân', 'bồi bàn', 'chèn ép']","['002166', '000614', '002677', '001745', '002160']"
quy đồng mẫu số sân nhà yếu tố Ninh Bình bình sữa (em bé),"['quy đồng mẫu số', 'sân nhà', 'yếu tố', 'Ninh Bình', 'bình sữa (em bé)']","['000471', '000662', '002118', '000024', '000974']"
khoá (cái khóa) trả lời lông công cộng dòng họ,"['khoá (cái khóa)', 'trả lời', 'lông', 'công cộng', 'dòng họ']","['003142', '001424', '003290', '002431', '002593']"
quát mắng tương ứng cao (núi) diều về 4 (từ nơi khác về),"['quát mắng', 'tương ứng', 'cao (núi)', 'diều', 'về 4 (từ nơi khác về)']","['000410', '001690', '001937', '002586', '000364']"
môi giá trị thiếu nhi dãy số cố ý (như cố tình),"['môi', 'giá trị', 'thiếu nhi', 'dãy số', 'cố ý (như cố tình)']","['003423', '002862', '001079', '002532', '002422']"
nhưng p z tìm hiểu ban ngày,"['nhưng', 'p', 'z', 'tìm hiểu', 'ban ngày']","['000540', '001074', '001095', '001302', '001331']"
bím tóc đuôi sam quả nhãn nấm lời nói tri kỉ,"['bím tóc đuôi sam', 'quả nhãn', 'nấm', 'lời nói', 'tri kỉ']","['001653', '000368', '003490', '003297', '001040']"
đuôi chuột còng đại tá gương cụ,"['đuôi chuột', 'còng', 'đại tá', 'gương', 'cụ']","['000172', '002400', '002612', '002937', '002485']"
rắc rối nô lệ tiếc đề-xi-mét vuông (dm2) w,"['rắc rối', 'nô lệ', 'tiếc', 'đề-xi-mét vuông (dm2)', 'w']","['000588', '000040', '001255', '002688', '001101']"
cái nhíp thóc (gạo) người quen buổi tối sân vận động,"['cái nhíp', 'thóc (gạo)', 'người quen', 'buổi tối', 'sân vận động']","['001909', '001086', '003590', '001840', '000673']"
chén thợ thêu quần yếm Do Thái trường hợp,"['chén', 'thợ thêu', 'quần yếm', 'Do Thái', 'trường hợp']","['002161', '001123', '000438', '000018', '001598']"
chim bồ câu xem xét điều phối lễ Nô-en quả chuối,"['chim bồ câu', 'xem xét', 'điều phối', 'lễ Nô-en', 'quả chuối']","['002201', '002014', '002710', '003248', '000319']"
mưa phùn cầu (cây cầu) con ghẹ hơi nước đại úy,"['mưa phùn', 'cầu (cây cầu)', 'con ghẹ', 'hơi nước', 'đại úy']","['003475', '001995', '002347', '003066', '002614']"
lãnh đạo anh vợ cõng màn lửa,"['lãnh đạo', 'anh vợ', 'cõng', 'màn', 'lửa']","['003222', '001241', '002401', '003342', '003315']"
chia đều phi tiêu thủ tướng sự thật an ninh,"['chia đều', 'phi tiêu', 'thủ tướng', 'sự thật', 'an ninh']","['002181', '000198', '001143', '000769', '001205']"
phá ẩm mốc kí duyệt nguồn gốc quả dừa,"['phá', 'ẩm mốc', 'kí duyệt', 'nguồn gốc', 'quả dừa']","['000142', '001282', '003178', '003573', '000328']"
chùa Hương con người đánh trống đường chéo rau cải,"['chùa Hương', 'con người', 'đánh trống', 'đường chéo', 'rau cải']","['002250', '002366', '002629', '002789', '000515']"
bỏng danh mục máy in bún ngan nhi đồng,"['bỏng', 'danh mục', 'máy in', 'bún ngan', 'nhi đồng']","['001703', '002523', '003367', '000195', '003641']"
văn nghệ phòng thư viện quả khế chia rẽ đại tướng,"['văn nghệ', 'phòng thư viện', 'quả khế', 'chia rẽ', 'đại tướng']","['001772', '000255', '000349', '000728', '002613']"
chuyên gia củ cà rốt cơ hội câu ghép tưởng,"['chuyên gia', 'củ cà rốt', 'cơ hội', 'câu ghép', 'tưởng']","['002280', '002479', '002456', '001985', '001692']"
gậy của người già đếm mứt gợi ý gan dạ,"['gậy của người già', 'đếm', 'mứt', 'gợi ý', 'gan dạ']","['002844', '002689', '003476', '002933', '002821']"
tuổi thơ chất rắn dân tộc danh hiệu đau mắt đỏ,"['tuổi thơ', 'chất rắn', 'dân tộc', 'danh hiệu', 'đau mắt đỏ']","['001634', '002152', '002539', '002521', '000949']"
nẻ bênh vực phục vụ xúc xắc đầu tàu,"['nẻ', 'bênh vực', 'phục vụ', 'xúc xắc', 'đầu tàu']","['003491', '001617', '000290', '002060', '002649']"
bơi lội đèo bàn tán nhi đồng vuông góc,"['bơi lội', 'đèo', 'bàn tán', 'nhi đồng', 'vuông góc']","['001783', '002679', '001347', '003641', '001920']"
nghệ sĩ công văn quả táo nhập khẩu trình độ,"['nghệ sĩ', 'công văn', 'quả táo', 'nhập khẩu', 'trình độ']","['003527', '002120', '000386', '000032', '001484']"
hình vuông múa rối gợi ý thói quen con đường,"['hình vuông', 'múa rối', 'gợi ý', 'thói quen', 'con đường']","['001916', '003470', '002933', '000071', '002343']"
chi hội chúng tôi (2 người) (đại từ) ấm no vỏ nghệ sĩ,"['chi hội', 'chúng tôi (2 người) (đại từ)', 'ấm no', 'vỏ', 'nghệ sĩ']","['002165', '000273', '001290', '001850', '003527']"
di chuyển cuộn giấy vệ sinh Vĩnh Phúc đặt cơ thể,"['di chuyển', 'cuộn giấy vệ sinh', 'Vĩnh Phúc', 'đặt', 'cơ thể']","['002573', '002495', '001837', '002644', '002461']"
bón phân báo thù nhà thờ thoăn thoắt chuông nhà,"['bón phân', 'báo thù', 'nhà thờ', 'thoăn thoắt', 'chuông nhà']","['001699', '001485', '003606', '000968', '002274']"
góp tiền xì hơi (đánh rắm) quả chuối tờ tiền mùa đông,"['góp tiền', 'xì hơi (đánh rắm)', 'quả chuối', 'tờ tiền', 'mùa đông']","['000958', '001494', '000319', '001416', '003462']"
cõng trực nhật bỏ rơi rửa mặt gấp đôi,"['cõng', 'trực nhật', 'bỏ rơi', 'rửa mặt', 'gấp đôi']","['002401', '001582', '001687', '000593', '000554']"
luyện từ và câu mồ côi cha mẹ giống nhau phòng bệnh trình độ,"['luyện từ và câu', 'mồ côi cha mẹ', 'giống nhau', 'phòng bệnh', 'trình độ']","['003314', '003420', '002910', '000239', '001484']"
toa xe hét (giống la) khe cửa ngộ độc cạnh đối diện,"['toa xe', 'hét (giống la)', 'khe cửa', 'ngộ độc', 'cạnh đối diện']","['001356', '002979', '003129', '003566', '001929']"
ruột già văn nghệ cây bàng cánh buồm chim bồ câu,"['ruột già', 'văn nghệ', 'cây bàng', 'cánh buồm', 'chim bồ câu']","['000581', '001768', '002015', '000744', '002201']"
trà nóng sóng biển tham dự Tuy Hoà dán,"['trà nóng', 'sóng biển', 'tham dự', 'Tuy Hoà', 'dán']","['000854', '000712', '000931', '000035', '002528']"
chuyên biệt xen trung tâm Kim Đồng đau tay,"['chuyên biệt', 'xen', 'trung tâm', 'Kim Đồng', 'đau tay']","['002276', '002016', '001556', '001004', '000779']"
bằng phẳng như hình với bóng cha mẹ tóm tắt ngon giấc,"['bằng phẳng', 'như hình với bóng', 'cha mẹ', 'tóm tắt', 'ngon giấc']","['001527', '000017', '002061', '001378', '003556']"
sao xuyên Việt nhà cửa rong chơi không nên,"['sao', 'xuyên Việt', 'nhà cửa', 'rong chơi', 'không nên']","['000629', '000465', '003602', '000565', '000092']"
"phân vân náo động, náo nhiệt phi tiêu cối giã suỵt","['phân vân', 'náo động, náo nhiệt', 'phi tiêu', 'cối giã', 'suỵt']","['000512', '003480', '000198', '002424', '000158']"
bạn trai thương yêu chấm điểm ai bảo mồ hôi nhễ nhại,"['bạn trai', 'thương yêu', 'chấm điểm', 'ai bảo', 'mồ hôi nhễ nhại']","['001383', '001236', '002141', '002133', '000440']"
cột sống cởi áo gặm xương (con chó gặm xương) lời nói muối i-ốt,"['cột sống', 'cởi áo', 'gặm xương (con chó gặm xương)', 'lời nói', 'muối i-ốt']","['002454', '002462', '002833', '003297', '003085']"
hợp tác gánh động viên Ả Rập (nước Ả Rập) bơm xe,"['hợp tác', 'gánh', 'động viên', 'Ả Rập (nước Ả Rập)', 'bơm xe']","['003070', '002824', '002770', '000021', '001789']"
rộng rãi quỳ ngày Quốc tế Lao động con ngựa con cọp,"['rộng rãi', 'quỳ', 'ngày Quốc tế Lao động', 'con ngựa', 'con cọp']","['000575', '000485', '003508', '002370', '002331']"
sợi len nhanh nhẹn kết hợp sinh vật nhỏ hơn,"['sợi len', 'nhanh nhẹn', 'kết hợp', 'sinh vật', 'nhỏ hơn']","['000755', '003613', '003104', '000708', '000002']"
giải quyết trùm chăn nhào lộn xa cách lặn,"['giải quyết', 'trùm chăn', 'nhào lộn', 'xa cách', 'lặn']","['002870', '001544', '003614', '001928', '003232']"
con mực chim chào mào quả mướp viết lia lịa tập hợp rỗng,"['con mực', 'chim chào mào', 'quả mướp', 'viết lia lịa', 'tập hợp rỗng']","['002362', '002202', '000359', '001833', '000881']"
đi dạo nước mắm dệt y tế kính lão,"['đi dạo', 'nước mắm', 'dệt', 'y tế', 'kính lão']","['000354', '000966', '002572', '002076', '003202']"
khởi nghiệp bụng buôn làng di truyền c,"['khởi nghiệp', 'bụng', 'buôn làng', 'di truyền', 'c']","['000706', '001820', '001851', '002574', '001032']"
hội thoại phổ biến vun đắp yên ngựa sừng trâu,"['hội thoại', 'phổ biến', 'vun đắp', 'yên ngựa', 'sừng trâu']","['000650', '000262', '001912', '002505', '000807']"
chanh nóng đuôi bộ đội tưới cây quyết tâm,"['chanh nóng', 'đuôi', 'bộ đội', 'tưới cây', 'quyết tâm']","['000848', '002784', '001733', '001686', '000497']"
gà tây tóm cổ chen lấn trình bày họa sỹ,"['gà tây', 'tóm cổ', 'chen lấn', 'trình bày', 'họa sỹ']","['002816', '001374', '002159', '001482', '003018']"
cướp giật câu ghép chanh muối chung kết ăn vừa,"['cướp giật', 'câu ghép', 'chanh muối', 'chung kết', 'ăn vừa']","['002511', '001985', '000850', '002271', '000939']"
da ngăm (nước da ngăm đen) mạch lạc cửa khẩu rón rén trang phục,"['da ngăm (nước da ngăm đen)', 'mạch lạc', 'cửa khẩu', 'rón rén', 'trang phục']","['000756', '003334', '002501', '000561', '001438']"
dê mẹ đất ruộng vỗ về nấm cháu nội,"['dê mẹ', 'đất ruộng', 'vỗ về', 'nấm', 'cháu nội']","['002569', '000258', '000529', '003490', '002097']"
rụng tóc (đt) hòa bình gãy tay bí ngô bùn,"['rụng tóc (đt)', 'hòa bình', 'gãy tay', 'bí ngô', 'bùn']","['000576', '003016', '002830', '001625', '001818']"
chức năng vấn đề xứ Nghệ chân tay sợi dây,"['chức năng', 'vấn đề', 'xứ Nghệ', 'chân tay', 'sợi dây']","['002296', '001786', '002064', '002144', '000753']"
bến xe đường thuỷ nhọn hoắt to lớn không muốn,"['bến xe', 'đường thuỷ', 'nhọn hoắt', 'to lớn', 'không muốn']","['001615', '002796', '000011', '001346', '000430']"
vô lo vô nghĩ thèm củi Tết hàn thực họa sỹ,"['vô lo vô nghĩ', 'thèm', 'củi', 'Tết hàn thực', 'họa sỹ']","['001866', '000067', '002490', '000102', '003018']"
vắn tắt rộng rãi mù chữ họ (2 người) (đại từ) góc tù,"['vắn tắt', 'rộng rãi', 'mù chữ', 'họ (2 người) (đại từ)', 'góc tù']","['001774', '000575', '000100', '000285', '002922']"
đất nặn công sức võ thuật thực phẩm hỏi han,"['đất nặn', 'công sức', 'võ thuật', 'thực phẩm', 'hỏi han']","['002648', '002434', '001852', '001220', '003029']"
mất ngủ Hùng Vương dãy số sáng chói phong toả,"['mất ngủ', 'Hùng Vương', 'dãy số', 'sáng chói', 'phong toả']","['003386', '003075', '002532', '000623', '000998']"
xách túi thông qua búp bê cạnh đối diện thích nghi,"['xách túi', 'thông qua', 'búp bê', 'cạnh đối diện', 'thích nghi']","['001952', '001103', '001863', '001929', '002245']"
điều khiển số bé ngã ba đau tay phóng viên,"['điều khiển', 'số bé', 'ngã ba', 'đau tay', 'phóng viên']","['002713', '000722', '003498', '000779', '000988']"
ra lệnh về 5 (về nhà) cuống hoa mở màn danh lam thắng cảnh,"['ra lệnh', 'về 5 (về nhà)', 'cuống hoa', 'mở màn', 'danh lam thắng cảnh']","['000501', '000366', '002477', '003452', '002522']"
khởi nghiệp gốm sứ bắt đền đau bụng chợ nổi Cái Bè,"['khởi nghiệp', 'gốm sứ', 'bắt đền', 'đau bụng', 'chợ nổi Cái Bè']","['000706', '002932', '001537', '000777', '002228']"
chú rể bãi cát nghĩa bóng thêu Tây Bắc,"['chú rể', 'bãi cát', 'nghĩa bóng', 'thêu', 'Tây Bắc']","['002243', '001321', '003544', '001042', '000889']"
ân hận nhà tù số bé giao lưu bảng đen,"['ân hận', 'nhà tù', 'số bé', 'giao lưu', 'bảng đen']","['001294', '003609', '000722', '002878', '001405']"
nhỏ hơn tuyên bố kết hợp sữa bò Đền Hùng,"['nhỏ hơn', 'tuyên bố', 'kết hợp', 'sữa bò', 'Đền Hùng']","['000002', '001640', '003104', '000776', '002691']"
trắng muốt Ba chân bốn cẳng đại diện vái lạy trêu tức,"['trắng muốt', 'Ba chân bốn cẳng', 'đại diện', 'vái lạy', 'trêu tức']","['001452', '001299', '002609', '001748', '001472']"
bánh giò bực mình chùm khế anh chị Đông Timor (nước Đông Timor),"['bánh giò', 'bực mình', 'chùm khế', 'anh chị', 'Đông Timor (nước Đông Timor)']","['001439', '000096', '002268', '001213', '002758']"
mùa xuân Đu Bai (nước Đu Bai) giàu có quả na bóc lột,"['mùa xuân', 'Đu Bai (nước Đu Bai)', 'giàu có', 'quả na', 'bóc lột']","['003467', '000027', '002885', '000361', '001693']"
lưu dầu ăn xăng-ti-mét (cm) Bình Dương bộ truyện,"['lưu', 'dầu ăn', 'xăng-ti-mét (cm)', 'Bình Dương', 'bộ truyện']","['001461', '002547', '001972', '001661', '001725']"
hơi nước họ (2 người) (đại từ) ý thức tách lớp hỏi thăm,"['hơi nước', 'họ (2 người) (đại từ)', 'ý thức', 'tách lớp', 'hỏi thăm']","['003066', '000285', '002086', '000817', '003041']"
ban ngày chả cá ngọn cây chuyên gia chị dâu,"['ban ngày', 'chả cá', 'ngọn cây', 'chuyên gia', 'chị dâu']","['001331', '002067', '003562', '002280', '002175']"
bãi đỗ xe (ô tô) đèn điện người máy con tôm lí do,"['bãi đỗ xe (ô tô)', 'đèn điện', 'người máy', 'con tôm', 'lí do']","['001325', '002665', '003589', '002390', '003256']"
gấp giấy vá quần áo máy ảnh đĩa Tuy Hoà,"['gấp giấy', 'vá quần áo', 'máy ảnh', 'đĩa', 'Tuy Hoà']","['002840', '002122', '003362', '002695', '000035']"
gấp ba gắp thức ăn nhiều vô cùng 5000 (năm nghìn) thối,"['gấp ba', 'gắp thức ăn', 'nhiều vô cùng', '5000 (năm nghìn)', 'thối']","['000556', '002836', '001862', '001171', '000811']"
thuyết trình héc-ta (ha) rơm rớm mở đầu tuần này,"['thuyết trình', 'héc-ta (ha)', 'rơm rớm', 'mở đầu', 'tuần này']","['001202', '002971', '002766', '003451', '000878']"
Vĩnh Long Chi-lê (nước Chi-lê) đẩy Oa-sinh-tơn tàu thuyền,"['Vĩnh Long', 'Chi-lê (nước Chi-lê)', 'đẩy', 'Oa-sinh-tơn', 'tàu thuyền']","['001835', '002176', '002657', '000087', '000853']"
công cộng bắc nam quà sữa rửa mặt gửi quà,"['công cộng', 'bắc nam', 'quà', 'sữa rửa mặt', 'gửi quà']","['002431', '001507', '000417', '000793', '002935']"
tài năng em út kẹp đỡ buôn làng,"['tài năng', 'em út', 'kẹp', 'đỡ', 'buôn làng']","['000825', '002806', '003101', '002777', '001851']"
ma quỷ Kim Đồng đ chùa Hương ngày của Cha,"['ma quỷ', 'Kim Đồng', 'đ', 'chùa Hương', 'ngày của Cha']","['003333', '001004', '001037', '002250', '000111']"
hồ nước dài hạn lưỡi câu thuyền chài hình cầu,"['hồ nước', 'dài hạn', 'lưỡi câu', 'thuyền chài', 'hình cầu']","['003052', '002516', '003321', '001193', '002997']"
liền sau luật lệ lễ bế giảng màu xanh lá cây sửa chữa,"['liền sau', 'luật lệ', 'lễ bế giảng', 'màu xanh lá cây', 'sửa chữa']","['003268', '003304', '003242', '003358', '000770']"
bên dưới giá trị khe cửa con dê đoàn cải lương,"['bên dưới', 'giá trị', 'khe cửa', 'con dê', 'đoàn cải lương']","['001599', '002864', '003129', '002339', '002719']"
Socola ấm đun nước bể bơi đại sứ ổn định,"['Socola', 'ấm đun nước', 'bể bơi', 'đại sứ', 'ổn định']","['000858', '001288', '001589', '000569', '000101']"
chiều tối nét mặt dê con bắt tay sơn,"['chiều tối', 'nét mặt', 'dê con', 'bắt tay', 'sơn']","['002195', '003493', '002568', '001547', '000757']"
lửa đánh cầu lông Cu ba (nước Cu ba) cạnh tranh chuyển giao,"['lửa', 'đánh cầu lông', 'Cu ba (nước Cu ba)', 'cạnh tranh', 'chuyển giao']","['003315', '000743', '002470', '000982', '002288']"
màu nhiệm bắc nam thị giác bay liệng (bay lượn) cướp cờ,"['màu nhiệm', 'bắc nam', 'thị giác', 'bay liệng (bay lượn)', 'cướp cờ']","['003351', '001505', '001051', '001495', '002510']"
đường hầm nghĩa trang tuần sau Tây Nguyên sĩ diện,"['đường hầm', 'nghĩa trang', 'tuần sau', 'Tây Nguyên', 'sĩ diện']","['002791', '003545', '000880', '000891', '000679']"
con cá sấu ngắt hoa thiệp sinh nhật căm thù bắt,"['con cá sấu', 'ngắt hoa', 'thiệp sinh nhật', 'căm thù', 'bắt']","['000127', '003519', '000240', '000265', '001535']"
lau nhà lẫn lộn dễ thương lá cây 90,"['lau nhà', 'lẫn lộn', 'dễ thương', 'lá cây', '90']","['003231', '003236', '002571', '003209', '001165']"
chè đỗ đỏ trả (đt) chai nước học phí liều lĩnh,"['chè đỗ đỏ', 'trả (đt)', 'chai nước', 'học phí', 'liều lĩnh']","['002157', '001422', '002071', '003035', '003271']"
dấu chấm hỏi lồng bàn hút nước bàn tay nội dung,"['dấu chấm hỏi', 'lồng bàn', 'hút nước', 'bàn tay', 'nội dung']","['002551', '003292', '003076', '001345', '000060']"
da ngăm (nước da ngăm đen) tháng bị động i trực nhật,"['da ngăm (nước da ngăm đen)', 'tháng', 'bị động', 'i', 'trực nhật']","['000756', '000951', '001627', '001056', '001582']"
vết thương chùm vải phương Tây nhụy hoa họp nhóm,"['vết thương', 'chùm vải', 'phương Tây', 'nhụy hoa', 'họp nhóm']","['001815', '002270', '000023', '000015', '000960']"
dây thần kinh nạn nhân thương (số) cử động chum,"['dây thần kinh', 'nạn nhân', 'thương (số)', 'cử động', 'chum']","['002564', '003479', '001228', '002498', '002266']"
liếc nhìn lựu đèn xanh cạnh đối diện môn Đạo đức,"['liếc nhìn', 'lựu', 'đèn xanh', 'cạnh đối diện', 'môn Đạo đức']","['000610', '003329', '002673', '001929', '003427']"
dịch vụ đường chỉ tay bắt nạt vái tứ phương mứt,"['dịch vụ', 'đường chỉ tay', 'bắt nạt', 'vái tứ phương', 'mứt']","['002578', '002172', '001545', '001750', '003476']"
cái bè mạng lưới lặng lẽ giảm kim cương,"['cái bè', 'mạng lưới', 'lặng lẽ', 'giảm', 'kim cương']","['001902', '003343', '003233', '002858', '000704']"
dệt việc làm sinh sản bát bản lề,"['dệt', 'việc làm', 'sinh sản', 'bát', 'bản lề']","['002572', '001827', '000701', '001487', '001357']"
chìa khóa Đông Nam rau cải đường hầm chỉ khâu,"['chìa khóa', 'Đông Nam', 'rau cải', 'đường hầm', 'chỉ khâu']","['002186', '002743', '000515', '002791', '002171']"
bệnh Đao - Down Thanh Hóa chúi đầu giận dữ gang tay,"['bệnh Đao - Down', 'Thanh Hóa', 'chúi đầu', 'giận dữ', 'gang tay']","['000798', '000955', '002265', '002889', '002823']"
đũa hành động nhận l chọi gà,"['đũa', 'hành động', 'nhận', 'l', 'chọi gà']","['002781', '002956', '003632', '001060', '002220']"
Dinh Độc Lập lớn hơn 1 (Toán học) hồ dán rước đèn trông chờ,"['Dinh Độc Lập', 'lớn hơn 1 (Toán học)', 'hồ dán', 'rước đèn', 'trông chờ']","['002587', '000654', '003050', '000603', '001516']"
cột điện hòa nhập Tiền Giang quần âu chim yến,"['cột điện', 'hòa nhập', 'Tiền Giang', 'quần âu', 'chim yến']","['002451', '003017', '001261', '000429', '002208']"
muốn găng tay chim bồ câu dấu chấm than tia số,"['muốn', 'găng tay', 'chim bồ câu', 'dấu chấm than', 'tia số']","['003414', '002835', '002201', '002552', '001246']"
dây buộc tóc cứu pháo đài hàng chục nghìn thùng,"['dây buộc tóc', 'cứu', 'pháo đài', 'hàng chục nghìn', 'thùng']","['002559', '002512', '002605', '002946', '001170']"
thù lao phép mầu vi khuẩn quyền lợi đánh cầu lông,"['thù lao', 'phép mầu', 'vi khuẩn', 'quyền lợi', 'đánh cầu lông']","['001137', '000192', '001817', '000476', '000743']"
rau ích lợi bờm tóc bánh cốm nhà nước,"['rau', 'ích lợi', 'bờm tóc', 'bánh cốm', 'nhà nước']","['000510', '003087', '001791', '001427', '002601']"
phong bì đất nặn cổ phản động thu nhỏ,"['phong bì', 'đất nặn', 'cổ', 'phản động', 'thu nhỏ']","['000227', '002648', '002407', '000149', '001133']"
Võ Nguyên Giáp bỏ phiếu biển hiệu linh hồn xe cảnh sát,"['Võ Nguyên Giáp', 'bỏ phiếu', 'biển hiệu', 'linh hồn', 'xe cảnh sát']","['001843', '001683', '001637', '003273', '001994']"
cao (nhà) thìa trung tâm chiếc gối chùa Hương,"['cao (nhà)', 'thìa', 'trung tâm', 'chiếc gối', 'chùa Hương']","['001935', '001057', '001556', '002189', '002250']"
đường hầm hói đầu phát biểu xúc xắc bánh mì,"['đường hầm', 'hói đầu', 'phát biểu', 'xúc xắc', 'bánh mì']","['002791', '000054', '000159', '002060', '001447']"
ăn hối lộ Paris người quen con sâu người yêu,"['ăn hối lộ', 'Paris', 'người quen', 'con sâu', 'người yêu']","['001270', '002443', '003590', '002380', '003597']"
cô dâu Italia (nước Italia) cao (vật) giả mạo vô ý,"['cô dâu', 'Italia (nước Italia)', 'cao (vật)', 'giả mạo', 'vô ý']","['002402', '003092', '001933', '002853', '001874']"
hút nước hàng chục biển hiệu cô đơn điều khiển,"['hút nước', 'hàng chục', 'biển hiệu', 'cô đơn', 'điều khiển']","['003076', '002945', '001637', '002403', '002713']"
giảm thở phần trăm cao độ cây tre,"['giảm', 'thở', 'phần trăm', 'cao độ', 'cây tre']","['002858', '001117', '000175', '001941', '002049']"
Bình Dương mơ ngủ hung ác sân chơi Anh (nước Anh),"['Bình Dương', 'mơ ngủ', 'hung ác', 'sân chơi', 'Anh (nước Anh)']","['001661', '003447', '003072', '000658', '001207']"
ti hí mắt đền con ruồi tha thứ sống sót,"['ti hí mắt', 'đền', 'con ruồi', 'tha thứ', 'sống sót']","['000150', '002690', '002378', '000912', '000342']"
hộp sữa họp môn Tin học và Công nghệ phát động vỏ,"['hộp sữa', 'họp', 'môn Tin học và Công nghệ', 'phát động', 'vỏ']","['003065', '003046', '003441', '000161', '001850']"
gấp ba nỏ g khách con dâu,"['gấp ba', 'nỏ', 'g', 'khách', 'con dâu']","['000556', '000029', '001048', '003111', '002338']"
bước chân bức tranh người lạ môn Mĩ thuật củ khoai lang,"['bước chân', 'bức tranh', 'người lạ', 'môn Mĩ thuật', 'củ khoai lang']","['001884', '001876', '003588', '003437', '002472']"
củ cải trắng to lớn thú dữ hăng hái quyết định,"['củ cải trắng', 'to lớn', 'thú dữ', 'hăng hái', 'quyết định']","['002480', '001346', '001149', '002966', '000478']"
dây điện vô ý thức kêu gọi vạch xuất phát chia ba,"['dây điện', 'vô ý thức', 'kêu gọi', 'vạch xuất phát', 'chia ba']","['002561', '001875', '003109', '001742', '000564']"
vị ngữ người yêu tương ứng loa con muỗi,"['vị ngữ', 'người yêu', 'tương ứng', 'loa', 'con muỗi']","['001823', '003598', '001690', '003282', '002361']"
nhân cách hoá con hoẵng chăm học ngăn cản nhổ củ cải,"['nhân cách hoá', 'con hoẵng', 'chăm học', 'ngăn cản', 'nhổ củ cải']","['003624', '002349', '002113', '003514', '000013']"
dám làm trà sữa đuôi la hét từ bỏ,"['dám làm', 'trà sữa', 'đuôi', 'la hét', 'từ bỏ']","['000466', '000857', '002784', '003207', '001646']"
đèo Hải Vân một là kính trọng chấm dứt bản đồ Việt Nam,"['đèo Hải Vân', 'một là', 'kính trọng', 'chấm dứt', 'bản đồ Việt Nam']","['002676', '000313', '003204', '002140', '001351']"
ghi chú đầu xuôi đuôi lọt vắn tắt q chứng nhận,"['ghi chú', 'đầu xuôi đuôi lọt', 'vắn tắt', 'q', 'chứng nhận']","['002848', '002651', '001774', '001076', '002304']"
héc-ta (ha) chữa bài đảo Trường Sa phức tạp thợ thêu,"['héc-ta (ha)', 'chữa bài', 'đảo Trường Sa', 'phức tạp', 'thợ thêu']","['002971', '002294', '000837', '000294', '001123']"
sân khấu chợ nổi đầy đủ nguyện vọng khoá (cái khóa),"['sân khấu', 'chợ nổi', 'đầy đủ', 'nguyện vọng', 'khoá (cái khóa)']","['000661', '002227', '002655', '003578', '003142']"
mõm mặt vuông mách đèo Hải Vân dấu nặng,"['mõm', 'mặt vuông', 'mách', 'đèo Hải Vân', 'dấu nặng']","['003413', '003380', '000137', '002677', '001126']"
năng khiếu xôi tự vệ tiếc rút gọn phân số,"['năng khiếu', 'xôi', 'tự vệ', 'tiếc', 'rút gọn phân số']","['003488', '002044', '001674', '001251', '000587']"
không cho lợi ích hành quân đầu tư chúng tôi (4 người) (đại từ),"['không cho', 'lợi ích', 'hành quân', 'đầu tư', 'chúng tôi (4 người) (đại từ)']","['000084', '003298', '002960', '000583', '000277']"
đại sứ đua đòi ăn diện luật chơi cháy rừng,"['đại sứ', 'đua đòi', 'ăn diện', 'luật chơi', 'cháy rừng']","['000569', '000973', '001268', '003303', '002107']"
Mặt trời lặn kì lạ chặt con ruồi chặt chẽ,"['Mặt trời lặn', 'kì lạ', 'chặt', 'con ruồi', 'chặt chẽ']","['003417', '003177', '002135', '002378', '002138']"
sách toán hình học tự vệ chanh đá bánh pizza,"['sách toán', 'hình học', 'tự vệ', 'chanh đá', 'bánh pizza']","['000615', '003001', '001678', '000846', '001449']"
trang phục dãy số tiêm môn Toán tán thành,"['trang phục', 'dãy số', 'tiêm', 'môn Toán', 'tán thành']","['001438', '002532', '001259', '003442', '000845']"
trang phục bờ rào chúng tôi (5 người) (đại từ) bồ kết ưu tiên,"['trang phục', 'bờ rào', 'chúng tôi (5 người) (đại từ)', 'bồ kết', 'ưu tiên']","['001438', '001777', '000279', '001715', '001732']"
lùi bước chợ Bến Thành nhổ lông mày cây xanh lá cây,"['lùi bước', 'chợ Bến Thành', 'nhổ lông mày', 'cây xanh', 'lá cây']","['003310', '002226', '000616', '002053', '003208']"
cây cổ thụ thiếu thốn thú dữ không cần vui sướng,"['cây cổ thụ', 'thiếu thốn', 'thú dữ', 'không cần', 'vui sướng']","['002019', '000459', '001147', '000088', '001907']"
lái tàu hỏa bảng cửu chương nhìn địa cầu rế,"['lái tàu hỏa', 'bảng cửu chương', 'nhìn', 'địa cầu', 'rế']","['003214', '001399', '000000', '002697', '000545']"
sơn trả thù động cơ bớt đi số đo,"['sơn', 'trả thù', 'động cơ', 'bớt đi', 'số đo']","['000757', '002126', '002768', '001795', '000729']"
nhộn nhịp (đông người) nhạy cảm quyết định giao thừa phòng y tế,"['nhộn nhịp (đông người)', 'nhạy cảm', 'quyết định', 'giao thừa', 'phòng y tế']","['000660', '003620', '000482', '002879', '000257']"
6 rơm rớm đường tròn mùa hè nông nghiệp,"['6', 'rơm rớm', 'đường tròn', 'mùa hè', 'nông nghiệp']","['001134', '002766', '002797', '003464', '000066']"
mặc lĩnh hội tấm vải giết màu trắng,"['mặc', 'lĩnh hội', 'tấm vải', 'giết', 'màu trắng']","['003370', '003274', '000872', '002907', '003353']"
ra ngoài cướp biển mũ hét (giống la) héc-ta (ha),"['ra ngoài', 'cướp biển', 'mũ', 'hét (giống la)', 'héc-ta (ha)']","['000506', '002509', '003471', '002979', '002971']"
ham chơi sa thải cỗ đặt em út,"['ham chơi', 'sa thải', 'cỗ', 'đặt', 'em út']","['000740', '002785', '002418', '002644', '002806']"
con ốc tiêu diệt phân vân tổng thống chọn lọc,"['con ốc', 'tiêu diệt', 'phân vân', 'tổng thống', 'chọn lọc']","['002377', '001289', '000512', '001400', '002222']"
vào lớp chuyển động đều chum dấu nặng củ từ,"['vào lớp', 'chuyển động đều', 'chum', 'dấu nặng', 'củ từ']","['001760', '002286', '002266', '001126', '002473']"
chày dân tộc Khơ me mỳ vằn thắn tìm hiểu hẹn,"['chày', 'dân tộc Khơ me', 'mỳ vằn thắn', 'tìm hiểu', 'hẹn']","['002105', '000682', '000183', '001302', '000371']"
xen sách giáo khoa ý chí sơn mô tả,"['xen', 'sách giáo khoa', 'ý chí', 'sơn', 'mô tả']","['002016', '000613', '002078', '000757', '000904']"
phục vụ kháu khỉnh a khen môn Toán,"['phục vụ', 'kháu khỉnh', 'a', 'khen', 'môn Toán']","['000290', '000626', '001022', '003131', '003442']"
mũ ích lợi đuốc hăm dọa Ê-ti-ô-pi-a (nước Ê-ti-ô-pi-a),"['mũ', 'ích lợi', 'đuốc', 'hăm dọa', 'Ê-ti-ô-pi-a (nước Ê-ti-ô-pi-a)']","['003471', '003087', '002783', '002588', '002810']"
không dám nước ép trái cây đuốc cù xe lu,"['không dám', 'nước ép trái cây', 'đuốc', 'cù', 'xe lu']","['000468', '000836', '002783', '002478', '002008']"
"cá kiếm khoá (cái khóa) dầu khí náo động, náo nhiệt chùm vải","['cá kiếm', 'khoá (cái khóa)', 'dầu khí', 'náo động, náo nhiệt', 'chùm vải']","['000167', '003142', '002550', '003480', '002270']"
vị ngữ giới thiệu xếp hàng ưu tiên ban giám hiệu yếu,"['vị ngữ', 'giới thiệu', 'xếp hàng ưu tiên', 'ban giám hiệu', 'yếu']","['001823', '002913', '002028', '001329', '002114']"
ngoan ngoãn truyền dịch lục giác cứu hộ cởi áo,"['ngoan ngoãn', 'truyền dịch', 'lục giác', 'cứu hộ', 'cởi áo']","['003553', '001576', '003309', '002513', '002462']"
nhấp nháy chó cắn lưới đặc biệt quyên góp,"['nhấp nháy', 'chó cắn', 'lưới', 'đặc biệt', 'quyên góp']","['003635', '000516', '003322', '002634', '000726']"
buổi trưa ai hoàn thành hút nước mất trí,"['buổi trưa', 'ai', 'hoàn thành', 'hút nước', 'mất trí']","['001848', '001201', '003019', '003076', '003387']"
quả dừa xiêm anh chị diện tích vô lo vô nghĩ nhận xét,"['quả dừa xiêm', 'anh chị', 'diện tích', 'vô lo vô nghĩ', 'nhận xét']","['000334', '001213', '002581', '001866', '003634']"
nội quy phô tô động cơ lắp ráp con mèo,"['nội quy', 'phô tô', 'động cơ', 'lắp ráp', 'con mèo']","['000062', '000259', '002768', '003234', '002360']"
thiếu niên quyển vở bát hương phổi hói đầu,"['thiếu niên', 'quyển vở', 'bát hương', 'phổi', 'hói đầu']","['001081', '000492', '001489', '000270', '000054']"
dây điện mặc kệ Khánh Hòa không ngon cung cấp,"['dây điện', 'mặc kệ', 'Khánh Hòa', 'không ngon', 'cung cấp']","['002563', '003371', '003118', '000442', '000215']"
kiếm (cái kiếm) Italia (nước Italia) con cọp Lâm Đồng dọc,"['kiếm (cái kiếm)', 'Italia (nước Italia)', 'con cọp', 'Lâm Đồng', 'dọc']","['003191', '003092', '002333', '003235', '002591']"
xe máy cổng cột đèn phẫu thuật tay sân trường,"['xe máy', 'cổng', 'cột đèn', 'phẫu thuật tay', 'sân trường']","['001992', '002444', '002449', '000784', '000666']"
gậy của người già quát mắng tóm tắt tòa soạn nhạy cảm,"['gậy của người già', 'quát mắng', 'tóm tắt', 'tòa soạn', 'nhạy cảm']","['002844', '000410', '001378', '001366', '003620']"
sa thải hối hận nhiều hơn lễ hội hóa trang buông màn,"['sa thải', 'hối hận', 'nhiều hơn', 'lễ hội hóa trang', 'buông màn']","['002785', '003058', '003645', '003249', '001859']"
múa chục triệu cắt nhau địa hình suy nghĩ,"['múa', 'chục triệu', 'cắt nhau', 'địa hình', 'suy nghĩ']","['003472', '002263', '001966', '001003', '000765']"
thương yêu tím tái vô tâm màn chục,"['thương yêu', 'tím tái', 'vô tâm', 'màn', 'chục']","['001236', '001306', '001868', '003341', '002261']"
vòi nước pha lê sữa rửa mặt mũ đau chân,"['vòi nước', 'pha lê', 'sữa rửa mặt', 'mũ', 'đau chân']","['001854', '000134', '000793', '003471', '000781']"
giẫm tuần trăng mật dự án Đông Timor (nước Đông Timor) núi lửa,"['giẫm', 'tuần trăng mật', 'dự án', 'Đông Timor (nước Đông Timor)', 'núi lửa']","['002887', '000761', '000580', '002758', '000077']"
rạp chiếu phim tháng âm thanh tay phải súp lơ,"['rạp chiếu phim', 'tháng', 'âm thanh', 'tay phải', 'súp lơ']","['000509', '000952', '001278', '000861', '000176']"
cô đơn bụi phấn hàng ngày nhà sàn lên đường,"['cô đơn', 'bụi phấn', 'hàng ngày', 'nhà sàn', 'lên đường']","['002403', '001814', '000393', '003603', '003252']"
hình cầu san sẻ đánh răng từ đồng âm nốt ruồi,"['hình cầu', 'san sẻ', 'đánh răng', 'từ đồng âm', 'nốt ruồi']","['002997', '000619', '000873', '001648', '000070']"
mục tiêu thân hình tham dự đề-xi-mét vuông (dm2) hiểu,"['mục tiêu', 'thân hình', 'tham dự', 'đề-xi-mét vuông (dm2)', 'hiểu']","['000898', '001001', '000931', '002688', '002992']"
dấu phẩy no Hà Lan (nước Hà Lan) bồi bàn hoa sen,"['dấu phẩy', 'no', 'Hà Lan (nước Hà Lan)', 'bồi bàn', 'hoa sen']","['002558', '000026', '002941', '001745', '003015']"
đèn xanh vui tính lớn hơn 1 (Toán học) héc-ta (ha) dập,"['đèn xanh', 'vui tính', 'lớn hơn 1 (Toán học)', 'héc-ta (ha)', 'dập']","['002674', '001910', '000654', '002971', '002546']"
tha thứ lược dấu hỏi lưới khe núi,"['tha thứ', 'lược', 'dấu hỏi', 'lưới', 'khe núi']","['000914', '003316', '001118', '003322', '003130']"
chia phần riêng biệt tương lai tự tin thung lũng,"['chia phần', 'riêng biệt', 'tương lai', 'tự tin', 'thung lũng']","['002183', '000547', '000637', '001670', '001000']"
tăm bẫy chuột (hành động) pha lê hung thủ ngoắc tay,"['tăm', 'bẫy chuột (hành động)', 'pha lê', 'hung thủ', 'ngoắc tay']","['000867', '001561', '000134', '003073', '003554']"
phấn (viết bảng) bên phải bay nhanh (máy bay) người gửi lễ hội hóa trang,"['phấn (viết bảng)', 'bên phải', 'bay nhanh (máy bay)', 'người gửi', 'lễ hội hóa trang']","['000182', '001601', '000409', '003584', '003249']"
gấp đôi con chim con sông biểu đồ cột giai đoạn,"['gấp đôi', 'con chim', 'con sông', 'biểu đồ cột', 'giai đoạn']","['000554', '002322', '002384', '001645', '002856']"
kính lão phòng chức năng sách toán chuyển giao quốc gia,"['kính lão', 'phòng chức năng', 'sách toán', 'chuyển giao', 'quốc gia']","['003202', '000243', '000615', '002288', '000455']"
học trò chị cạnh tranh bảng học sinh trường tiểu học,"['học trò', 'chị', 'cạnh tranh', 'bảng học sinh', 'trường tiểu học']","['003037', '002173', '000982', '001389', '001592']"
nhổ tóc nhóm ti hí mắt tàu ngầm quyển vở,"['nhổ tóc', 'nhóm', 'ti hí mắt', 'tàu ngầm', 'quyển vở']","['000612', '000006', '000150', '000851', '000490']"
quả mít bắp ngô ngon giấc chuyên gia răng,"['quả mít', 'bắp ngô', 'ngon giấc', 'chuyên gia', 'răng']","['000357', '001533', '003556', '002280', '000531']"
khuôn hình cầu nguyện dẫn chương trình lau miệng về 5 (về nhà),"['khuôn hình', 'cầu nguyện', 'dẫn chương trình', 'lau miệng', 'về 5 (về nhà)']","['003173', '002003', '002544', '000514', '000366']"
mít tinh nghi ngờ ghi nhớ nhận thức cử chỉ điệu bộ,"['mít tinh', 'nghi ngờ', 'ghi nhớ', 'nhận thức', 'cử chỉ điệu bộ']","['000454', '003532', '002850', '003633', '002497']"
tiệc cối xay gió mỗi ghi chú mặt nạ,"['tiệc', 'cối xay gió', 'mỗi', 'ghi chú', 'mặt nạ']","['001257', '002425', '003425', '002848', '003381']"
phụ thuộc xa xôi đeo kính dốc lốc xoáy,"['phụ thuộc', 'xa xôi', 'đeo kính', 'dốc', 'lốc xoáy']","['000768', '001930', '002675', '002595', '000916']"
con lươn luyện từ và câu rau ngót vườn thú tránh thai,"['con lươn', 'luyện từ và câu', 'rau ngót', 'vườn thú', 'tránh thai']","['002358', '003314', '000522', '001924', '001444']"
trang trí con sông mi-li-mét (mm) thơm chim đại bàng,"['trang trí', 'con sông', 'mi-li-mét (mm)', 'thơm', 'chim đại bàng']","['001418', '002384', '003404', '001127', '002205']"
gãy chân mẫu số bé lương thực chiều cao mét vuông (m2),"['gãy chân', 'mẫu số bé', 'lương thực', 'chiều cao', 'mét vuông (m2)']","['002829', '003393', '003324', '002192', '003399']"
hứa phát biểu gửi thư con mèo 11,"['hứa', 'phát biểu', 'gửi thư', 'con mèo', '11']","['000375', '000159', '002936', '002359', '001148']"
quả mướp tờ tiền chất rắn trêu tham quan,"['quả mướp', 'tờ tiền', 'chất rắn', 'trêu', 'tham quan']","['000359', '001416', '002152', '001470', '000940']"
ống nghe tự hào thơm hộp sữa củ cà rốt,"['ống nghe', 'tự hào', 'thơm', 'hộp sữa', 'củ cà rốt']","['000118', '000725', '001125', '003065', '002479']"
kèn xà phòng giặt đảo Trường Sa như hình với bóng danh hiệu,"['kèn', 'xà phòng giặt', 'đảo Trường Sa', 'như hình với bóng', 'danh hiệu']","['003094', '001940', '000837', '000017', '002521']"
thân hình Đắk Lắk đau mắt nhụy hoa giao thông,"['thân hình', 'Đắk Lắk', 'đau mắt', 'nhụy hoa', 'giao thông']","['001001', '002637', '000775', '000015', '002860']"
thu thập đuôi cá đua xe máy bùng binh năng khiếu,"['thu thập', 'đuôi cá', 'đua xe máy', 'bùng binh', 'năng khiếu']","['001135', '000170', '002780', '001230', '003488']"
dê mẹ người gửi lúa ghép hình bịa đặt,"['dê mẹ', 'người gửi', 'lúa', 'ghép hình', 'bịa đặt']","['002569', '003584', '003300', '002846', '001631']"
tia nắng phim truyện chúng tôi (đại từ) sữa bò thiệp sinh nhật,"['tia nắng', 'phim truyện', 'chúng tôi (đại từ)', 'sữa bò', 'thiệp sinh nhật']","['001244', '000222', '000281', '000774', '000238']"
danh hiệu ngưỡng mộ tím tái gửi quà nhảy lò cò,"['danh hiệu', 'ngưỡng mộ', 'tím tái', 'gửi quà', 'nhảy lò cò']","['002521', '003600', '001306', '002935', '000646']"
đường chéo nhập trường huỷ thuận lợi rình mò,"['đường chéo', 'nhập trường', 'huỷ', 'thuận lợi', 'rình mò']","['002789', '003636', '000766', '001156', '000551']"
chữa bài con bò yêu cầu thi cử Tây Ninh,"['chữa bài', 'con bò', 'yêu cầu', 'thi cử', 'Tây Ninh']","['002294', '002317', '002102', '001044', '000893']"
đường chéo ít hạt lạc chỉnh sửa Vĩnh Long,"['đường chéo', 'ít', 'hạt lạc', 'chỉnh sửa', 'Vĩnh Long']","['002789', '003089', '002963', '002209', '001835']"
sân khấu gấp ba kim sinh sống nghĩa đen,"['sân khấu', 'gấp ba', 'kim', 'sinh sống', 'nghĩa đen']","['000661', '000556', '003198', '000705', '003540']"
lặng lẽ cầu giao chăm sóc sức khỏe nhập khẩu hút thuốc lá,"['lặng lẽ', 'cầu giao', 'chăm sóc sức khỏe', 'nhập khẩu', 'hút thuốc lá']","['003233', '001999', '002119', '000032', '003077']"
lưới quả thanh long mĩ thuật học phí dây thừng,"['lưới', 'quả thanh long', 'mĩ thuật', 'học phí', 'dây thừng']","['003322', '000388', '003405', '003035', '002565']"
vàng bạc xa xôi đỏ thắm tính chất bằng nhau cổ họng,"['vàng bạc', 'xa xôi', 'đỏ thắm', 'tính chất bằng nhau', 'cổ họng']","['001756', '001930', '000635', '001332', '002411']"
dân tộc Mông gỗ ủng cộng (Toán học) khóa quần,"['dân tộc Mông', 'gỗ', 'ủng', 'cộng (Toán học)', 'khóa quần']","['000686', '002929', '001704', '002447', '003138']"
cao thấp số thập phân Đông Dương sân chơi ngôn ngữ,"['cao thấp', 'số thập phân', 'Đông Dương', 'sân chơi', 'ngôn ngữ']","['001949', '000739', '002756', '000657', '003571']"
"súp lơ thông cảm đèn vàng kiêu (kiêu căng, kiêu xa) Oa-sinh-tơn","['súp lơ', 'thông cảm', 'đèn vàng', 'kiêu (kiêu căng, kiêu xa)', 'Oa-sinh-tơn']","['000176', '001094', '002669', '003197', '000087']"
sương gió gợi ý gửi vô ý sáng kiến,"['sương gió', 'gợi ý', 'gửi', 'vô ý', 'sáng kiến']","['000809', '002933', '002934', '001874', '000625']"
đánh vắt chanh h chai nước ngà voi,"['đánh', 'vắt chanh', 'h', 'chai nước', 'ngà voi']","['002625', '000842', '001054', '002071', '003497']"
cổ đại thèm mù chữ nhưng lỗi chính tả,"['cổ đại', 'thèm', 'mù chữ', 'nhưng', 'lỗi chính tả']","['002410', '000067', '000100', '000538', '003287']"
ít nhất bắp ngô cù dấu sắc ngôn ngữ,"['ít nhất', 'bắp ngô', 'cù', 'dấu sắc', 'ngôn ngữ']","['003091', '001531', '002478', '001112', '003571']"
"năng khiếu hay là (hoặc là) kiêu (kiêu căng, kiêu xa) vui tính góc vườn","['năng khiếu', 'hay là (hoặc là)', 'kiêu (kiêu căng, kiêu xa)', 'vui tính', 'góc vườn']","['003488', '000546', '003197', '001910', '002924']"
cụm từ tôn trọng chậm chạp giơ tay ao chuôm,"['cụm từ', 'tôn trọng', 'chậm chạp', 'giơ tay', 'ao chuôm']","['002491', '001390', '000411', '002911', '001245']"
trường tiểu học đầu tư gói (đgt) áo ấm cứu hộ,"['trường tiểu học', 'đầu tư', 'gói (đgt)', 'áo ấm', 'cứu hộ']","['001592', '000583', '002925', '001252', '002513']"
dấu huyền dừng lại cổ tay con hoẵng quan tâm,"['dấu huyền', 'dừng lại', 'cổ tay', 'con hoẵng', 'quan tâm']","['001104', '000415', '002413', '002349', '000399']"
trao tặng u ám ( trời u ám) mục đích anh rể rút gọn,"['trao tặng', 'u ám ( trời u ám)', 'mục đích', 'anh rể', 'rút gọn']","['001446', '001700', '001206', '001233', '000585']"
ngôn ngữ hoặc quả chuối rong biển chữa cháy,"['ngôn ngữ', 'hoặc', 'quả chuối', 'rong biển', 'chữa cháy']","['003571', '000422', '000319', '000563', '002295']"
móc áo lồng chim tìm hiểu tre thùng,"['móc áo', 'lồng chim', 'tìm hiểu', 'tre', 'thùng']","['003411', '003293', '001304', '001464', '001170']"
xếp hàng ghi chú tàu thuyền doanh nghiệp phòng chức năng,"['xếp hàng', 'ghi chú', 'tàu thuyền', 'doanh nghiệp', 'phòng chức năng']","['002022', '002848', '000853', '002589', '000243']"
thuỷ điện nhảy lò cò trông nhà xa vô tận ống nước,"['thuỷ điện', 'nhảy lò cò', 'trông nhà', 'xa vô tận', 'ống nước']","['001180', '000646', '000404', '001870', '000122']"
dán rừng thưa mắc áo cổ chân lẫn lộn,"['dán', 'rừng thưa', 'mắc áo', 'cổ chân', 'lẫn lộn']","['002528', '000601', '003369', '002409', '003236']"
phong toả thở dài theo dõi lông gà ham chơi,"['phong toả', 'thở dài', 'theo dõi', 'lông gà', 'ham chơi']","['000998', '001113', '001028', '003291', '000740']"
chọn lựa vực sâu cau có con tem Bắc bộ,"['chọn lựa', 'vực sâu', 'cau có', 'con tem', 'Bắc bộ']","['002223', '003169', '001955', '002388', '001499']"
chim chuyền cành ông bà giao lưu tiến sĩ chia tay,"['chim chuyền cành', 'ông bà', 'giao lưu', 'tiến sĩ', 'chia tay']","['002282', '000320', '002878', '001263', '002185']"
Quảng Nam tính chợ nổi trước thông báo,"['Quảng Nam', 'tính', 'chợ nổi', 'trước', 'thông báo']","['000418', '002776', '002227', '001596', '001093']"
tuần trăng mật sữa Quảng Trị áo cánh bỏ rơi,"['tuần trăng mật', 'sữa', 'Quảng Trị', 'áo cánh', 'bỏ rơi']","['000761', '000799', '000421', '001254', '001687']"
mệt mỏi khuy bảng cộng khoảng cách trái nghĩa,"['mệt mỏi', 'khuy', 'bảng cộng', 'khoảng cách', 'trái nghĩa']","['000800', '003174', '001397', '003141', '001430']"
anh em lang thang con hoẵng đất dân tộc,"['anh em', 'lang thang', 'con hoẵng', 'đất', 'dân tộc']","['001225', '003218', '002349', '002646', '002540']"
vô lo vô nghĩ thác nghênh nghênh (đầu) ống nghe rau ngót,"['vô lo vô nghĩ', 'thác', 'nghênh nghênh (đầu)', 'ống nghe', 'rau ngót']","['001866', '000921', '000970', '000118', '000522']"
chạy phô tô cưa (cái cưa) nhầm xa vô tận,"['chạy', 'phô tô', 'cưa (cái cưa)', 'nhầm', 'xa vô tận']","['002109', '000259', '002499', '000129', '001870']"
Lào (nước Lào) con trai (động vật) con thỏ vết thương lưỡi,"['Lào (nước Lào)', 'con trai (động vật)', 'con thỏ', 'vết thương', 'lưỡi']","['003225', '002393', '002389', '001815', '003320']"
áo nháy mắt cây phượng liệt (liệt tay chân) tống tiền,"['áo', 'nháy mắt', 'cây phượng', 'liệt (liệt tay chân)', 'tống tiền']","['001250', '003619', '002039', '003270', '001402']"
hãng tàu thuyền thung lũng tủi thân băng bó lều trại,"['hãng tàu thuyền', 'thung lũng', 'tủi thân', 'băng bó', 'lều trại']","['001453', '001000', '001628', '001519', '003255']"
liên hoan bồi thường phong bì nhăn mặt phẫu thuật chân,"['liên hoan', 'bồi thường', 'phong bì', 'nhăn mặt', 'phẫu thuật chân']","['003260', '001747', '000227', '003622', '000786']"
bình sữa (em bé) cây trồng chim chóc tỏa hương tia chớp,"['bình sữa (em bé)', 'cây trồng', 'chim chóc', 'tỏa hương', 'tia chớp']","['000974', '002051', '002204', '001368', '001242']"
cổ tích ích lợi phong kiến nhổ tóc 80,"['cổ tích', 'ích lợi', 'phong kiến', 'nhổ tóc', '80']","['002421', '003087', '000231', '000612', '001163']"
ghi hình triệu phú tính nhẩm tuân lệnh thông qua,"['ghi hình', 'triệu phú', 'tính nhẩm', 'tuân lệnh', 'thông qua']","['002849', '001305', '001340', '001624', '001103']"
em họ xà phòng áo vệ sinh cá nhân củ đậu,"['em họ', 'xà phòng', 'áo', 'vệ sinh cá nhân', 'củ đậu']","['000329', '001936', '001250', '001811', '002471']"
góc nhọn loa về 3 (đi về) số đo khoá (cái khóa),"['góc nhọn', 'loa', 'về 3 (đi về)', 'số đo', 'khoá (cái khóa)']","['002921', '003282', '000362', '000729', '003142']"
hút nước yêu nước Việt Nam bốc thăm củ sả họ (2 người) (đại từ),"['hút nước', 'yêu nước Việt Nam', 'bốc thăm', 'củ sả', 'họ (2 người) (đại từ)']","['003076', '000523', '001743', '002484', '000285']"
số lớn mũ cháu nội môn Tin học và Công nghệ hót,"['số lớn', 'mũ', 'cháu nội', 'môn Tin học và Công nghệ', 'hót']","['000736', '003471', '002099', '003441', '003047']"
ăn vú sữa bẫy chuột (hành động) đón tiếp nhà cửa ẩm ướt,"['ăn vú sữa', 'bẫy chuột (hành động)', 'đón tiếp', 'nhà cửa', 'ẩm ướt']","['000400', '001561', '002728', '003602', '001284']"
quả vải va chạm nhảy cao tay chân sạch sẽ bẻ ngô,"['quả vải', 'va chạm', 'nhảy cao', 'tay chân sạch sẽ', 'bẻ ngô']","['000390', '001734', '003616', '000918', '001571']"
hồ dán âm thanh q cây thông hàng chục triệu,"['hồ dán', 'âm thanh', 'q', 'cây thông', 'hàng chục triệu']","['003050', '001278', '001076', '003326', '002947']"
cụ đồ phù hợp thiên nhiên nghênh nghênh (đầu) đau tay,"['cụ đồ', 'phù hợp', 'thiên nhiên', 'nghênh nghênh (đầu)', 'đau tay']","['002486', '000280', '001068', '000970', '000779']"
để (đặt) hạt tin cậy nổ mìn giao thông,"['để (đặt)', 'hạt', 'tin cậy', 'nổ mìn', 'giao thông']","['002682', '002961', '001308', '000045', '002859']"
búp bê ngũ quả thực sự băng bó quyết tâm,"['búp bê', 'ngũ quả', 'thực sự', 'băng bó', 'quyết tâm']","['001863', '003572', '001222', '001519', '000497']"
đường hầm buôn làng ngày Quốc tế Lao động câu cá búp bê,"['đường hầm', 'buôn làng', 'ngày Quốc tế Lao động', 'câu cá', 'búp bê']","['002791', '001851', '003509', '001975', '001863']"
cụ già sợi tiệc đối xử xoa đầu,"['cụ già', 'sợi', 'tiệc', 'đối xử', 'xoa đầu']","['002487', '000749', '001257', '002752', '000232']"
phố cổ Hội an ô ăn quan rơm rớm chuỗi hạt toàn cầu,"['phố cổ Hội an', 'ô ăn quan', 'rơm rớm', 'chuỗi hạt', 'toàn cầu']","['000268', '000091', '002766', '002272', '001370']"
bê tông thóc (gạo) phủ nhận nguy hiểm có ích,"['bê tông', 'thóc (gạo)', 'phủ nhận', 'nguy hiểm', 'có ích']","['001587', '001086', '000282', '003575', '002308']"
chọi trâu năm tới chuyện nhỏ cây xanh tươi chi hội,"['chọi trâu', 'năm tới', 'chuyện nhỏ', 'cây xanh tươi', 'chi hội']","['002221', '000762', '000532', '001965', '002165']"
về 3 (đi về) nền nhà quát mắng tóc dựng đứng đuôi cá,"['về 3 (đi về)', 'nền nhà', 'quát mắng', 'tóc dựng đứng', 'đuôi cá']","['000362', '003495', '000410', '002050', '000170']"
xe cảnh sát điều tra gương mẫu có ích dừng lại,"['xe cảnh sát', 'điều tra', 'gương mẫu', 'có ích', 'dừng lại']","['001994', '002715', '002939', '002308', '000415']"
ngũ quả con muỗi Bình Thuận bồn rửa bát bệnh thủy đậu,"['ngũ quả', 'con muỗi', 'Bình Thuận', 'bồn rửa bát', 'bệnh thủy đậu']","['003572', '002361', '001665', '001751', '001619']"
sờ dễ thương đàn xê lô đại vĩ cầm Cam-pu-chia (nước Cam-pu-chia) dãy núi,"['sờ', 'dễ thương', 'đàn xê lô đại vĩ cầm', 'Cam-pu-chia (nước Cam-pu-chia)', 'dãy núi']","['000926', '002571', '002616', '001913', '002531']"
chia sẻ 80 lá thư không đẹp dây buộc tóc,"['chia sẻ', '80', 'lá thư', 'không đẹp', 'dây buộc tóc']","['002184', '001163', '003210', '000267', '002559']"
đan điều tra nổi dậy đoàn cải lương hấp dẫn,"['đan', 'điều tra', 'nổi dậy', 'đoàn cải lương', 'hấp dẫn']","['002615', '002715', '000055', '002719', '000038']"
nói leo nguội ngày thành lập quân đội nhân dân Việt Nam cơ quan thêu,"['nói leo', 'nguội', 'ngày thành lập quân đội nhân dân Việt Nam', 'cơ quan', 'thêu']","['000036', '000814', '000125', '002459', '001042']"
vỗ cánh giãn cách xã hội giao lưu bật đèn đón tiếp,"['vỗ cánh', 'giãn cách xã hội', 'giao lưu', 'bật đèn', 'đón tiếp']","['001879', '000634', '002878', '001557', '002728']"
màu nâu thì thầm chính xác Vĩnh Long mái hiên,"['màu nâu', 'thì thầm', 'chính xác', 'Vĩnh Long', 'mái hiên']","['003350', '000419', '002215', '001835', '003337']"
biểu đồ hình quạt đàn bầu thần kì nhóm ô nhiễm,"['biểu đồ hình quạt', 'đàn bầu', 'thần kì', 'nhóm', 'ô nhiễm']","['001647', '002617', '001310', '000006', '000093']"
nổ mìn củ sả bánh giò mục tiêu kiến trúc sư,"['nổ mìn', 'củ sả', 'bánh giò', 'mục tiêu', 'kiến trúc sư']","['000045', '002484', '001439', '000898', '003196']"
về 3 (đi về) công nhận ai cặp sách người gửi,"['về 3 (đi về)', 'công nhận', 'ai', 'cặp sách', 'người gửi']","['000362', '002433', '001201', '001962', '003584']"
bên trên năm tới xứ Nghệ rổ tự tin,"['bên trên', 'năm tới', 'xứ Nghệ', 'rổ', 'tự tin']","['001605', '000762', '002064', '000571', '001670']"
Võ Nguyên Giáp bùng binh liệt (liệt tay chân) thầy giáo lều trại,"['Võ Nguyên Giáp', 'bùng binh', 'liệt (liệt tay chân)', 'thầy giáo', 'lều trại']","['001843', '001230', '003270', '001024', '003255']"
nhìn bế em chàng trai vỡ Văn miếu Quốc Tử Giám,"['nhìn', 'bế em', 'chàng trai', 'vỡ', 'Văn miếu Quốc Tử Giám']","['000000', '001593', '002073', '001887', '001766']"
ấm đun nước cảng Sài Gòn 10 000 (mười nghìn) ngôn ngữ thủng,"['ấm đun nước', 'cảng Sài Gòn', '10 000 (mười nghìn)', 'ngôn ngữ', 'thủng']","['001288', '000702', '001177', '003571', '001172']"
cốm con chồn mua vé cắt lông mũi thăng bằng,"['cốm', 'con chồn', 'mua vé', 'cắt lông mũi', 'thăng bằng']","['002427', '002326', '003461', '000618', '000987']"
củ đậu nhập trường chùm khế ngũ quả chi tiết,"['củ đậu', 'nhập trường', 'chùm khế', 'ngũ quả', 'chi tiết']","['002471', '003638', '002268', '003572', '002167']"
không thẳng hàng đẹp mê hồn duy nhất con cóc Lào (nước Lào),"['không thẳng hàng', 'đẹp mê hồn', 'duy nhất', 'con cóc', 'Lào (nước Lào)']","['003160', '002681', '000980', '002330', '003227']"
biểu đồ hình quạt ổn định chạy (động vật) khóm dứa tấm lòng,"['biểu đồ hình quạt', 'ổn định', 'chạy (động vật)', 'khóm dứa', 'tấm lòng']","['001647', '000101', '000405', '003153', '002700']"
buộc dây Hạ Long hơi nước kết bạn hài hước,"['buộc dây', 'Hạ Long', 'hơi nước', 'kết bạn', 'hài hước']","['001822', '002942', '003066', '003103', '002943']"
trước tóc dài Thủy Điện Hòa Bình phố cổ Hội an tổng (số),"['trước', 'tóc dài', 'Thủy Điện Hòa Bình', 'phố cổ Hội an', 'tổng (số)']","['001594', '000908', '001188', '000268', '001392']"
cuốn đồng ruộng bay liệng (bay lượn) nhược điểm ca,"['cuốn', 'đồng ruộng', 'bay liệng (bay lượn)', 'nhược điểm', 'ca']","['002494', '002764', '001495', '000019', '001892']"
hiếu thảo miền Bắc Việt Nam về 4 (từ nơi khác về) quả chuối cưa (cái cưa),"['hiếu thảo', 'miền Bắc Việt Nam', 'về 4 (từ nơi khác về)', 'quả chuối', 'cưa (cái cưa)']","['002994', '003406', '000364', '000319', '002499']"
ngoan ngoãn giúp đỡ cắm trại giáo dục dấu hỏi,"['ngoan ngoãn', 'giúp đỡ', 'cắm trại', 'giáo dục', 'dấu hỏi']","['003553', '002916', '000209', '002883', '001114']"
núi lửa hoàn thành võng (cái võng) vô tâm dây buộc tóc,"['núi lửa', 'hoàn thành', 'võng (cái võng)', 'vô tâm', 'dây buộc tóc']","['000077', '003019', '001860', '001868', '002559']"
đồ chơi Bà Rịa - Vũng Tàu sữa bể bơi Cô-lôm-bi-a (nước Cô-lôm-bi-a),"['đồ chơi', 'Bà Rịa - Vũng Tàu', 'sữa', 'bể bơi', 'Cô-lôm-bi-a (nước Cô-lôm-bi-a)']","['002733', '001303', '000799', '001589', '002420']"
đi học ngã 4 nhập trường chất lượng,"['đi học', 'ngã', '4', 'nhập trường', 'chất lượng']","['002694', '003504', '001130', '003638', '002151']"
dấu gạch ngang trông nhà ngắn sách giáo khoa ủy quyền,"['dấu gạch ngang', 'trông nhà', 'ngắn', 'sách giáo khoa', 'ủy quyền']","['002554', '000404', '003516', '000613', '001726']"
phân số phổi ma chữa bài học trò,"['phân số', 'phổi', 'ma', 'chữa bài', 'học trò']","['000163', '000270', '003331', '002293', '003037']"
vòng nguyệt quế hạt lạc con tem mặt dài kính lão,"['vòng nguyệt quế', 'hạt lạc', 'con tem', 'mặt dài', 'kính lão']","['000493', '002963', '002388', '003382', '003202']"
rong biển thân thiện xuất khẩu màu xanh lá cây loạn thị,"['rong biển', 'thân thiện', 'xuất khẩu', 'màu xanh lá cây', 'loạn thị']","['000563', '001005', '002058', '003360', '003283']"
hợp tác ngâm hạt vấn đề phân số nguy hiểm,"['hợp tác', 'ngâm hạt', 'vấn đề', 'phân số', 'nguy hiểm']","['003070', '003520', '001788', '000163', '003575']"
chiếu cá kiếm chăn (cái chăn) linh hồn nhường nhịn,"['chiếu', 'cá kiếm', 'chăn (cái chăn)', 'linh hồn', 'nhường nhịn']","['002196', '000167', '002123', '003273', '000020']"
hôi năng lực bát xem đã chìa khóa,"['hôi', 'năng lực', 'bát', 'xem đã', 'chìa khóa']","['000401', '003489', '001487', '000439', '002186']"
bóng bay chục nghìn đeo kính chăm sóc sức khỏe phòng thư viện,"['bóng bay', 'chục nghìn', 'đeo kính', 'chăm sóc sức khỏe', 'phòng thư viện']","['001707', '002262', '002675', '002117', '000255']"
Tết Dương triều đình số La Mã (Toán học) Trung Thu phục hồi,"['Tết Dương', 'triều đình', 'số La Mã (Toán học)', 'Trung Thu', 'phục hồi']","['000901', '001480', '000507', '001560', '000288']"
cổ dài hạn thông thường sống sót thầy giáo,"['cổ', 'dài hạn', 'thông thường', 'sống sót', 'thầy giáo']","['002407', '002516', '001105', '000342', '001024']"
nhập ngũ không có chi phụ thuộc chúng tôi (2 người) (đại từ) tôi yêu bạn,"['nhập ngũ', 'không có chi', 'phụ thuộc', 'chúng tôi (2 người) (đại từ)', 'tôi yêu bạn']","['002740', '000251', '000768', '000273', '002098']"
xôi gà hướng dẫn thiên đình dòng họ quả bầu hồ lô,"['xôi gà', 'hướng dẫn', 'thiên đình', 'dòng họ', 'quả bầu hồ lô']","['000204', '003084', '001066', '002593', '000312']"
giai đoạn quả hồng xiêm chặt cửa sổ quả dừa,"['giai đoạn', 'quả hồng xiêm', 'chặt', 'cửa sổ', 'quả dừa']","['002856', '000347', '002136', '002503', '000332']"
bên cạnh con sò cúc áo dài túm tóc,"['bên cạnh', 'con sò', 'cúc áo', 'dài', 'túm tóc']","['001597', '002381', '002475', '002515', '001630']"
Mã Lai (nước Ma-lai-xi-a) lao phổi công chúa hoặc công viên,"['Mã Lai (nước Ma-lai-xi-a)', 'lao phổi', 'công chúa', 'hoặc', 'công viên']","['000500', '003224', '002430', '000422', '002439']"
núi lửa đường chéo giải thích đăng nhập rộng lớn,"['núi lửa', 'đường chéo', 'giải thích', 'đăng nhập', 'rộng lớn']","['000077', '002789', '002857', '002639', '000573']"
bật lửa chất độc liếc nhìn đau mắt đỏ đánh giá,"['bật lửa', 'chất độc', 'liếc nhìn', 'đau mắt đỏ', 'đánh giá']","['001559', '002147', '000608', '000949', '002627']"
lon bia buổi chiều cửa kính bốc thăm rơm rớm,"['lon bia', 'buổi chiều', 'cửa kính', 'bốc thăm', 'rơm rớm']","['003284', '001826', '002502', '001743', '002766']"
vô ý thức xem xét 11 hình trụ tái phát,"['vô ý thức', 'xem xét', '11', 'hình trụ', 'tái phát']","['001875', '002014', '001152', '003006', '000829']"
khó khăn thuỷ điện ga tàu Quảng Ninh danh lam thắng cảnh,"['khó khăn', 'thuỷ điện', 'ga tàu', 'Quảng Ninh', 'danh lam thắng cảnh']","['003135', '001176', '002813', '000407', '002522']"
dây thừng bến phà số liền sau con người điêu khắc,"['dây thừng', 'bến phà', 'số liền sau', 'con người', 'điêu khắc']","['002565', '001609', '000733', '002367', '002706']"
điều tra quả nhãn bé loắt choắt xăng-ti-mét (cm) xoá bỏ,"['điều tra', 'quả nhãn', 'bé loắt choắt', 'xăng-ti-mét (cm)', 'xoá bỏ']","['002715', '000363', '001577', '001972', '002036']"
năng khiếu con trăn bán kính (hình tròn) đàn ghi ta ý nghĩa,"['năng khiếu', 'con trăn', 'bán kính (hình tròn)', 'đàn ghi ta', 'ý nghĩa']","['003488', '002394', '001369', '002619', '002084']"
đặc biệt toa xe vẫy tay buôn làng khen,"['đặc biệt', 'toa xe', 'vẫy tay', 'buôn làng', 'khen']","['002632', '001358', '001805', '001851', '003131']"
trả lời sợi chỉ thoát hiểm kính lúp cộng (Toán học),"['trả lời', 'sợi chỉ', 'thoát hiểm', 'kính lúp', 'cộng (Toán học)']","['001424', '000751', '001085', '003203', '002447']"
quyến luyến khâm phục hình lập phương mỳ vằn thắn phòng đa năng,"['quyến luyến', 'khâm phục', 'hình lập phương', 'mỳ vằn thắn', 'phòng đa năng']","['000373', '003125', '003003', '000183', '000245']"
kí duyệt trọc đầu định vị thực tế 100,"['kí duyệt', 'trọc đầu', 'định vị', 'thực tế', '100']","['003178', '001486', '002717', '001224', '001167']"
kiến trúc giả mạo đất nước bị chia cắt (Việt Nam) châm chọc biểu đồ cột,"['kiến trúc', 'giả mạo', 'đất nước bị chia cắt (Việt Nam)', 'châm chọc', 'biểu đồ cột']","['003195', '002853', '000665', '002139', '001645']"
giẻ lau bồ kết đại dương xa xôi một tiết học,"['giẻ lau', 'bồ kết', 'đại dương', 'xa xôi', 'một tiết học']","['002904', '001715', '002610', '001930', '000864']"
tên riêng xếp hàng dọc hoán vị chai nước chị chồng,"['tên riêng', 'xếp hàng dọc', 'hoán vị', 'chai nước', 'chị chồng']","['000895', '002024', '003020', '002071', '002174']"
ý chí cười nhếch mép chất dẻo hoang mang con đẻ,"['ý chí', 'cười nhếch mép', 'chất dẻo', 'hoang mang', 'con đẻ']","['002078', '000056', '002145', '003115', '002341']"
thánh địa Mỹ Sơn nước ép trái cây liều lĩnh trí thức I-rắc (nước I-rắc),"['thánh địa Mỹ Sơn', 'nước ép trái cây', 'liều lĩnh', 'trí thức', 'I-rắc (nước I-rắc)']","['000976', '000836', '003271', '001476', '003086']"
trúng thưởng cối xay lúa con lợn (con heo) địa hình in (ấn),"['trúng thưởng', 'cối xay lúa', 'con lợn (con heo)', 'địa hình', 'in (ấn)']","['001568', '002426', '002356', '001003', '003088']"
chất lỏng bánh đúc tóc dựng đứng thành lập tuần trước,"['chất lỏng', 'bánh đúc', 'tóc dựng đứng', 'thành lập', 'tuần trước']","['002150', '001433', '002050', '000969', '000886']"
liệt (liệt tay chân) bờ rào danh từ riêng hữu nghị huyện,"['liệt (liệt tay chân)', 'bờ rào', 'danh từ riêng', 'hữu nghị', 'huyện']","['003270', '001777', '002527', '000494', '003080']"
thị giác quả thanh long hấp người gửi hài lòng,"['thị giác', 'quả thanh long', 'hấp', 'người gửi', 'hài lòng']","['001051', '000388', '000808', '003584', '000444']"
đồng hồ chức vụ tích (số) nhổ lông mày riêng biệt,"['đồng hồ', 'chức vụ', 'tích (số)', 'nhổ lông mày', 'riêng biệt']","['002746', '002301', '001247', '000616', '000547']"
đan thân thiết Liên Bang Nga (nước Nga) cổ đại góc nhọn,"['đan', 'thân thiết', 'Liên Bang Nga (nước Nga)', 'cổ đại', 'góc nhọn']","['002615', '001002', '003259', '002410', '002921']"
chia tay giầy ba ta di truyền lây bệnh cụ,"['chia tay', 'giầy ba ta', 'di truyền', 'lây bệnh', 'cụ']","['002185', '002891', '002575', '003238', '002485']"
rửa tay dễ thương phát biểu đàng trong khố,"['rửa tay', 'dễ thương', 'phát biểu', 'đàng trong', 'khố']","['000594', '002571', '000159', '002623', '003162']"
đảo Trường Sa hung thủ từ ngữ giả sử Yên Bái,"['đảo Trường Sa', 'hung thủ', 'từ ngữ', 'giả sử', 'Yên Bái']","['000837', '003073', '001650', '002854', '002092']"
giật mình tuỷ sống gan trắng tay cống,"['giật mình', 'tuỷ sống', 'gan', 'trắng tay', 'cống']","['002890', '001638', '002820', '001454', '002445']"
đèn pin chuyên biệt quyết tâm linh hồn trục hoành,"['đèn pin', 'chuyên biệt', 'quyết tâm', 'linh hồn', 'trục hoành']","['002668', '002276', '000497', '003273', '001532']"
khiêng gửi quà thiệp sinh nhật chất độc màu da cam hiểu,"['khiêng', 'gửi quà', 'thiệp sinh nhật', 'chất độc màu da cam', 'hiểu']","['003134', '002935', '000240', '002148', '002993']"
bập bênh con trăn lẫn lộn cỏ may cất giấu,"['bập bênh', 'con trăn', 'lẫn lộn', 'cỏ may', 'cất giấu']","['001551', '002394', '003236', '002307', '001973']"
tặc lưỡi bảng cộng Ê Đê Lạng Sơn đi dạo,"['tặc lưỡi', 'bảng cộng', 'Ê Đê', 'Lạng Sơn', 'đi dạo']","['000865', '001397', '002808', '003221', '000354']"
dân tộc Mường lông gà mơ ngủ bất khuất lồng chim,"['dân tộc Mường', 'lông gà', 'mơ ngủ', 'bất khuất', 'lồng chim']","['000680', '003291', '003447', '000534', '003293']"
đoán không có chi phép tính phong tục ngữ pháp,"['đoán', 'không có chi', 'phép tính', 'phong tục', 'ngữ pháp']","['002722', '000251', '000194', '000235', '001157']"
trong suốt cảnh giác nhận xét bồi thường dấu ngã,"['trong suốt', 'cảnh giác', 'nhận xét', 'bồi thường', 'dấu ngã']","['001502', '000570', '003634', '001747', '001120']"
An Giang bớt đi môn Đạo đức diều đồ uống,"['An Giang', 'bớt đi', 'môn Đạo đức', 'diều', 'đồ uống']","['001203', '001795', '003428', '002586', '000943']"
tổng thống trường THPT ( cấp 3) thuỷ điện sữa bò trà nóng,"['tổng thống', 'trường THPT ( cấp 3)', 'thuỷ điện', 'sữa bò', 'trà nóng']","['001398', '001612', '001180', '000772', '000854']"
phấn trang điểm Chi-lê (nước Chi-lê) cô đơn xôi gấc con số,"['phấn trang điểm', 'Chi-lê (nước Chi-lê)', 'cô đơn', 'xôi gấc', 'con số']","['000186', '002176', '002403', '000202', '002385']"
hung thủ bổ ích bột ngọt các bạn (2 người) nhận hàng,"['hung thủ', 'bổ ích', 'bột ngọt', 'các bạn (2 người)', 'nhận hàng']","['003073', '001717', '001773', '000283', '003631']"
bố mẹ tải về hợp đồng phục hồi chặt,"['bố mẹ', 'tải về', 'hợp đồng', 'phục hồi', 'chặt']","['001731', '000591', '003067', '000288', '002136']"
dòng chữ em họ chuyền bóng đèn ông sao từ trái nghĩa,"['dòng chữ', 'em họ', 'chuyền bóng', 'đèn ông sao', 'từ trái nghĩa']","['002592', '000331', '002281', '000477', '001654']"
nơ Đồng Tháp Mười nổ súng bài báo bổ ngữ,"['nơ', 'Đồng Tháp Mười', 'nổ súng', 'bài báo', 'bổ ngữ']","['000073', '002748', '000047', '001309', '001719']"
phòng bệnh trao tặng rèn luyện phố cổ đài sen,"['phòng bệnh', 'trao tặng', 'rèn luyện', 'phố cổ', 'đài sen']","['000239', '001446', '000541', '000266', '002606']"
thiếu thốn phản xạ năn nỉ bố mẹ dán,"['thiếu thốn', 'phản xạ', 'năn nỉ', 'bố mẹ', 'dán']","['000459', '000152', '000584', '001731', '002528']"
nháy mắt khoác vai cao (vật) phẫu thuật chân vào mùa,"['nháy mắt', 'khoác vai', 'cao (vật)', 'phẫu thuật chân', 'vào mùa']","['003619', '003139', '001933', '000786', '001761']"
dựng phim Hung-ga-ri (nước Hung-ga-ri) nấu nướng dân chài tim,"['dựng phim', 'Hung-ga-ri (nước Hung-ga-ri)', 'nấu nướng', 'dân chài', 'tim']","['002603', '003074', '000229', '002535', '001297']"
khẩu hiệu bắt nạt kêu chục phim hoạt hình,"['khẩu hiệu', 'bắt nạt', 'kêu', 'chục', 'phim hoạt hình']","['003127', '001545', '003108', '002261', '000218']"
cổ chân Ba chân bốn cẳng quỳ màu cam dây thần kinh,"['cổ chân', 'Ba chân bốn cẳng', 'quỳ', 'màu cam', 'dây thần kinh']","['002409', '001299', '000485', '003345', '002564']"
đầu tàu dốt môi cạnh đáy con nuôi,"['đầu tàu', 'dốt', 'môi', 'cạnh đáy', 'con nuôi']","['002649', '002596', '003423', '001927', '002373']"
giấy màu con trăn quốc tế cổng trường diện tích xung quanh,"['giấy màu', 'con trăn', 'quốc tế', 'cổng trường', 'diện tích xung quanh']","['002897', '002394', '000462', '002416', '002583']"
tia chớp mọc tóc mơ ngủ vội vã khắc phục,"['tia chớp', 'mọc tóc', 'mơ ngủ', 'vội vã', 'khắc phục']","['001242', '000628', '003447', '001883', '003121']"
ai bảo lớn hơn 2 (Toán học) giá trị phần trăm bảng chỉ dẫn thần kì,"['ai bảo', 'lớn hơn 2 (Toán học)', 'giá trị phần trăm', 'bảng chỉ dẫn', 'thần kì']","['002133', '000656', '002865', '001395', '001310']"
hài lòng kinh nghiệm thóc (gạo) nghỉ học áo,"['hài lòng', 'kinh nghiệm', 'thóc (gạo)', 'nghỉ học', 'áo']","['000444', '003200', '001086', '003537', '001250']"
loa tên riêng dọc hộp dòng chữ,"['loa', 'tên riêng', 'dọc', 'hộp', 'dòng chữ']","['003282', '000895', '002591', '003063', '002592']"
con cua lau chùi giúp đỡ hài hước giàu có,"['con cua', 'lau chùi', 'giúp đỡ', 'hài hước', 'giàu có']","['002335', '003229', '002915', '002943', '002885']"
định vị Kiên Giang rừng rậm kết luận chuẩn bị,"['định vị', 'Kiên Giang', 'rừng rậm', 'kết luận', 'chuẩn bị']","['002717', '003192', '000599', '001012', '002254']"
Dinh Độc Lập gạo bóc lột nhảy lò cò tiệc,"['Dinh Độc Lập', 'gạo', 'bóc lột', 'nhảy lò cò', 'tiệc']","['002587', '002827', '001693', '000646', '001257']"
chất dẻo nhân vật phổ biến mét khối (m3) nước ép trái cây,"['chất dẻo', 'nhân vật', 'phổ biến', 'mét khối (m3)', 'nước ép trái cây']","['002145', '003630', '000262', '003398', '000836']"
nhụy hoa năng khiếu sân nhà chúc mừng chị chồng,"['nhụy hoa', 'năng khiếu', 'sân nhà', 'chúc mừng', 'chị chồng']","['000015', '003488', '000662', '002257', '002174']"
ngược lại nắn nót Tết Âm quả mướp cuối tháng,"['ngược lại', 'nắn nót', 'Tết Âm', 'quả mướp', 'cuối tháng']","['003582', '003487', '000899', '000359', '000894']"
khoảng cách bạn ấy yêu bạn mua vé rửa chân chuyển hướng,"['khoảng cách', 'bạn ấy yêu bạn', 'mua vé', 'rửa chân', 'chuyển hướng']","['003141', '000297', '003461', '000590', '002289']"
vắng lặng con sói súc miệng phòng mĩ thuật chăn nuôi,"['vắng lặng', 'con sói', 'súc miệng', 'phòng mĩ thuật', 'chăn nuôi']","['001782', '002383', '000759', '000252', '002127']"
nghĩa trang cuốn tập hợp (Toán học) kỹ năng bò sát,"['nghĩa trang', 'cuốn', 'tập hợp (Toán học)', 'kỹ năng', 'bò sát']","['003545', '002494', '000879', '000213', '001677']"
dài chùa Hương luyện tập sữa hộp yên lòng,"['dài', 'chùa Hương', 'luyện tập', 'sữa hộp', 'yên lòng']","['002515', '002250', '003313', '000791', '002096']"
mắng khoanh tay quay phim công chúa tự tin,"['mắng', 'khoanh tay', 'quay phim', 'công chúa', 'tự tin']","['003375', '003148', '000416', '002430', '001672']"
nói leo lò xo héo tuổi thơ chia rẽ,"['nói leo', 'lò xo', 'héo', 'tuổi thơ', 'chia rẽ']","['000036', '003279', '002978', '001634', '000728']"
khóa quần nhập ngũ rút gọn phân số từ đồng âm bắn bi,"['khóa quần', 'nhập ngũ', 'rút gọn phân số', 'từ đồng âm', 'bắn bi']","['003138', '002738', '000587', '001648', '001515']"
"thực hành thợ thêu trang phục bổ ngữ sinh tố (bơ, dâu,","['thực hành', 'thợ thêu', 'trang phục', 'bổ ngữ', 'sinh tố (bơ, dâu,']","['001216', '001123', '001438', '001719', '000840']"
ngân hàng gang tay giao tiếp Thái Nguyên góc vườn,"['ngân hàng', 'gang tay', 'giao tiếp', 'Thái Nguyên', 'góc vườn']","['003521', '002823', '002882', '000929', '002924']"
gốm sứ yên bình cỗ đua thuyền cứu sống,"['gốm sứ', 'yên bình', 'cỗ', 'đua thuyền', 'cứu sống']","['002932', '002094', '002418', '002779', '000696']"
bắn bi bò sát lúng túng chị bánh mì,"['bắn bi', 'bò sát', 'lúng túng', 'chị', 'bánh mì']","['001515', '001677', '003311', '002173', '001445']"
trầm trồ thiếp mời trường PTCS (cấp 2) siêu thị hiếu thảo,"['trầm trồ', 'thiếp mời', 'trường PTCS (cấp 2)', 'siêu thị', 'hiếu thảo']","['001456', '001075', '001608', '000685', '002994']"
kết quả thủng tiêu diệt cướp biển nấu nướng,"['kết quả', 'thủng', 'tiêu diệt', 'cướp biển', 'nấu nướng']","['003106', '001172', '001289', '002509', '000229']"
da trắng dịch vụ đưa đón ma quỷ phổi,"['da trắng', 'dịch vụ', 'đưa đón', 'ma quỷ', 'phổi']","['000752', '002577', '002786', '003333', '000270']"
đèn pin phấn trang điểm anh ruột ăn uống đua đòi,"['đèn pin', 'phấn trang điểm', 'anh ruột', 'ăn uống', 'đua đòi']","['002667', '000186', '001235', '001272', '000973']"
rổ cổng thế hệ 40 buông màn,"['rổ', 'cổng', 'thế hệ', '40', 'buông màn']","['000571', '002444', '001039', '001161', '001855']"
"kiêu (kiêu căng, kiêu xa) khát vọng gấp ba ốm đau trứng","['kiêu (kiêu căng, kiêu xa)', 'khát vọng', 'gấp ba', 'ốm đau', 'trứng']","['003197', '003120', '000556', '000095', '001584']"
dám làm bên trái lễ phép trong khoảng anh em,"['dám làm', 'bên trái', 'lễ phép', 'trong khoảng', 'anh em']","['000466', '001603', '003250', '000641', '001223']"
dây xích sấm sét chép bài danh nhân ngâm hạt,"['dây xích', 'sấm sét', 'chép bài', 'danh nhân', 'ngâm hạt']","['002566', '000655', '002163', '002524', '003520']"
nhà nước giá trị con voi phong cách gãy chân,"['nhà nước', 'giá trị', 'con voi', 'phong cách', 'gãy chân']","['002601', '002862', '002396', '000230', '002829']"
sắp xếp tòa soạn người yêu 1 000 000 (một triệu) 1 000 000 000 (một tỉ),"['sắp xếp', 'tòa soạn', 'người yêu', '1 000 000 (một triệu)', '1 000 000 000 (một tỉ)']","['000645', '001366', '003598', '001185', '001187']"
hợp đồng nước ép trái cây chuyên gia đàn xê lô đại vĩ cầm bón phân,"['hợp đồng', 'nước ép trái cây', 'chuyên gia', 'đàn xê lô đại vĩ cầm', 'bón phân']","['003068', '000838', '002278', '002616', '001701']"
vai huyện trung điểm bắt đền súc miệng,"['vai', 'huyện', 'trung điểm', 'bắt đền', 'súc miệng']","['001744', '003081', '001548', '001539', '000759']"
mời gói (đgt) sơ đồ câu văn chó cắn,"['mời', 'gói (đgt)', 'sơ đồ', 'câu văn', 'chó cắn']","['003455', '002925', '000745', '001993', '000516']"
nhảy dù Cà Mau hồ Hoàn Kiếm cối xay lúa riêng tư,"['nhảy dù', 'Cà Mau', 'hồ Hoàn Kiếm', 'cối xay lúa', 'riêng tư']","['003617', '001896', '003051', '002426', '000548']"
nhiều vô cùng hòn đá đền tuyên ngôn môn Toán,"['nhiều vô cùng', 'hòn đá', 'đền', 'tuyên ngôn', 'môn Toán']","['001862', '003030', '002690', '001642', '003442']"
con sò anh rể đèn pin đội trưởng tương lai,"['con sò', 'anh rể', 'đèn pin', 'đội trưởng', 'tương lai']","['002381', '001231', '002668', '002741', '000637']"
óc điều trị lời giải vỗ cánh liên tục,"['óc', 'điều trị', 'lời giải', 'vỗ cánh', 'liên tục']","['000089', '002716', '003296', '001879', '003267']"
mèo cào trộm cắp huỷ diệt nhọn hoắt sợi dây,"['mèo cào', 'trộm cắp', 'huỷ diệt', 'nhọn hoắt', 'sợi dây']","['000518', '001508', '003079', '000011', '000753']"
bổ ích luân phiên Thanh Hóa bênh vực quy nạp,"['bổ ích', 'luân phiên', 'Thanh Hóa', 'bênh vực', 'quy nạp']","['001717', '002230', '000955', '001617', '000473']"
bím tóc đuôi sam bảng trừ lẩu con cừu quốc hội,"['bím tóc đuôi sam', 'bảng trừ', 'lẩu', 'con cừu', 'quốc hội']","['001653', '001419', '000804', '002337', '000456']"
nghiến răng xăm thực hành bạn ấy yêu bạn rế,"['nghiến răng', 'xăm', 'thực hành', 'bạn ấy yêu bạn', 'rế']","['003550', '001968', '001216', '000297', '000545']"
lễ hội từ phải sang trái chim yến thú y đề nghị,"['lễ hội', 'từ phải sang trái', 'chim yến', 'thú y', 'đề nghị']","['003245', '001652', '002208', '001151', '002684']"
cá kho quan hệ Hà Giang phản bội hàng trăm nghìn,"['cá kho', 'quan hệ', 'Hà Giang', 'phản bội', 'hàng trăm nghìn']","['001900', '000397', '002940', '000145', '002953']"
chùm hoa thích nghi da ngăm (nước da ngăm đen) ăn ít thờ cúng,"['chùm hoa', 'thích nghi', 'da ngăm (nước da ngăm đen)', 'ăn ít', 'thờ cúng']","['002267', '002245', '000754', '000941', '001111']"
phiền hà mỳ tôm con người giấy nháp cây cổ thụ,"['phiền hà', 'mỳ tôm', 'con người', 'giấy nháp', 'cây cổ thụ']","['000474', '000181', '002366', '002902', '002021']"
thóc (gạo) tiện nghi huỷ diệt giải thích Kiên Giang,"['thóc (gạo)', 'tiện nghi', 'huỷ diệt', 'giải thích', 'Kiên Giang']","['001086', '001265', '003079', '002857', '003192']"
nhộn nhịp (đông người) chỉ dẫn biểu đồ hình quạt chè đỗ đỏ biện pháp,"['nhộn nhịp (đông người)', 'chỉ dẫn', 'biểu đồ hình quạt', 'chè đỗ đỏ', 'biện pháp']","['000660', '002169', '001647', '002157', '001641']"
bữa cơm nhận bảo thủ khoá (cái khóa) quần âu,"['bữa cơm', 'nhận', 'bảo thủ', 'khoá (cái khóa)', 'quần âu']","['001873', '003632', '001465', '003142', '000429']"
mở màn nước ép trái cây gói Bình Phước vấn đề,"['mở màn', 'nước ép trái cây', 'gói', 'Bình Phước', 'vấn đề']","['003452', '000838', '002926', '001663', '001786']"
ngâm hạt gà tây ôn luyện cỏ trục tung,"['ngâm hạt', 'gà tây', 'ôn luyện', 'cỏ', 'trục tung']","['003520', '002816', '000097', '001806', '001534']"
xứ Nghệ Bắc Ninh chiếu phim lau nhà mở cửa,"['xứ Nghệ', 'Bắc Ninh', 'chiếu phim', 'lau nhà', 'mở cửa']","['002064', '001509', '002199', '003231', '003450']"
ngộ độc khoa học rắc rối khả năng tấm vải,"['ngộ độc', 'khoa học', 'rắc rối', 'khả năng', 'tấm vải']","['003566', '003137', '000588', '000211', '000871']"
hút nước cuộn giấy vệ sinh thả mồi Bắc Ninh â,"['hút nước', 'cuộn giấy vệ sinh', 'thả mồi', 'Bắc Ninh', 'â']","['003076', '002495', '000919', '001509', '001029']"
nhìn chả cá hồ nước leo trèo thực hành,"['nhìn', 'chả cá', 'hồ nước', 'leo trèo', 'thực hành']","['000000', '002067', '003052', '003241', '001216']"
tình cờ hòn đá đuốc cây cọ tinh trùng,"['tình cờ', 'hòn đá', 'đuốc', 'cây cọ', 'tinh trùng']","['001314', '003030', '002783', '000994', '001184']"
quả gấc kháng sinh tụ tập đàn xê lô đại vĩ cầm vui chơi,"['quả gấc', 'kháng sinh', 'tụ tập', 'đàn xê lô đại vĩ cầm', 'vui chơi']","['000343', '003117', '001622', '002616', '001893']"
múa rối trưởng thành con khỉ biện pháp bọt xà phòng,"['múa rối', 'trưởng thành', 'con khỉ', 'biện pháp', 'bọt xà phòng']","['003470', '001198', '002351', '001641', '001713']"
rưỡi nhưng đường tròn gợi ý nồi,"['rưỡi', 'nhưng', 'đường tròn', 'gợi ý', 'nồi']","['000605', '000536', '002797', '002933', '000049']"
mùa đông hai phân số bằng nhau xì hơi (đánh rắm) hình hộp chữ nhật mặt,"['mùa đông', 'hai phân số bằng nhau', 'xì hơi (đánh rắm)', 'hình hộp chữ nhật', 'mặt']","['003462', '000166', '001494', '003002', '003378']"
lớn hơn 2 (Toán học) hàng dọc cầu giao mồ hôi quả khế,"['lớn hơn 2 (Toán học)', 'hàng dọc', 'cầu giao', 'mồ hôi', 'quả khế']","['000656', '002948', '001999', '003421', '000351']"
tay trái chợ nổi Cái Bè hót rác yêu mến (yêu quí) bánh sandwich,"['tay trái', 'chợ nổi Cái Bè', 'hót rác', 'yêu mến (yêu quí)', 'bánh sandwich']","['000863', '002228', '003031', '002108', '000832']"
trái nghĩa bắt giữ nhọn hoắt ông nội sơ mi,"['trái nghĩa', 'bắt giữ', 'nhọn hoắt', 'ông nội', 'sơ mi']","['001428', '001543', '000011', '000114', '000747']"
náo nức bún ốc mét vuông (m2) kẻ thù đèn báo giao thông,"['náo nức', 'bún ốc', 'mét vuông (m2)', 'kẻ thù', 'đèn báo giao thông']","['003481', '000197', '003399', '003095', '002662']"
câu đố buông màn thông minh đối diện về 5 (về nhà),"['câu đố', 'buông màn', 'thông minh', 'đối diện', 'về 5 (về nhà)']","['001979', '001859', '001099', '002736', '000366']"
khoá (cái khóa) báo cáo con trai (động vật) anh hùng tàu thuyền,"['khoá (cái khóa)', 'báo cáo', 'con trai (động vật)', 'anh hùng', 'tàu thuyền']","['003142', '001481', '002393', '001227', '000853']"
Kiên Giang kì lạ ổn định sức khỏe dốc,"['Kiên Giang', 'kì lạ', 'ổn định', 'sức khỏe', 'dốc']","['003192', '003177', '000101', '000801', '002595']"
Võ Thị Sáu củ sả rau diếp cá đàn xê lô đại vĩ cầm gậy của người già,"['Võ Thị Sáu', 'củ sả', 'rau diếp cá', 'đàn xê lô đại vĩ cầm', 'gậy của người già']","['000453', '002484', '000718', '002616', '002844']"
cụm từ hăm dọa g Lào (nước Lào) giữ nguyên,"['cụm từ', 'hăm dọa', 'g', 'Lào (nước Lào)', 'giữ nguyên']","['002491', '002588', '001046', '003225', '000174']"
chùm hoa xăng-ti-mét-khối (cm3) thân cây bình thường kiên quyết,"['chùm hoa', 'xăng-ti-mét-khối (cm3)', 'thân cây', 'bình thường', 'kiên quyết']","['002267', '001974', '000995', '001671', '003193']"
biểu đồ uốn dẻo bên dưới Hoàng tử sữa dê,"['biểu đồ', 'uốn dẻo', 'bên dưới', 'Hoàng tử', 'sữa dê']","['001643', '001714', '001599', '003023', '000782']"
7 hỏi thăm đồng phục cạnh bên (toán) dỗi,"['7', 'hỏi thăm', 'đồng phục', 'cạnh bên (toán)', 'dỗi']","['001140', '003041', '002763', '001925', '000602']"
đường hầm phép mầu con ong phong cách lau chùi,"['đường hầm', 'phép mầu', 'con ong', 'phong cách', 'lau chùi']","['002791', '000192', '002376', '000230', '003229']"
hôi bánh mì lau chùi chức năng bàn ghế,"['hôi', 'bánh mì', 'lau chùi', 'chức năng', 'bàn ghế']","['000401', '001445', '003229', '002296', '001339']"
biểu thị Tây Ninh yêu mến (yêu quí) rửa tay xui xẻo,"['biểu thị', 'Tây Ninh', 'yêu mến (yêu quí)', 'rửa tay', 'xui xẻo']","['001649', '000893', '002110', '000594', '000597']"
hối lộ vịnh Hạ Long cạnh liên lạc tôi yêu bạn,"['hối lộ', 'vịnh Hạ Long', 'cạnh', 'liên lạc', 'tôi yêu bạn']","['003059', '001841', '001923', '003265', '002098']"
tỏa hương thực tế Đông Nam Á bảng học sinh Thái Nguyên,"['tỏa hương', 'thực tế', 'Đông Nam Á', 'bảng học sinh', 'Thái Nguyên']","['001368', '001224', '002744', '001389', '000929']"
con chó quên dốc hối hận chân dung,"['con chó', 'quên', 'dốc', 'hối hận', 'chân dung']","['002323', '000451', '002595', '003056', '002142']"
tạo thành d thẳng tắp bỏ phiếu đường cao,"['tạo thành', 'd', 'thẳng tắp', 'bỏ phiếu', 'đường cao']","['002164', '001034', '000991', '001683', '002788']"
tĩnh lặng chúc mừng thủy chung tổng (số) tưởng tượng,"['tĩnh lặng', 'chúc mừng', 'thủy chung', 'tổng (số)', 'tưởng tượng']","['001326', '002257', '001186', '001392', '001694']"
gấp đôi thực vật tim vênh váo ngược lại,"['gấp đôi', 'thực vật', 'tim', 'vênh váo', 'ngược lại']","['000554', '001226', '001297', '001813', '003582']"
đăng ký môn Đạo đức màu xanh lá cây con ruồi lỗi lầm,"['đăng ký', 'môn Đạo đức', 'màu xanh lá cây', 'con ruồi', 'lỗi lầm']","['002638', '003428', '003358', '002378', '003288']"
thẳng tắp tiểu học hình vẽ đề nghị sáng tạo,"['thẳng tắp', 'tiểu học', 'hình vẽ', 'đề nghị', 'sáng tạo']","['000991', '001295', '003008', '002683', '000627']"
khen tặng dẫn chứng vội vã chăm sóc sức khỏe Yên Bái,"['khen tặng', 'dẫn chứng', 'vội vã', 'chăm sóc sức khỏe', 'Yên Bái']","['003132', '002545', '001883', '002117', '002092']"
uốn cong vô ý thức 4 rau vĩ đại,"['uốn cong', 'vô ý thức', '4', 'rau', 'vĩ đại']","['001712', '001875', '001130', '000510', '001821']"
phích nước phân số thập phân đối thoại móng chân hội thoại,"['phích nước', 'phân số thập phân', 'đối thoại', 'móng chân', 'hội thoại']","['000200', '000168', '002751', '003418', '000650']"
lĩnh vực Oa-sinh-tơn cao (núi) đồ ăn lợi ích,"['lĩnh vực', 'Oa-sinh-tơn', 'cao (núi)', 'đồ ăn', 'lợi ích']","['003277', '000087', '001937', '000945', '003298']"
số chẵn xe khách héo măng đo,"['số chẵn', 'xe khách', 'héo', 'măng', 'đo']","['000724', '002000', '002978', '003374', '002718']"
tình yêu sĩ diện lão già công tắc giao hoán,"['tình yêu', 'sĩ diện', 'lão già', 'công tắc', 'giao hoán']","['001324', '000679', '003228', '002435', '002877']"
tự trọng dân ca I-rắc (nước I-rắc) mặc quần áo bánh đúc,"['tự trọng', 'dân ca', 'I-rắc (nước I-rắc)', 'mặc quần áo', 'bánh đúc']","['000731', '002534', '003086', '003372', '001433']"
ăn vặt con công bỏ rơi cuộc đời cơm hộp,"['ăn vặt', 'con công', 'bỏ rơi', 'cuộc đời', 'cơm hộp']","['001274', '002334', '001687', '002492', '002463']"
đoạn thẳng Kiên Giang sương gió kết luận bùn,"['đoạn thẳng', 'Kiên Giang', 'sương gió', 'kết luận', 'bùn']","['002723', '003192', '000809', '001012', '001818']"
việc làm con dâu tôi yêu bạn ấy cây ăn quả ngộ độc,"['việc làm', 'con dâu', 'tôi yêu bạn ấy', 'cây ăn quả', 'ngộ độc']","['001827', '002338', '000292', '002011', '003566']"
Trần Quốc Toản con gián bến tàu cây tre Bru-nây (nước Bru-nây),"['Trần Quốc Toản', 'con gián', 'bến tàu', 'cây tre', 'Bru-nây (nước Bru-nây)']","['000464', '002348', '001611', '002049', '001797']"
nước tới chân mới nhảy bướng bỉnh hình thang đồng bào viện bảo tàng,"['nước tới chân mới nhảy', 'bướng bỉnh', 'hình thang', 'đồng bào', 'viện bảo tàng']","['002241', '001886', '003005', '002759', '001829']"
bên trên con sói chú tễu ông ngoại Vĩnh Phúc,"['bên trên', 'con sói', 'chú tễu', 'ông ngoại', 'Vĩnh Phúc']","['001605', '002383', '002244', '000110', '001837']"
gió Lào pháo hoa keo kiệt đoàn cải lương móc áo,"['gió Lào', 'pháo hoa', 'keo kiệt', 'đoàn cải lương', 'móc áo']","['002908', '000156', '003099', '002719', '003411']"
sân thượng giả bộ (giống giả vờ) chùa Hương quy định cột nhà,"['sân thượng', 'giả bộ (giống giả vờ)', 'chùa Hương', 'quy định', 'cột nhà']","['000664', '002852', '002250', '000469', '002453']"
thu nhỏ hót rác (cái hót rác) hòn đá suỵt cướp cờ,"['thu nhỏ', 'hót rác (cái hót rác)', 'hòn đá', 'suỵt', 'cướp cờ']","['001133', '003048', '003030', '000158', '002510']"
sinh đôi tập thể dục liều lĩnh vuông góc khăn quàng đỏ,"['sinh đôi', 'tập thể dục', 'liều lĩnh', 'vuông góc', 'khăn quàng đỏ']","['000902', '000883', '003271', '001920', '003124']"
xôi gấc va li em út bó hoa danh từ,"['xôi gấc', 'va li', 'em út', 'bó hoa', 'danh từ']","['000202', '001736', '002806', '001691', '002526']"
cửa sổ hồ nước hình bình hành đường thuỷ anh vợ,"['cửa sổ', 'hồ nước', 'hình bình hành', 'đường thuỷ', 'anh vợ']","['002503', '003052', '002996', '002796', '001241']"
khoác tay hạn hán cốc tờ giấy màu đỏ,"['khoác tay', 'hạn hán', 'cốc', 'tờ giấy', 'màu đỏ']","['003145', '002944', '002423', '001414', '003347']"
huyện khen tặng yếu tố ăn vừa phù hợp,"['huyện', 'khen tặng', 'yếu tố', 'ăn vừa', 'phù hợp']","['003080', '003132', '002118', '000939', '000280']"
đóng cửa quả bầu hồ lô chấm dứt bọt biển nấm,"['đóng cửa', 'quả bầu hồ lô', 'chấm dứt', 'bọt biển', 'nấm']","['002729', '000312', '002140', '001711', '003490']"
khăn quàng tiêu cực gốm sứ túm tóc năn nỉ,"['khăn quàng', 'tiêu cực', 'gốm sứ', 'túm tóc', 'năn nỉ']","['003123', '001287', '002932', '001630', '000584']"
chày tính nhẩm tấn công ăn xin suýt,"['chày', 'tính nhẩm', 'tấn công', 'ăn xin', 'suýt']","['002105', '001340', '000877', '001276', '000164']"
tồn tại va li vô duyên môn Địa lý đồ uống,"['tồn tại', 'va li', 'vô duyên', 'môn Địa lý', 'đồ uống']","['001468', '001736', '000146', '002128', '000943']"
bắt tay giảm thông qua buổi đêm ơ,"['bắt tay', 'giảm', 'thông qua', 'buổi đêm', 'ơ']","['001547', '002858', '001103', '001832', '001069']"
chuông nhà quả vải đền quả bầu rễ cọc,"['chuông nhà', 'quả vải', 'đền', 'quả bầu', 'rễ cọc']","['002274', '000390', '002690', '000306', '000543']"
diện tích toàn phần sự thật cao (núi) có ích củ khoai lang,"['diện tích toàn phần', 'sự thật', 'cao (núi)', 'có ích', 'củ khoai lang']","['002582', '000769', '001937', '002308', '002472']"
liền sau nổi da gà hiện đại xã đóng góp,"['liền sau', 'nổi da gà', 'hiện đại', 'xã', 'đóng góp']","['003268', '000041', '002989', '001960', '002731']"
hợp lí chơi bất hiếu mẫu số lớn cố định,"['hợp lí', 'chơi', 'bất hiếu', 'mẫu số lớn', 'cố định']","['003069', '002233', '001555', '003395', '002419']"
rừng núi bổ ngữ trộn (đt) đồng lúa quốc khánh,"['rừng núi', 'bổ ngữ', 'trộn (đt)', 'đồng lúa', 'quốc khánh']","['000596', '001719', '001526', '002760', '000458']"
bụi tre bối rối thổi sổ tay màu cam,"['bụi tre', 'bối rối', 'thổi', 'sổ tay', 'màu cam']","['003154', '000153', '001087', '000720', '003345']"
úp từ ngữ chim chuyền cành phiên dịch người lái xe (ô tô),"['úp', 'từ ngữ', 'chim chuyền cành', 'phiên dịch', 'người lái xe (ô tô)']","['001718', '001650', '002282', '000201', '003587']"
chong chóng quả bưởi bún mắm ôn luyện trả lời,"['chong chóng', 'quả bưởi', 'bún mắm', 'ôn luyện', 'trả lời']","['002224', '000308', '000191', '000097', '001424']"
rừng rậm bến phà chùa đàng hoàng sấm chớp,"['rừng rậm', 'bến phà', 'chùa', 'đàng hoàng', 'sấm chớp']","['000599', '001609', '002248', '000511', '000653']"
góc tù cắt nhau dân tộc Chăm chủ nghĩa xã hội tinh mắt,"['góc tù', 'cắt nhau', 'dân tộc Chăm', 'chủ nghĩa xã hội', 'tinh mắt']","['002922', '001966', '000678', '002238', '000260']"
ít nhất con sư tử con cóc vòng tròn chia đều,"['ít nhất', 'con sư tử', 'con cóc', 'vòng tròn', 'chia đều']","['003091', '002386', '002330', '001858', '002181']"
sâu địa cầu quy nạp dây thừng hi sinh,"['sâu', 'địa cầu', 'quy nạp', 'dây thừng', 'hi sinh']","['000675', '002697', '000473', '002565', '002983']"
tượng tổ tiên phong tục thác xe đạp,"['tượng', 'tổ tiên', 'phong tục', 'thác', 'xe đạp']","['001696', '001386', '000235', '000921', '001988']"
ưu tiên thuyền rồng đua thuyền Châu Đại Dương nội quy,"['ưu tiên', 'thuyền rồng', 'đua thuyền', 'Châu Đại Dương', 'nội quy']","['001732', '001195', '002779', '002156', '000062']"
hình trụ khuyên tai không ngon đèn ông sao giai đoạn,"['hình trụ', 'khuyên tai', 'không ngon', 'đèn ông sao', 'giai đoạn']","['003006', '003175', '000442', '000477', '002856']"
thăng bằng phức tạp nhảy dù lí do liền sau,"['thăng bằng', 'phức tạp', 'nhảy dù', 'lí do', 'liền sau']","['000987', '000294', '003617', '003256', '003268']"
sương gió nấu nướng tạo dáng khách sạn kinh ngạc,"['sương gió', 'nấu nướng', 'tạo dáng', 'khách sạn', 'kinh ngạc']","['000809', '000229', '000847', '003113', '003199']"
số La Mã (Toán học) ngăn chặn mui xe đề-xi-mét (dm) hót rác,"['số La Mã (Toán học)', 'ngăn chặn', 'mui xe', 'đề-xi-mét (dm)', 'hót rác']","['000507', '003515', '003473', '002686', '003031']"
phẫu thuật tay lĩnh hội tính nhẩm tay trái ô nhiễm,"['phẫu thuật tay', 'lĩnh hội', 'tính nhẩm', 'tay trái', 'ô nhiễm']","['000784', '003274', '001340', '000863', '000093']"
thầy giáo chợ nổi đề nghị hàng chục bàn tay,"['thầy giáo', 'chợ nổi', 'đề nghị', 'hàng chục', 'bàn tay']","['001026', '002227', '002683', '002945', '001345']"
cúi ngập ngừng cửa kính bạn ấy yêu tôi gan,"['cúi', 'ngập ngừng', 'cửa kính', 'bạn ấy yêu tôi', 'gan']","['002476', '000448', '002502', '000293', '002820']"
kim cương tỉ lệ mẫu số lớn cày chuyển đồ,"['kim cương', 'tỉ lệ', 'mẫu số lớn', 'cày', 'chuyển đồ']","['000704', '001238', '003395', '001957', '002283']"
Bắc Ninh vào quanh năm cảng Hải Phòng khuôn hình,"['Bắc Ninh', 'vào', 'quanh năm', 'cảng Hải Phòng', 'khuôn hình']","['001509', '001758', '000552', '000700', '003173']"
mũ lưỡi trai Kim Đồng bàn chân động cơ mũi tên,"['mũ lưỡi trai', 'Kim Đồng', 'bàn chân', 'động cơ', 'mũi tên']","['003459', '001004', '001337', '002768', '000498']"
củ hành tây quan điểm sổ tay cây nến sân chơi,"['củ hành tây', 'quan điểm', 'sổ tay', 'cây nến', 'sân chơi']","['002482', '000396', '000720', '000928', '000658']"
ẩm ướt sao chép đặc điểm vẫy tay vòng tròn,"['ẩm ướt', 'sao chép', 'đặc điểm', 'vẫy tay', 'vòng tròn']","['001284', '000633', '002636', '001805', '001858']"
về 3 (đi về) con công quan sát cỏ may nén,"['về 3 (đi về)', 'con công', 'quan sát', 'cỏ may', 'nén']","['000362', '002334', '000574', '002307', '003492']"
quả bầu người xấu ống nước tôn thờ tờ báo,"['quả bầu', 'người xấu', 'ống nước', 'tôn thờ', 'tờ báo']","['000306', '003591', '000122', '001384', '001408']"
đường hầm xé rách màu đen quan điểm dân số,"['đường hầm', 'xé rách', 'màu đen', 'quan điểm', 'dân số']","['002791', '002012', '003346', '000396', '002537']"
chất hữu cơ cuốn hàng dọc thuộc lòng thắng lợi,"['chất hữu cơ', 'cuốn', 'hàng dọc', 'thuộc lòng', 'thắng lợi']","['002149', '002494', '002948', '001174', '000993']"
khung cửa số đèn vàng rút gọn phân số môn Tiếng Việt cái gương,"['khung cửa số', 'đèn vàng', 'rút gọn phân số', 'môn Tiếng Việt', 'cái gương']","['003171', '002670', '000587', '003440', '001904']"
r xui xẻo xuyên Việt ghi chú mọc tóc,"['r', 'xui xẻo', 'xuyên Việt', 'ghi chú', 'mọc tóc']","['001078', '000597', '000465', '002848', '000628']"
nhảy cao chứng cớ anh ruột cao tầng chia cắt,"['nhảy cao', 'chứng cớ', 'anh ruột', 'cao tầng', 'chia cắt']","['003616', '002302', '001235', '001947', '002180']"
khăn quàng đỏ hồi hộp xâm lược nhận chấm điểm,"['khăn quàng đỏ', 'hồi hộp', 'xâm lược', 'nhận', 'chấm điểm']","['003124', '003054', '001978', '003632', '002141']"
muối i-ốt bó hoa bật đèn xe cảnh sát nhộn nhịp (đông người),"['muối i-ốt', 'bó hoa', 'bật đèn', 'xe cảnh sát', 'nhộn nhịp (đông người)']","['003085', '001691', '001557', '001994', '000660']"
giả sử danh nhân óc tàu ngầm dấu ngoặc đơn,"['giả sử', 'danh nhân', 'óc', 'tàu ngầm', 'dấu ngoặc đơn']","['002854', '002524', '000089', '000851', '002556']"
con cá sấu trói tay giải vô địch học bổng tóc ngắn,"['con cá sấu', 'trói tay', 'giải vô địch', 'học bổng', 'tóc ngắn']","['000127', '001488', '002871', '003032', '000913']"
cơm cười vỡ bụng kì lạ bộ truyện con sâu,"['cơm', 'cười vỡ bụng', 'kì lạ', 'bộ truyện', 'con sâu']","['002466', '000058', '003177', '001725', '002380']"
ngón chân cầu giao hạn hán nhà rông cửa khẩu,"['ngón chân', 'cầu giao', 'hạn hán', 'nhà rông', 'cửa khẩu']","['003559', '001999', '002944', '000688', '002501']"
lời nói san sẻ l đằng trước quỳ,"['lời nói', 'san sẻ', 'l', 'đằng trước', 'quỳ']","['003297', '000619', '001060', '002641', '000485']"
văn bản tài trợ chữ bỏ hoang anh dũng,"['văn bản', 'tài trợ', 'chữ', 'bỏ hoang', 'anh dũng']","['001764', '000826', '002299', '001681', '001219']"
muộn kiểm tra diện tích toàn phần bản sao (chỉ người) cứu,"['muộn', 'kiểm tra', 'diện tích toàn phần', 'bản sao (chỉ người)', 'cứu']","['003474', '003188', '002582', '001361', '002512']"
ruột non quốc ca hình phạt xem đã Lào (nước Lào),"['ruột non', 'quốc ca', 'hình phạt', 'xem đã', 'Lào (nước Lào)']","['000582', '000452', '003004', '000439', '003227']"
bảng cộng tham khảo phong cách sa mạc mưa phùn,"['bảng cộng', 'tham khảo', 'phong cách', 'sa mạc', 'mưa phùn']","['001397', '000936', '000230', '000433', '003475']"
bệnh thủy đậu đá bóng thông cảm lồng tiếng Bạc Liêu,"['bệnh thủy đậu', 'đá bóng', 'thông cảm', 'lồng tiếng', 'Bạc Liêu']","['001619', '002604', '001094', '003294', '001307']"
đường Nguyễn Huệ cha tuyên ngôn đầu tiên tờ tiền,"['đường Nguyễn Huệ', 'cha', 'tuyên ngôn', 'đầu tiên', 'tờ tiền']","['002793', '002059', '001642', '002650', '001416']"
