sentence,keys,id
['nhìn'],['nhìn'],['000000']
['địa chỉ'],['địa chỉ'],['000001']
['nhỏ hơn'],['nhỏ hơn'],['000002']
['địa chỉ'],['địa chỉ'],['000003']
['nhỏ tuổi'],['nhỏ tuổi'],['000004']
['địa chỉ'],['địa chỉ'],['000005']
['nhóm'],['nhóm'],['000006']
['tỉnh'],['tỉnh'],['000007']
['nhọn'],['nhọn'],['000008']
['tiếp tân'],['tiếp tân'],['000009']
['nhân viên'],['nhân viên'],['000010']
['nhọn hoắt'],['nhọn hoắt'],['000011']
['Miến Điện (nước Mi-an-ma)'],['Miến Điện (nước Mi-an-ma)'],['000012']
['nhổ củ cải'],['nhổ củ cải'],['000013']
['nhu cầu'],['nhu cầu'],['000014']
['nhụy hoa'],['nhụy hoa'],['000015']
['Ma Cao'],['Ma Cao'],['000016']
['như hình với bóng'],['như hình với bóng'],['000017']
['Do Thái'],['Do Thái'],['000018']
['nhược điểm'],['nhược điểm'],['000019']
['nhường nhịn'],['nhường nhịn'],['000020']
['Ả Rập (nước Ả Rập)'],['Ả Rập (nước Ả Rập)'],['000021']
['niềm vui'],['niềm vui'],['000022']
['phương Tây'],['phương Tây'],['000023']
['Ninh Bình'],['Ninh Bình'],['000024']
['phương Đông'],['phương Đông'],['000025']
['no'],['no'],['000026']
['Đu Bai (nước Đu Bai)'],['Đu Bai (nước Đu Bai)'],['000027']
['Albania (nước Albania)'],['Albania (nước Albania)'],['000028']
['nỏ'],['nỏ'],['000029']
['người nước ngoài'],['người nước ngoài'],['000030']
['nóc nhà'],['nóc nhà'],['000031']
['nhập khẩu'],['nhập khẩu'],['000032']
['nói chuyện'],['nói chuyện'],['000033']
['nói dối'],['nói dối'],['000034']
['Tuy Hoà'],['Tuy Hoà'],['000035']
['nói leo'],['nói leo'],['000036']
['Quy Nhơn'],['Quy Nhơn'],['000037']
['hấp dẫn'],['hấp dẫn'],['000038']
['nón'],['nón'],['000039']
['nô lệ'],['nô lệ'],['000040']
['nổi da gà'],['nổi da gà'],['000041']
['ghen tị'],['ghen tị'],['000042']
['nổ lốp xe'],['nổ lốp xe'],['000043']
['ghen tị'],['ghen tị'],['000044']
['nổ mìn'],['nổ mìn'],['000045']
['ghen tị'],['ghen tị'],['000046']
['nổ súng'],['nổ súng'],['000047']
['lung tung'],['lung tung'],['000048']
['nồi'],['nồi'],['000049']
['lung tung'],['lung tung'],['000050']
['nồi cơm điện'],['nồi cơm điện'],['000051']
['lung tung'],['lung tung'],['000052']
['nổi bật'],['nổi bật'],['000053']
['hói đầu'],['hói đầu'],['000054']
['nổi dậy'],['nổi dậy'],['000055']
['cười nhếch mép'],['cười nhếch mép'],['000056']
['nổi giận'],['nổi giận'],['000057']
['cười vỡ bụng'],['cười vỡ bụng'],['000058']
['nổi nóng'],['nổi nóng'],['000059']
['nội dung'],['nội dung'],['000060']
['tham ăn'],['tham ăn'],['000061']
['nội quy'],['nội quy'],['000062']
['tham ăn'],['tham ăn'],['000063']
['nội tiếp'],['nội tiếp'],['000064']
['tham ăn'],['tham ăn'],['000065']
['nông nghiệp'],['nông nghiệp'],['000066']
['thèm'],['thèm'],['000067']
['nông thôn'],['nông thôn'],['000068']
['thói quen'],['thói quen'],['000069']
['nốt ruồi'],['nốt ruồi'],['000070']
['thói quen'],['thói quen'],['000071']
['khuyến khích'],['khuyến khích'],['000072']
['nơ'],['nơ'],['000073']
['không nghe lời'],['không nghe lời'],['000074']
['nơi chốn'],['nơi chốn'],['000075']
['không nghe lời'],['không nghe lời'],['000076']
['núi lửa'],['núi lửa'],['000077']
['không nghe lời'],['không nghe lời'],['000078']
['nước mắt'],['nước mắt'],['000079']
['ai cho'],['ai cho'],['000080']
['nước Việt nam'],['nước Việt nam'],['000081']
['không cho'],['không cho'],['000082']
['nước Việt nam'],['nước Việt nam'],['000083']
['không cho'],['không cho'],['000084']
['nước Việt nam'],['nước Việt nam'],['000085']
['không cho'],['không cho'],['000086']
['Oa-sinh-tơn'],['Oa-sinh-tơn'],['000087']
['không cần'],['không cần'],['000088']
['óc'],['óc'],['000089']
['không nên'],['không nên'],['000090']
['ô ăn quan'],['ô ăn quan'],['000091']
['không nên'],['không nên'],['000092']
['ô nhiễm'],['ô nhiễm'],['000093']
['không nên'],['không nên'],['000094']
['ốm đau'],['ốm đau'],['000095']
['bực mình'],['bực mình'],['000096']
['ôn luyện'],['ôn luyện'],['000097']
['tự giác'],['tự giác'],['000098']
['ôn tập'],['ôn tập'],['000099']
['mù chữ'],['mù chữ'],['000100']
['ổn định'],['ổn định'],['000101']
['Tết hàn thực'],['Tết hàn thực'],['000102']
['ông già'],['ông già'],['000103']
['giỗ'],['giỗ'],['000104']
['tuần lễ người Điếc thế giới'],['tuần lễ người Điếc thế giới'],['000105']
['ông ngoại'],['ông ngoại'],['000106']
['ngày của Mẹ'],['ngày của Mẹ'],['000107']
['ông ngoại'],['ông ngoại'],['000108']
['ngày của Cha'],['ngày của Cha'],['000109']
['ông ngoại'],['ông ngoại'],['000110']
['ngày của Cha'],['ngày của Cha'],['000111']
['ông nội'],['ông nội'],['000112']
['ngày của Cha'],['ngày của Cha'],['000113']
['ông nội'],['ông nội'],['000114']
['ngày thầy thuốc Việt Nam'],['ngày thầy thuốc Việt Nam'],['000115']
['ông nội'],['ông nội'],['000116']
['ngày thầy thuốc Việt Nam'],['ngày thầy thuốc Việt Nam'],['000117']
['ống nghe'],['ống nghe'],['000118']
['ngày thầy thuốc Việt Nam'],['ngày thầy thuốc Việt Nam'],['000119']
['ống nhòm'],['ống nhòm'],['000120']
['ngày thành lập quân đội nhân dân Việt Nam'],['ngày thành lập quân đội nhân dân Việt Nam'],['000121']
['ống nước'],['ống nước'],['000122']
['ngày thành lập quân đội nhân dân Việt Nam'],['ngày thành lập quân đội nhân dân Việt Nam'],['000123']
['ở ngoài'],['ở ngoài'],['000124']
['ngày thành lập quân đội nhân dân Việt Nam'],['ngày thành lập quân đội nhân dân Việt Nam'],['000125']
['ở ngoài'],['ở ngoài'],['000126']
['con cá sấu'],['con cá sấu'],['000127']
['ở ngoài'],['ở ngoài'],['000128']
['nhầm'],['nhầm'],['000129']
['pha cà phê'],['pha cà phê'],['000130']
['nhầm'],['nhầm'],['000131']
['pha chế'],['pha chế'],['000132']
['nhầm'],['nhầm'],['000133']
['pha lê'],['pha lê'],['000134']
['buồn thảm'],['buồn thảm'],['000135']
['phà'],['phà'],['000136']
['mách'],['mách'],['000137']
['phá'],['phá'],['000138']
['mách'],['mách'],['000139']
['phá'],['phá'],['000140']
['mách'],['mách'],['000141']
['phá'],['phá'],['000142']
['phản bội'],['phản bội'],['000143']
['vô duyên'],['vô duyên'],['000144']
['phản bội'],['phản bội'],['000145']
['vô duyên'],['vô duyên'],['000146']
['phản bội'],['phản bội'],['000147']
['vô duyên'],['vô duyên'],['000148']
['phản động'],['phản động'],['000149']
['ti hí mắt'],['ti hí mắt'],['000150']
['kịp thời'],['kịp thời'],['000151']
['phản xạ'],['phản xạ'],['000152']
['bối rối'],['bối rối'],['000153']
['phao'],['phao'],['000154']
['hú vía'],['hú vía'],['000155']
['pháo hoa'],['pháo hoa'],['000156']
['pháo sáng'],['pháo sáng'],['000157']
['suỵt'],['suỵt'],['000158']
['phát biểu'],['phát biểu'],['000159']
['suýt'],['suýt'],['000160']
['phát động'],['phát động'],['000161']
['suýt'],['suýt'],['000162']
['phân số'],['phân số'],['000163']
['suýt'],['suýt'],['000164']
['cá voi'],['cá voi'],['000165']
['hai phân số bằng nhau'],['hai phân số bằng nhau'],['000166']
['cá kiếm'],['cá kiếm'],['000167']
['phân số thập phân'],['phân số thập phân'],['000168']
['phân số tối giản'],['phân số tối giản'],['000169']
['đuôi cá'],['đuôi cá'],['000170']
['phân tích'],['phân tích'],['000171']
['đuôi chuột'],['đuôi chuột'],['000172']
['bít tết (bò)'],['bít tết (bò)'],['000173']
['giữ nguyên'],['giữ nguyên'],['000174']
['phần trăm'],['phần trăm'],['000175']
['súp lơ'],['súp lơ'],['000176']
['mỳ tôm'],['mỳ tôm'],['000177']
['phấn (viết bảng)'],['phấn (viết bảng)'],['000178']
['mỳ tôm'],['mỳ tôm'],['000179']
['phấn (viết bảng)'],['phấn (viết bảng)'],['000180']
['mỳ tôm'],['mỳ tôm'],['000181']
['phấn (viết bảng)'],['phấn (viết bảng)'],['000182']
['mỳ vằn thắn'],['mỳ vằn thắn'],['000183']
['phấn đấu'],['phấn đấu'],['000184']
['mỳ ý'],['mỳ ý'],['000185']
['phấn trang điểm'],['phấn trang điểm'],['000186']
['mỳ ý'],['mỳ ý'],['000187']
['phấp phới'],['phấp phới'],['000188']
['mỳ ý'],['mỳ ý'],['000189']
['phật (tượng)'],['phật (tượng)'],['000190']
['bún mắm'],['bún mắm'],['000191']
['phép mầu'],['phép mầu'],['000192']
['bún chả'],['bún chả'],['000193']
['phép tính'],['phép tính'],['000194']
['bún ngan'],['bún ngan'],['000195']
['phê bình'],['phê bình'],['000196']
['bún ốc'],['bún ốc'],['000197']
['phi tiêu'],['phi tiêu'],['000198']
['bún đậu'],['bún đậu'],['000199']
['phích nước'],['phích nước'],['000200']
['phiên dịch'],['phiên dịch'],['000201']
['xôi gấc'],['xôi gấc'],['000202']
['phiên dịch'],['phiên dịch'],['000203']
['xôi gà'],['xôi gà'],['000204']
['cháo sườn'],['cháo sườn'],['000205']
['phiên dịch'],['phiên dịch'],['000206']
['cơm rang'],['cơm rang'],['000207']
['Phi-líp-pin (nước Phi-líp-pin)'],['Phi-líp-pin (nước Phi-líp-pin)'],['000208']
['cắm trại'],['cắm trại'],['000209']
['Phi-líp-pin (nước Phi-líp-pin)'],['Phi-líp-pin (nước Phi-líp-pin)'],['000210']
['khả năng'],['khả năng'],['000211']
['Phi-líp-pin (nước Phi-líp-pin)'],['Phi-líp-pin (nước Phi-líp-pin)'],['000212']
['kỹ năng'],['kỹ năng'],['000213']
['phim hoạt hình'],['phim hoạt hình'],['000214']
['cung cấp'],['cung cấp'],['000215']
['phim hoạt hình'],['phim hoạt hình'],['000216']
['khờ dại'],['khờ dại'],['000217']
['phim hoạt hình'],['phim hoạt hình'],['000218']
['cực khổ'],['cực khổ'],['000219']
['phim tài liệu'],['phim tài liệu'],['000220']
['may mắn'],['may mắn'],['000221']
['phim truyện'],['phim truyện'],['000222']
['phim truyện'],['phim truyện'],['000223']
['từ chối'],['từ chối'],['000224']
['phim truyện'],['phim truyện'],['000225']
['từ chối'],['từ chối'],['000226']
['phong bì'],['phong bì'],['000227']
['từ chối'],['từ chối'],['000228']
['nấu nướng'],['nấu nướng'],['000229']
['phong cách'],['phong cách'],['000230']
['phong kiến'],['phong kiến'],['000231']
['xoa đầu'],['xoa đầu'],['000232']
['phong trào'],['phong trào'],['000233']
['rực rỡ'],['rực rỡ'],['000234']
['phong tục'],['phong tục'],['000235']
['thiệp sinh nhật'],['thiệp sinh nhật'],['000236']
['phòng âm nhạc'],['phòng âm nhạc'],['000237']
['thiệp sinh nhật'],['thiệp sinh nhật'],['000238']
['phòng bệnh'],['phòng bệnh'],['000239']
['thiệp sinh nhật'],['thiệp sinh nhật'],['000240']
['bánh tráng'],['bánh tráng'],['000241']
['phòng chống'],['phòng chống'],['000242']
['phòng chức năng'],['phòng chức năng'],['000243']
['tương ớt'],['tương ớt'],['000244']
['phòng đa năng'],['phòng đa năng'],['000245']
['tương ớt'],['tương ớt'],['000246']
['phòng học tin học'],['phòng học tin học'],['000247']
['tương ớt'],['tương ớt'],['000248']
['không có'],['không có'],['000249']
['phòng máy tính'],['phòng máy tính'],['000250']
['không có chi'],['không có chi'],['000251']
['phòng mĩ thuật'],['phòng mĩ thuật'],['000252']
['dân chủ'],['dân chủ'],['000253']
['phòng thí nghiệm'],['phòng thí nghiệm'],['000254']
['phòng thư viện'],['phòng thư viện'],['000255']
['xử lý'],['xử lý'],['000256']
['phòng y tế'],['phòng y tế'],['000257']
['đất ruộng'],['đất ruộng'],['000258']
['phô tô'],['phô tô'],['000259']
['tinh mắt'],['tinh mắt'],['000260']
['kia'],['kia'],['000261']
['phổ biến'],['phổ biến'],['000262']
['nóng tính'],['nóng tính'],['000263']
['phố'],['phố'],['000264']
['căm thù'],['căm thù'],['000265']
['phố cổ'],['phố cổ'],['000266']
['không đẹp'],['không đẹp'],['000267']
['phố cổ Hội an'],['phố cổ Hội an'],['000268']
['không đẹp'],['không đẹp'],['000269']
['phổi'],['phổi'],['000270']
['không đẹp'],['không đẹp'],['000271']
['phở cuốn'],['phở cuốn'],['000272']
['chúng tôi (2 người) (đại từ)'],['chúng tôi (2 người) (đại từ)'],['000273']
['phở cuốn'],['phở cuốn'],['000274']
['chúng tôi (3 người) (đại từ)'],['chúng tôi (3 người) (đại từ)'],['000275']
['phở cuốn'],['phở cuốn'],['000276']
['chúng tôi (4 người) (đại từ)'],['chúng tôi (4 người) (đại từ)'],['000277']
['phơi quần áo'],['phơi quần áo'],['000278']
['chúng tôi (5 người) (đại từ)'],['chúng tôi (5 người) (đại từ)'],['000279']
['phù hợp'],['phù hợp'],['000280']
['chúng tôi (đại từ)'],['chúng tôi (đại từ)'],['000281']
['phủ nhận'],['phủ nhận'],['000282']
['các bạn (2 người)'],['các bạn (2 người)'],['000283']
['Phú Thọ'],['Phú Thọ'],['000284']
['họ (2 người) (đại từ)'],['họ (2 người) (đại từ)'],['000285']
['phụ huynh'],['phụ huynh'],['000286']
['họ (đại từ)'],['họ (đại từ)'],['000287']
['phục hồi'],['phục hồi'],['000288']
['bạn yêu tôi'],['bạn yêu tôi'],['000289']
['phục vụ'],['phục vụ'],['000290']
['phun nước'],['phun nước'],['000291']
['tôi yêu bạn ấy'],['tôi yêu bạn ấy'],['000292']
['bạn ấy yêu tôi'],['bạn ấy yêu tôi'],['000293']
['phức tạp'],['phức tạp'],['000294']
['bạn yêu bạn ấy'],['bạn yêu bạn ấy'],['000295']
['phương hướng'],['phương hướng'],['000296']
['bạn ấy yêu bạn'],['bạn ấy yêu bạn'],['000297']
['phương pháp'],['phương pháp'],['000298']
"['anh hai, anh cả']","['anh hai, anh cả']",['000299']
['phương tiện'],['phương tiện'],['000300']
"['anh hai, anh cả']","['anh hai, anh cả']",['000301']
['phương tiện giao thông'],['phương tiện giao thông'],['000302']
"['anh hai, anh cả']","['anh hai, anh cả']",['000303']
['phương tiện giao thông'],['phương tiện giao thông'],['000304']
"['chị hai, chị cả']","['chị hai, chị cả']",['000305']
['quả bầu'],['quả bầu'],['000306']
"['chị hai, chị cả']","['chị hai, chị cả']",['000307']
['quả bưởi'],['quả bưởi'],['000308']
"['chị hai, chị cả']","['chị hai, chị cả']",['000309']
['quả bưởi'],['quả bưởi'],['000310']
['quả bưởi'],['quả bưởi'],['000311']
['quả bầu hồ lô'],['quả bầu hồ lô'],['000312']
['một là'],['một là'],['000313']
['quả cam'],['quả cam'],['000314']
['hai là'],['hai là'],['000315']
['quả chanh'],['quả chanh'],['000316']
['ba là'],['ba là'],['000317']
['quả chôm chôm'],['quả chôm chôm'],['000318']
['quả chuối'],['quả chuối'],['000319']
['ông bà'],['ông bà'],['000320']
['quả dưa hấu'],['quả dưa hấu'],['000321']
['ông bà'],['ông bà'],['000322']
['chị họ'],['chị họ'],['000323']
['quả dưa hấu'],['quả dưa hấu'],['000324']
['chị họ'],['chị họ'],['000325']
['quả dưa hấu'],['quả dưa hấu'],['000326']
['chị họ'],['chị họ'],['000327']
['quả dừa'],['quả dừa'],['000328']
['em họ'],['em họ'],['000329']
['quả dừa'],['quả dừa'],['000330']
['em họ'],['em họ'],['000331']
['quả dừa'],['quả dừa'],['000332']
['em họ'],['em họ'],['000333']
['quả dừa xiêm'],['quả dừa xiêm'],['000334']
['cháu họ'],['cháu họ'],['000335']
['quả dừa xiêm'],['quả dừa xiêm'],['000336']
['cháu họ'],['cháu họ'],['000337']
['quả dừa xiêm'],['quả dừa xiêm'],['000338']
['cháu họ'],['cháu họ'],['000339']
['quả đu đủ'],['quả đu đủ'],['000340']
['quả đu đủ'],['quả đu đủ'],['000341']
['sống sót'],['sống sót'],['000342']
['quả gấc'],['quả gấc'],['000343']
['sống sót'],['sống sót'],['000344']
['quả hồng'],['quả hồng'],['000345']
['sống sót'],['sống sót'],['000346']
['quả hồng xiêm'],['quả hồng xiêm'],['000347']
['thường xuyên'],['thường xuyên'],['000348']
['quả khế'],['quả khế'],['000349']
['thường xuyên'],['thường xuyên'],['000350']
['quả khế'],['quả khế'],['000351']
['thường xuyên'],['thường xuyên'],['000352']
['quả khế'],['quả khế'],['000353']
['đi dạo'],['đi dạo'],['000354']
['quả lê'],['quả lê'],['000355']
['về (Sài Gòn)'],['về (Sài Gòn)'],['000356']
['quả mít'],['quả mít'],['000357']
['về 2 (Miền Bắc)'],['về 2 (Miền Bắc)'],['000358']
['quả mướp'],['quả mướp'],['000359']
['về 2 (Miền Bắc)'],['về 2 (Miền Bắc)'],['000360']
['quả na'],['quả na'],['000361']
['về 3 (đi về)'],['về 3 (đi về)'],['000362']
['quả nhãn'],['quả nhãn'],['000363']
['về 4 (từ nơi khác về)'],['về 4 (từ nơi khác về)'],['000364']
['quả nhãn'],['quả nhãn'],['000365']
['về 5 (về nhà)'],['về 5 (về nhà)'],['000366']
['hẹn'],['hẹn'],['000367']
['quả nhãn'],['quả nhãn'],['000368']
['hẹn'],['hẹn'],['000369']
['quả nho'],['quả nho'],['000370']
['hẹn'],['hẹn'],['000371']
['quả ổi'],['quả ổi'],['000372']
['quyến luyến'],['quyến luyến'],['000373']
['quả roi'],['quả roi'],['000374']
['hứa'],['hứa'],['000375']
['quả roi'],['quả roi'],['000376']
['hứa'],['hứa'],['000377']
['quả roi'],['quả roi'],['000378']
['hứa'],['hứa'],['000379']
['quả sầu riêng'],['quả sầu riêng'],['000380']
['lâu'],['lâu'],['000381']
['quả su su'],['quả su su'],['000382']
['lâu'],['lâu'],['000383']
['quả táo'],['quả táo'],['000384']
['mỗi ngày'],['mỗi ngày'],['000385']
['quả táo'],['quả táo'],['000386']
['mỗi ngày'],['mỗi ngày'],['000387']
['quả thanh long'],['quả thanh long'],['000388']
['mỗi ngày'],['mỗi ngày'],['000389']
['quả vải'],['quả vải'],['000390']
['hàng ngày'],['hàng ngày'],['000391']
['quả xoài'],['quả xoài'],['000392']
['hàng ngày'],['hàng ngày'],['000393']
['quá cảnh'],['quá cảnh'],['000394']
['hàng ngày'],['hàng ngày'],['000395']
['quan điểm'],['quan điểm'],['000396']
['quan hệ'],['quan hệ'],['000397']
['ăn vú sữa (bằng thìa)'],['ăn vú sữa (bằng thìa)'],['000398']
['quan tâm'],['quan tâm'],['000399']
['ăn vú sữa'],['ăn vú sữa'],['000400']
['hôi'],['hôi'],['000401']
['quan trọng'],['quan trọng'],['000402']
['quang hợp'],['quang hợp'],['000403']
['trông nhà'],['trông nhà'],['000404']
['chạy (động vật)'],['chạy (động vật)'],['000405']
['quàng khăn'],['quàng khăn'],['000406']
['Quảng Ninh'],['Quảng Ninh'],['000407']
['xe container'],['xe container'],['000408']
['bay nhanh (máy bay)'],['bay nhanh (máy bay)'],['000409']
['quát mắng'],['quát mắng'],['000410']
['chậm chạp'],['chậm chạp'],['000411']
['quạt cây'],['quạt cây'],['000412']
['ngừng lại'],['ngừng lại'],['000413']
['quay cóp'],['quay cóp'],['000414']
['dừng lại'],['dừng lại'],['000415']
['quay phim'],['quay phim'],['000416']
['quà'],['quà'],['000417']
['Quảng Nam'],['Quảng Nam'],['000418']
['thì thầm'],['thì thầm'],['000419']
['hoặc'],['hoặc'],['000420']
['Quảng Trị'],['Quảng Trị'],['000421']
['hoặc'],['hoặc'],['000422']
['quạt treo tường'],['quạt treo tường'],['000423']
['hoặc'],['hoặc'],['000424']
['quân đội'],['quân đội'],['000425']
['không muốn'],['không muốn'],['000426']
['quân đội'],['quân đội'],['000427']
['không muốn'],['không muốn'],['000428']
['quần âu'],['quần âu'],['000429']
['không muốn'],['không muốn'],['000430']
['quần bò'],['quần bò'],['000431']
['quần bò'],['quần bò'],['000432']
['sa mạc'],['sa mạc'],['000433']
['quần bò'],['quần bò'],['000434']
['xem'],['xem'],['000435']
['quần đùi'],['quần đùi'],['000436']
['xem'],['xem'],['000437']
['quần yếm'],['quần yếm'],['000438']
['xem đã'],['xem đã'],['000439']
['mồ hôi nhễ nhại'],['mồ hôi nhễ nhại'],['000440']
['quét dọn'],['quét dọn'],['000441']
['không ngon'],['không ngon'],['000442']
['quét nhà'],['quét nhà'],['000443']
['hài lòng'],['hài lòng'],['000444']
['quê'],['quê'],['000445']
['má hồng'],['má hồng'],['000446']
['quê'],['quê'],['000447']
['ngập ngừng'],['ngập ngừng'],['000448']
['quê'],['quê'],['000449']
['nói ngập ngừng'],['nói ngập ngừng'],['000450']
['quên'],['quên'],['000451']
['quốc ca'],['quốc ca'],['000452']
['Võ Thị Sáu'],['Võ Thị Sáu'],['000453']
['mít tinh'],['mít tinh'],['000454']
['quốc gia'],['quốc gia'],['000455']
['quốc hội'],['quốc hội'],['000456']
['sụp đổ'],['sụp đổ'],['000457']
['quốc khánh'],['quốc khánh'],['000458']
['thiếu thốn'],['thiếu thốn'],['000459']
['thiếu thốn'],['thiếu thốn'],['000460']
['đề phòng'],['đề phòng'],['000461']
['quốc tế'],['quốc tế'],['000462']
['thiếu thốn'],['thiếu thốn'],['000463']
['Trần Quốc Toản'],['Trần Quốc Toản'],['000464']
['xuyên Việt'],['xuyên Việt'],['000465']
['dám làm'],['dám làm'],['000466']
['Quốc Tử Giám'],['Quốc Tử Giám'],['000467']
['không dám'],['không dám'],['000468']
['quy định'],['quy định'],['000469']
['không dám'],['không dám'],['000470']
['quy đồng mẫu số'],['quy đồng mẫu số'],['000471']
['không dám'],['không dám'],['000472']
['quy nạp'],['quy nạp'],['000473']
['phiền hà'],['phiền hà'],['000474']
['quyền lợi'],['quyền lợi'],['000475']
['quyền lợi'],['quyền lợi'],['000476']
['đèn ông sao'],['đèn ông sao'],['000477']
['quyết định'],['quyết định'],['000478']
['ung thư'],['ung thư'],['000479']
['quyết định'],['quyết định'],['000480']
['ung thư'],['ung thư'],['000481']
['quyết định'],['quyết định'],['000482']
['ung thư'],['ung thư'],['000483']
['phó hiệu trưởng'],['phó hiệu trưởng'],['000484']
['quỳ'],['quỳ'],['000485']
['phó hiệu trưởng'],['phó hiệu trưởng'],['000486']
['quý hiếm'],['quý hiếm'],['000487']
['phó hiệu trưởng'],['phó hiệu trưởng'],['000488']
['quyển vở'],['quyển vở'],['000489']
['quyển vở'],['quyển vở'],['000490']
['Ô-lim-píc'],['Ô-lim-píc'],['000491']
['quyển vở'],['quyển vở'],['000492']
['vòng nguyệt quế'],['vòng nguyệt quế'],['000493']
['hữu nghị'],['hữu nghị'],['000494']
['quyết tâm'],['quyết tâm'],['000495']
['bắn cung tên'],['bắn cung tên'],['000496']
['quyết tâm'],['quyết tâm'],['000497']
['mũi tên'],['mũi tên'],['000498']
['quyết tâm'],['quyết tâm'],['000499']
['Mã Lai (nước Ma-lai-xi-a)'],['Mã Lai (nước Ma-lai-xi-a)'],['000500']
['ra lệnh'],['ra lệnh'],['000501']
['Mã Lai (nước Ma-lai-xi-a)'],['Mã Lai (nước Ma-lai-xi-a)'],['000502']
['ra ngoài'],['ra ngoài'],['000503']
['Mã Lai (nước Ma-lai-xi-a)'],['Mã Lai (nước Ma-lai-xi-a)'],['000504']
['ra ngoài'],['ra ngoài'],['000505']
['ra ngoài'],['ra ngoài'],['000506']
['số La Mã (Toán học)'],['số La Mã (Toán học)'],['000507']
['Long Vương'],['Long Vương'],['000508']
['rạp chiếu phim'],['rạp chiếu phim'],['000509']
['rau'],['rau'],['000510']
['đàng hoàng'],['đàng hoàng'],['000511']
['phân vân'],['phân vân'],['000512']
['rau bắp cải'],['rau bắp cải'],['000513']
['lau miệng'],['lau miệng'],['000514']
['rau cải'],['rau cải'],['000515']
['chó cắn'],['chó cắn'],['000516']
['rau cải thảo'],['rau cải thảo'],['000517']
['mèo cào'],['mèo cào'],['000518']
['rau dền'],['rau dền'],['000519']
['quan hệ từ'],['quan hệ từ'],['000520']
['rau mùng tơi'],['rau mùng tơi'],['000521']
['rau ngót'],['rau ngót'],['000522']
['yêu nước Việt Nam'],['yêu nước Việt Nam'],['000523']
['quan (chức vụ)'],['quan (chức vụ)'],['000524']
['rằm trung thu'],['rằm trung thu'],['000525']
['rằm trung thu'],['rằm trung thu'],['000526']
['đi tuần'],['đi tuần'],['000527']
['rằm trung thu'],['rằm trung thu'],['000528']
['vỗ về'],['vỗ về'],['000529']
['hốt hoảng'],['hốt hoảng'],['000530']
['răng'],['răng'],['000531']
['chuyện nhỏ'],['chuyện nhỏ'],['000532']
['răng cưa'],['răng cưa'],['000533']
['bất khuất'],['bất khuất'],['000534']
['râu'],['râu'],['000535']
['nhưng'],['nhưng'],['000536']
['rẽ phải'],['rẽ phải'],['000537']
['nhưng'],['nhưng'],['000538']
['rèn sắt'],['rèn sắt'],['000539']
['nhưng'],['nhưng'],['000540']
['rèn luyện'],['rèn luyện'],['000541']
['hay là (hoặc là)'],['hay là (hoặc là)'],['000542']
['rễ cọc'],['rễ cọc'],['000543']
['hay là (hoặc là)'],['hay là (hoặc là)'],['000544']
['rế'],['rế'],['000545']
['hay là (hoặc là)'],['hay là (hoặc là)'],['000546']
['riêng biệt'],['riêng biệt'],['000547']
['riêng tư'],['riêng tư'],['000548']
['Thăng Long'],['Thăng Long'],['000549']
['dãy núi Hoàng Liên Sơn'],['dãy núi Hoàng Liên Sơn'],['000550']
['rình mò'],['rình mò'],['000551']
['quanh năm'],['quanh năm'],['000552']
['rìu'],['rìu'],['000553']
['gấp đôi'],['gấp đôi'],['000554']
['rõ ràng'],['rõ ràng'],['000555']
['gấp ba'],['gấp ba'],['000556']
['rõ ràng'],['rõ ràng'],['000557']
['chia đôi'],['chia đôi'],['000558']
['róc rách'],['róc rách'],['000559']
['chia đôi'],['chia đôi'],['000560']
['rón rén'],['rón rén'],['000561']
['chia đôi'],['chia đôi'],['000562']
['rong biển'],['rong biển'],['000563']
['chia ba'],['chia ba'],['000564']
['rong chơi'],['rong chơi'],['000565']
['chia ba'],['chia ba'],['000566']
['rong chơi'],['rong chơi'],['000567']
['rong chơi'],['rong chơi'],['000568']
['đại sứ'],['đại sứ'],['000569']
['cảnh giác'],['cảnh giác'],['000570']
['rổ'],['rổ'],['000571']
['giám sát'],['giám sát'],['000572']
['rộng lớn'],['rộng lớn'],['000573']
['quan sát'],['quan sát'],['000574']
['rộng rãi'],['rộng rãi'],['000575']
['rụng tóc (đt)'],['rụng tóc (đt)'],['000576']
['ăn vụng'],['ăn vụng'],['000577']
['ruộng bậc thang'],['ruộng bậc thang'],['000578']
['xảy ra'],['xảy ra'],['000579']
['dự án'],['dự án'],['000580']
['ruột già'],['ruột già'],['000581']
['ruột non'],['ruột non'],['000582']
['đầu tư'],['đầu tư'],['000583']
['năn nỉ'],['năn nỉ'],['000584']
['rút gọn'],['rút gọn'],['000585']
['háo hức'],['háo hức'],['000586']
['rút gọn phân số'],['rút gọn phân số'],['000587']
['rắc rối'],['rắc rối'],['000588']
['rửa bát'],['rửa bát'],['000589']
['rửa chân'],['rửa chân'],['000590']
['tải về'],['tải về'],['000591']
['nhõng nhẽo'],['nhõng nhẽo'],['000592']
['rửa mặt'],['rửa mặt'],['000593']
['rửa tay'],['rửa tay'],['000594']
['đen đủi'],['đen đủi'],['000595']
['rừng núi'],['rừng núi'],['000596']
['xui xẻo'],['xui xẻo'],['000597']
['long lanh (mắt)'],['long lanh (mắt)'],['000598']
['rừng rậm'],['rừng rậm'],['000599']
['dỗi'],['dỗi'],['000600']
['rừng thưa'],['rừng thưa'],['000601']
['dỗi'],['dỗi'],['000602']
['rước đèn'],['rước đèn'],['000603']
['dỗi'],['dỗi'],['000604']
['rưỡi'],['rưỡi'],['000605']
['liếc nhìn'],['liếc nhìn'],['000606']
['rưỡi'],['rưỡi'],['000607']
['liếc nhìn'],['liếc nhìn'],['000608']
['rưỡi'],['rưỡi'],['000609']
['liếc nhìn'],['liếc nhìn'],['000610']
['sách'],['sách'],['000611']
['nhổ tóc'],['nhổ tóc'],['000612']
['sách giáo khoa'],['sách giáo khoa'],['000613']
['nhổ râu'],['nhổ râu'],['000614']
['sách toán'],['sách toán'],['000615']
['nhổ lông mày'],['nhổ lông mày'],['000616']
['san hô'],['san hô'],['000617']
['cắt lông mũi'],['cắt lông mũi'],['000618']
['san sẻ'],['san sẻ'],['000619']
['nhổ răng'],['nhổ răng'],['000620']
['sản xuất'],['sản xuất'],['000621']
['răng hô'],['răng hô'],['000622']
['sáng chói'],['sáng chói'],['000623']
['răng khểnh'],['răng khểnh'],['000624']
['sáng kiến'],['sáng kiến'],['000625']
['kháu khỉnh'],['kháu khỉnh'],['000626']
['sáng tạo'],['sáng tạo'],['000627']
['mọc tóc'],['mọc tóc'],['000628']
['sao'],['sao'],['000629']
['mọc râu'],['mọc râu'],['000630']
['sao'],['sao'],['000631']
['mọc ria mép'],['mọc ria mép'],['000632']
['sao chép'],['sao chép'],['000633']
['giãn cách xã hội'],['giãn cách xã hội'],['000634']
['đỏ thắm'],['đỏ thắm'],['000635']
['sáo'],['sáo'],['000636']
['tương lai'],['tương lai'],['000637']
['ria mép'],['ria mép'],['000638']
['Sapa'],['Sapa'],['000639']
['sau'],['sau'],['000640']
['trong khoảng'],['trong khoảng'],['000641']
['say sưa'],['say sưa'],['000642']
['trốn tìm'],['trốn tìm'],['000643']
['nhảy bao bố'],['nhảy bao bố'],['000644']
['sắp xếp'],['sắp xếp'],['000645']
['nhảy lò cò'],['nhảy lò cò'],['000646']
['sắt'],['sắt'],['000647']
['kéo co'],['kéo co'],['000648']
['sắt'],['sắt'],['000649']
['hội thoại'],['hội thoại'],['000650']
['sắt'],['sắt'],['000651']
['lý do'],['lý do'],['000652']
['sấm chớp'],['sấm chớp'],['000653']
['lớn hơn 1 (Toán học)'],['lớn hơn 1 (Toán học)'],['000654']
['sấm sét'],['sấm sét'],['000655']
['lớn hơn 2 (Toán học)'],['lớn hơn 2 (Toán học)'],['000656']
['sân chơi'],['sân chơi'],['000657']
['sân chơi'],['sân chơi'],['000658']
['tỉnh táo'],['tỉnh táo'],['000659']
['nhộn nhịp (đông người)'],['nhộn nhịp (đông người)'],['000660']
['sân khấu'],['sân khấu'],['000661']
['sân nhà'],['sân nhà'],['000662']
['áo kẻ sọc'],['áo kẻ sọc'],['000663']
['sân thượng'],['sân thượng'],['000664']
['đất nước bị chia cắt (Việt Nam)'],['đất nước bị chia cắt (Việt Nam)'],['000665']
['sân trường'],['sân trường'],['000666']
['thống nhất đất nước'],['thống nhất đất nước'],['000667']
['khoáng sản'],['khoáng sản'],['000668']
['sân trường'],['sân trường'],['000669']
['sân trường'],['sân trường'],['000670']
['thương mại'],['thương mại'],['000671']
['công nghiệp'],['công nghiệp'],['000672']
['sân vận động'],['sân vận động'],['000673']
['công nghiệp'],['công nghiệp'],['000674']
['sâu'],['sâu'],['000675']
['công nghiệp'],['công nghiệp'],['000676']
['sâu bọ'],['sâu bọ'],['000677']
['dân tộc Chăm'],['dân tộc Chăm'],['000678']
['sĩ diện'],['sĩ diện'],['000679']
['dân tộc Mường'],['dân tộc Mường'],['000680']
['siêng năng'],['siêng năng'],['000681']
['dân tộc Khơ me'],['dân tộc Khơ me'],['000682']
['siêu âm'],['siêu âm'],['000683']
['dân tộc Thái'],['dân tộc Thái'],['000684']
['siêu thị'],['siêu thị'],['000685']
['dân tộc Mông'],['dân tộc Mông'],['000686']
['siêu tốc'],['siêu tốc'],['000687']
['nhà rông'],['nhà rông'],['000688']
['sinh đẻ'],['sinh đẻ'],['000689']
['lãng phí'],['lãng phí'],['000690']
['sinh đẻ'],['sinh đẻ'],['000691']
['sinh đẻ'],['sinh đẻ'],['000692']
['tiến bộ'],['tiến bộ'],['000693']
['Lượm'],['Lượm'],['000694']
['sinh động'],['sinh động'],['000695']
['cứu sống'],['cứu sống'],['000696']
['sinh hoạt'],['sinh hoạt'],['000697']
['máy xúc'],['máy xúc'],['000698']
['sinh sản'],['sinh sản'],['000699']
['cảng Hải Phòng'],['cảng Hải Phòng'],['000700']
['sinh sản'],['sinh sản'],['000701']
['cảng Sài Gòn'],['cảng Sài Gòn'],['000702']
['sinh sản'],['sinh sản'],['000703']
['kim cương'],['kim cương'],['000704']
['sinh sống'],['sinh sống'],['000705']
['khởi nghiệp'],['khởi nghiệp'],['000706']
['sinh tố'],['sinh tố'],['000707']
['sinh vật'],['sinh vật'],['000708']
['vải lụa'],['vải lụa'],['000709']
['Sóc Trăng'],['Sóc Trăng'],['000710']
['vải lụa'],['vải lụa'],['000711']
['sóng biển'],['sóng biển'],['000712']
['vải lụa'],['vải lụa'],['000713']
['lượt đi'],['lượt đi'],['000714']
['sóng thần'],['sóng thần'],['000715']
['lượt về (trong thể thao)'],['lượt về (trong thể thao)'],['000716']
['sổ đầu bài'],['sổ đầu bài'],['000717']
['rau diếp cá'],['rau diếp cá'],['000718']
['sổ điểm danh'],['sổ điểm danh'],['000719']
['sổ tay'],['sổ tay'],['000720']
['thao thức'],['thao thức'],['000721']
['số bé'],['số bé'],['000722']
['thâm quầng mắt'],['thâm quầng mắt'],['000723']
['số chẵn'],['số chẵn'],['000724']
['tự hào'],['tự hào'],['000725']
['quyên góp'],['quyên góp'],['000726']
['số chín'],['số chín'],['000727']
['chia rẽ'],['chia rẽ'],['000728']
['số đo'],['số đo'],['000729']
['số lẻ'],['số lẻ'],['000730']
['tự trọng'],['tự trọng'],['000731']
['gian dối'],['gian dối'],['000732']
['số liền sau'],['số liền sau'],['000733']
['số liền trước'],['số liền trước'],['000734']
['ăn bám'],['ăn bám'],['000735']
['số lớn'],['số lớn'],['000736']
['tuyên truyền'],['tuyên truyền'],['000737']
['ham chơi'],['ham chơi'],['000738']
['số thập phân'],['số thập phân'],['000739']
['ham chơi'],['ham chơi'],['000740']
['sông Hồng'],['sông Hồng'],['000741']
['sốt'],['sốt'],['000742']
['đánh cầu lông'],['đánh cầu lông'],['000743']
['cánh buồm'],['cánh buồm'],['000744']
['sơ đồ'],['sơ đồ'],['000745']
['cầu Thê Húc (Hồ Gươm)'],['cầu Thê Húc (Hồ Gươm)'],['000746']
['sơ mi'],['sơ mi'],['000747']
['da trắng'],['da trắng'],['000748']
['sợi'],['sợi'],['000749']
['da trắng'],['da trắng'],['000750']
['sợi chỉ'],['sợi chỉ'],['000751']
['da trắng'],['da trắng'],['000752']
['sợi dây'],['sợi dây'],['000753']
['da ngăm (nước da ngăm đen)'],['da ngăm (nước da ngăm đen)'],['000754']
['sợi len'],['sợi len'],['000755']
['da ngăm (nước da ngăm đen)'],['da ngăm (nước da ngăm đen)'],['000756']
['sơn'],['sơn'],['000757']
['da ngăm (nước da ngăm đen)'],['da ngăm (nước da ngăm đen)'],['000758']
['súc miệng'],['súc miệng'],['000759']
['sum họp'],['sum họp'],['000760']
['tuần trăng mật'],['tuần trăng mật'],['000761']
['năm tới'],['năm tới'],['000762']
['suối'],['suối'],['000763']
['Hoãn'],['Hoãn'],['000764']
['suy nghĩ'],['suy nghĩ'],['000765']
['huỷ'],['huỷ'],['000766']
['suy nghĩ'],['suy nghĩ'],['000767']
['phụ thuộc'],['phụ thuộc'],['000768']
['sự thật'],['sự thật'],['000769']
['sửa chữa'],['sửa chữa'],['000770']
['thuộc địa'],['thuộc địa'],['000771']
['sữa bò'],['sữa bò'],['000772']
['tẩy chay'],['tẩy chay'],['000773']
['sữa bò'],['sữa bò'],['000774']
['đau mắt'],['đau mắt'],['000775']
['sữa bò'],['sữa bò'],['000776']
['đau bụng'],['đau bụng'],['000777']
['sữa bột'],['sữa bột'],['000778']
['đau tay'],['đau tay'],['000779']
['sữa dê'],['sữa dê'],['000780']
['đau chân'],['đau chân'],['000781']
['sữa dê'],['sữa dê'],['000782']
['đau tai'],['đau tai'],['000783']
['phẫu thuật tay'],['phẫu thuật tay'],['000784']
['sữa đặc'],['sữa đặc'],['000785']
['phẫu thuật chân'],['phẫu thuật chân'],['000786']
['sữa hộp'],['sữa hộp'],['000787']
['phẫu thuật mắt'],['phẫu thuật mắt'],['000788']
['sữa hộp'],['sữa hộp'],['000789']
['phẫu thuật mũi'],['phẫu thuật mũi'],['000790']
['sữa hộp'],['sữa hộp'],['000791']
['phẫu thuật cổ'],['phẫu thuật cổ'],['000792']
['sữa rửa mặt'],['sữa rửa mặt'],['000793']
['phẫu thuật bụng'],['phẫu thuật bụng'],['000794']
['sữa'],['sữa'],['000795']
['hội chứng Đao - Down'],['hội chứng Đao - Down'],['000796']
['sữa'],['sữa'],['000797']
['bệnh Đao - Down'],['bệnh Đao - Down'],['000798']
['sữa'],['sữa'],['000799']
['mệt mỏi'],['mệt mỏi'],['000800']
['sức khỏe'],['sức khỏe'],['000801']
['cả ngày'],['cả ngày'],['000802']
['sừng'],['sừng'],['000803']
['lẩu'],['lẩu'],['000804']
['sừng bò'],['sừng bò'],['000805']
['nhà kho'],['nhà kho'],['000806']
['sừng trâu'],['sừng trâu'],['000807']
['hấp'],['hấp'],['000808']
['sương gió'],['sương gió'],['000809']
['sườn'],['sườn'],['000810']
['thối'],['thối'],['000811']
['thiu'],['thiu'],['000812']
['tác dụng'],['tác dụng'],['000813']
['nguội'],['nguội'],['000814']
['tách'],['tách'],['000815']
['ngán'],['ngán'],['000816']
['tách lớp'],['tách lớp'],['000817']
['tai'],['tai'],['000818']
['tôm hùm'],['tôm hùm'],['000819']
['cua đồng'],['cua đồng'],['000820']
['tai nạn'],['tai nạn'],['000821']
['con hàu'],['con hàu'],['000822']
['tài giỏi'],['tài giỏi'],['000823']
['hải sản'],['hải sản'],['000824']
['tài năng'],['tài năng'],['000825']
['tài trợ'],['tài trợ'],['000826']
['vịt quay'],['vịt quay'],['000827']
['gà nướng lu'],['gà nướng lu'],['000828']
['tái phát'],['tái phát'],['000829']
['bánh hamburger'],['bánh hamburger'],['000830']
['tái phạm'],['tái phạm'],['000831']
['bánh sandwich'],['bánh sandwich'],['000832']
['tái phạm'],['tái phạm'],['000833']
['bánh canh'],['bánh canh'],['000834']
['tái phạm'],['tái phạm'],['000835']
['nước ép trái cây'],['nước ép trái cây'],['000836']
['đảo Trường Sa'],['đảo Trường Sa'],['000837']
['nước ép trái cây'],['nước ép trái cây'],['000838']
['tam giác'],['tam giác'],['000839']
"['sinh tố (bơ, dâu,']","['sinh tố (bơ, dâu,']",['000840']
['tạm biệt'],['tạm biệt'],['000841']
['vắt chanh'],['vắt chanh'],['000842']
['đảo Hoàng Sa'],['đảo Hoàng Sa'],['000843']
['mía'],['mía'],['000844']
['tán thành'],['tán thành'],['000845']
['chanh đá'],['chanh đá'],['000846']
['tạo dáng'],['tạo dáng'],['000847']
['chanh nóng'],['chanh nóng'],['000848']
['tàu hoả'],['tàu hoả'],['000849']
['chanh muối'],['chanh muối'],['000850']
['tàu ngầm'],['tàu ngầm'],['000851']
['trà đá'],['trà đá'],['000852']
['tàu thuyền'],['tàu thuyền'],['000853']
['trà nóng'],['trà nóng'],['000854']
['tàu thủy'],['tàu thủy'],['000855']
['taxi'],['taxi'],['000856']
['trà sữa'],['trà sữa'],['000857']
['Socola'],['Socola'],['000858']
['tay'],['tay'],['000859']
['Cocacola'],['Cocacola'],['000860']
['tay phải'],['tay phải'],['000861']
['7up'],['7up'],['000862']
['tay trái'],['tay trái'],['000863']
['một tiết học'],['một tiết học'],['000864']
['tặc lưỡi'],['tặc lưỡi'],['000865']
['một tiếng'],['một tiếng'],['000866']
['tăm'],['tăm'],['000867']
['một tiếng'],['một tiếng'],['000868']
['tâm thần'],['tâm thần'],['000869']
['rửa mặt'],['rửa mặt'],['000870']
['tấm vải'],['tấm vải'],['000871']
['tấm vải'],['tấm vải'],['000872']
['đánh răng'],['đánh răng'],['000873']
['tuần này'],['tuần này'],['000874']
['tấm vải'],['tấm vải'],['000875']
['tuần này'],['tuần này'],['000876']
['tấn công'],['tấn công'],['000877']
['tuần này'],['tuần này'],['000878']
['tập hợp (Toán học)'],['tập hợp (Toán học)'],['000879']
['tuần sau'],['tuần sau'],['000880']
['tập hợp rỗng'],['tập hợp rỗng'],['000881']
['tuần sau'],['tuần sau'],['000882']
['tập thể dục'],['tập thể dục'],['000883']
['tuần sau'],['tuần sau'],['000884']
['tập trung'],['tập trung'],['000885']
['tuần trước'],['tuần trước'],['000886']
['tập viết'],['tập viết'],['000887']
['tuần trước'],['tuần trước'],['000888']
['Tây Bắc'],['Tây Bắc'],['000889']
['tuần trước'],['tuần trước'],['000890']
['Tây Nguyên'],['Tây Nguyên'],['000891']
['cuối tuần'],['cuối tuần'],['000892']
['Tây Ninh'],['Tây Ninh'],['000893']
['cuối tháng'],['cuối tháng'],['000894']
['tên riêng'],['tên riêng'],['000895']
['cuối năm'],['cuối năm'],['000896']
['Tết Âm'],['Tết Âm'],['000897']
['mục tiêu'],['mục tiêu'],['000898']
['Tết Âm'],['Tết Âm'],['000899']
['sinh đôi'],['sinh đôi'],['000900']
['Tết Dương'],['Tết Dương'],['000901']
['sinh đôi'],['sinh đôi'],['000902']
['Tết Dương'],['Tết Dương'],['000903']
['mô tả'],['mô tả'],['000904']
['Tết Thiếu nhi'],['Tết Thiếu nhi'],['000905']
['mũm mĩm'],['mũm mĩm'],['000906']
['Tết Trung thu'],['Tết Trung thu'],['000907']
['tóc dài'],['tóc dài'],['000908']
['Tết Trung thu'],['Tết Trung thu'],['000909']
['tóc ngắn'],['tóc ngắn'],['000910']
['Tết Trung thu'],['Tết Trung thu'],['000911']
['tha thứ'],['tha thứ'],['000912']
['tóc ngắn'],['tóc ngắn'],['000913']
['tha thứ'],['tha thứ'],['000914']
['tóc ngắn'],['tóc ngắn'],['000915']
['lốc xoáy'],['lốc xoáy'],['000916']
['thả diều'],['thả diều'],['000917']
['tay chân sạch sẽ'],['tay chân sạch sẽ'],['000918']
['thả mồi'],['thả mồi'],['000919']
['tay chân sạch sẽ'],['tay chân sạch sẽ'],['000920']
['thác'],['thác'],['000921']
['tay chân sạch sẽ'],['tay chân sạch sẽ'],['000922']
['thái độ'],['thái độ'],['000923']
['nhắm mắt'],['nhắm mắt'],['000924']
['thái độ'],['thái độ'],['000925']
['sờ'],['sờ'],['000926']
['thái độ'],['thái độ'],['000927']
['cây nến'],['cây nến'],['000928']
['Thái Nguyên'],['Thái Nguyên'],['000929']
['dịu dàng'],['dịu dàng'],['000930']
['tham dự'],['tham dự'],['000931']
['làm được'],['làm được'],['000932']
['tham dự'],['tham dự'],['000933']
['dòng sông chảy'],['dòng sông chảy'],['000934']
['tham dự'],['tham dự'],['000935']
['tham khảo'],['tham khảo'],['000936']
['ăn đủ'],['ăn đủ'],['000937']
['tham lam'],['tham lam'],['000938']
['ăn vừa'],['ăn vừa'],['000939']
['tham quan'],['tham quan'],['000940']
['ăn ít'],['ăn ít'],['000941']
['tham quan'],['tham quan'],['000942']
['đồ uống'],['đồ uống'],['000943']
['tham quan'],['tham quan'],['000944']
['đồ ăn'],['đồ ăn'],['000945']
['cầu thang'],['cầu thang'],['000946']
['trang điểm'],['trang điểm'],['000947']
['tháng'],['tháng'],['000948']
['đau mắt đỏ'],['đau mắt đỏ'],['000949']
['cái vợt cá'],['cái vợt cá'],['000950']
['tháng'],['tháng'],['000951']
['tháng'],['tháng'],['000952']
['vợt cầu lông'],['vợt cầu lông'],['000953']
['con vượn'],['con vượn'],['000954']
['Thanh Hóa'],['Thanh Hóa'],['000955']
['thanh niên'],['thanh niên'],['000956']
['thắp đèn'],['thắp đèn'],['000957']
['góp tiền'],['góp tiền'],['000958']
['đường ray xe lửa'],['đường ray xe lửa'],['000959']
['họp nhóm'],['họp nhóm'],['000960']
['thành công'],['thành công'],['000961']
['họp nhóm'],['họp nhóm'],['000962']
['thành lập'],['thành lập'],['000963']
['họp nhóm'],['họp nhóm'],['000964']
['thành lập'],['thành lập'],['000965']
['nước mắm'],['nước mắm'],['000966']
['thành lập'],['thành lập'],['000967']
['thoăn thoắt'],['thoăn thoắt'],['000968']
['thành lập'],['thành lập'],['000969']
['nghênh nghênh (đầu)'],['nghênh nghênh (đầu)'],['000970']
['thành thạo'],['thành thạo'],['000971']
['thành thị'],['thành thị'],['000972']
['đua đòi'],['đua đòi'],['000973']
['bình sữa (em bé)'],['bình sữa (em bé)'],['000974']
['thành viên'],['thành viên'],['000975']
['thánh địa Mỹ Sơn'],['thánh địa Mỹ Sơn'],['000976']
['đòi'],['đòi'],['000977']
['tháo gỡ'],['tháo gỡ'],['000978']
['đòi hỏi'],['đòi hỏi'],['000979']
['duy nhất'],['duy nhất'],['000980']
['thăm hỏi'],['thăm hỏi'],['000981']
['cạnh tranh'],['cạnh tranh'],['000982']
['thăm hỏi'],['thăm hỏi'],['000983']
['hoa hậu'],['hoa hậu'],['000984']
['thăm hỏi'],['thăm hỏi'],['000985']
['cái neo'],['cái neo'],['000986']
['thăng bằng'],['thăng bằng'],['000987']
['phóng viên'],['phóng viên'],['000988']
['thẳng hàng (Toán học)'],['thẳng hàng (Toán học)'],['000989']
['nhà văn hóa'],['nhà văn hóa'],['000990']
['thẳng tắp'],['thẳng tắp'],['000991']
['nhà văn hóa'],['nhà văn hóa'],['000992']
['thắng lợi'],['thắng lợi'],['000993']
['cây cọ'],['cây cọ'],['000994']
['thân cây'],['thân cây'],['000995']
['khu vực cách ly'],['khu vực cách ly'],['000996']
['thân cây'],['thân cây'],['000997']
['phong toả'],['phong toả'],['000998']
['thân cây'],['thân cây'],['000999']
['thung lũng'],['thung lũng'],['001000']
['thân hình'],['thân hình'],['001001']
['thân thiết'],['thân thiết'],['001002']
['địa hình'],['địa hình'],['001003']
['Kim Đồng'],['Kim Đồng'],['001004']
['thân thiện'],['thân thiện'],['001005']
['Thánh Gióng'],['Thánh Gióng'],['001006']
['thần chết'],['thần chết'],['001007']
['hoa giấy'],['hoa giấy'],['001008']
['thần kinh'],['thần kinh'],['001009']
['hoa dâm bụt'],['hoa dâm bụt'],['001010']
['thận'],['thận'],['001011']
['kết luận'],['kết luận'],['001012']
['thấp hơn'],['thấp hơn'],['001013']
['internet'],['internet'],['001014']
['thầy cô'],['thầy cô'],['001015']
['nhà vệ sinh'],['nhà vệ sinh'],['001016']
['thầy cô'],['thầy cô'],['001017']
['thầy cô'],['thầy cô'],['001018']
['đi vệ sinh'],['đi vệ sinh'],['001019']
['hoa mai'],['hoa mai'],['001020']
['thầy cúng'],['thầy cúng'],['001021']
['a'],['a'],['001022']
['thầy giáo'],['thầy giáo'],['001023']
['thầy giáo'],['thầy giáo'],['001024']
['ă'],['ă'],['001025']
['thầy giáo'],['thầy giáo'],['001026']
['ă'],['ă'],['001027']
['theo dõi'],['theo dõi'],['001028']
['â'],['â'],['001029']
['b'],['b'],['001030']
['theo đuổi'],['theo đuổi'],['001031']
['c'],['c'],['001032']
['thẻ'],['thẻ'],['001033']
['d'],['d'],['001034']
['thét'],['thét'],['001035']
['thề'],['thề'],['001036']
['đ'],['đ'],['001037']
['e'],['e'],['001038']
['thế hệ'],['thế hệ'],['001039']
['tri kỉ'],['tri kỉ'],['001040']
['ê'],['ê'],['001041']
['thêu'],['thêu'],['001042']
['ê'],['ê'],['001043']
['thi cử'],['thi cử'],['001044']
['ê'],['ê'],['001045']
['g'],['g'],['001046']
['thi cử'],['thi cử'],['001047']
['g'],['g'],['001048']
['thi cử'],['thi cử'],['001049']
['h'],['h'],['001050']
['thị giác'],['thị giác'],['001051']
['h'],['h'],['001052']
['thị lực'],['thị lực'],['001053']
['h'],['h'],['001054']
['thìa'],['thìa'],['001055']
['i'],['i'],['001056']
['thìa'],['thìa'],['001057']
['k'],['k'],['001058']
['thìa'],['thìa'],['001059']
['l'],['l'],['001060']
['thích thú'],['thích thú'],['001061']
['thích thú'],['thích thú'],['001062']
['ô'],['ô'],['001063']
['thích thú'],['thích thú'],['001064']
['ô'],['ô'],['001065']
['thiên đình'],['thiên đình'],['001066']
['ô'],['ô'],['001067']
['thiên nhiên'],['thiên nhiên'],['001068']
['ơ'],['ơ'],['001069']
['p'],['p'],['001070']
['thiên thần'],['thiên thần'],['001071']
['p'],['p'],['001072']
['thiếp đi'],['thiếp đi'],['001073']
['p'],['p'],['001074']
['thiếp mời'],['thiếp mời'],['001075']
['q'],['q'],['001076']
['thiệt thòi'],['thiệt thòi'],['001077']
['r'],['r'],['001078']
['thiếu nhi'],['thiếu nhi'],['001079']
['s'],['s'],['001080']
['thiếu niên'],['thiếu niên'],['001081']
['t'],['t'],['001082']
['thím'],['thím'],['001083']
['t'],['t'],['001084']
['thoát hiểm'],['thoát hiểm'],['001085']
['thóc (gạo)'],['thóc (gạo)'],['001086']
['thổi'],['thổi'],['001087']
['u'],['u'],['001088']
['thổi bóng'],['thổi bóng'],['001089']
['ư'],['ư'],['001090']
['thổi kèn'],['thổi kèn'],['001091']
['v'],['v'],['001092']
['thông báo'],['thông báo'],['001093']
['thông cảm'],['thông cảm'],['001094']
['z'],['z'],['001095']
['f'],['f'],['001096']
['thông minh'],['thông minh'],['001097']
['j'],['j'],['001098']
['thông minh'],['thông minh'],['001099']
['thông minh'],['thông minh'],['001100']
['w'],['w'],['001101']
['dấu huyền'],['dấu huyền'],['001102']
['thông qua'],['thông qua'],['001103']
['dấu huyền'],['dấu huyền'],['001104']
['thông thường'],['thông thường'],['001105']
['dấu huyền'],['dấu huyền'],['001106']
['thông tin'],['thông tin'],['001107']
['dấu sắc'],['dấu sắc'],['001108']
['tuổi thơ ấu'],['tuổi thơ ấu'],['001109']
['dấu sắc'],['dấu sắc'],['001110']
['thờ cúng'],['thờ cúng'],['001111']
['dấu sắc'],['dấu sắc'],['001112']
['thở dài'],['thở dài'],['001113']
['dấu hỏi'],['dấu hỏi'],['001114']
['thời gian biểu'],['thời gian biểu'],['001115']
['dấu hỏi'],['dấu hỏi'],['001116']
['thở'],['thở'],['001117']
['dấu hỏi'],['dấu hỏi'],['001118']
['thợ kim hoàn'],['thợ kim hoàn'],['001119']
['dấu ngã'],['dấu ngã'],['001120']
['thợ rèn'],['thợ rèn'],['001121']
['dấu ngã'],['dấu ngã'],['001122']
['thợ thêu'],['thợ thêu'],['001123']
['dấu ngã'],['dấu ngã'],['001124']
['thơm'],['thơm'],['001125']
['dấu nặng'],['dấu nặng'],['001126']
['thơm'],['thơm'],['001127']
['3'],['3'],['001128']
['thơm'],['thơm'],['001129']
['4'],['4'],['001130']
['thu mua'],['thu mua'],['001131']
['5'],['5'],['001132']
['thu nhỏ'],['thu nhỏ'],['001133']
['6'],['6'],['001134']
['thu thập'],['thu thập'],['001135']
['6'],['6'],['001136']
['thù lao'],['thù lao'],['001137']
['6'],['6'],['001138']
['thủ công'],['thủ công'],['001139']
['7'],['7'],['001140']
['thủ công'],['thủ công'],['001141']
['8'],['8'],['001142']
['thủ tướng'],['thủ tướng'],['001143']
['9'],['9'],['001144']
['thú dữ'],['thú dữ'],['001145']
['10'],['10'],['001146']
['thú dữ'],['thú dữ'],['001147']
['11'],['11'],['001148']
['thú dữ'],['thú dữ'],['001149']
['11'],['11'],['001150']
['thú y'],['thú y'],['001151']
['11'],['11'],['001152']
['thú y'],['thú y'],['001153']
['12'],['12'],['001154']
['thú y'],['thú y'],['001155']
['thuận lợi'],['thuận lợi'],['001156']
['ngữ pháp'],['ngữ pháp'],['001157']
['23'],['23'],['001158']
['ngữ pháp'],['ngữ pháp'],['001159']
['ngữ pháp'],['ngữ pháp'],['001160']
['40'],['40'],['001161']
['thúc đẩy'],['thúc đẩy'],['001162']
['80'],['80'],['001163']
['thuê'],['thuê'],['001164']
['90'],['90'],['001165']
['thuê'],['thuê'],['001166']
['100'],['100'],['001167']
['thuê'],['thuê'],['001168']
['1000 (một nghìn)'],['1000 (một nghìn)'],['001169']
['thùng'],['thùng'],['001170']
['5000 (năm nghìn)'],['5000 (năm nghìn)'],['001171']
['thủng'],['thủng'],['001172']
['5000 (năm nghìn)'],['5000 (năm nghìn)'],['001173']
['thuộc lòng'],['thuộc lòng'],['001174']
['10 000 (mười nghìn)'],['10 000 (mười nghìn)'],['001175']
['thuỷ điện'],['thuỷ điện'],['001176']
['10 000 (mười nghìn)'],['10 000 (mười nghìn)'],['001177']
['thuỷ điện'],['thuỷ điện'],['001178']
['10 000 (mười nghìn)'],['10 000 (mười nghìn)'],['001179']
['thuỷ điện'],['thuỷ điện'],['001180']
['1 000 000 (một triệu)'],['1 000 000 (một triệu)'],['001181']
['thuỷ thủ'],['thuỷ thủ'],['001182']
['1 000 000 (một triệu)'],['1 000 000 (một triệu)'],['001183']
['tinh trùng'],['tinh trùng'],['001184']
['1 000 000 (một triệu)'],['1 000 000 (một triệu)'],['001185']
['thủy chung'],['thủy chung'],['001186']
['1 000 000 000 (một tỉ)'],['1 000 000 000 (một tỉ)'],['001187']
['Thủy Điện Hòa Bình'],['Thủy Điện Hòa Bình'],['001188']
['1 000 000 000 (một tỉ)'],['1 000 000 000 (một tỉ)'],['001189']
['Thủy Điện Hòa Bình'],['Thủy Điện Hòa Bình'],['001190']
['1 000 000 000 (một tỉ)'],['1 000 000 000 (một tỉ)'],['001191']
['Thủy Điện Hòa Bình'],['Thủy Điện Hòa Bình'],['001192']
['thuyền chài'],['thuyền chài'],['001193']
['ác độc'],['ác độc'],['001194']
['thuyền rồng'],['thuyền rồng'],['001195']
['ác mộng'],['ác mộng'],['001196']
['ai'],['ai'],['001197']
['trưởng thành'],['trưởng thành'],['001198']
['ai'],['ai'],['001199']
['thuyết phục'],['thuyết phục'],['001200']
['ai'],['ai'],['001201']
['thuyết trình'],['thuyết trình'],['001202']
['An Giang'],['An Giang'],['001203']
['thư giãn'],['thư giãn'],['001204']
['an ninh'],['an ninh'],['001205']
['mục đích'],['mục đích'],['001206']
['Anh (nước Anh)'],['Anh (nước Anh)'],['001207']
['thừa'],['thừa'],['001208']
['Anh (nước Anh)'],['Anh (nước Anh)'],['001209']
['Thừa Thiên – Huế'],['Thừa Thiên – Huế'],['001210']
['Anh (nước Anh)'],['Anh (nước Anh)'],['001211']
['Thừa Thiên – Huế'],['Thừa Thiên – Huế'],['001212']
['anh chị'],['anh chị'],['001213']
['Thừa Thiên – Huế'],['Thừa Thiên – Huế'],['001214']
['anh chị em'],['anh chị em'],['001215']
['thực hành'],['thực hành'],['001216']
['anh dũng'],['anh dũng'],['001217']
['thực hiện'],['thực hiện'],['001218']
['anh dũng'],['anh dũng'],['001219']
['thực phẩm'],['thực phẩm'],['001220']
['anh dũng'],['anh dũng'],['001221']
['thực sự'],['thực sự'],['001222']
['anh em'],['anh em'],['001223']
['thực tế'],['thực tế'],['001224']
['anh em'],['anh em'],['001225']
['thực vật'],['thực vật'],['001226']
['anh hùng'],['anh hùng'],['001227']
['thương (số)'],['thương (số)'],['001228']
['anh rể'],['anh rể'],['001229']
['bùng binh'],['bùng binh'],['001230']
['anh rể'],['anh rể'],['001231']
['thương yêu'],['thương yêu'],['001232']
['anh rể'],['anh rể'],['001233']
['thương yêu'],['thương yêu'],['001234']
['anh ruột'],['anh ruột'],['001235']
['thương yêu'],['thương yêu'],['001236']
['anh ruột'],['anh ruột'],['001237']
['tỉ lệ'],['tỉ lệ'],['001238']
['anh ruột'],['anh ruột'],['001239']
['tỉ mỉ'],['tỉ mỉ'],['001240']
['anh vợ'],['anh vợ'],['001241']
['tia chớp'],['tia chớp'],['001242']
['sáng'],['sáng'],['001243']
['tia nắng'],['tia nắng'],['001244']
['ao chuôm'],['ao chuôm'],['001245']
['tia số'],['tia số'],['001246']
['tích (số)'],['tích (số)'],['001247']
['ảo thuật'],['ảo thuật'],['001248']
['tích cực'],['tích cực'],['001249']
['áo'],['áo'],['001250']
['tiếc'],['tiếc'],['001251']
['áo ấm'],['áo ấm'],['001252']
['tiếc'],['tiếc'],['001253']
['áo cánh'],['áo cánh'],['001254']
['tiếc'],['tiếc'],['001255']
['áo đồng phục'],['áo đồng phục'],['001256']
['tiệc'],['tiệc'],['001257']
['áo đồng phục'],['áo đồng phục'],['001258']
['tiêm'],['tiêm'],['001259']
['áo đồng phục'],['áo đồng phục'],['001260']
['Tiền Giang'],['Tiền Giang'],['001261']
['áo phông'],['áo phông'],['001262']
['tiến sĩ'],['tiến sĩ'],['001263']
['áo phông'],['áo phông'],['001264']
['tiện nghi'],['tiện nghi'],['001265']
['áp phích'],['áp phích'],['001266']
['tiếng Anh'],['tiếng Anh'],['001267']
['ăn diện'],['ăn diện'],['001268']
['tiếng Anh'],['tiếng Anh'],['001269']
['ăn hối lộ'],['ăn hối lộ'],['001270']
['tiếng Anh'],['tiếng Anh'],['001271']
['ăn uống'],['ăn uống'],['001272']
['tiếng nói'],['tiếng nói'],['001273']
['ăn vặt'],['ăn vặt'],['001274']
['tiếp tục'],['tiếp tục'],['001275']
['ăn xin'],['ăn xin'],['001276']
['tiếp tục'],['tiếp tục'],['001277']
['âm thanh'],['âm thanh'],['001278']
['tiếp tục'],['tiếp tục'],['001279']
['ầm ĩ'],['ầm ĩ'],['001280']
['tiết kiệm'],['tiết kiệm'],['001281']
['ẩm mốc'],['ẩm mốc'],['001282']
['tiết kiệm'],['tiết kiệm'],['001283']
['ẩm ướt'],['ẩm ướt'],['001284']
['tiết kiệm'],['tiết kiệm'],['001285']
['ấm áp'],['ấm áp'],['001286']
['tiêu cực'],['tiêu cực'],['001287']
['ấm đun nước'],['ấm đun nước'],['001288']
['tiêu diệt'],['tiêu diệt'],['001289']
['ấm no'],['ấm no'],['001290']
['tiêu hoá'],['tiêu hoá'],['001291']
['ấm trà'],['ấm trà'],['001292']
['thụ phấn (hoa)'],['thụ phấn (hoa)'],['001293']
['ân hận'],['ân hận'],['001294']
['tiểu học'],['tiểu học'],['001295']
['ấn tượng'],['ấn tượng'],['001296']
['tim'],['tim'],['001297']
['Âu Cơ'],['Âu Cơ'],['001298']
['Ba chân bốn cẳng'],['Ba chân bốn cẳng'],['001299']
['tìm hiểu'],['tìm hiểu'],['001300']
['Bà Nà'],['Bà Nà'],['001301']
['tìm hiểu'],['tìm hiểu'],['001302']
['Bà Rịa - Vũng Tàu'],['Bà Rịa - Vũng Tàu'],['001303']
['tìm hiểu'],['tìm hiểu'],['001304']
['triệu phú'],['triệu phú'],['001305']
['tím tái'],['tím tái'],['001306']
['Bạc Liêu'],['Bạc Liêu'],['001307']
['tin cậy'],['tin cậy'],['001308']
['bài báo'],['bài báo'],['001309']
['thần kì'],['thần kì'],['001310']
['bài thơ'],['bài thơ'],['001311']
['tình cảm'],['tình cảm'],['001312']
['bài thơ'],['bài thơ'],['001313']
['tình cờ'],['tình cờ'],['001314']
['bài thơ'],['bài thơ'],['001315']
['tình huống'],['tình huống'],['001316']
['hệ bài tiết'],['hệ bài tiết'],['001317']
['thương yêu'],['thương yêu'],['001318']
['Bãi biển Vũng Tàu'],['Bãi biển Vũng Tàu'],['001319']
['thương yêu'],['thương yêu'],['001320']
['bãi cát'],['bãi cát'],['001321']
['thương yêu'],['thương yêu'],['001322']
['bãi cỏ'],['bãi cỏ'],['001323']
['tình yêu'],['tình yêu'],['001324']
['bãi đỗ xe (ô tô)'],['bãi đỗ xe (ô tô)'],['001325']
['tĩnh lặng'],['tĩnh lặng'],['001326']
['bãi tắm'],['bãi tắm'],['001327']
['tính cách'],['tính cách'],['001328']
['ban giám hiệu'],['ban giám hiệu'],['001329']
['tính chất'],['tính chất'],['001330']
['ban ngày'],['ban ngày'],['001331']
['tính chất bằng nhau'],['tính chất bằng nhau'],['001332']
['bàn bạc'],['bàn bạc'],['001333']
['tính chất cơ bản của phân số'],['tính chất cơ bản của phân số'],['001334']
['bàn chải đánh răng'],['bàn chải đánh răng'],['001335']
['tính chất giao hoán'],['tính chất giao hoán'],['001336']
['bàn chân'],['bàn chân'],['001337']
['tính chất kết hợp'],['tính chất kết hợp'],['001338']
['bàn ghế'],['bàn ghế'],['001339']
['tính nhẩm'],['tính nhẩm'],['001340']
['bàn là'],['bàn là'],['001341']
['tính toán'],['tính toán'],['001342']
['bàn phím (máy vi tính)'],['bàn phím (máy vi tính)'],['001343']
['tính từ'],['tính từ'],['001344']
['bàn tay'],['bàn tay'],['001345']
['to lớn'],['to lớn'],['001346']
['bàn tán'],['bàn tán'],['001347']
['tò mò'],['tò mò'],['001348']
['bản đồ Việt Nam'],['bản đồ Việt Nam'],['001349']
['tò mò'],['tò mò'],['001350']
['bản đồ Việt Nam'],['bản đồ Việt Nam'],['001351']
['toa lét'],['toa lét'],['001352']
['bản đồ Việt Nam'],['bản đồ Việt Nam'],['001353']
['toa xe'],['toa xe'],['001354']
['bản làng'],['bản làng'],['001355']
['toa xe'],['toa xe'],['001356']
['bản lề'],['bản lề'],['001357']
['toa xe'],['toa xe'],['001358']
['bản nhạc'],['bản nhạc'],['001359']
['toà án'],['toà án'],['001360']
['bản sao (chỉ người)'],['bản sao (chỉ người)'],['001361']
['toà án'],['toà án'],['001362']
['bán hàng'],['bán hàng'],['001363']
['toà án'],['toà án'],['001364']
['bán hàng'],['bán hàng'],['001365']
['tòa soạn'],['tòa soạn'],['001366']
['bán hàng'],['bán hàng'],['001367']
['tỏa hương'],['tỏa hương'],['001368']
['bán kính (hình tròn)'],['bán kính (hình tròn)'],['001369']
['toàn cầu'],['toàn cầu'],['001370']
['bạn'],['bạn'],['001371']
['tóc xoăn'],['tóc xoăn'],['001372']
['bạn'],['bạn'],['001373']
['tóm cổ'],['tóm cổ'],['001374']
['bạn'],['bạn'],['001375']
['tóm lược'],['tóm lược'],['001376']
['bạn gái'],['bạn gái'],['001377']
['tóm tắt'],['tóm tắt'],['001378']
['bạn gái'],['bạn gái'],['001379']
['tô màu'],['tô màu'],['001380']
['bạn gái'],['bạn gái'],['001381']
['tô màu'],['tô màu'],['001382']
['bạn trai'],['bạn trai'],['001383']
['tôn thờ'],['tôn thờ'],['001384']
['bạn trai'],['bạn trai'],['001385']
['tổ tiên'],['tổ tiên'],['001386']
['bạn trai'],['bạn trai'],['001387']
['tổ trưởng'],['tổ trưởng'],['001388']
['bảng học sinh'],['bảng học sinh'],['001389']
['tôn trọng'],['tôn trọng'],['001390']
['bảng chia'],['bảng chia'],['001391']
['tổng (số)'],['tổng (số)'],['001392']
['bảng chia'],['bảng chia'],['001393']
['tổng hợp'],['tổng hợp'],['001394']
['bảng chỉ dẫn'],['bảng chỉ dẫn'],['001395']
['tổng thống'],['tổng thống'],['001396']
['bảng cộng'],['bảng cộng'],['001397']
['tổng thống'],['tổng thống'],['001398']
['bảng cửu chương'],['bảng cửu chương'],['001399']
['tổng thống'],['tổng thống'],['001400']
['bảng đen'],['bảng đen'],['001401']
['tống tiền'],['tống tiền'],['001402']
['bảng đen'],['bảng đen'],['001403']
['tờ báo'],['tờ báo'],['001404']
['bảng đen'],['bảng đen'],['001405']
['tờ báo'],['tờ báo'],['001406']
['hãng máy bay'],['hãng máy bay'],['001407']
['tờ báo'],['tờ báo'],['001408']
['bảng màu'],['bảng màu'],['001409']
['tờ giấy'],['tờ giấy'],['001410']
['bảng nhân'],['bảng nhân'],['001411']
['tờ giấy'],['tờ giấy'],['001412']
['bảng nhân'],['bảng nhân'],['001413']
['tờ giấy'],['tờ giấy'],['001414']
['bảng nhân'],['bảng nhân'],['001415']
['tờ tiền'],['tờ tiền'],['001416']
['hãng xe máy'],['hãng xe máy'],['001417']
['trang trí'],['trang trí'],['001418']
['bảng trừ'],['bảng trừ'],['001419']
['trà'],['trà'],['001420']
['bảng trừ'],['bảng trừ'],['001421']
['trả (đt)'],['trả (đt)'],['001422']
['bảng trừ'],['bảng trừ'],['001423']
['trả lời'],['trả lời'],['001424']
['bánh bột lọc'],['bánh bột lọc'],['001425']
['trách nhiệm'],['trách nhiệm'],['001426']
['bánh cốm'],['bánh cốm'],['001427']
['trái nghĩa'],['trái nghĩa'],['001428']
['bánh cuốn'],['bánh cuốn'],['001429']
['trái nghĩa'],['trái nghĩa'],['001430']
['bánh đa'],['bánh đa'],['001431']
['trạm xe buýt'],['trạm xe buýt'],['001432']
['bánh đúc'],['bánh đúc'],['001433']
['trạm y tế'],['trạm y tế'],['001434']
['bánh gai'],['bánh gai'],['001435']
['tràn ngập (nước)'],['tràn ngập (nước)'],['001436']
['bánh giầy'],['bánh giầy'],['001437']
['trang phục'],['trang phục'],['001438']
['bánh giò'],['bánh giò'],['001439']
['tranh luận'],['tranh luận'],['001440']
['bánh gối'],['bánh gối'],['001441']
['tai nạn giao thông'],['tai nạn giao thông'],['001442']
['bánh mì'],['bánh mì'],['001443']
['tránh thai'],['tránh thai'],['001444']
['bánh mì'],['bánh mì'],['001445']
['trao tặng'],['trao tặng'],['001446']
['bánh mì'],['bánh mì'],['001447']
['trăng'],['trăng'],['001448']
['bánh pizza'],['bánh pizza'],['001449']
['trăng'],['trăng'],['001450']
['bánh pía'],['bánh pía'],['001451']
['trắng muốt'],['trắng muốt'],['001452']
['hãng tàu thuyền'],['hãng tàu thuyền'],['001453']
['trắng tay'],['trắng tay'],['001454']
['bánh xe'],['bánh xe'],['001455']
['trầm trồ'],['trầm trồ'],['001456']
['bao la'],['bao la'],['001457']
['quạt trần'],['quạt trần'],['001458']
['bảo hiểm'],['bảo hiểm'],['001459']
['trần nhà'],['trần nhà'],['001460']
['lưu'],['lưu'],['001461']
['tự (tự làm)'],['tự (tự làm)'],['001462']
['bảo tàng'],['bảo tàng'],['001463']
['tre'],['tre'],['001464']
['bảo thủ'],['bảo thủ'],['001465']
['tre'],['tre'],['001466']
['tre'],['tre'],['001467']
['tồn tại'],['tồn tại'],['001468']
['bảo vệ môi trường'],['bảo vệ môi trường'],['001469']
['trêu'],['trêu'],['001470']
['bảo vệ môi trường'],['bảo vệ môi trường'],['001471']
['trêu tức'],['trêu tức'],['001472']
['bảo vệ môi trường'],['bảo vệ môi trường'],['001473']
['trí khôn'],['trí khôn'],['001474']
['báo (con báo)'],['báo (con báo)'],['001475']
['trí thức'],['trí thức'],['001476']
['báo (con báo)'],['báo (con báo)'],['001477']
['triều cường'],['triều cường'],['001478']
['báo (con báo)'],['báo (con báo)'],['001479']
['triều đình'],['triều đình'],['001480']
['báo cáo'],['báo cáo'],['001481']
['trình bày'],['trình bày'],['001482']
['báo động'],['báo động'],['001483']
['trình độ'],['trình độ'],['001484']
['báo thù'],['báo thù'],['001485']
['trọc đầu'],['trọc đầu'],['001486']
['bát'],['bát'],['001487']
['trói tay'],['trói tay'],['001488']
['bát hương'],['bát hương'],['001489']
['tròn trịa (mặt)'],['tròn trịa (mặt)'],['001490']
['bát ngát'],['bát ngát'],['001491']
['trong sáng'],['trong sáng'],['001492']
['tròn'],['tròn'],['001493']
['xì hơi (đánh rắm)'],['xì hơi (đánh rắm)'],['001494']
['bay liệng (bay lượn)'],['bay liệng (bay lượn)'],['001495']
['trong ngoài'],['trong ngoài'],['001496']
['bắc bán cầu'],['bắc bán cầu'],['001497']
['trong ngoài'],['trong ngoài'],['001498']
['Bắc bộ'],['Bắc bộ'],['001499']
['trong ngoài'],['trong ngoài'],['001500']
['Bắc Giang'],['Bắc Giang'],['001501']
['trong suốt'],['trong suốt'],['001502']
['Bắc Kạn'],['Bắc Kạn'],['001503']
['trọng tài'],['trọng tài'],['001504']
['bắc nam'],['bắc nam'],['001505']
['xe tải'],['xe tải'],['001506']
['bắc nam'],['bắc nam'],['001507']
['trộm cắp'],['trộm cắp'],['001508']
['Bắc Ninh'],['Bắc Ninh'],['001509']
['trốn chạy'],['trốn chạy'],['001510']
['bắn bi'],['bắn bi'],['001511']
['trốn chạy'],['trốn chạy'],['001512']
['bắn bi'],['bắn bi'],['001513']
['trốn chạy'],['trốn chạy'],['001514']
['bắn bi'],['bắn bi'],['001515']
['trông chờ'],['trông chờ'],['001516']
['bắn súng'],['bắn súng'],['001517']
['trông chờ'],['trông chờ'],['001518']
['băng bó'],['băng bó'],['001519']
['trông nom'],['trông nom'],['001520']
['băng chuyền'],['băng chuyền'],['001521']
['trông nom'],['trông nom'],['001522']
['băng dính'],['băng dính'],['001523']
['trống'],['trống'],['001524']
['băng giá'],['băng giá'],['001525']
['trộn (đt)'],['trộn (đt)'],['001526']
['bằng phẳng'],['bằng phẳng'],['001527']
['trở thành'],['trở thành'],['001528']
['bắp ngô'],['bắp ngô'],['001529']
['trú mưa'],['trú mưa'],['001530']
['bắp ngô'],['bắp ngô'],['001531']
['trục hoành'],['trục hoành'],['001532']
['bắp ngô'],['bắp ngô'],['001533']
['trục tung'],['trục tung'],['001534']
['bắt'],['bắt'],['001535']
['trục xuất'],['trục xuất'],['001536']
['bắt đền'],['bắt đền'],['001537']
['trụi lá'],['trụi lá'],['001538']
['bắt đền'],['bắt đền'],['001539']
['trụi lá'],['trụi lá'],['001540']
['bắt đền'],['bắt đền'],['001541']
['trụi lá'],['trụi lá'],['001542']
['bắt giữ'],['bắt giữ'],['001543']
['trùm chăn'],['trùm chăn'],['001544']
['bắt nạt'],['bắt nạt'],['001545']
['trung bình'],['trung bình'],['001546']
['bắt tay'],['bắt tay'],['001547']
['trung điểm'],['trung điểm'],['001548']
['bậc thang'],['bậc thang'],['001549']
['Trung Quốc (nước Trung Quốc)'],['Trung Quốc (nước Trung Quốc)'],['001550']
['bập bênh'],['bập bênh'],['001551']
['Trung Quốc (nước Trung Quốc)'],['Trung Quốc (nước Trung Quốc)'],['001552']
['bất động'],['bất động'],['001553']
['Trung Quốc (nước Trung Quốc)'],['Trung Quốc (nước Trung Quốc)'],['001554']
['bất hiếu'],['bất hiếu'],['001555']
['trung tâm'],['trung tâm'],['001556']
['bật đèn'],['bật đèn'],['001557']
['trung thành'],['trung thành'],['001558']
['bật lửa'],['bật lửa'],['001559']
['Trung Thu'],['Trung Thu'],['001560']
['bẫy chuột (hành động)'],['bẫy chuột (hành động)'],['001561']
['Trung Thu'],['Trung Thu'],['001562']
['bẫy chuột (hành động)'],['bẫy chuột (hành động)'],['001563']
['Trung Thu'],['Trung Thu'],['001564']
['bẫy chuột (dụng cụ)'],['bẫy chuột (dụng cụ)'],['001565']
['trung ương'],['trung ương'],['001566']
['bẻ ngô'],['bẻ ngô'],['001567']
['trúng thưởng'],['trúng thưởng'],['001568']
['bẻ ngô'],['bẻ ngô'],['001569']
['trúng tuyển'],['trúng tuyển'],['001570']
['bẻ ngô'],['bẻ ngô'],['001571']
['trúng tuyển'],['trúng tuyển'],['001572']
['bé gái'],['bé gái'],['001573']
['trúng tuyển'],['trúng tuyển'],['001574']
['bé hơn'],['bé hơn'],['001575']
['truyền dịch'],['truyền dịch'],['001576']
['bé loắt choắt'],['bé loắt choắt'],['001577']
['truyền thông'],['truyền thông'],['001578']
['bé trai'],['bé trai'],['001579']
['truyền thống'],['truyền thống'],['001580']
['bé trai'],['bé trai'],['001581']
['trực nhật'],['trực nhật'],['001582']
['bé trai'],['bé trai'],['001583']
['trứng'],['trứng'],['001584']
['béo'],['béo'],['001585']
['trứng'],['trứng'],['001586']
['bê tông'],['bê tông'],['001587']
['trứng'],['trứng'],['001588']
['bể bơi'],['bể bơi'],['001589']
['trường tiểu học'],['trường tiểu học'],['001590']
['bể cá'],['bể cá'],['001591']
['trường tiểu học'],['trường tiểu học'],['001592']
['bế em'],['bế em'],['001593']
['trước'],['trước'],['001594']
['bên cạnh'],['bên cạnh'],['001595']
['trước'],['trước'],['001596']
['bên cạnh'],['bên cạnh'],['001597']
['trường hợp'],['trường hợp'],['001598']
['bên dưới'],['bên dưới'],['001599']
['trường mầm non'],['trường mầm non'],['001600']
['bên phải'],['bên phải'],['001601']
['trường mầm non'],['trường mầm non'],['001602']
['bên trái'],['bên trái'],['001603']
['trường mầm non'],['trường mầm non'],['001604']
['bên trên'],['bên trên'],['001605']
['trường PTCS (cấp 2)'],['trường PTCS (cấp 2)'],['001606']
['bên trong'],['bên trong'],['001607']
['trường PTCS (cấp 2)'],['trường PTCS (cấp 2)'],['001608']
['bến phà'],['bến phà'],['001609']
['trường PTCS (cấp 2)'],['trường PTCS (cấp 2)'],['001610']
['bến tàu'],['bến tàu'],['001611']
['trường THPT ( cấp 3)'],['trường THPT ( cấp 3)'],['001612']
['Bến Tre'],['Bến Tre'],['001613']
['trường THPT ( cấp 3)'],['trường THPT ( cấp 3)'],['001614']
['bến xe'],['bến xe'],['001615']
['trường THPT ( cấp 3)'],['trường THPT ( cấp 3)'],['001616']
['bênh vực'],['bênh vực'],['001617']
['trưởng nhóm'],['trưởng nhóm'],['001618']
['bệnh thủy đậu'],['bệnh thủy đậu'],['001619']
['tù giam'],['tù giam'],['001620']
['bệnh nhân'],['bệnh nhân'],['001621']
['tụ tập'],['tụ tập'],['001622']
['bệnh tật'],['bệnh tật'],['001623']
['tuân lệnh'],['tuân lệnh'],['001624']
['bí ngô'],['bí ngô'],['001625']
['tuân thủ'],['tuân thủ'],['001626']
['bị động'],['bị động'],['001627']
['tủi thân'],['tủi thân'],['001628']
['bìa vở'],['bìa vở'],['001629']
['túm tóc'],['túm tóc'],['001630']
['bịa đặt'],['bịa đặt'],['001631']
['tung tăng'],['tung tăng'],['001632']
['hóa đơn'],['hóa đơn'],['001633']
['tuổi thơ'],['tuổi thơ'],['001634']
['biển đông'],['biển đông'],['001635']
['tuốt lúa'],['tuốt lúa'],['001636']
['biển hiệu'],['biển hiệu'],['001637']
['tuỷ sống'],['tuỷ sống'],['001638']
['biến đổi'],['biến đổi'],['001639']
['tuyên bố'],['tuyên bố'],['001640']
['biện pháp'],['biện pháp'],['001641']
['tuyên ngôn'],['tuyên ngôn'],['001642']
['biểu đồ'],['biểu đồ'],['001643']
['tuyệt vọng'],['tuyệt vọng'],['001644']
['biểu đồ cột'],['biểu đồ cột'],['001645']
['từ bỏ'],['từ bỏ'],['001646']
['biểu đồ hình quạt'],['biểu đồ hình quạt'],['001647']
['từ đồng âm'],['từ đồng âm'],['001648']
['biểu thị'],['biểu thị'],['001649']
['từ ngữ'],['từ ngữ'],['001650']
['biểu thức'],['biểu thức'],['001651']
['từ phải sang trái'],['từ phải sang trái'],['001652']
['bím tóc đuôi sam'],['bím tóc đuôi sam'],['001653']
['từ trái nghĩa'],['từ trái nghĩa'],['001654']
['bình an'],['bình an'],['001655']
['từ trái nghĩa'],['từ trái nghĩa'],['001656']
['bình an'],['bình an'],['001657']
['từ trái nghĩa'],['từ trái nghĩa'],['001658']
['bình an'],['bình an'],['001659']
['từ trái sang phải'],['từ trái sang phải'],['001660']
['Bình Dương'],['Bình Dương'],['001661']
['tự lập'],['tự lập'],['001662']
['Bình Phước'],['Bình Phước'],['001663']
['tự lập'],['tự lập'],['001664']
['Bình Thuận'],['Bình Thuận'],['001665']
['tự lập'],['tự lập'],['001666']
['bình thường'],['bình thường'],['001667']
['tự tin'],['tự tin'],['001668']
['bình thường'],['bình thường'],['001669']
['tự tin'],['tự tin'],['001670']
['bình thường'],['bình thường'],['001671']
['tự tin'],['tự tin'],['001672']
['bít tất'],['bít tất'],['001673']
['tự vệ'],['tự vệ'],['001674']
['bò'],['bò'],['001675']
['tự vệ'],['tự vệ'],['001676']
['bò sát'],['bò sát'],['001677']
['tự vệ'],['tự vệ'],['001678']
['bò tót'],['bò tót'],['001679']
['tươi cười'],['tươi cười'],['001680']
['bỏ hoang'],['bỏ hoang'],['001681']
['tưới cây'],['tưới cây'],['001682']
['bỏ phiếu'],['bỏ phiếu'],['001683']
['tưới cây'],['tưới cây'],['001684']
['bỏ qua'],['bỏ qua'],['001685']
['tưới cây'],['tưới cây'],['001686']
['bỏ rơi'],['bỏ rơi'],['001687']
['nước tương (xì dầu)'],['nước tương (xì dầu)'],['001688']
['bó đũa'],['bó đũa'],['001689']
['tương ứng'],['tương ứng'],['001690']
['bó hoa'],['bó hoa'],['001691']
['tưởng'],['tưởng'],['001692']
['bóc lột'],['bóc lột'],['001693']
['tưởng tượng'],['tưởng tượng'],['001694']
['bóc vỏ'],['bóc vỏ'],['001695']
['tượng'],['tượng'],['001696']
['bón phân'],['bón phân'],['001697']
['tượng đài'],['tượng đài'],['001698']
['bón phân'],['bón phân'],['001699']
['u ám ( trời u ám)'],['u ám ( trời u ám)'],['001700']
['bón phân'],['bón phân'],['001701']
['ung dung'],['ung dung'],['001702']
['bỏng'],['bỏng'],['001703']
['ủng'],['ủng'],['001704']
['bỏng ngô'],['bỏng ngô'],['001705']
['ủng hộ'],['ủng hộ'],['001706']
['bóng bay'],['bóng bay'],['001707']
['UNICEF'],['UNICEF'],['001708']
['boong tàu'],['boong tàu'],['001709']
['uốn'],['uốn'],['001710']
['bọt biển'],['bọt biển'],['001711']
['uốn cong'],['uốn cong'],['001712']
['bọt xà phòng'],['bọt xà phòng'],['001713']
['uốn dẻo'],['uốn dẻo'],['001714']
['bồ kết'],['bồ kết'],['001715']
['uốn tóc'],['uốn tóc'],['001716']
['bổ ích'],['bổ ích'],['001717']
['úp'],['úp'],['001718']
['bổ ngữ'],['bổ ngữ'],['001719']
['ủy ban'],['ủy ban'],['001720']
['bổ trợ'],['bổ trợ'],['001721']
['ủy ban nhân dân'],['ủy ban nhân dân'],['001722']
['bố trí'],['bố trí'],['001723']
['ủy quyền'],['ủy quyền'],['001724']
['bộ truyện'],['bộ truyện'],['001725']
['ủy quyền'],['ủy quyền'],['001726']
['bốc vác'],['bốc vác'],['001727']
['ủy quyền'],['ủy quyền'],['001728']
['bố'],['bố'],['001729']
['ưu tiên'],['ưu tiên'],['001730']
['bố mẹ'],['bố mẹ'],['001731']
['ưu tiên'],['ưu tiên'],['001732']
['bộ đội'],['bộ đội'],['001733']
['va chạm'],['va chạm'],['001734']
['bộ đội'],['bộ đội'],['001735']
['va li'],['va li'],['001736']
['bộ đội'],['bộ đội'],['001737']
['vác'],['vác'],['001738']
['bộ sách'],['bộ sách'],['001739']
['vạch trần'],['vạch trần'],['001740']
['bốc hơi'],['bốc hơi'],['001741']
['vạch xuất phát'],['vạch xuất phát'],['001742']
['bốc thăm'],['bốc thăm'],['001743']
['vai'],['vai'],['001744']
['bồi bàn'],['bồi bàn'],['001745']
['vai trò'],['vai trò'],['001746']
['bồi thường'],['bồi thường'],['001747']
['vái lạy'],['vái lạy'],['001748']
['bồn hoa'],['bồn hoa'],['001749']
['vái tứ phương'],['vái tứ phương'],['001750']
['bồn rửa bát'],['bồn rửa bát'],['001751']
['vạm vỡ'],['vạm vỡ'],['001752']
['bông hoa'],['bông hoa'],['001753']
['vàng (kim loại)'],['vàng (kim loại)'],['001754']
['bông hoa'],['bông hoa'],['001755']
['vàng bạc'],['vàng bạc'],['001756']
['bông hoa'],['bông hoa'],['001757']
['vào'],['vào'],['001758']
['bốt cảnh sát'],['bốt cảnh sát'],['001759']
['vào lớp'],['vào lớp'],['001760']
['vào mùa'],['vào mùa'],['001761']
['văn'],['văn'],['001762']
['bột giặt'],['bột giặt'],['001763']
['văn bản'],['văn bản'],['001764']
['bột màu'],['bột màu'],['001765']
['Văn miếu Quốc Tử Giám'],['Văn miếu Quốc Tử Giám'],['001766']
['bột màu'],['bột màu'],['001767']
['văn nghệ'],['văn nghệ'],['001768']
['bột màu'],['bột màu'],['001769']
['văn nghệ'],['văn nghệ'],['001770']
['bột ngọt'],['bột ngọt'],['001771']
['văn nghệ'],['văn nghệ'],['001772']
['bột ngọt'],['bột ngọt'],['001773']
['vắn tắt'],['vắn tắt'],['001774']
['bờ biển'],['bờ biển'],['001775']
['vắng'],['vắng'],['001776']
['bờ rào'],['bờ rào'],['001777']
['vắng'],['vắng'],['001778']
['bờ ruộng'],['bờ ruộng'],['001779']
['vắng'],['vắng'],['001780']
['bơi'],['bơi'],['001781']
['vắng lặng'],['vắng lặng'],['001782']
['bơi lội'],['bơi lội'],['001783']
['vắt cam'],['vắt cam'],['001784']
['bơm (cái bơm)'],['bơm (cái bơm)'],['001785']
['vấn đề'],['vấn đề'],['001786']
['bơm nước'],['bơm nước'],['001787']
['vấn đề'],['vấn đề'],['001788']
['bơm xe'],['bơm xe'],['001789']
['vấn đề'],['vấn đề'],['001790']
['bờm tóc'],['bờm tóc'],['001791']
['vận chuyển'],['vận chuyển'],['001792']
['bớt'],['bớt'],['001793']
['vận động'],['vận động'],['001794']
['bớt đi'],['bớt đi'],['001795']
['vật'],['vật'],['001796']
['Bru-nây (nước Bru-nây)'],['Bru-nây (nước Bru-nây)'],['001797']
['vật nuôi'],['vật nuôi'],['001798']
['Bru-nây (nước Bru-nây)'],['Bru-nây (nước Bru-nây)'],['001799']
['vật nuôi'],['vật nuôi'],['001800']
['vật nuôi'],['vật nuôi'],['001801']
['cỏ'],['cỏ'],['001802']
['vây bắt'],['vây bắt'],['001803']
['cỏ'],['cỏ'],['001804']
['vẫy tay'],['vẫy tay'],['001805']
['cỏ'],['cỏ'],['001806']
['vẫy vùng (cá)'],['vẫy vùng (cá)'],['001807']
['bụi đời'],['bụi đời'],['001808']
['vé'],['vé'],['001809']
['bụi phấn'],['bụi phấn'],['001810']
['vệ sinh cá nhân'],['vệ sinh cá nhân'],['001811']
['bụi phấn'],['bụi phấn'],['001812']
['vênh váo'],['vênh váo'],['001813']
['bụi phấn'],['bụi phấn'],['001814']
['vết thương'],['vết thương'],['001815']
['Bun-ga-ri (nước Bun-ga-ri)'],['Bun-ga-ri (nước Bun-ga-ri)'],['001816']
['vi khuẩn'],['vi khuẩn'],['001817']
['bùn'],['bùn'],['001818']
['vĩ cầm'],['vĩ cầm'],['001819']
['bụng'],['bụng'],['001820']
['vĩ đại'],['vĩ đại'],['001821']
['buộc dây'],['buộc dây'],['001822']
['vị ngữ'],['vị ngữ'],['001823']
['buộc tóc'],['buộc tóc'],['001824']
['vị trí'],['vị trí'],['001825']
['buổi chiều'],['buổi chiều'],['001826']
['việc làm'],['việc làm'],['001827']
['buổi đêm'],['buổi đêm'],['001828']
['viện bảo tàng'],['viện bảo tàng'],['001829']
['buổi đêm'],['buổi đêm'],['001830']
['viện nghiên cứu'],['viện nghiên cứu'],['001831']
['buổi đêm'],['buổi đêm'],['001832']
['viết lia lịa'],['viết lia lịa'],['001833']
['buổi sáng'],['buổi sáng'],['001834']
['Vĩnh Long'],['Vĩnh Long'],['001835']
['buổi sáng'],['buổi sáng'],['001836']
['Vĩnh Phúc'],['Vĩnh Phúc'],['001837']
['buổi sáng'],['buổi sáng'],['001838']
['vịnh'],['vịnh'],['001839']
['buổi tối'],['buổi tối'],['001840']
['vịnh Hạ Long'],['vịnh Hạ Long'],['001841']
['buổi tối'],['buổi tối'],['001842']
['Võ Nguyên Giáp'],['Võ Nguyên Giáp'],['001843']
['buổi tối'],['buổi tối'],['001844']
['vòi voi'],['vòi voi'],['001845']
['buổi trưa'],['buổi trưa'],['001846']
['vòng đeo tay'],['vòng đeo tay'],['001847']
['buổi trưa'],['buổi trưa'],['001848']
['buổi trưa'],['buổi trưa'],['001849']
['vỏ'],['vỏ'],['001850']
['buôn làng'],['buôn làng'],['001851']
['võ thuật'],['võ thuật'],['001852']
['buồn nôn'],['buồn nôn'],['001853']
['vòi nước'],['vòi nước'],['001854']
['buông màn'],['buông màn'],['001855']
['vòng đời'],['vòng đời'],['001856']
['buông màn'],['buông màn'],['001857']
['vòng tròn'],['vòng tròn'],['001858']
['buông màn'],['buông màn'],['001859']
['võng (cái võng)'],['võng (cái võng)'],['001860']
['buồng trứng'],['buồng trứng'],['001861']
['nhiều vô cùng'],['nhiều vô cùng'],['001862']
['búp bê'],['búp bê'],['001863']
['vô lí'],['vô lí'],['001864']
['bút'],['bút'],['001865']
['vô lo vô nghĩ'],['vô lo vô nghĩ'],['001866']
['bút bi'],['bút bi'],['001867']
['vô tâm'],['vô tâm'],['001868']
['bút màu'],['bút màu'],['001869']
['xa vô tận'],['xa vô tận'],['001870']
['bút máy'],['bút máy'],['001871']
['vô tư'],['vô tư'],['001872']
['bữa cơm'],['bữa cơm'],['001873']
['vô ý'],['vô ý'],['001874']
['vô ý thức'],['vô ý thức'],['001875']
['bức tranh'],['bức tranh'],['001876']
['vồ'],['vồ'],['001877']
['bức tranh'],['bức tranh'],['001878']
['vỗ cánh'],['vỗ cánh'],['001879']
['bức tường'],['bức tường'],['001880']
['vỗ tay'],['vỗ tay'],['001881']
['bước'],['bước'],['001882']
['vội vã'],['vội vã'],['001883']
['bước chân'],['bước chân'],['001884']
['vở chèo'],['vở chèo'],['001885']
['bướng bỉnh'],['bướng bỉnh'],['001886']
['vỡ'],['vỡ'],['001887']
['bướng bỉnh'],['bướng bỉnh'],['001888']
['vũ trụ'],['vũ trụ'],['001889']
['bưu tá'],['bưu tá'],['001890']
['vua Hùng'],['vua Hùng'],['001891']
['ca'],['ca'],['001892']
['vui chơi'],['vui chơi'],['001893']
['ca nô'],['ca nô'],['001894']
['vui chơi'],['vui chơi'],['001895']
['Cà Mau'],['Cà Mau'],['001896']
['vui chơi'],['vui chơi'],['001897']
['cá kho'],['cá kho'],['001898']
['vui mừng'],['vui mừng'],['001899']
['cá kho'],['cá kho'],['001900']
['vui mừng'],['vui mừng'],['001901']
['cái bè'],['cái bè'],['001902']
['vui mừng'],['vui mừng'],['001903']
['cái gương'],['cái gương'],['001904']
['vui sướng'],['vui sướng'],['001905']
['cái gương'],['cái gương'],['001906']
['vui sướng'],['vui sướng'],['001907']
['cái gương'],['cái gương'],['001908']
['cái nhíp'],['cái nhíp'],['001909']
['vui tính'],['vui tính'],['001910']
['cái túi'],['cái túi'],['001911']
['vun đắp'],['vun đắp'],['001912']
['Cam-pu-chia (nước Cam-pu-chia)'],['Cam-pu-chia (nước Cam-pu-chia)'],['001913']
['vùng vẫy (dành cho người)'],['vùng vẫy (dành cho người)'],['001914']
['Cam-pu-chia (nước Cam-pu-chia)'],['Cam-pu-chia (nước Cam-pu-chia)'],['001915']
['hình vuông'],['hình vuông'],['001916']
['Cam-pu-chia (nước Cam-pu-chia)'],['Cam-pu-chia (nước Cam-pu-chia)'],['001917']
['vuốt tóc'],['vuốt tóc'],['001918']
['cảnh vật'],['cảnh vật'],['001919']
['vuông góc'],['vuông góc'],['001920']
['cánh tay'],['cánh tay'],['001921']
['vững chắc'],['vững chắc'],['001922']
['cạnh'],['cạnh'],['001923']
['vườn thú'],['vườn thú'],['001924']
['cạnh bên (toán)'],['cạnh bên (toán)'],['001925']
['vượt trội'],['vượt trội'],['001926']
['cạnh đáy'],['cạnh đáy'],['001927']
['xa cách'],['xa cách'],['001928']
['cạnh đối diện'],['cạnh đối diện'],['001929']
['xa xôi'],['xa xôi'],['001930']
['cao (người)'],['cao (người)'],['001931']
['xà phòng'],['xà phòng'],['001932']
['cao (vật)'],['cao (vật)'],['001933']
['xà phòng'],['xà phòng'],['001934']
['cao (nhà)'],['cao (nhà)'],['001935']
['xà phòng'],['xà phòng'],['001936']
['cao (núi)'],['cao (núi)'],['001937']
['xà phòng giặt'],['xà phòng giặt'],['001938']
['Cao Bằng'],['Cao Bằng'],['001939']
['xà phòng giặt'],['xà phòng giặt'],['001940']
['cao độ'],['cao độ'],['001941']
['xà phòng giặt'],['xà phòng giặt'],['001942']
['cao nguyên'],['cao nguyên'],['001943']
['xả rác'],['xả rác'],['001944']
['cao quý'],['cao quý'],['001945']
['xã hội'],['xã hội'],['001946']
['cao tầng'],['cao tầng'],['001947']
['xã hội'],['xã hội'],['001948']
['cao thấp'],['cao thấp'],['001949']
['xã hội'],['xã hội'],['001950']
['cao tốc'],['cao tốc'],['001951']
['xách túi'],['xách túi'],['001952']
['cát'],['cát'],['001953']
['xanh xao'],['xanh xao'],['001954']
['cau có'],['cau có'],['001955']
['xanh xao'],['xanh xao'],['001956']
['cày'],['cày'],['001957']
['xanh xao'],['xanh xao'],['001958']
['cày ruộng'],['cày ruộng'],['001959']
['xã'],['xã'],['001960']
['cây xanh tươi'],['cây xanh tươi'],['001961']
['cặp sách'],['cặp sách'],['001962']
['cây xanh tươi'],['cây xanh tươi'],['001963']
['cặp tóc'],['cặp tóc'],['001964']
['cây xanh tươi'],['cây xanh tươi'],['001965']
['cắt nhau'],['cắt nhau'],['001966']
['cần khởi động'],['cần khởi động'],['001967']
['xăm'],['xăm'],['001968']
['cấp cứu'],['cấp cứu'],['001969']
['xăng'],['xăng'],['001970']
['cấp dưỡng'],['cấp dưỡng'],['001971']
['xăng-ti-mét (cm)'],['xăng-ti-mét (cm)'],['001972']
['cất giấu'],['cất giấu'],['001973']
['xăng-ti-mét-khối (cm3)'],['xăng-ti-mét-khối (cm3)'],['001974']
['câu cá'],['câu cá'],['001975']
['xăng-ti-mét-vuông (cm2)'],['xăng-ti-mét-vuông (cm2)'],['001976']
['câu chuyện'],['câu chuyện'],['001977']
['xâm lược'],['xâm lược'],['001978']
['câu đố'],['câu đố'],['001979']
['xây'],['xây'],['001980']
['câu đối'],['câu đối'],['001981']
['xây'],['xây'],['001982']
['câu đơn'],['câu đơn'],['001983']
['xây'],['xây'],['001984']
['câu ghép'],['câu ghép'],['001985']
['xây nhà'],['xây nhà'],['001986']
['câu thơ'],['câu thơ'],['001987']
['xe đạp'],['xe đạp'],['001988']
['câu thơ'],['câu thơ'],['001989']
['xe ben'],['xe ben'],['001990']
['câu thơ'],['câu thơ'],['001991']
['xe máy'],['xe máy'],['001992']
['câu văn'],['câu văn'],['001993']
['xe cảnh sát'],['xe cảnh sát'],['001994']
['cầu (cây cầu)'],['cầu (cây cầu)'],['001995']
['xe cứu hỏa'],['xe cứu hỏa'],['001996']
['cầu cứu'],['cầu cứu'],['001997']
['xe cứu thương'],['xe cứu thương'],['001998']
['cầu giao'],['cầu giao'],['001999']
['xe khách'],['xe khách'],['002000']
['cầu kì'],['cầu kì'],['002001']
['xe khách'],['xe khách'],['002002']
['cầu nguyện'],['cầu nguyện'],['002003']
['xe khách'],['xe khách'],['002004']
['cầu thủ'],['cầu thủ'],['002005']
['xe lam'],['xe lam'],['002006']
['cầu tre'],['cầu tre'],['002007']
['xe lu'],['xe lu'],['002008']
['cây ăn quả'],['cây ăn quả'],['002009']
['xe cẩu'],['xe cẩu'],['002010']
['cây ăn quả'],['cây ăn quả'],['002011']
['xé rách'],['xé rách'],['002012']
['cây ăn quả'],['cây ăn quả'],['002013']
['xem xét'],['xem xét'],['002014']
['cây bàng'],['cây bàng'],['002015']
['xen'],['xen'],['002016']
['cây bàng'],['cây bàng'],['002017']
['xẻng'],['xẻng'],['002018']
['cây cổ thụ'],['cây cổ thụ'],['002019']
['xếp'],['xếp'],['002020']
['cây cổ thụ'],['cây cổ thụ'],['002021']
['xếp hàng'],['xếp hàng'],['002022']
['cây cổ thụ'],['cây cổ thụ'],['002023']
['xếp hàng dọc'],['xếp hàng dọc'],['002024']
['cây cối'],['cây cối'],['002025']
['xếp hàng ngang'],['xếp hàng ngang'],['002026']
['cây đa'],['cây đa'],['002027']
['xếp hàng ưu tiên'],['xếp hàng ưu tiên'],['002028']
['cây gỗ'],['cây gỗ'],['002029']
['xinh'],['xinh'],['002030']
['cây khế'],['cây khế'],['002031']
['xinh xắn'],['xinh xắn'],['002032']
['cây ngô'],['cây ngô'],['002033']
['xóa bảng'],['xóa bảng'],['002034']
['cây ngô'],['cây ngô'],['002035']
['xoá bỏ'],['xoá bỏ'],['002036']
['cây ngô'],['cây ngô'],['002037']
['xoáy'],['xoáy'],['002038']
['cây phượng'],['cây phượng'],['002039']
['xóm làng'],['xóm làng'],['002040']
['cây phượng'],['cây phượng'],['002041']
['xô'],['xô'],['002042']
['cây thân gỗ'],['cây thân gỗ'],['002043']
['xôi'],['xôi'],['002044']
['cây thân gỗ'],['cây thân gỗ'],['002045']
['xông hơi'],['xông hơi'],['002046']
['cây thân gỗ'],['cây thân gỗ'],['002047']
['xu (tiền)'],['xu (tiền)'],['002048']
['cây tre'],['cây tre'],['002049']
['tóc dựng đứng'],['tóc dựng đứng'],['002050']
['cây trồng'],['cây trồng'],['002051']
['xuất hiện'],['xuất hiện'],['002052']
['cây xanh'],['cây xanh'],['002053']
['xuất hiện'],['xuất hiện'],['002054']
['cấy'],['cấy'],['002055']
['xuất hiện'],['xuất hiện'],['002056']
['cấy lúa'],['cấy lúa'],['002057']
['xuất khẩu'],['xuất khẩu'],['002058']
['cha'],['cha'],['002059']
['xúc xắc'],['xúc xắc'],['002060']
['cha mẹ'],['cha mẹ'],['002061']
['xung đột'],['xung đột'],['002062']
['chả cá'],['chả cá'],['002063']
['xứ Nghệ'],['xứ Nghệ'],['002064']
['chả cá'],['chả cá'],['002065']
['xưa'],['xưa'],['002066']
['chả cá'],['chả cá'],['002067']
['xưa'],['xưa'],['002068']
['chai'],['chai'],['002069']
['xưa'],['xưa'],['002070']
['chai nước'],['chai nước'],['002071']
['xương rồng'],['xương rồng'],['002072']
['chàng trai'],['chàng trai'],['002073']
['Y-Éc-Xanh'],['Y-Éc-Xanh'],['002074']
['chào'],['chào'],['002075']
['y tế'],['y tế'],['002076']
['chảo'],['chảo'],['002077']
['ý chí'],['ý chí'],['002078']
['chảo'],['chảo'],['002079']
['ý nghĩa'],['ý nghĩa'],['002080']
['chát'],['chát'],['002081']
['ý nghĩa'],['ý nghĩa'],['002082']
['cháu gái'],['cháu gái'],['002083']
['ý nghĩa'],['ý nghĩa'],['002084']
['cháu gái'],['cháu gái'],['002085']
['ý thức'],['ý thức'],['002086']
['cháu gái'],['cháu gái'],['002087']
['ý tưởng'],['ý tưởng'],['002088']
['cháu ngoại'],['cháu ngoại'],['002089']
['yếm'],['yếm'],['002090']
['cháu ngoại'],['cháu ngoại'],['002091']
['Yên Bái'],['Yên Bái'],['002092']
['cháu ngoại'],['cháu ngoại'],['002093']
['yên bình'],['yên bình'],['002094']
['cháu nội'],['cháu nội'],['002095']
['yên lòng'],['yên lòng'],['002096']
['cháu nội'],['cháu nội'],['002097']
['tôi yêu bạn'],['tôi yêu bạn'],['002098']
['cháu nội'],['cháu nội'],['002099']
['yêu cầu'],['yêu cầu'],['002100']
['cháu trai'],['cháu trai'],['002101']
['yêu cầu'],['yêu cầu'],['002102']
['cháu trai'],['cháu trai'],['002103']
['yêu cầu'],['yêu cầu'],['002104']
['chày'],['chày'],['002105']
['yêu mến (yêu quí)'],['yêu mến (yêu quí)'],['002106']
['cháy rừng'],['cháy rừng'],['002107']
['yêu mến (yêu quí)'],['yêu mến (yêu quí)'],['002108']
['chạy'],['chạy'],['002109']
['yêu mến (yêu quí)'],['yêu mến (yêu quí)'],['002110']
['chú ( người)'],['chú ( người)'],['002111']
['yếu'],['yếu'],['002112']
['chăm học'],['chăm học'],['002113']
['yếu'],['yếu'],['002114']
['chăm sóc sức khỏe'],['chăm sóc sức khỏe'],['002115']
['yếu'],['yếu'],['002116']
['chăm sóc sức khỏe'],['chăm sóc sức khỏe'],['002117']
['yếu tố'],['yếu tố'],['002118']
['chăm sóc sức khỏe'],['chăm sóc sức khỏe'],['002119']
['công văn'],['công văn'],['002120']
['chăn (cái chăn)'],['chăn (cái chăn)'],['002121']
['vá quần áo'],['vá quần áo'],['002122']
['chăn (cái chăn)'],['chăn (cái chăn)'],['002123']
['hoan hô'],['hoan hô'],['002124']
['chăn (cái chăn)'],['chăn (cái chăn)'],['002125']
['trả thù'],['trả thù'],['002126']
['chăn nuôi'],['chăn nuôi'],['002127']
['môn Địa lý'],['môn Địa lý'],['002128']
['chăn nuôi'],['chăn nuôi'],['002129']
['môn Địa lý'],['môn Địa lý'],['002130']
['chăn nuôi'],['chăn nuôi'],['002131']
['gù lưng'],['gù lưng'],['002132']
['ai bảo'],['ai bảo'],['002133']
['chặn'],['chặn'],['002134']
['chặt'],['chặt'],['002135']
['chặt'],['chặt'],['002136']
['chặt'],['chặt'],['002137']
['chặt chẽ'],['chặt chẽ'],['002138']
['châm chọc'],['châm chọc'],['002139']
['chấm dứt'],['chấm dứt'],['002140']
['chấm điểm'],['chấm điểm'],['002141']
['chân dung'],['chân dung'],['002142']
['chân đất'],['chân đất'],['002143']
['chân tay'],['chân tay'],['002144']
['chất dẻo'],['chất dẻo'],['002145']
['chất đốt'],['chất đốt'],['002146']
['chất độc'],['chất độc'],['002147']
['chất độc màu da cam'],['chất độc màu da cam'],['002148']
['chất hữu cơ'],['chất hữu cơ'],['002149']
['chất lỏng'],['chất lỏng'],['002150']
['chất lượng'],['chất lượng'],['002151']
['chất rắn'],['chất rắn'],['002152']
['chất thải'],['chất thải'],['002153']
['chật chội'],['chật chội'],['002154']
['Châu Á Thái Bình Dương'],['Châu Á Thái Bình Dương'],['002155']
['Châu Đại Dương'],['Châu Đại Dương'],['002156']
['chè đỗ đỏ'],['chè đỗ đỏ'],['002157']
['chém'],['chém'],['002158']
['chen lấn'],['chen lấn'],['002159']
['chèn ép'],['chèn ép'],['002160']
['chén'],['chén'],['002161']
['chèo thuyền'],['chèo thuyền'],['002162']
['chép bài'],['chép bài'],['002163']
['tạo thành'],['tạo thành'],['002164']
['chi hội'],['chi hội'],['002165']
['khó tiêu'],['khó tiêu'],['002166']
['chi tiết'],['chi tiết'],['002167']
['chỉ'],['chỉ'],['002168']
['chỉ dẫn'],['chỉ dẫn'],['002169']
['chỉ huy'],['chỉ huy'],['002170']
['chỉ khâu'],['chỉ khâu'],['002171']
['đường chỉ tay'],['đường chỉ tay'],['002172']
['chị'],['chị'],['002173']
['chị chồng'],['chị chồng'],['002174']
['chị dâu'],['chị dâu'],['002175']
['Chi-lê (nước Chi-lê)'],['Chi-lê (nước Chi-lê)'],['002176']
['chia'],['chia'],['002177']
['chia'],['chia'],['002178']
['chia'],['chia'],['002179']
['chia cắt'],['chia cắt'],['002180']
['chia đều'],['chia đều'],['002181']
['chia hết'],['chia hết'],['002182']
['chia phần'],['chia phần'],['002183']
['chia sẻ'],['chia sẻ'],['002184']
['chia tay'],['chia tay'],['002185']
['chìa khóa'],['chìa khóa'],['002186']
['chiếc gối'],['chiếc gối'],['002187']
['chiếc gối'],['chiếc gối'],['002188']
['chiếc gối'],['chiếc gối'],['002189']
['chiếm đoạt'],['chiếm đoạt'],['002190']
['chiêng'],['chiêng'],['002191']
['chiều cao'],['chiều cao'],['002192']
['chiều dài'],['chiều dài'],['002193']
['chiều rộng'],['chiều rộng'],['002194']
['chiều tối'],['chiều tối'],['002195']
['chiếu'],['chiếu'],['002196']
['chiếu'],['chiếu'],['002197']
['chiếu'],['chiếu'],['002198']
['chiếu phim'],['chiếu phim'],['002199']
['cá mập'],['cá mập'],['002200']
['chim bồ câu'],['chim bồ câu'],['002201']
['chim chào mào'],['chim chào mào'],['002202']
['chim chích chòe'],['chim chích chòe'],['002203']
['chim chóc'],['chim chóc'],['002204']
['chim đại bàng'],['chim đại bàng'],['002205']
['chim gõ kiến'],['chim gõ kiến'],['002206']
['chim phượng hoàng'],['chim phượng hoàng'],['002207']
['chim yến'],['chim yến'],['002208']
['chỉnh sửa'],['chỉnh sửa'],['002209']
['chín'],['chín'],['002210']
['chính phủ'],['chính phủ'],['002211']
['chính phủ'],['chính phủ'],['002212']
['chính quyền'],['chính quyền'],['002213']
['chính tả'],['chính tả'],['002214']
['chính xác'],['chính xác'],['002215']
['chính xác'],['chính xác'],['002216']
['chính xác'],['chính xác'],['002217']
['chó sói'],['chó sói'],['002218']
['chó xù'],['chó xù'],['002219']
['chọi gà'],['chọi gà'],['002220']
['chọi trâu'],['chọi trâu'],['002221']
['chọn lọc'],['chọn lọc'],['002222']
['chọn lựa'],['chọn lựa'],['002223']
['chong chóng'],['chong chóng'],['002224']
['chống đối'],['chống đối'],['002225']
['chợ Bến Thành'],['chợ Bến Thành'],['002226']
['chợ nổi'],['chợ nổi'],['002227']
['chợ nổi Cái Bè'],['chợ nổi Cái Bè'],['002228']
['chợ nổi Cái Răng'],['chợ nổi Cái Răng'],['002229']
['luân phiên'],['luân phiên'],['002230']
['luân phiên'],['luân phiên'],['002231']
['chơi'],['chơi'],['002232']
['chơi'],['chơi'],['002233']
['chớp mắt'],['chớp mắt'],['002234']
['chu vi'],['chu vi'],['002235']
['chủ đề'],['chủ đề'],['002236']
['chủ động'],['chủ động'],['002237']
['chủ nghĩa xã hội'],['chủ nghĩa xã hội'],['002238']
['chủ ngữ'],['chủ ngữ'],['002239']
['chủ nhiệm'],['chủ nhiệm'],['002240']
['nước tới chân mới nhảy'],['nước tới chân mới nhảy'],['002241']
['chú hề'],['chú hề'],['002242']
['chú rể'],['chú rể'],['002243']
['chú tễu'],['chú tễu'],['002244']
['thích nghi'],['thích nghi'],['002245']
['chú ý'],['chú ý'],['002246']
['chùa'],['chùa'],['002247']
['chùa'],['chùa'],['002248']
['chùa'],['chùa'],['002249']
['chùa Hương'],['chùa Hương'],['002250']
['chùa Một Cột'],['chùa Một Cột'],['002251']
['chuẩn bị'],['chuẩn bị'],['002252']
['chuẩn bị'],['chuẩn bị'],['002253']
['chuẩn bị'],['chuẩn bị'],['002254']
['chúc mừng'],['chúc mừng'],['002255']
['chúc mừng'],['chúc mừng'],['002256']
['chúc mừng'],['chúc mừng'],['002257']
['chúc tết'],['chúc tết'],['002258']
['chúc thọ'],['chúc thọ'],['002259']
['chúc thọ'],['chúc thọ'],['002260']
['chục'],['chục'],['002261']
['chục nghìn'],['chục nghìn'],['002262']
['chục triệu'],['chục triệu'],['002263']
['chui'],['chui'],['002264']
['chúi đầu'],['chúi đầu'],['002265']
['chum'],['chum'],['002266']
['chùm hoa'],['chùm hoa'],['002267']
['chùm khế'],['chùm khế'],['002268']
['chùm nho'],['chùm nho'],['002269']
['chùm vải'],['chùm vải'],['002270']
['chung kết'],['chung kết'],['002271']
['chuỗi hạt'],['chuỗi hạt'],['002272']
['chuông'],['chuông'],['002273']
['chuông nhà'],['chuông nhà'],['002274']
['chuồng'],['chuồng'],['002275']
['chuyên biệt'],['chuyên biệt'],['002276']
['chuyên cần'],['chuyên cần'],['002277']
['chuyên gia'],['chuyên gia'],['002278']
['chuyên gia'],['chuyên gia'],['002279']
['chuyên gia'],['chuyên gia'],['002280']
['chuyền bóng'],['chuyền bóng'],['002281']
['chim chuyền cành'],['chim chuyền cành'],['002282']
['chuyển đồ'],['chuyển đồ'],['002283']
['chuyển đổi số đo'],['chuyển đổi số đo'],['002284']
['chuyển động'],['chuyển động'],['002285']
['chuyển động đều'],['chuyển động đều'],['002286']
['chuyển động quay'],['chuyển động quay'],['002287']
['chuyển giao'],['chuyển giao'],['002288']
['chuyển hướng'],['chuyển hướng'],['002289']
['chuyển vế'],['chuyển vế'],['002290']
['chuyện trò'],['chuyện trò'],['002291']
['chữ cái'],['chữ cái'],['002292']
['chữa bài'],['chữa bài'],['002293']
['chữa bài'],['chữa bài'],['002294']
['chữa cháy'],['chữa cháy'],['002295']
['chức năng'],['chức năng'],['002296']
['chứng kiến'],['chứng kiến'],['002297']
['chương trình'],['chương trình'],['002298']
['chữ'],['chữ'],['002299']
['chữa bệnh'],['chữa bệnh'],['002300']
['chức vụ'],['chức vụ'],['002301']
['chứng cớ'],['chứng cớ'],['002302']
['chứng minh'],['chứng minh'],['002303']
['chứng nhận'],['chứng nhận'],['002304']
['co dãn'],['co dãn'],['002305']
['co giật'],['co giật'],['002306']
['cỏ may'],['cỏ may'],['002307']
['có ích'],['có ích'],['002308']
['trọng nam khinh nữ'],['trọng nam khinh nữ'],['002309']
['máy vi tính'],['máy vi tính'],['002310']
['con ba ba'],['con ba ba'],['002311']
['con bê'],['con bê'],['002312']
['con bê'],['con bê'],['002313']
['con bê'],['con bê'],['002314']
['con bò'],['con bò'],['002315']
['con bò'],['con bò'],['002316']
['con bò'],['con bò'],['002317']
['con bướm'],['con bướm'],['002318']
['con cá'],['con cá'],['002319']
['con cá'],['con cá'],['002320']
['con cá'],['con cá'],['002321']
['con chim'],['con chim'],['002322']
['con chó'],['con chó'],['002323']
['con chó'],['con chó'],['002324']
['con chó'],['con chó'],['002325']
['con chồn'],['con chồn'],['002326']
['con chuột'],['con chuột'],['002327']
['con chuột nhắt'],['con chuột nhắt'],['002328']
['con cò'],['con cò'],['002329']
['con cóc'],['con cóc'],['002330']
['con cọp'],['con cọp'],['002331']
['con cọp'],['con cọp'],['002332']
['con cọp'],['con cọp'],['002333']
['con công'],['con công'],['002334']
['con cua'],['con cua'],['002335']
['con cú mèo'],['con cú mèo'],['002336']
['con cừu'],['con cừu'],['002337']
['con dâu'],['con dâu'],['002338']
['con dê'],['con dê'],['002339']
['con dế'],['con dế'],['002340']
['con đẻ'],['con đẻ'],['002341']
['con đom đóm'],['con đom đóm'],['002342']
['con đường'],['con đường'],['002343']
['con gà'],['con gà'],['002344']
['con gái'],['con gái'],['002345']
['con gấu'],['con gấu'],['002346']
['con ghẹ'],['con ghẹ'],['002347']
['con gián'],['con gián'],['002348']
['con hoẵng'],['con hoẵng'],['002349']
['con hươu'],['con hươu'],['002350']
['con khỉ'],['con khỉ'],['002351']
['con kiến'],['con kiến'],['002352']
['con kiến'],['con kiến'],['002353']
['con kiến'],['con kiến'],['002354']
['con lợn (con heo)'],['con lợn (con heo)'],['002355']
['con lợn (con heo)'],['con lợn (con heo)'],['002356']
['con lợn (con heo)'],['con lợn (con heo)'],['002357']
['con lươn'],['con lươn'],['002358']
['con mèo'],['con mèo'],['002359']
['con mèo'],['con mèo'],['002360']
['con muỗi'],['con muỗi'],['002361']
['con mực'],['con mực'],['002362']
['con nai'],['con nai'],['002363']
['con ngỗng'],['con ngỗng'],['002364']
['con người'],['con người'],['002365']
['con người'],['con người'],['002366']
['con người'],['con người'],['002367']
['con ngựa'],['con ngựa'],['002368']
['con ngựa'],['con ngựa'],['002369']
['con ngựa'],['con ngựa'],['002370']
['con nhím'],['con nhím'],['002371']
['con nuôi'],['con nuôi'],['002372']
['con nuôi'],['con nuôi'],['002373']
['con nuôi'],['con nuôi'],['002374']
['con ong'],['con ong'],['002375']
['con ong'],['con ong'],['002376']
['con ốc'],['con ốc'],['002377']
['con ruồi'],['con ruồi'],['002378']
['con rùa'],['con rùa'],['002379']
['con sâu'],['con sâu'],['002380']
['con sò'],['con sò'],['002381']
['con sóc'],['con sóc'],['002382']
['con sói'],['con sói'],['002383']
['con sông'],['con sông'],['002384']
['con số'],['con số'],['002385']
['con sư tử'],['con sư tử'],['002386']
['con sư tử'],['con sư tử'],['002387']
['con tem'],['con tem'],['002388']
['con thỏ'],['con thỏ'],['002389']
['con tôm'],['con tôm'],['002390']
['con tôm'],['con tôm'],['002391']
['con tôm'],['con tôm'],['002392']
['con trai (động vật)'],['con trai (động vật)'],['002393']
['con trăn'],['con trăn'],['002394']
['con voi'],['con voi'],['002395']
['con voi'],['con voi'],['002396']
['con voi'],['con voi'],['002397']
['cong'],['cong'],['002398']
['còng (cái còng)'],['còng (cái còng)'],['002399']
['còng'],['còng'],['002400']
['cõng'],['cõng'],['002401']
['cô dâu'],['cô dâu'],['002402']
['cô đơn'],['cô đơn'],['002403']
['cô giáo'],['cô giáo'],['002404']
['cô giáo'],['cô giáo'],['002405']
['cô giáo'],['cô giáo'],['002406']
['cổ'],['cổ'],['002407']
['cổ áo'],['cổ áo'],['002408']
['cổ chân'],['cổ chân'],['002409']
['cổ đại'],['cổ đại'],['002410']
['cổ họng'],['cổ họng'],['002411']
['cố gắng'],['cố gắng'],['002412']
['cổ tay'],['cổ tay'],['002413']
['cổ truyền'],['cổ truyền'],['002414']
['cổ vũ'],['cổ vũ'],['002415']
['cổng trường'],['cổng trường'],['002416']
['cổng trường'],['cổng trường'],['002417']
['cỗ'],['cỗ'],['002418']
['cố định'],['cố định'],['002419']
['Cô-lôm-bi-a (nước Cô-lôm-bi-a)'],['Cô-lôm-bi-a (nước Cô-lôm-bi-a)'],['002420']
['cổ tích'],['cổ tích'],['002421']
['cố ý (như cố tình)'],['cố ý (như cố tình)'],['002422']
['cốc'],['cốc'],['002423']
['cối giã'],['cối giã'],['002424']
['cối xay gió'],['cối xay gió'],['002425']
['cối xay lúa'],['cối xay lúa'],['002426']
['cốm'],['cốm'],['002427']
['côn trùng'],['côn trùng'],['002428']
['công bằng'],['công bằng'],['002429']
['công chúa'],['công chúa'],['002430']
['công cộng'],['công cộng'],['002431']
['công cụ'],['công cụ'],['002432']
['công nhận'],['công nhận'],['002433']
['công sức'],['công sức'],['002434']
['công tắc'],['công tắc'],['002435']
['công thức'],['công thức'],['002436']
['công trường'],['công trường'],['002437']
['công ước'],['công ước'],['002438']
['công viên'],['công viên'],['002439']
['công viên'],['công viên'],['002440']
['công viên'],['công viên'],['002441']
['công việc'],['công việc'],['002442']
['Paris'],['Paris'],['002443']
['cổng'],['cổng'],['002444']
['cống'],['cống'],['002445']
['cộng (Toán học)'],['cộng (Toán học)'],['002446']
['cộng (Toán học)'],['cộng (Toán học)'],['002447']
['cộng (Toán học)'],['cộng (Toán học)'],['002448']
['cột đèn'],['cột đèn'],['002449']
['cột điện'],['cột điện'],['002450']
['cột điện'],['cột điện'],['002451']
['cột điện'],['cột điện'],['002452']
['cột nhà'],['cột nhà'],['002453']
['cột sống'],['cột sống'],['002454']
['cơ bắp'],['cơ bắp'],['002455']
['cơ hội'],['cơ hội'],['002456']
['cơ hội'],['cơ hội'],['002457']
['cơ hội'],['cơ hội'],['002458']
['cơ quan'],['cơ quan'],['002459']
['cơ sở'],['cơ sở'],['002460']
['cơ thể'],['cơ thể'],['002461']
['cởi áo'],['cởi áo'],['002462']
['cơm hộp'],['cơm hộp'],['002463']
['cờ'],['cờ'],['002464']
['cờ ca rô'],['cờ ca rô'],['002465']
['cơm'],['cơm'],['002466']
['cơm bình dân'],['cơm bình dân'],['002467']
['cơm bình dân'],['cơm bình dân'],['002468']
['cơm bình dân'],['cơm bình dân'],['002469']
['Cu ba (nước Cu ba)'],['Cu ba (nước Cu ba)'],['002470']
['củ đậu'],['củ đậu'],['002471']
['củ khoai lang'],['củ khoai lang'],['002472']
['củ từ'],['củ từ'],['002473']
['cụ thể'],['cụ thể'],['002474']
['cúc áo'],['cúc áo'],['002475']
['cúi'],['cúi'],['002476']
['cuống hoa'],['cuống hoa'],['002477']
['cù'],['cù'],['002478']
['củ cà rốt'],['củ cà rốt'],['002479']
['củ cải trắng'],['củ cải trắng'],['002480']
['củ gừng'],['củ gừng'],['002481']
['củ hành tây'],['củ hành tây'],['002482']
['củ tỏi'],['củ tỏi'],['002483']
['củ sả'],['củ sả'],['002484']
['cụ'],['cụ'],['002485']
['cụ đồ'],['cụ đồ'],['002486']
['cụ già'],['cụ già'],['002487']
['cục tẩy'],['cục tẩy'],['002488']
['cùi chỏ'],['cùi chỏ'],['002489']
['củi'],['củi'],['002490']
['cụm từ'],['cụm từ'],['002491']
['cuộc đời'],['cuộc đời'],['002492']
['cuộc sống'],['cuộc sống'],['002493']
['cuốn'],['cuốn'],['002494']
['cuộn giấy vệ sinh'],['cuộn giấy vệ sinh'],['002495']
['cuống lá'],['cuống lá'],['002496']
['cử chỉ điệu bộ'],['cử chỉ điệu bộ'],['002497']
['cử động'],['cử động'],['002498']
['cưa (cái cưa)'],['cưa (cái cưa)'],['002499']
['cửa hàng'],['cửa hàng'],['002500']
['cửa khẩu'],['cửa khẩu'],['002501']
['cửa kính'],['cửa kính'],['002502']
['cửa sổ'],['cửa sổ'],['002503']
['cưỡi ngựa'],['cưỡi ngựa'],['002504']
['yên ngựa'],['yên ngựa'],['002505']
['cướp'],['cướp'],['002506']
['cướp'],['cướp'],['002507']
['cướp'],['cướp'],['002508']
['cướp biển'],['cướp biển'],['002509']
['cướp cờ'],['cướp cờ'],['002510']
['cướp giật'],['cướp giật'],['002511']
['cứu'],['cứu'],['002512']
['cứu hộ'],['cứu hộ'],['002513']
['dai'],['dai'],['002514']
['dài'],['dài'],['002515']
['dài hạn'],['dài hạn'],['002516']
['dàn bài'],['dàn bài'],['002517']
['dàn nhạc'],['dàn nhạc'],['002518']
['danh bạ'],['danh bạ'],['002519']
['danh dự'],['danh dự'],['002520']
['danh hiệu'],['danh hiệu'],['002521']
['danh lam thắng cảnh'],['danh lam thắng cảnh'],['002522']
['danh mục'],['danh mục'],['002523']
['danh nhân'],['danh nhân'],['002524']
['danh sách'],['danh sách'],['002525']
['danh từ'],['danh từ'],['002526']
['danh từ riêng'],['danh từ riêng'],['002527']
['dán'],['dán'],['002528']
['dao'],['dao'],['002529']
['dãy nhà'],['dãy nhà'],['002530']
['dãy núi'],['dãy núi'],['002531']
['dãy số'],['dãy số'],['002532']
['dãy số liệu'],['dãy số liệu'],['002533']
['dân ca'],['dân ca'],['002534']
['dân chài'],['dân chài'],['002535']
['gian lận'],['gian lận'],['002536']
['dân số'],['dân số'],['002537']
['dân tộc'],['dân tộc'],['002538']
['dân tộc'],['dân tộc'],['002539']
['dân tộc'],['dân tộc'],['002540']
['dân tộc thiểu số'],['dân tộc thiểu số'],['002541']
['dân tộc thiểu số'],['dân tộc thiểu số'],['002542']
['dân tộc thiểu số'],['dân tộc thiểu số'],['002543']
['dẫn chương trình'],['dẫn chương trình'],['002544']
['dẫn chứng'],['dẫn chứng'],['002545']
['dập'],['dập'],['002546']
['dầu ăn'],['dầu ăn'],['002547']
['dầu gội đầu'],['dầu gội đầu'],['002548']
['dầu hoả'],['dầu hoả'],['002549']
['dầu khí'],['dầu khí'],['002550']
['dấu chấm hỏi'],['dấu chấm hỏi'],['002551']
['dấu chấm than'],['dấu chấm than'],['002552']
['dấu chia'],['dấu chia'],['002553']
['dấu gạch ngang'],['dấu gạch ngang'],['002554']
['bắt buộc'],['bắt buộc'],['002555']
['dấu ngoặc đơn'],['dấu ngoặc đơn'],['002556']
['dấu nhân'],['dấu nhân'],['002557']
['dấu phẩy'],['dấu phẩy'],['002558']
['dây buộc tóc'],['dây buộc tóc'],['002559']
['dây chun'],['dây chun'],['002560']
['dây điện'],['dây điện'],['002561']
['dây điện'],['dây điện'],['002562']
['dây điện'],['dây điện'],['002563']
['dây thần kinh'],['dây thần kinh'],['002564']
['dây thừng'],['dây thừng'],['002565']
['dây xích'],['dây xích'],['002566']
['dép quai hậu'],['dép quai hậu'],['002567']
['dê con'],['dê con'],['002568']
['dê mẹ'],['dê mẹ'],['002569']
['dễ chịu'],['dễ chịu'],['002570']
['dễ thương'],['dễ thương'],['002571']
['dệt'],['dệt'],['002572']
['di chuyển'],['di chuyển'],['002573']
['di truyền'],['di truyền'],['002574']
['di truyền'],['di truyền'],['002575']
['di truyền'],['di truyền'],['002576']
['dịch vụ'],['dịch vụ'],['002577']
['dịch vụ'],['dịch vụ'],['002578']
['dịch vụ'],['dịch vụ'],['002579']
['diêm'],['diêm'],['002580']
['diện tích'],['diện tích'],['002581']
['diện tích toàn phần'],['diện tích toàn phần'],['002582']
['diện tích xung quanh'],['diện tích xung quanh'],['002583']
['diệt chủng'],['diệt chủng'],['002584']
['xịt côn trùng'],['xịt côn trùng'],['002585']
['diều'],['diều'],['002586']
['Dinh Độc Lập'],['Dinh Độc Lập'],['002587']
['hăm dọa'],['hăm dọa'],['002588']
['doanh nghiệp'],['doanh nghiệp'],['002589']
['doanh trại'],['doanh trại'],['002590']
['dọc'],['dọc'],['002591']
['dòng chữ'],['dòng chữ'],['002592']
['dòng họ'],['dòng họ'],['002593']
['dòng sông'],['dòng sông'],['002594']
['dốc'],['dốc'],['002595']
['dốt'],['dốt'],['002596']
['du học'],['du học'],['002597']
['duyên dáng'],['duyên dáng'],['002598']
['duyệt binh'],['duyệt binh'],['002599']
['nhà nước'],['nhà nước'],['002600']
['nhà nước'],['nhà nước'],['002601']
['nhà nước'],['nhà nước'],['002602']
['dựng phim'],['dựng phim'],['002603']
['đá bóng'],['đá bóng'],['002604']
['pháo đài'],['pháo đài'],['002605']
['đài sen'],['đài sen'],['002606']
['đại diện'],['đại diện'],['002607']
['đại diện'],['đại diện'],['002608']
['đại diện'],['đại diện'],['002609']
['đại dương'],['đại dương'],['002610']
['đại số'],['đại số'],['002611']
['đại tá'],['đại tá'],['002612']
['đại tướng'],['đại tướng'],['002613']
['đại úy'],['đại úy'],['002614']
['đan'],['đan'],['002615']
['đàn xê lô đại vĩ cầm'],['đàn xê lô đại vĩ cầm'],['002616']
['đàn bầu'],['đàn bầu'],['002617']
['đàn bướm'],['đàn bướm'],['002618']
['đàn ghi ta'],['đàn ghi ta'],['002619']
['đàn kiến'],['đàn kiến'],['002620']
['đàn tơ-rưng'],['đàn tơ-rưng'],['002621']
['đàng ngoài'],['đàng ngoài'],['002622']
['đàng trong'],['đàng trong'],['002623']
['đáng quý'],['đáng quý'],['002624']
['đánh'],['đánh'],['002625']
['đánh bắt'],['đánh bắt'],['002626']
['đánh giá'],['đánh giá'],['002627']
['đánh răng'],['đánh răng'],['002628']
['đánh trống'],['đánh trống'],['002629']
['đạn'],['đạn'],['002630']
['đào tạo'],['đào tạo'],['002631']
['đặc biệt'],['đặc biệt'],['002632']
['đặc biệt'],['đặc biệt'],['002633']
['đặc biệt'],['đặc biệt'],['002634']
['đặc biệt'],['đặc biệt'],['002635']
['đặc điểm'],['đặc điểm'],['002636']
['Đắk Lắk'],['Đắk Lắk'],['002637']
['đăng ký'],['đăng ký'],['002638']
['đăng nhập'],['đăng nhập'],['002639']
['đằng sau'],['đằng sau'],['002640']
['đằng trước'],['đằng trước'],['002641']
['Đặng Văn Ngữ'],['Đặng Văn Ngữ'],['002642']
['đắt đỏ'],['đắt đỏ'],['002643']
['đặt'],['đặt'],['002644']
['đập'],['đập'],['002645']
['đất'],['đất'],['002646']
['đất màu mỡ'],['đất màu mỡ'],['002647']
['đất nặn'],['đất nặn'],['002648']
['đầu tàu'],['đầu tàu'],['002649']
['đầu tiên'],['đầu tiên'],['002650']
['đầu xuôi đuôi lọt'],['đầu xuôi đuôi lọt'],['002651']
['đấu tranh'],['đấu tranh'],['002652']
['đấu vật'],['đấu vật'],['002653']
['đầy'],['đầy'],['002654']
['đầy đủ'],['đầy đủ'],['002655']
['đầy tớ'],['đầy tớ'],['002656']
['đẩy'],['đẩy'],['002657']
['đen láy (như đen nhánh)'],['đen láy (như đen nhánh)'],['002658']
['đen láy (như đen nhánh)'],['đen láy (như đen nhánh)'],['002659']
['đen láy (như đen nhánh)'],['đen láy (như đen nhánh)'],['002660']
['đèn báo giao thông'],['đèn báo giao thông'],['002661']
['đèn báo giao thông'],['đèn báo giao thông'],['002662']
['đèn báo giao thông'],['đèn báo giao thông'],['002663']
['đèn điện'],['đèn điện'],['002664']
['đèn điện'],['đèn điện'],['002665']
['đèn pin'],['đèn pin'],['002666']
['đèn pin'],['đèn pin'],['002667']
['đèn pin'],['đèn pin'],['002668']
['đèn vàng'],['đèn vàng'],['002669']
['đèn vàng'],['đèn vàng'],['002670']
['đèn vàng'],['đèn vàng'],['002671']
['đèn xanh'],['đèn xanh'],['002672']
['đèn xanh'],['đèn xanh'],['002673']
['đèn xanh'],['đèn xanh'],['002674']
['đeo kính'],['đeo kính'],['002675']
['đèo Hải Vân'],['đèo Hải Vân'],['002676']
['đèo Hải Vân'],['đèo Hải Vân'],['002677']
['đèo Hải Vân'],['đèo Hải Vân'],['002678']
['đèo'],['đèo'],['002679']
['đẹp đẽ (như đẹp)'],['đẹp đẽ (như đẹp)'],['002680']
['đẹp mê hồn'],['đẹp mê hồn'],['002681']
['để (đặt)'],['để (đặt)'],['002682']
['đề nghị'],['đề nghị'],['002683']
['đề nghị'],['đề nghị'],['002684']
['đề tài'],['đề tài'],['002685']
['đề-xi-mét (dm)'],['đề-xi-mét (dm)'],['002686']
['đề-xi-mét khối (dm3)'],['đề-xi-mét khối (dm3)'],['002687']
['đề-xi-mét vuông (dm2)'],['đề-xi-mét vuông (dm2)'],['002688']
['đếm'],['đếm'],['002689']
['đền'],['đền'],['002690']
['Đền Hùng'],['Đền Hùng'],['002691']
['đều đặn'],['đều đặn'],['002692']
['đi'],['đi'],['002693']
['đi học'],['đi học'],['002694']
['đĩa'],['đĩa'],['002695']
['đĩa DVD'],['đĩa DVD'],['002696']
['địa cầu'],['địa cầu'],['002697']
['địa đạo Củ Chi'],['địa đạo Củ Chi'],['002698']
['địa điểm'],['địa điểm'],['002699']
['tấm lòng'],['tấm lòng'],['002700']
['điện'],['điện'],['002701']
['điện'],['điện'],['002702']
['điện'],['điện'],['002703']
['Điện Biên Phủ'],['Điện Biên Phủ'],['002704']
['điện thoại'],['điện thoại'],['002705']
['điêu khắc'],['điêu khắc'],['002706']
['quả điều'],['quả điều'],['002707']
['quả điều'],['quả điều'],['002708']
['điều phối'],['điều phối'],['002709']
['điều phối'],['điều phối'],['002710']
['điều hòa'],['điều hòa'],['002711']
['điều hòa'],['điều hòa'],['002712']
['điều khiển'],['điều khiển'],['002713']
['điều kiện'],['điều kiện'],['002714']
['điều tra'],['điều tra'],['002715']
['điều trị'],['điều trị'],['002716']
['định vị'],['định vị'],['002717']
['đo'],['đo'],['002718']
['đoàn cải lương'],['đoàn cải lương'],['002719']
['đoàn thanh niên'],['đoàn thanh niên'],['002720']
['đoàn tụ'],['đoàn tụ'],['002721']
['đoán'],['đoán'],['002722']
['đoạn thẳng'],['đoạn thẳng'],['002723']
['đoạn thơ'],['đoạn thơ'],['002724']
['đoạn văn'],['đoạn văn'],['002725']
['đọc sách'],['đọc sách'],['002726']
['đón'],['đón'],['002727']
['đón tiếp'],['đón tiếp'],['002728']
['đóng cửa'],['đóng cửa'],['002729']
['đóng dấu'],['đóng dấu'],['002730']
['đóng góp'],['đóng góp'],['002731']
['đô thị'],['đô thị'],['002732']
['đồ chơi'],['đồ chơi'],['002733']
['đôi dép'],['đôi dép'],['002734']
['đổi'],['đổi'],['002735']
['đối diện'],['đối diện'],['002736']
['đối tượng'],['đối tượng'],['002737']
['nhập ngũ'],['nhập ngũ'],['002738']
['nhập ngũ'],['nhập ngũ'],['002739']
['nhập ngũ'],['nhập ngũ'],['002740']
['đội trưởng'],['đội trưởng'],['002741']
['đồn công an'],['đồn công an'],['002742']
['Đông Nam'],['Đông Nam'],['002743']
['Đông Nam Á'],['Đông Nam Á'],['002744']
['đồng bằng'],['đồng bằng'],['002745']
['đồng hồ'],['đồng hồ'],['002746']
['Đồng Nai'],['Đồng Nai'],['002747']
['Đồng Tháp Mười'],['Đồng Tháp Mười'],['002748']
['đổ nước'],['đổ nước'],['002749']
['độc lập'],['độc lập'],['002750']
['đối thoại'],['đối thoại'],['002751']
['đối xử'],['đối xử'],['002752']
['đối xứng'],['đối xứng'],['002753']
['đội thiếu niên'],['đội thiếu niên'],['002754']
['trống (không có gì)'],['trống (không có gì)'],['002755']
['Đông Dương'],['Đông Dương'],['002756']
['đông lạnh'],['đông lạnh'],['002757']
['Đông Timor (nước Đông Timor)'],['Đông Timor (nước Đông Timor)'],['002758']
['đồng bào'],['đồng bào'],['002759']
['đồng lúa'],['đồng lúa'],['002760']
['đồng phục'],['đồng phục'],['002761']
['đồng phục'],['đồng phục'],['002762']
['đồng phục'],['đồng phục'],['002763']
['đồng ruộng'],['đồng ruộng'],['002764']
['đồng tiền'],['đồng tiền'],['002765']
['rơm rớm'],['rơm rớm'],['002766']
['nhiệt độ'],['nhiệt độ'],['002767']
['động cơ'],['động cơ'],['002768']
['tác động'],['tác động'],['002769']
['động viên'],['động viên'],['002770']
['đợi'],['đợi'],['002771']
['đợi'],['đợi'],['002772']
['đợi'],['đợi'],['002773']
['đơn giản'],['đơn giản'],['002774']
['dung tích'],['dung tích'],['002775']
['tính'],['tính'],['002776']
['đỡ'],['đỡ'],['002777']
['đua ngựa'],['đua ngựa'],['002778']
['đua thuyền'],['đua thuyền'],['002779']
['đua xe máy'],['đua xe máy'],['002780']
['đũa'],['đũa'],['002781']
['đun nấu'],['đun nấu'],['002782']
['đuốc'],['đuốc'],['002783']
['đuôi'],['đuôi'],['002784']
['sa thải'],['sa thải'],['002785']
['đưa đón'],['đưa đón'],['002786']
['đứng nghiêm'],['đứng nghiêm'],['002787']
['đường cao'],['đường cao'],['002788']
['đường chéo'],['đường chéo'],['002789']
['đường hàng không'],['đường hàng không'],['002790']
['đường hầm'],['đường hầm'],['002791']
['đường kính'],['đường kính'],['002792']
['đường Nguyễn Huệ'],['đường Nguyễn Huệ'],['002793']
['đường sắt'],['đường sắt'],['002794']
['đường thẳng'],['đường thẳng'],['002795']
['đường thuỷ'],['đường thuỷ'],['002796']
['đường tròn'],['đường tròn'],['002797']
['e thẹn'],['e thẹn'],['002798']
['e thẹn'],['e thẹn'],['002799']
['e thẹn'],['e thẹn'],['002800']
['em dâu'],['em dâu'],['002801']
['em gái'],['em gái'],['002802']
['em rể'],['em rể'],['002803']
['em rể'],['em rể'],['002804']
['em trai'],['em trai'],['002805']
['em út'],['em út'],['002806']
['email'],['email'],['002807']
['Ê Đê'],['Ê Đê'],['002808']
['ế ẩm'],['ế ẩm'],['002809']
['Ê-ti-ô-pi-a (nước Ê-ti-ô-pi-a)'],['Ê-ti-ô-pi-a (nước Ê-ti-ô-pi-a)'],['002810']
['ga tàu'],['ga tàu'],['002811']
['ga tàu'],['ga tàu'],['002812']
['ga tàu'],['ga tàu'],['002813']
['gà mái'],['gà mái'],['002814']
['gà rừng'],['gà rừng'],['002815']
['gà tây'],['gà tây'],['002816']
['gà trống'],['gà trống'],['002817']
['gai'],['gai'],['002818']
['gãi đầu gãi tai'],['gãi đầu gãi tai'],['002819']
['gan'],['gan'],['002820']
['gan dạ'],['gan dạ'],['002821']
['gan lì'],['gan lì'],['002822']
['gang tay'],['gang tay'],['002823']
['gánh'],['gánh'],['002824']
['gạo'],['gạo'],['002825']
['gạo'],['gạo'],['002826']
['gạo'],['gạo'],['002827']
['gạo nếp'],['gạo nếp'],['002828']
['gãy chân'],['gãy chân'],['002829']
['gãy tay'],['gãy tay'],['002830']
['gáy'],['gáy'],['002831']
['gặm cỏ'],['gặm cỏ'],['002832']
['gặm xương (con chó gặm xương)'],['gặm xương (con chó gặm xương)'],['002833']
['gắn bó'],['gắn bó'],['002834']
['găng tay'],['găng tay'],['002835']
['gắp thức ăn'],['gắp thức ăn'],['002836']
['gặp gỡ'],['gặp gỡ'],['002837']
['gặt lúa'],['gặt lúa'],['002838']
['gần gũi'],['gần gũi'],['002839']
['gấp giấy'],['gấp giấy'],['002840']
['gấp quần áo'],['gấp quần áo'],['002841']
['gật đầu'],['gật đầu'],['002842']
['gật gù'],['gật gù'],['002843']
['gậy của người già'],['gậy của người già'],['002844']
['ghé thăm'],['ghé thăm'],['002845']
['ghép hình'],['ghép hình'],['002846']
['ghi chép'],['ghi chép'],['002847']
['ghi chú'],['ghi chú'],['002848']
['ghi hình'],['ghi hình'],['002849']
['ghi nhớ'],['ghi nhớ'],['002850']
['Gia Lai'],['Gia Lai'],['002851']
['giả bộ (giống giả vờ)'],['giả bộ (giống giả vờ)'],['002852']
['giả mạo'],['giả mạo'],['002853']
['giả sử'],['giả sử'],['002854']
['giá sách'],['giá sách'],['002855']
['giai đoạn'],['giai đoạn'],['002856']
['giải thích'],['giải thích'],['002857']
['giảm'],['giảm'],['002858']
['giao thông'],['giao thông'],['002859']
['giao thông'],['giao thông'],['002860']
['giã'],['giã'],['002861']
['giá trị'],['giá trị'],['002862']
['giá trị'],['giá trị'],['002863']
['giá trị'],['giá trị'],['002864']
['giá trị phần trăm'],['giá trị phần trăm'],['002865']
['giá trị phần trăm'],['giá trị phần trăm'],['002866']
['giá trị phần trăm'],['giá trị phần trăm'],['002867']
['giá trị tuyệt đối'],['giá trị tuyệt đối'],['002868']
['giải lao'],['giải lao'],['002869']
['giải quyết'],['giải quyết'],['002870']
['giải vô địch'],['giải vô địch'],['002871']
['giám đốc'],['giám đốc'],['002872']
['giám khảo'],['giám khảo'],['002873']
['gian khổ'],['gian khổ'],['002874']
['giàn khoan'],['giàn khoan'],['002875']
['gián tiếp'],['gián tiếp'],['002876']
['giao hoán'],['giao hoán'],['002877']
['giao lưu'],['giao lưu'],['002878']
['giao thừa'],['giao thừa'],['002879']
['giao tiếp'],['giao tiếp'],['002880']
['giao tiếp'],['giao tiếp'],['002881']
['giao tiếp'],['giao tiếp'],['002882']
['giáo dục'],['giáo dục'],['002883']
['giáo sĩ'],['giáo sĩ'],['002884']
['giàu có'],['giàu có'],['002885']
['giấc ngủ'],['giấc ngủ'],['002886']
['giẫm'],['giẫm'],['002887']
['giận dỗi'],['giận dỗi'],['002888']
['giận dữ'],['giận dữ'],['002889']
['giật mình'],['giật mình'],['002890']
['giầy ba ta'],['giầy ba ta'],['002891']
['giầy dép'],['giầy dép'],['002892']
['giấy'],['giấy'],['002893']
['giấy ăn'],['giấy ăn'],['002894']
['giấy ăn'],['giấy ăn'],['002895']
['giấy ăn'],['giấy ăn'],['002896']
['giấy màu'],['giấy màu'],['002897']
['giấy màu'],['giấy màu'],['002898']
['giấy màu'],['giấy màu'],['002899']
['giấy nháp'],['giấy nháp'],['002900']
['giấy nháp'],['giấy nháp'],['002901']
['giấy nháp'],['giấy nháp'],['002902']
['giấy tờ'],['giấy tờ'],['002903']
['giẻ lau'],['giẻ lau'],['002904']
['gieo xúc xắc'],['gieo xúc xắc'],['002905']
['giếng nước'],['giếng nước'],['002906']
['giết'],['giết'],['002907']
['gió Lào'],['gió Lào'],['002908']
['giỏi'],['giỏi'],['002909']
['giống nhau'],['giống nhau'],['002910']
['giơ tay'],['giơ tay'],['002911']
['giới hạn'],['giới hạn'],['002912']
['giới thiệu'],['giới thiệu'],['002913']
['giúp đỡ'],['giúp đỡ'],['002914']
['giúp đỡ'],['giúp đỡ'],['002915']
['giúp đỡ'],['giúp đỡ'],['002916']
['giường'],['giường'],['002917']
['góc bẹt'],['góc bẹt'],['002918']
['góc bếp'],['góc bếp'],['002919']
['góc học tập'],['góc học tập'],['002920']
['góc nhọn'],['góc nhọn'],['002921']
['góc tù'],['góc tù'],['002922']
['góc vuông'],['góc vuông'],['002923']
['góc vườn'],['góc vườn'],['002924']
['gói (đgt)'],['gói (đgt)'],['002925']
['gói'],['gói'],['002926']
['gọt bút chì (cái)'],['gọt bút chì (cái)'],['002927']
['gọt bút chì'],['gọt bút chì'],['002928']
['gỗ'],['gỗ'],['002929']
['gỗ'],['gỗ'],['002930']
['gỗ'],['gỗ'],['002931']
['gốm sứ'],['gốm sứ'],['002932']
['gợi ý'],['gợi ý'],['002933']
['gửi'],['gửi'],['002934']
['gửi quà'],['gửi quà'],['002935']
['gửi thư'],['gửi thư'],['002936']
['gương'],['gương'],['002937']
['gương mặt'],['gương mặt'],['002938']
['gương mẫu'],['gương mẫu'],['002939']
['Hà Giang'],['Hà Giang'],['002940']
['Hà Lan (nước Hà Lan)'],['Hà Lan (nước Hà Lan)'],['002941']
['Hạ Long'],['Hạ Long'],['002942']
['hài hước'],['hài hước'],['002943']
['hạn hán'],['hạn hán'],['002944']
['hàng chục'],['hàng chục'],['002945']
['hàng chục nghìn'],['hàng chục nghìn'],['002946']
['hàng chục triệu'],['hàng chục triệu'],['002947']
['hàng dọc'],['hàng dọc'],['002948']
['hàng đơn vị'],['hàng đơn vị'],['002949']
['hàng ngang'],['hàng ngang'],['002950']
['hàng nghìn'],['hàng nghìn'],['002951']
['hàng trăm'],['hàng trăm'],['002952']
['hàng trăm nghìn'],['hàng trăm nghìn'],['002953']
['hàng triệu'],['hàng triệu'],['002954']
['hàng xóm'],['hàng xóm'],['002955']
['hành động'],['hành động'],['002956']
['hành lang'],['hành lang'],['002957']
['hành quân'],['hành quân'],['002958']
['hành quân'],['hành quân'],['002959']
['hành quân'],['hành quân'],['002960']
['hạt'],['hạt'],['002961']
['hạt cườm'],['hạt cườm'],['002962']
['hạt lạc'],['hạt lạc'],['002963']
['hạt lúa'],['hạt lúa'],['002964']
['hạt tiêu'],['hạt tiêu'],['002965']
['hăng hái'],['hăng hái'],['002966']
['hằng đẳng thức'],['hằng đẳng thức'],['002967']
['hắt hơi'],['hắt hơi'],['002968']
['Hậu Giang'],['Hậu Giang'],['002969']
['hậu quả'],['hậu quả'],['002970']
['héc-ta (ha)'],['héc-ta (ha)'],['002971']
['héc-tô-gam (hg)'],['héc-tô-gam (hg)'],['002972']
['héc-tô-gam (hg)'],['héc-tô-gam (hg)'],['002973']
['héc-tô-gam (hg)'],['héc-tô-gam (hg)'],['002974']
['héc-tô-mét (hm)'],['héc-tô-mét (hm)'],['002975']
['héc-tô-mét (hm)'],['héc-tô-mét (hm)'],['002976']
['héc-tô-mét (hm)'],['héc-tô-mét (hm)'],['002977']
['héo'],['héo'],['002978']
['hét (giống la)'],['hét (giống la)'],['002979']
['hệ thống'],['hệ thống'],['002980']
['hệ thống'],['hệ thống'],['002981']
['hệ thống'],['hệ thống'],['002982']
['hi sinh'],['hi sinh'],['002983']
['hi sinh'],['hi sinh'],['002984']
['hi sinh'],['hi sinh'],['002985']
['hi vọng'],['hi vọng'],['002986']
['hi vọng'],['hi vọng'],['002987']
['hi vọng'],['hi vọng'],['002988']
['hiện đại'],['hiện đại'],['002989']
['hiện nay'],['hiện nay'],['002990']
['hiểu'],['hiểu'],['002991']
['hiểu'],['hiểu'],['002992']
['hiểu'],['hiểu'],['002993']
['hiếu thảo'],['hiếu thảo'],['002994']
['hình'],['hình'],['002995']
['hình bình hành'],['hình bình hành'],['002996']
['hình cầu'],['hình cầu'],['002997']
['hình chiếu'],['hình chiếu'],['002998']
['hình dáng'],['hình dáng'],['002999']
['hình elip'],['hình elip'],['003000']
['hình học'],['hình học'],['003001']
['hình hộp chữ nhật'],['hình hộp chữ nhật'],['003002']
['hình lập phương'],['hình lập phương'],['003003']
['hình phạt'],['hình phạt'],['003004']
['hình thang'],['hình thang'],['003005']
['hình trụ'],['hình trụ'],['003006']
['hình tứ giác'],['hình tứ giác'],['003007']
['hình vẽ'],['hình vẽ'],['003008']
['hoa'],['hoa'],['003009']
['hoa'],['hoa'],['003010']
['hoa'],['hoa'],['003011']
['hoa lay ơn'],['hoa lay ơn'],['003012']
['hoa sen'],['hoa sen'],['003013']
['hoa sen'],['hoa sen'],['003014']
['hoa sen'],['hoa sen'],['003015']
['hòa bình'],['hòa bình'],['003016']
['hòa nhập'],['hòa nhập'],['003017']
['họa sỹ'],['họa sỹ'],['003018']
['hoàn thành'],['hoàn thành'],['003019']
['hoán vị'],['hoán vị'],['003020']
['hoàng đế'],['hoàng đế'],['003021']
['hoàng hôn'],['hoàng hôn'],['003022']
['Hoàng tử'],['Hoàng tử'],['003023']
['hoảng sợ'],['hoảng sợ'],['003024']
['hoạt động'],['hoạt động'],['003025']
['hoạt hình'],['hoạt hình'],['003026']
['hoạt hình'],['hoạt hình'],['003027']
['hoạt hình'],['hoạt hình'],['003028']
['hỏi han'],['hỏi han'],['003029']
['hòn đá'],['hòn đá'],['003030']
['hót rác'],['hót rác'],['003031']
['học bổng'],['học bổng'],['003032']
['học kém'],['học kém'],['003033']
['học nhóm'],['học nhóm'],['003034']
['học phí'],['học phí'],['003035']
['học tập'],['học tập'],['003036']
['học trò'],['học trò'],['003037']
['hỏi'],['hỏi'],['003038']
['hỏi'],['hỏi'],['003039']
['hỏi'],['hỏi'],['003040']
['hỏi thăm'],['hỏi thăm'],['003041']
['hòn bi (giống viên bi)'],['hòn bi (giống viên bi)'],['003042']
['hỏng'],['hỏng'],['003043']
['hỏng'],['hỏng'],['003044']
['hỏng'],['hỏng'],['003045']
['họp'],['họp'],['003046']
['hót'],['hót'],['003047']
['hót rác (cái hót rác)'],['hót rác (cái hót rác)'],['003048']
['Hồ Chí Minh'],['Hồ Chí Minh'],['003049']
['hồ dán'],['hồ dán'],['003050']
['hồ Hoàn Kiếm'],['hồ Hoàn Kiếm'],['003051']
['hồ nước'],['hồ nước'],['003052']
['hồi hộp'],['hồi hộp'],['003053']
['hồi hộp'],['hồi hộp'],['003054']
['hồi hộp'],['hồi hộp'],['003055']
['hối hận'],['hối hận'],['003056']
['hối hận'],['hối hận'],['003057']
['hối hận'],['hối hận'],['003058']
['hối lộ'],['hối lộ'],['003059']
['hội nghị'],['hội nghị'],['003060']
['hội thảo'],['hội thảo'],['003061']
['hội thảo'],['hội thảo'],['003062']
['hộp'],['hộp'],['003063']
['hộp bút'],['hộp bút'],['003064']
['hộp sữa'],['hộp sữa'],['003065']
['hơi nước'],['hơi nước'],['003066']
['hợp đồng'],['hợp đồng'],['003067']
['hợp đồng'],['hợp đồng'],['003068']
['hợp lí'],['hợp lí'],['003069']
['hợp tác'],['hợp tác'],['003070']
['huân chương'],['huân chương'],['003071']
['hung ác'],['hung ác'],['003072']
['hung thủ'],['hung thủ'],['003073']
['Hung-ga-ri (nước Hung-ga-ri)'],['Hung-ga-ri (nước Hung-ga-ri)'],['003074']
['Hùng Vương'],['Hùng Vương'],['003075']
['hút nước'],['hút nước'],['003076']
['hút thuốc lá'],['hút thuốc lá'],['003077']
['huy hiệu'],['huy hiệu'],['003078']
['huỷ diệt'],['huỷ diệt'],['003079']
['huyện'],['huyện'],['003080']
['huyện'],['huyện'],['003081']
['huyện'],['huyện'],['003082']
['Hưng Yên'],['Hưng Yên'],['003083']
['hướng dẫn'],['hướng dẫn'],['003084']
['muối i-ốt'],['muối i-ốt'],['003085']
['I-rắc (nước I-rắc)'],['I-rắc (nước I-rắc)'],['003086']
['ích lợi'],['ích lợi'],['003087']
['in (ấn)'],['in (ấn)'],['003088']
['ít'],['ít'],['003089']
['ít hơn'],['ít hơn'],['003090']
['ít nhất'],['ít nhất'],['003091']
['Italia (nước Italia)'],['Italia (nước Italia)'],['003092']
['kẻ cắp'],['kẻ cắp'],['003093']
['kèn'],['kèn'],['003094']
['kẻ thù'],['kẻ thù'],['003095']
['kém'],['kém'],['003096']
['kém'],['kém'],['003097']
['kém'],['kém'],['003098']
['keo kiệt'],['keo kiệt'],['003099']
['kẹo'],['kẹo'],['003100']
['kẹp'],['kẹp'],['003101']
['kể chuyện'],['kể chuyện'],['003102']
['kết bạn'],['kết bạn'],['003103']
['kết hợp'],['kết hợp'],['003104']
['kết quả'],['kết quả'],['003105']
['kết quả'],['kết quả'],['003106']
['kết quả'],['kết quả'],['003107']
['kêu'],['kêu'],['003108']
['kêu gọi'],['kêu gọi'],['003109']
['khác'],['khác'],['003110']
['khách'],['khách'],['003111']
['khách mời'],['khách mời'],['003112']
['khách sạn'],['khách sạn'],['003113']
['khách vip'],['khách vip'],['003114']
['hoang mang'],['hoang mang'],['003115']
['khai mạc'],['khai mạc'],['003116']
['kháng sinh'],['kháng sinh'],['003117']
['Khánh Hòa'],['Khánh Hòa'],['003118']
['khát nước'],['khát nước'],['003119']
['khát vọng'],['khát vọng'],['003120']
['khắc phục'],['khắc phục'],['003121']
['khăn mặt'],['khăn mặt'],['003122']
['khăn quàng'],['khăn quàng'],['003123']
['khăn quàng đỏ'],['khăn quàng đỏ'],['003124']
['khâm phục'],['khâm phục'],['003125']
['khâu vá'],['khâu vá'],['003126']
['khẩu hiệu'],['khẩu hiệu'],['003127']
['khẩu trang'],['khẩu trang'],['003128']
['khe cửa'],['khe cửa'],['003129']
['khe núi'],['khe núi'],['003130']
['khen'],['khen'],['003131']
['khen tặng'],['khen tặng'],['003132']
['khéo'],['khéo'],['003133']
['khiêng'],['khiêng'],['003134']
['khó khăn'],['khó khăn'],['003135']
['khó khăn'],['khó khăn'],['003136']
['khoa học'],['khoa học'],['003137']
['khóa quần'],['khóa quần'],['003138']
['khoác vai'],['khoác vai'],['003139']
['khoan (cái khoan)'],['khoan (cái khoan)'],['003140']
['khoảng cách'],['khoảng cách'],['003141']
['khoá (cái khóa)'],['khoá (cái khóa)'],['003142']
['khóa cửa'],['khóa cửa'],['003143']
['khoác áo'],['khoác áo'],['003144']
['khoác tay'],['khoác tay'],['003145']
['khoan'],['khoan'],['003146']
['khoang tàu'],['khoang tàu'],['003147']
['khoanh tay'],['khoanh tay'],['003148']
['khóc'],['khóc'],['003149']
['khoe'],['khoe'],['003150']
['khỏi bệnh'],['khỏi bệnh'],['003151']
['khói'],['khói'],['003152']
['khóm dứa'],['khóm dứa'],['003153']
['bụi tre'],['bụi tre'],['003154']
['khô héo'],['khô héo'],['003155']
['khổ thơ'],['khổ thơ'],['003156']
['cầu Long Biên'],['cầu Long Biên'],['003157']
['khối lượng'],['khối lượng'],['003158']
['không gian'],['không gian'],['003159']
['không thẳng hàng'],['không thẳng hàng'],['003160']
['khổng lồ'],['khổng lồ'],['003161']
['khố'],['khố'],['003162']
['không hiểu'],['không hiểu'],['003163']
['không hiểu'],['không hiểu'],['003164']
['không hiểu'],['không hiểu'],['003165']
['không khí'],['không khí'],['003166']
['khổ'],['khổ'],['003167']
['khu vườn'],['khu vườn'],['003168']
['vực sâu'],['vực sâu'],['003169']
['khúc khuỷu'],['khúc khuỷu'],['003170']
['khung cửa số'],['khung cửa số'],['003171']
['khung thành'],['khung thành'],['003172']
['khuôn hình'],['khuôn hình'],['003173']
['khuy'],['khuy'],['003174']
['khuyên tai'],['khuyên tai'],['003175']
['kì diệu'],['kì diệu'],['003176']
['kì lạ'],['kì lạ'],['003177']
['kí duyệt'],['kí duyệt'],['003178']
['ki-lô-gam'],['ki-lô-gam'],['003179']
['ki-lô-mét vuông (km2)'],['ki-lô-mét vuông (km2)'],['003180']
['kỉ niệm'],['kỉ niệm'],['003181']
['kỉ niệm'],['kỉ niệm'],['003182']
['kỉ niệm'],['kỉ niệm'],['003183']
['kí hiệu'],['kí hiệu'],['003184']
['kí tên'],['kí tên'],['003185']
['kí tên'],['kí tên'],['003186']
['kịch bản'],['kịch bản'],['003187']
['kiểm tra'],['kiểm tra'],['003188']
['kiểm tra'],['kiểm tra'],['003189']
['kiểm tra'],['kiểm tra'],['003190']
['kiếm (cái kiếm)'],['kiếm (cái kiếm)'],['003191']
['Kiên Giang'],['Kiên Giang'],['003192']
['kiên quyết'],['kiên quyết'],['003193']
['kiến thức'],['kiến thức'],['003194']
['kiến trúc'],['kiến trúc'],['003195']
['kiến trúc sư'],['kiến trúc sư'],['003196']
"['kiêu (kiêu căng, kiêu xa)']","['kiêu (kiêu căng, kiêu xa)']",['003197']
['kim'],['kim'],['003198']
['kinh ngạc'],['kinh ngạc'],['003199']
['kinh nghiệm'],['kinh nghiệm'],['003200']
['kính hiển vi'],['kính hiển vi'],['003201']
['kính lão'],['kính lão'],['003202']
['kính lúp'],['kính lúp'],['003203']
['kính trọng'],['kính trọng'],['003204']
['Kon Tum'],['Kon Tum'],['003205']
['la bàn'],['la bàn'],['003206']
['la hét'],['la hét'],['003207']
['lá cây'],['lá cây'],['003208']
['lá cây'],['lá cây'],['003209']
['lá thư'],['lá thư'],['003210']
['Lạc Long Quân'],['Lạc Long Quân'],['003211']
['lạc quan'],['lạc quan'],['003212']
['lái tàu hỏa'],['lái tàu hỏa'],['003213']
['lái tàu hỏa'],['lái tàu hỏa'],['003214']
['làm quen'],['làm quen'],['003215']
['làm ruộng'],['làm ruộng'],['003216']
['làm việc'],['làm việc'],['003217']
['lang thang'],['lang thang'],['003218']
['làn sóng'],['làn sóng'],['003219']
['làng xóm'],['làng xóm'],['003220']
['Lạng Sơn'],['Lạng Sơn'],['003221']
['lãnh đạo'],['lãnh đạo'],['003222']
['thổ dân'],['thổ dân'],['003223']
['lao phổi'],['lao phổi'],['003224']
['Lào (nước Lào)'],['Lào (nước Lào)'],['003225']
['Lào (nước Lào)'],['Lào (nước Lào)'],['003226']
['Lào (nước Lào)'],['Lào (nước Lào)'],['003227']
['lão già'],['lão già'],['003228']
['lau chùi'],['lau chùi'],['003229']
['lau khô'],['lau khô'],['003230']
['lau nhà'],['lau nhà'],['003231']
['lặn'],['lặn'],['003232']
['lặng lẽ'],['lặng lẽ'],['003233']
['lắp ráp'],['lắp ráp'],['003234']
['Lâm Đồng'],['Lâm Đồng'],['003235']
['lẫn lộn'],['lẫn lộn'],['003236']
['lầu (tầng)'],['lầu (tầng)'],['003237']
['lây bệnh'],['lây bệnh'],['003238']
['lây nhiễm'],['lây nhiễm'],['003239']
['lấy'],['lấy'],['003240']
['leo trèo'],['leo trèo'],['003241']
['lễ bế giảng'],['lễ bế giảng'],['003242']
['lễ bế giảng'],['lễ bế giảng'],['003243']
['lễ hội'],['lễ hội'],['003244']
['lễ hội'],['lễ hội'],['003245']
['lễ hội'],['lễ hội'],['003246']
['lễ Nô-en'],['lễ Nô-en'],['003247']
['lễ Nô-en'],['lễ Nô-en'],['003248']
['lễ hội hóa trang'],['lễ hội hóa trang'],['003249']
['lễ phép'],['lễ phép'],['003250']
['lễ vật'],['lễ vật'],['003251']
['lên đường'],['lên đường'],['003252']
['lên ngôi'],['lên ngôi'],['003253']
['lên xe'],['lên xe'],['003254']
['lều trại'],['lều trại'],['003255']
['lí do'],['lí do'],['003256']
['Liên Bang Nga (nước Nga)'],['Liên Bang Nga (nước Nga)'],['003257']
['Liên Bang Nga (nước Nga)'],['Liên Bang Nga (nước Nga)'],['003258']
['Liên Bang Nga (nước Nga)'],['Liên Bang Nga (nước Nga)'],['003259']
['liên hoan'],['liên hoan'],['003260']
['liên hoan'],['liên hoan'],['003261']
['liên hoan'],['liên hoan'],['003262']
['liên kết'],['liên kết'],['003263']
['liên lạc'],['liên lạc'],['003264']
['liên lạc'],['liên lạc'],['003265']
['liên quan'],['liên quan'],['003266']
['liên tục'],['liên tục'],['003267']
['liền sau'],['liền sau'],['003268']
['liền trước'],['liền trước'],['003269']
['liệt (liệt tay chân)'],['liệt (liệt tay chân)'],['003270']
['liều lĩnh'],['liều lĩnh'],['003271']
['liều mình'],['liều mình'],['003272']
['linh hồn'],['linh hồn'],['003273']
['lĩnh hội'],['lĩnh hội'],['003274']
['lĩnh vực'],['lĩnh vực'],['003275']
['lĩnh vực'],['lĩnh vực'],['003276']
['lĩnh vực'],['lĩnh vực'],['003277']
['lo sợ'],['lo sợ'],['003278']
['lò xo'],['lò xo'],['003279']
['lọ hoa'],['lọ hoa'],['003280']
['lọ mực'],['lọ mực'],['003281']
['loa'],['loa'],['003282']
['loạn thị'],['loạn thị'],['003283']
['lon bia'],['lon bia'],['003284']
['Long An'],['Long An'],['003285']
['lọng'],['lọng'],['003286']
['lỗi chính tả'],['lỗi chính tả'],['003287']
['lỗi lầm'],['lỗi lầm'],['003288']
['lối đi'],['lối đi'],['003289']
['lông'],['lông'],['003290']
['lông gà'],['lông gà'],['003291']
['lồng bàn'],['lồng bàn'],['003292']
['lồng chim'],['lồng chim'],['003293']
['lồng tiếng'],['lồng tiếng'],['003294']
['lơ lửng'],['lơ lửng'],['003295']
['lời giải'],['lời giải'],['003296']
['lời nói'],['lời nói'],['003297']
['lợi ích'],['lợi ích'],['003298']
['lớp'],['lớp'],['003299']
['lúa'],['lúa'],['003300']
['luật chơi'],['luật chơi'],['003301']
['luật chơi'],['luật chơi'],['003302']
['luật chơi'],['luật chơi'],['003303']
['luật lệ'],['luật lệ'],['003304']
['lúc nào'],['lúc nào'],['003305']
['lúc nào'],['lúc nào'],['003306']
['lúc nào'],['lúc nào'],['003307']
['lục địa'],['lục địa'],['003308']
['lục giác'],['lục giác'],['003309']
['lùi bước'],['lùi bước'],['003310']
['lúng túng'],['lúng túng'],['003311']
['lũy tre'],['lũy tre'],['003312']
['luyện tập'],['luyện tập'],['003313']
['luyện từ và câu'],['luyện từ và câu'],['003314']
['lửa'],['lửa'],['003315']
['lược'],['lược'],['003316']
['lười học'],['lười học'],['003317']
['lười học'],['lười học'],['003318']
['lười học'],['lười học'],['003319']
['lưỡi'],['lưỡi'],['003320']
['lưỡi câu'],['lưỡi câu'],['003321']
['lưới'],['lưới'],['003322']
['lượm'],['lượm'],['003323']
['lương thực'],['lương thực'],['003324']
['lướt ván'],['lướt ván'],['003325']
['cây thông'],['cây thông'],['003326']
['dự trữ'],['dự trữ'],['003327']
['lưu ý'],['lưu ý'],['003328']
['lựu'],['lựu'],['003329']
['lựu đạn'],['lựu đạn'],['003330']
['ma'],['ma'],['003331']
['ma cà rồng'],['ma cà rồng'],['003332']
['ma quỷ'],['ma quỷ'],['003333']
['mạch lạc'],['mạch lạc'],['003334']
['mạch máu'],['mạch máu'],['003335']
['mái chèo'],['mái chèo'],['003336']
['mái hiên'],['mái hiên'],['003337']
['mái nhà'],['mái nhà'],['003338']
['mái tóc'],['mái tóc'],['003339']
['màn'],['màn'],['003340']
['màn'],['màn'],['003341']
['màn'],['màn'],['003342']
['mạng lưới'],['mạng lưới'],['003343']
['mạnh mẽ'],['mạnh mẽ'],['003344']
['màu cam'],['màu cam'],['003345']
['màu đen'],['màu đen'],['003346']
['màu đỏ'],['màu đỏ'],['003347']
['màu nâu'],['màu nâu'],['003348']
['màu nâu'],['màu nâu'],['003349']
['màu nâu'],['màu nâu'],['003350']
['màu nhiệm'],['màu nhiệm'],['003351']
['màu trắng'],['màu trắng'],['003352']
['màu trắng'],['màu trắng'],['003353']
['màu trắng'],['màu trắng'],['003354']
['màu xanh da trời'],['màu xanh da trời'],['003355']
['màu xanh da trời'],['màu xanh da trời'],['003356']
['màu xanh da trời'],['màu xanh da trời'],['003357']
['màu xanh lá cây'],['màu xanh lá cây'],['003358']
['màu xanh lá cây'],['màu xanh lá cây'],['003359']
['màu xanh lá cây'],['màu xanh lá cây'],['003360']
['má'],['má'],['003361']
['máy ảnh'],['máy ảnh'],['003362']
['máy bơm'],['máy bơm'],['003363']
['máy chiếu'],['máy chiếu'],['003364']
['máy in'],['máy in'],['003365']
['máy in'],['máy in'],['003366']
['máy in'],['máy in'],['003367']
['máy khâu'],['máy khâu'],['003368']
['mắc áo'],['mắc áo'],['003369']
['mặc'],['mặc'],['003370']
['mặc kệ'],['mặc kệ'],['003371']
['mặc quần áo'],['mặc quần áo'],['003372']
['mắm'],['mắm'],['003373']
['măng'],['măng'],['003374']
['mắng'],['mắng'],['003375']
['mắng'],['mắng'],['003376']
['mắng'],['mắng'],['003377']
['mặt'],['mặt'],['003378']
['mặt đất'],['mặt đất'],['003379']
['mặt vuông'],['mặt vuông'],['003380']
['mặt nạ'],['mặt nạ'],['003381']
['mặt dài'],['mặt dài'],['003382']
['mâm cơm'],['mâm cơm'],['003383']
['mâm ngũ quả'],['mâm ngũ quả'],['003384']
['mâm ngũ quả'],['mâm ngũ quả'],['003385']
['mất ngủ'],['mất ngủ'],['003386']
['mất trí'],['mất trí'],['003387']
['mật khẩu'],['mật khẩu'],['003388']
['mật khẩu'],['mật khẩu'],['003389']
['mật khẩu'],['mật khẩu'],['003390']
['mật ong'],['mật ong'],['003391']
['mẫu số'],['mẫu số'],['003392']
['mẫu số bé'],['mẫu số bé'],['003393']
['mẫu số chung'],['mẫu số chung'],['003394']
['mẫu số lớn'],['mẫu số lớn'],['003395']
['mây'],['mây'],['003396']
['mét (m)'],['mét (m)'],['003397']
['mét khối (m3)'],['mét khối (m3)'],['003398']
['mét vuông (m2)'],['mét vuông (m2)'],['003399']
['Mexico (nước Mexico)'],['Mexico (nước Mexico)'],['003400']
['Mexico (nước Mexico)'],['Mexico (nước Mexico)'],['003401']
['mềm mại'],['mềm mại'],['003402']
['mênh mông'],['mênh mông'],['003403']
['mi-li-mét (mm)'],['mi-li-mét (mm)'],['003404']
['mĩ thuật'],['mĩ thuật'],['003405']
['miền Bắc Việt Nam'],['miền Bắc Việt Nam'],['003406']
['miền Nam Việt Nam'],['miền Nam Việt Nam'],['003407']
['miêu tả'],['miêu tả'],['003408']
['minh hoạ'],['minh hoạ'],['003409']
['khoan (khoan đã)'],['khoan (khoan đã)'],['003410']
['móc áo'],['móc áo'],['003411']
['Mặt trời mọc'],['Mặt trời mọc'],['003412']
['mõm'],['mõm'],['003413']
['muốn'],['muốn'],['003414']
['muốn'],['muốn'],['003415']
['muốn'],['muốn'],['003416']
['Mặt trời lặn'],['Mặt trời lặn'],['003417']
['móng chân'],['móng chân'],['003418']
['mồ côi'],['mồ côi'],['003419']
['mồ côi cha mẹ'],['mồ côi cha mẹ'],['003420']
['mồ hôi'],['mồ hôi'],['003421']
['mộc nhĩ'],['mộc nhĩ'],['003422']
['môi'],['môi'],['003423']
['môi trường'],['môi trường'],['003424']
['mỗi'],['mỗi'],['003425']
['môn Âm nhạc'],['môn Âm nhạc'],['003426']
['môn Đạo đức'],['môn Đạo đức'],['003427']
['môn Đạo đức'],['môn Đạo đức'],['003428']
['môn Đạo đức'],['môn Đạo đức'],['003429']
['môn Giáo dục công dân'],['môn Giáo dục công dân'],['003430']
['môn Giáo dục thể chất'],['môn Giáo dục thể chất'],['003431']
['môn Khoa học'],['môn Khoa học'],['003432']
['môn Kĩ thuật'],['môn Kĩ thuật'],['003433']
['môn Kĩ thuật'],['môn Kĩ thuật'],['003434']
['môn Kĩ thuật'],['môn Kĩ thuật'],['003435']
['môn Lịch sử'],['môn Lịch sử'],['003436']
['môn Mĩ thuật'],['môn Mĩ thuật'],['003437']
['môn Ngoại ngữ'],['môn Ngoại ngữ'],['003438']
['môn Sinh học'],['môn Sinh học'],['003439']
['môn Tiếng Việt'],['môn Tiếng Việt'],['003440']
['môn Tin học và Công nghệ'],['môn Tin học và Công nghệ'],['003441']
['môn Toán'],['môn Toán'],['003442']
['môn Tự nhiên và Xã hội'],['môn Tự nhiên và Xã hội'],['003443']
['một cặp'],['một cặp'],['003444']
['một đôi'],['một đôi'],['003445']
['một mình'],['một mình'],['003446']
['mơ ngủ'],['mơ ngủ'],['003447']
['mơ ước'],['mơ ước'],['003448']
['mở'],['mở'],['003449']
['mở cửa'],['mở cửa'],['003450']
['mở đầu'],['mở đầu'],['003451']
['mở màn'],['mở màn'],['003452']
['mở rộng'],['mở rộng'],['003453']
['mớ rau'],['mớ rau'],['003454']
['mời'],['mời'],['003455']
['mới'],['mới'],['003456']
['mới'],['mới'],['003457']
['mới'],['mới'],['003458']
['mũ lưỡi trai'],['mũ lưỡi trai'],['003459']
['mua bán'],['mua bán'],['003460']
['mua vé'],['mua vé'],['003461']
['mùa đông'],['mùa đông'],['003462']
['mùa hè'],['mùa hè'],['003463']
['mùa hè'],['mùa hè'],['003464']
['mùa hè'],['mùa hè'],['003465']
['mùa thu'],['mùa thu'],['003466']
['mùa xuân'],['mùa xuân'],['003467']
['mùa xuân'],['mùa xuân'],['003468']
['mùa xuân'],['mùa xuân'],['003469']
['múa rối'],['múa rối'],['003470']
['mũ'],['mũ'],['003471']
['múa'],['múa'],['003472']
['mui xe'],['mui xe'],['003473']
['muộn'],['muộn'],['003474']
['mưa phùn'],['mưa phùn'],['003475']
['mứt'],['mứt'],['003476']
['Nam bán cầu'],['Nam bán cầu'],['003477']
['Nam Định'],['Nam Định'],['003478']
['nạn nhân'],['nạn nhân'],['003479']
"['náo động, náo nhiệt']","['náo động, náo nhiệt']",['003480']
['náo nức'],['náo nức'],['003481']
['nạp điện'],['nạp điện'],['003482']
['nạp điện'],['nạp điện'],['003483']
['nạp điện'],['nạp điện'],['003484']
['năm ngoái'],['năm ngoái'],['003485']
['nằm'],['nằm'],['003486']
['nắn nót'],['nắn nót'],['003487']
['năng khiếu'],['năng khiếu'],['003488']
['năng lực'],['năng lực'],['003489']
['nấm'],['nấm'],['003490']
['nẻ'],['nẻ'],['003491']
['nén'],['nén'],['003492']
['nét mặt'],['nét mặt'],['003493']
['nếm'],['nếm'],['003494']
['nền nhà'],['nền nhà'],['003495']
['nến'],['nến'],['003496']
['ngà voi'],['ngà voi'],['003497']
['ngã ba'],['ngã ba'],['003498']
['ngày khai trường'],['ngày khai trường'],['003499']
['ngày Nhà giáo Việt nam'],['ngày Nhà giáo Việt nam'],['003500']
['ngày tháng'],['ngày tháng'],['003501']
['ngày tháng'],['ngày tháng'],['003502']
['ngày tháng'],['ngày tháng'],['003503']
['ngã'],['ngã'],['003504']
['ngạc nhiên'],['ngạc nhiên'],['003505']
['ngày nay'],['ngày nay'],['003506']
['ngày nay'],['ngày nay'],['003507']
['ngày Quốc tế Lao động'],['ngày Quốc tế Lao động'],['003508']
['ngày Quốc tế Lao động'],['ngày Quốc tế Lao động'],['003509']
['ngày sinh'],['ngày sinh'],['003510']
['ngày sinh'],['ngày sinh'],['003511']
['ngày sinh'],['ngày sinh'],['003512']
['ngày xưa'],['ngày xưa'],['003513']
['ngăn cản'],['ngăn cản'],['003514']
['ngăn chặn'],['ngăn chặn'],['003515']
['ngắn'],['ngắn'],['003516']
['ngắn nhất'],['ngắn nhất'],['003517']
['ngắt hoa'],['ngắt hoa'],['003518']
['ngắt hoa'],['ngắt hoa'],['003519']
['ngâm hạt'],['ngâm hạt'],['003520']
['ngân hàng'],['ngân hàng'],['003521']
['nghe'],['nghe'],['003522']
['nghé'],['nghé'],['003523']
['nghé'],['nghé'],['003524']
['nghé'],['nghé'],['003525']
['nghẹn ngào'],['nghẹn ngào'],['003526']
['nghệ sĩ'],['nghệ sĩ'],['003527']
['nghệ thuật'],['nghệ thuật'],['003528']
['nghệ thuật'],['nghệ thuật'],['003529']
['nghệ thuật'],['nghệ thuật'],['003530']
['nghi ngờ'],['nghi ngờ'],['003531']
['nghi ngờ'],['nghi ngờ'],['003532']
['nghi ngờ'],['nghi ngờ'],['003533']
['nghỉ hè'],['nghỉ hè'],['003534']
['nghỉ hè'],['nghỉ hè'],['003535']
['nghỉ hè'],['nghỉ hè'],['003536']
['nghỉ học'],['nghỉ học'],['003537']
['nghỉ học'],['nghỉ học'],['003538']
['nghỉ ngơi'],['nghỉ ngơi'],['003539']
['nghĩa đen'],['nghĩa đen'],['003540']
['nghiên cứu'],['nghiên cứu'],['003541']
['nghĩ'],['nghĩ'],['003542']
['nghị lực'],['nghị lực'],['003543']
['nghĩa bóng'],['nghĩa bóng'],['003544']
['nghĩa trang'],['nghĩa trang'],['003545']
['nghiêm khắc'],['nghiêm khắc'],['003546']
['nghiêm khắc'],['nghiêm khắc'],['003547']
['nghiêm khắc'],['nghiêm khắc'],['003548']
['nghiêm túc'],['nghiêm túc'],['003549']
['nghiến răng'],['nghiến răng'],['003550']
['ngoại hình'],['ngoại hình'],['003551']
['xâm hại tình dục'],['xâm hại tình dục'],['003552']
['ngoan ngoãn'],['ngoan ngoãn'],['003553']
['ngoắc tay'],['ngoắc tay'],['003554']
['ngoặc đơn'],['ngoặc đơn'],['003555']
['ngon giấc'],['ngon giấc'],['003556']
['ngon miệng'],['ngon miệng'],['003557']
['ngõ'],['ngõ'],['003558']
['ngón chân'],['ngón chân'],['003559']
['ngón tay'],['ngón tay'],['003560']
['ngọn cây'],['ngọn cây'],['003561']
['ngọn cây'],['ngọn cây'],['003562']
['ngọn cây'],['ngọn cây'],['003563']
['ngô'],['ngô'],['003564']
['ngô'],['ngô'],['003565']
['ngộ độc'],['ngộ độc'],['003566']
['ngộ nghĩnh'],['ngộ nghĩnh'],['003567']
['ngồi'],['ngồi'],['003568']
['ngồi'],['ngồi'],['003569']
['ngồi'],['ngồi'],['003570']
['ngôn ngữ'],['ngôn ngữ'],['003571']
['ngũ quả'],['ngũ quả'],['003572']
['nguồn gốc'],['nguồn gốc'],['003573']
['nguy hiểm'],['nguy hiểm'],['003574']
['nguy hiểm'],['nguy hiểm'],['003575']
['nguy hiểm'],['nguy hiểm'],['003576']
['nguyên nhân'],['nguyên nhân'],['003577']
['nguyện vọng'],['nguyện vọng'],['003578']
['ngữ điệu'],['ngữ điệu'],['003579']
['ngước nhìn'],['ngước nhìn'],['003580']
['ngược đãi'],['ngược đãi'],['003581']
['ngược lại'],['ngược lại'],['003582']
['người bán hàng'],['người bán hàng'],['003583']
['người gửi'],['người gửi'],['003584']
['người lái xe (ô tô)'],['người lái xe (ô tô)'],['003585']
['người lái xe (ô tô)'],['người lái xe (ô tô)'],['003586']
['người lái xe (ô tô)'],['người lái xe (ô tô)'],['003587']
['người lạ'],['người lạ'],['003588']
['người máy'],['người máy'],['003589']
['người quen'],['người quen'],['003590']
['người xấu'],['người xấu'],['003591']
['người xấu'],['người xấu'],['003592']
['người xấu'],['người xấu'],['003593']
['người xưa'],['người xưa'],['003594']
['người xưa'],['người xưa'],['003595']
['người xưa'],['người xưa'],['003596']
['người yêu'],['người yêu'],['003597']
['người yêu'],['người yêu'],['003598']
['người yêu'],['người yêu'],['003599']
['ngưỡng mộ'],['ngưỡng mộ'],['003600']
['nhà bác học'],['nhà bác học'],['003601']
['nhà cửa'],['nhà cửa'],['003602']
['nhà sàn'],['nhà sàn'],['003603']
['nhà tầng'],['nhà tầng'],['003604']
['nhà thơ'],['nhà thơ'],['003605']
['nhà thờ'],['nhà thờ'],['003606']
['nhà trường'],['nhà trường'],['003607']
['nhà trường'],['nhà trường'],['003608']
['nhà tù'],['nhà tù'],['003609']
['nhãn vở'],['nhãn vở'],['003610']
['nhãn vở'],['nhãn vở'],['003611']
['nhãn vở'],['nhãn vở'],['003612']
['nhanh nhẹn'],['nhanh nhẹn'],['003613']
['nhào lộn'],['nhào lộn'],['003614']
['nhát gan'],['nhát gan'],['003615']
['nhảy cao'],['nhảy cao'],['003616']
['nhảy dù'],['nhảy dù'],['003617']
['nhảy múa'],['nhảy múa'],['003618']
['nháy mắt'],['nháy mắt'],['003619']
['nhạy cảm'],['nhạy cảm'],['003620']
['nhắc nhở'],['nhắc nhở'],['003621']
['nhăn mặt'],['nhăn mặt'],['003622']
['nhặt rau'],['nhặt rau'],['003623']
['nhân cách hoá'],['nhân cách hoá'],['003624']
['nhân chứng'],['nhân chứng'],['003625']
['nhân dân'],['nhân dân'],['003626']
['nhân hậu'],['nhân hậu'],['003627']
['nhân hậu'],['nhân hậu'],['003628']
['nhân hậu'],['nhân hậu'],['003629']
['nhân vật'],['nhân vật'],['003630']
['nhận hàng'],['nhận hàng'],['003631']
['nhận'],['nhận'],['003632']
['nhận thức'],['nhận thức'],['003633']
['nhận xét'],['nhận xét'],['003634']
['nhấp nháy'],['nhấp nháy'],['003635']
['nhập trường'],['nhập trường'],['003636']
['nhập trường'],['nhập trường'],['003637']
['nhập trường'],['nhập trường'],['003638']
['Nhật (nước Nhật)'],['Nhật (nước Nhật)'],['003639']
['Nhật (nước Nhật)'],['Nhật (nước Nhật)'],['003640']
['nhi đồng'],['nhi đồng'],['003641']
['nhiệt kế'],['nhiệt kế'],['003642']
['nhiệt kế'],['nhiệt kế'],['003643']
['nhiệt kế'],['nhiệt kế'],['003644']
['nhiều hơn'],['nhiều hơn'],['003645']
xa vô tận quả lê,"['xa vô tận', 'quả lê']","['001870', '000355']"
chùm vải rửa chân,"['chùm vải', 'rửa chân']","['002270', '000590']"
nội quy mớ rau,"['nội quy', 'mớ rau']","['000062', '003454']"
Hung-ga-ri (nước Hung-ga-ri) nổi dậy,"['Hung-ga-ri (nước Hung-ga-ri)', 'nổi dậy']","['003074', '000055']"
có ích tiến sĩ,"['có ích', 'tiến sĩ']","['002308', '001263']"
con đẻ tay phải,"['con đẻ', 'tay phải']","['002341', '000861']"
đếm bài thơ,"['đếm', 'bài thơ']","['002689', '001311']"
hình tứ giác trọc đầu,"['hình tứ giác', 'trọc đầu']","['003007', '001486']"
chèn ép hạn hán,"['chèn ép', 'hạn hán']","['002160', '002944']"
lang thang cầu Thê Húc (Hồ Gươm),"['lang thang', 'cầu Thê Húc (Hồ Gươm)']","['003218', '000746']"
danh từ riêng quả táo,"['danh từ riêng', 'quả táo']","['002527', '000384']"
phổi sân khấu,"['phổi', 'sân khấu']","['000270', '000661']"
cái bè Cu ba (nước Cu ba),"['cái bè', 'Cu ba (nước Cu ba)']","['001902', '002470']"
ăn vú sữa (bằng thìa) bãi cỏ,"['ăn vú sữa (bằng thìa)', 'bãi cỏ']","['000398', '001323']"
nốt ruồi chọn lọc,"['nốt ruồi', 'chọn lọc']","['000070', '002222']"
hỏi thăm tiếp tục,"['hỏi thăm', 'tiếp tục']","['003041', '001277']"
bập bênh quân đội,"['bập bênh', 'quân đội']","['001551', '000425']"
chiếm đoạt hắt hơi,"['chiếm đoạt', 'hắt hơi']","['002190', '002968']"
tia chớp chuyển động,"['tia chớp', 'chuyển động']","['001242', '002285']"
khoác vai đàn bầu,"['khoác vai', 'đàn bầu']","['003139', '002617']"
ga tàu rộng lớn,"['ga tàu', 'rộng lớn']","['002811', '000573']"
công viên con dế,"['công viên', 'con dế']","['002440', '002340']"
bạn yêu bạn ấy xuyên Việt,"['bạn yêu bạn ấy', 'xuyên Việt']","['000295', '000465']"
ngước nhìn bảng trừ,"['ngước nhìn', 'bảng trừ']","['003580', '001419']"
to lớn không đẹp,"['to lớn', 'không đẹp']","['001346', '000269']"
Tết Âm đối diện,"['Tết Âm', 'đối diện']","['000899', '002736']"
chuyển vế phòng học tin học,"['chuyển vế', 'phòng học tin học']","['002290', '000247']"
vật bạn gái,"['vật', 'bạn gái']","['001796', '001381']"
tiếc p,"['tiếc', 'p']","['001251', '001072']"
bệnh Đao - Down trạm y tế,"['bệnh Đao - Down', 'trạm y tế']","['000798', '001434']"
công cộng gặm cỏ,"['công cộng', 'gặm cỏ']","['002431', '002832']"
xuất hiện c,"['xuất hiện', 'c']","['002054', '001032']"
thả diều xếp hàng ưu tiên,"['thả diều', 'xếp hàng ưu tiên']","['000917', '002028']"
buổi trưa thầy giáo,"['buổi trưa', 'thầy giáo']","['001849', '001023']"
như hình với bóng phù hợp,"['như hình với bóng', 'phù hợp']","['000017', '000280']"
đánh đánh bắt,"['đánh', 'đánh bắt']","['002625', '002626']"
bên phải đoạn văn,"['bên phải', 'đoạn văn']","['001601', '002725']"
thổ dân gian lận,"['thổ dân', 'gian lận']","['003223', '002536']"
đóng cửa đề tài,"['đóng cửa', 'đề tài']","['002729', '002685']"
đằng sau sơ đồ,"['đằng sau', 'sơ đồ']","['002640', '000745']"
giường tay,"['giường', 'tay']","['002917', '000859']"
z thẳng hàng (Toán học),"['z', 'thẳng hàng (Toán học)']","['001095', '000989']"
Ê-ti-ô-pi-a (nước Ê-ti-ô-pi-a) sách toán,"['Ê-ti-ô-pi-a (nước Ê-ti-ô-pi-a)', 'sách toán']","['002810', '000615']"
lung tung tưới cây,"['lung tung', 'tưới cây']","['000052', '001686']"
câu cá cúc áo,"['câu cá', 'cúc áo']","['001975', '002475']"
lựu đạn đồng ruộng,"['lựu đạn', 'đồng ruộng']","['003330', '002764']"
cổ đại chuyên cần,"['cổ đại', 'chuyên cần']","['002410', '002277']"
hẹn nước mắm,"['hẹn', 'nước mắm']","['000369', '000966']"
nhập trường hối hận,"['nhập trường', 'hối hận']","['003636', '003057']"
chiều cao cao thấp,"['chiều cao', 'cao thấp']","['002192', '001949']"
cưỡi ngựa hút thuốc lá,"['cưỡi ngựa', 'hút thuốc lá']","['002504', '003077']"
vòng đời chuyển đồ,"['vòng đời', 'chuyển đồ']","['001856', '002283']"
Albania (nước Albania) bóc lột,"['Albania (nước Albania)', 'bóc lột']","['000028', '001693']"
vui chơi chú hề,"['vui chơi', 'chú hề']","['001893', '002242']"
tuyên truyền hót rác,"['tuyên truyền', 'hót rác']","['000737', '003031']"
thiệt thòi tàu ngầm,"['thiệt thòi', 'tàu ngầm']","['001077', '000851']"
phi tiêu học tập,"['phi tiêu', 'học tập']","['000198', '003036']"
chủ nghĩa xã hội số thập phân,"['chủ nghĩa xã hội', 'số thập phân']","['002238', '000739']"
bát không cho,"['bát', 'không cho']","['001487', '000086']"
mẫu số lớn chào,"['mẫu số lớn', 'chào']","['003395', '002075']"
hoa lay ơn con tôm,"['hoa lay ơn', 'con tôm']","['003012', '002390']"
đun nấu giao hoán,"['đun nấu', 'giao hoán']","['002782', '002877']"
Trung Quốc (nước Trung Quốc) tuyên ngôn,"['Trung Quốc (nước Trung Quốc)', 'tuyên ngôn']","['001554', '001642']"
mạch lạc tóm tắt,"['mạch lạc', 'tóm tắt']","['003334', '001378']"
tỉnh đĩa,"['tỉnh', 'đĩa']","['000007', '002695']"
họa sỹ nhộn nhịp (đông người),"['họa sỹ', 'nhộn nhịp (đông người)']","['003018', '000660']"
tham khảo phục vụ,"['tham khảo', 'phục vụ']","['000936', '000290']"
7up nhảy múa,"['7up', 'nhảy múa']","['000862', '003618']"
quan trọng chai,"['quan trọng', 'chai']","['000402', '002069']"
góc tù sao,"['góc tù', 'sao']","['002922', '000629']"
trông nom hoàng đế,"['trông nom', 'hoàng đế']","['001520', '003021']"
quan hệ cái nhíp,"['quan hệ', 'cái nhíp']","['000397', '001909']"
bổ ích 4,"['bổ ích', '4']","['001717', '001130']"
tập viết ngà voi,"['tập viết', 'ngà voi']","['000887', '003497']"
yên ngựa bút,"['yên ngựa', 'bút']","['002505', '001865']"
thù lao bãi cỏ,"['thù lao', 'bãi cỏ']","['001137', '001323']"
nói ngập ngừng con cừu,"['nói ngập ngừng', 'con cừu']","['000450', '002337']"
con ngựa quà,"['con ngựa', 'quà']","['002368', '000417']"
phương tiện trứng,"['phương tiện', 'trứng']","['000300', '001588']"
bút máy tạm biệt,"['bút máy', 'tạm biệt']","['001871', '000841']"
cơ bắp cổ áo,"['cơ bắp', 'cổ áo']","['002455', '002408']"
bàn tán sự thật,"['bàn tán', 'sự thật']","['001347', '000769']"
cô giáo chia đều,"['cô giáo', 'chia đều']","['002406', '002181']"
giám sát phức tạp,"['giám sát', 'phức tạp']","['000572', '000294']"
bắp ngô Cu ba (nước Cu ba),"['bắp ngô', 'Cu ba (nước Cu ba)']","['001533', '002470']"
cau có uốn tóc,"['cau có', 'uốn tóc']","['001955', '001716']"
giã Ninh Bình,"['giã', 'Ninh Bình']","['002861', '000024']"
gương mẫu gù lưng,"['gương mẫu', 'gù lưng']","['002939', '002132']"
mùa hè nồi cơm điện,"['mùa hè', 'nồi cơm điện']","['003464', '000051']"
chảo nhược điểm,"['chảo', 'nhược điểm']","['002079', '000019']"
con cua chợ nổi,"['con cua', 'chợ nổi']","['002335', '002227']"
gà rừng bốc hơi,"['gà rừng', 'bốc hơi']","['002815', '001741']"
giấy tờ quay phim,"['giấy tờ', 'quay phim']","['002903', '000416']"
tam giác trà sữa,"['tam giác', 'trà sữa']","['000839', '000857']"
gói (đgt) ủy ban nhân dân,"['gói (đgt)', 'ủy ban nhân dân']","['002925', '001722']"
lễ vật đèn vàng,"['lễ vật', 'đèn vàng']","['003251', '002670']"
gà nướng lu trà nóng,"['gà nướng lu', 'trà nóng']","['000828', '000854']"
sách toán mục tiêu,"['sách toán', 'mục tiêu']","['000615', '000898']"
phục vụ góc nhọn,"['phục vụ', 'góc nhọn']","['000290', '002921']"
thơm đi học,"['thơm', 'đi học']","['001127', '002694']"
con chó phòng thí nghiệm,"['con chó', 'phòng thí nghiệm']","['002323', '000254']"
một tiếng bể cá,"['một tiếng', 'bể cá']","['000866', '001591']"
"Lâm Đồng náo động, náo nhiệt","['Lâm Đồng', 'náo động, náo nhiệt']","['003235', '003480']"
mắc áo lông gà,"['mắc áo', 'lông gà']","['003369', '003291']"
gạo muốn,"['gạo', 'muốn']","['002826', '003414']"
nói leo các bạn (2 người),"['nói leo', 'các bạn (2 người)']","['000036', '000283']"
cổ tính chất,"['cổ', 'tính chất']","['002407', '001330']"
chi tiết đặt,"['chi tiết', 'đặt']","['002167', '002644']"
cắm trại vỗ tay,"['cắm trại', 'vỗ tay']","['000209', '001881']"
trà chim bồ câu,"['trà', 'chim bồ câu']","['001420', '002201']"
chuyển giao bờ rào,"['chuyển giao', 'bờ rào']","['002288', '001777']"
đường Nguyễn Huệ cụm từ,"['đường Nguyễn Huệ', 'cụm từ']","['002793', '002491']"
mục tiêu lo sợ,"['mục tiêu', 'lo sợ']","['000898', '003278']"
vỗ cánh từ phải sang trái,"['vỗ cánh', 'từ phải sang trái']","['001879', '001652']"
sữa bò bậc thang,"['sữa bò', 'bậc thang']","['000772', '001549']"
hãng tàu thuyền bổ ngữ,"['hãng tàu thuyền', 'bổ ngữ']","['001453', '001719']"
gang tay bánh giò,"['gang tay', 'bánh giò']","['002823', '001439']"
sợi chỉ vận chuyển,"['sợi chỉ', 'vận chuyển']","['000751', '001792']"
đá bóng nhõng nhẽo,"['đá bóng', 'nhõng nhẽo']","['002604', '000592']"
rực rỡ ngưỡng mộ,"['rực rỡ', 'ngưỡng mộ']","['000234', '003600']"
k áo,"['k', 'áo']","['001058', '001250']"
phòng âm nhạc Quảng Ninh,"['phòng âm nhạc', 'Quảng Ninh']","['000237', '000407']"
chép bài bến phà,"['chép bài', 'bến phà']","['002163', '001609']"
Văn miếu Quốc Tử Giám đèn vàng,"['Văn miếu Quốc Tử Giám', 'đèn vàng']","['001766', '002670']"
nhạy cảm kiến trúc,"['nhạy cảm', 'kiến trúc']","['003620', '003195']"
cối giã cụ thể,"['cối giã', 'cụ thể']","['002424', '002474']"
bánh sandwich nhận xét,"['bánh sandwich', 'nhận xét']","['000832', '003634']"
bán hàng trang trí,"['bán hàng', 'trang trí']","['001367', '001418']"
túm tóc thổi bóng,"['túm tóc', 'thổi bóng']","['001630', '001089']"
định vị cổ họng,"['định vị', 'cổ họng']","['002717', '002411']"
cây xanh người gửi,"['cây xanh', 'người gửi']","['002053', '003584']"
khuyến khích dân tộc,"['khuyến khích', 'dân tộc']","['000072', '002539']"
toa lét thành thị,"['toa lét', 'thành thị']","['001352', '000972']"
người xấu ưu tiên,"['người xấu', 'ưu tiên']","['003591', '001732']"
nhìn giẻ lau,"['nhìn', 'giẻ lau']","['000000', '002904']"
Quốc Tử Giám truyền thông,"['Quốc Tử Giám', 'truyền thông']","['000467', '001578']"
ủng thở dài,"['ủng', 'thở dài']","['001704', '001113']"
cuống hoa hợp đồng,"['cuống hoa', 'hợp đồng']","['002477', '003068']"
bãi cỏ văn,"['bãi cỏ', 'văn']","['001323', '001762']"
hình tứ giác Kiên Giang,"['hình tứ giác', 'Kiên Giang']","['003007', '003192']"
nhà tù số liền sau,"['nhà tù', 'số liền sau']","['003609', '000733']"
bùn mồ hôi,"['bùn', 'mồ hôi']","['001818', '003421']"
"náo động, náo nhiệt tím tái","['náo động, náo nhiệt', 'tím tái']","['003480', '001306']"
bãi cỏ dãy núi Hoàng Liên Sơn,"['bãi cỏ', 'dãy núi Hoàng Liên Sơn']","['001323', '000550']"
bát tiếp tục,"['bát', 'tiếp tục']","['001487', '001277']"
thiếp mời cạnh bên (toán),"['thiếp mời', 'cạnh bên (toán)']","['001075', '001925']"
chai buôn làng,"['chai', 'buôn làng']","['002069', '001851']"
tham quan bạn yêu tôi,"['tham quan', 'bạn yêu tôi']","['000944', '000289']"
cô dâu lên đường,"['cô dâu', 'lên đường']","['002402', '003252']"
hải sản tỉnh táo,"['hải sản', 'tỉnh táo']","['000824', '000659']"
quả khế mét khối (m3),"['quả khế', 'mét khối (m3)']","['000351', '003398']"
thẳng tắp phong trào,"['thẳng tắp', 'phong trào']","['000991', '000233']"
mặc 90,"['mặc', '90']","['003370', '001165']"
tre bánh cốm,"['tre', 'bánh cốm']","['001466', '001427']"
khờ dại biểu thị,"['khờ dại', 'biểu thị']","['000217', '001649']"
triều đình còng,"['triều đình', 'còng']","['001480', '002400']"
dám làm chương trình,"['dám làm', 'chương trình']","['000466', '002298']"
phương tiện giao thông trở thành,"['phương tiện giao thông', 'trở thành']","['000302', '001528']"
ác độc hàng ngày,"['ác độc', 'hàng ngày']","['001194', '000393']"
vợt cầu lông người quen,"['vợt cầu lông', 'người quen']","['000953', '003590']"
mặc kệ kẹo,"['mặc kệ', 'kẹo']","['003371', '003100']"
khẩu hiệu kính trọng,"['khẩu hiệu', 'kính trọng']","['003127', '003204']"
đối tượng gặt lúa,"['đối tượng', 'gặt lúa']","['002737', '002838']"
đàn xê lô đại vĩ cầm băng chuyền,"['đàn xê lô đại vĩ cầm', 'băng chuyền']","['002616', '001521']"
ngô lên xe,"['ngô', 'lên xe']","['003564', '003254']"
liên hoan tương lai,"['liên hoan', 'tương lai']","['003262', '000637']"
ngồi vắt cam,"['ngồi', 'vắt cam']","['003570', '001784']"
mái tóc chú tễu,"['mái tóc', 'chú tễu']","['003339', '002244']"
cửa kính nói dối,"['cửa kính', 'nói dối']","['002502', '000034']"
một đôi nhõng nhẽo,"['một đôi', 'nhõng nhẽo']","['003445', '000592']"
cố ý (như cố tình) vào,"['cố ý (như cố tình)', 'vào']","['002422', '001758']"
buổi sáng như hình với bóng,"['buổi sáng', 'như hình với bóng']","['001838', '000017']"
xa cách thực vật,"['xa cách', 'thực vật']","['001928', '001226']"
tính chất bằng nhau hạt cườm,"['tính chất bằng nhau', 'hạt cườm']","['001332', '002962']"
z miền Nam Việt Nam,"['z', 'miền Nam Việt Nam']","['001095', '003407']"
tiêm chim chóc,"['tiêm', 'chim chóc']","['001259', '002204']"
người yêu dài,"['người yêu', 'dài']","['003598', '002515']"
c từ bỏ,"['c', 'từ bỏ']","['001032', '001646']"
dấu chia lá thư,"['dấu chia', 'lá thư']","['002553', '003210']"
vô tư hứa,"['vô tư', 'hứa']","['001872', '000377']"
bao la viết lia lịa,"['bao la', 'viết lia lịa']","['001457', '001833']"
ô chức vụ,"['ô', 'chức vụ']","['001067', '002301']"
trêu tức răng khểnh,"['trêu tức', 'răng khểnh']","['001472', '000624']"
vết thương Thanh Hóa,"['vết thương', 'Thanh Hóa']","['001815', '000955']"
rau mùng tơi nhảy lò cò,"['rau mùng tơi', 'nhảy lò cò']","['000521', '000646']"
bên phải buổi tối,"['bên phải', 'buổi tối']","['001601', '001844']"
sáng chói em gái,"['sáng chói', 'em gái']","['000623', '002802']"
gan dạ kia,"['gan dạ', 'kia']","['002821', '000261']"
phổi lời giải,"['phổi', 'lời giải']","['000270', '003296']"
bờ rào con tôm,"['bờ rào', 'con tôm']","['001777', '002390']"
tròn gỗ,"['tròn', 'gỗ']","['001493', '002929']"
bụi tre diều,"['bụi tre', 'diều']","['003154', '002586']"
đàng ngoài quàng khăn,"['đàng ngoài', 'quàng khăn']","['002622', '000406']"
lây bệnh thiên thần,"['lây bệnh', 'thiên thần']","['003238', '001071']"
học kém mách,"['học kém', 'mách']","['003033', '000137']"
khách mời một là,"['khách mời', 'một là']","['003112', '000313']"
vạch trần con lợn (con heo),"['vạch trần', 'con lợn (con heo)']","['001740', '002357']"
như hình với bóng thuyền rồng,"['như hình với bóng', 'thuyền rồng']","['000017', '001195']"
thóc (gạo) giao hoán,"['thóc (gạo)', 'giao hoán']","['001086', '002877']"
bánh pizza cưa (cái cưa),"['bánh pizza', 'cưa (cái cưa)']","['001449', '002499']"
thấp hơn cây gỗ,"['thấp hơn', 'cây gỗ']","['001013', '002029']"
héc-ta (ha) bậc thang,"['héc-ta (ha)', 'bậc thang']","['002971', '001549']"
tóc dựng đứng ngừng lại,"['tóc dựng đứng', 'ngừng lại']","['002050', '000413']"
hội thoại chim chóc,"['hội thoại', 'chim chóc']","['000650', '002204']"
đối diện cầu tre,"['đối diện', 'cầu tre']","['002736', '002007']"
Italia (nước Italia) Cô-lôm-bi-a (nước Cô-lôm-bi-a),"['Italia (nước Italia)', 'Cô-lôm-bi-a (nước Cô-lôm-bi-a)']","['003092', '002420']"
chủ đề tay chân sạch sẽ,"['chủ đề', 'tay chân sạch sẽ']","['002236', '000920']"
phi tiêu bên trong,"['phi tiêu', 'bên trong']","['000198', '001607']"
bạn ấy yêu bạn kêu,"['bạn ấy yêu bạn', 'kêu']","['000297', '003108']"
Âu Cơ người lái xe (ô tô),"['Âu Cơ', 'người lái xe (ô tô)']","['001298', '003586']"
cướp biển anh dũng,"['cướp biển', 'anh dũng']","['002509', '001219']"
khó tiêu cục tẩy,"['khó tiêu', 'cục tẩy']","['002166', '002488']"
gửi quà bánh tráng,"['gửi quà', 'bánh tráng']","['002935', '000241']"
máy khâu đồng bào,"['máy khâu', 'đồng bào']","['003368', '002759']"
gai Trung Thu,"['gai', 'Trung Thu']","['002818', '001562']"
đón thầy cô,"['đón', 'thầy cô']","['002727', '001018']"
nhanh nhẹn nhập trường,"['nhanh nhẹn', 'nhập trường']","['003613', '003638']"
phương Tây lẫn lộn,"['phương Tây', 'lẫn lộn']","['000023', '003236']"
lửa khâu vá,"['lửa', 'khâu vá']","['003315', '003126']"
siêu thị thế hệ,"['siêu thị', 'thế hệ']","['000685', '001039']"
quốc tế chọn lựa,"['quốc tế', 'chọn lựa']","['000462', '002223']"
tranh luận lây bệnh,"['tranh luận', 'lây bệnh']","['001440', '003238']"
tri kỉ cánh buồm,"['tri kỉ', 'cánh buồm']","['001040', '000744']"
hạt lạc búp bê,"['hạt lạc', 'búp bê']","['002963', '001863']"
mồ côi năm tới,"['mồ côi', 'năm tới']","['003419', '000762']"
bay nhanh (máy bay) gà trống,"['bay nhanh (máy bay)', 'gà trống']","['000409', '002817']"
khách bóc lột,"['khách', 'bóc lột']","['003111', '001693']"
nguội cá kho,"['nguội', 'cá kho']","['000814', '001900']"
phục hồi cây cọ,"['phục hồi', 'cây cọ']","['000288', '000994']"
toa lét nạn nhân,"['toa lét', 'nạn nhân']","['001352', '003479']"
nguồn gốc trường mầm non,"['nguồn gốc', 'trường mầm non']","['003573', '001604']"
biểu thức tụ tập,"['biểu thức', 'tụ tập']","['001651', '001622']"
bật đèn vua Hùng,"['bật đèn', 'vua Hùng']","['001557', '001891']"
quà pháo sáng,"['quà', 'pháo sáng']","['000417', '000157']"
con bò lượt đi,"['con bò', 'lượt đi']","['002317', '000714']"
sân thượng đau mắt đỏ,"['sân thượng', 'đau mắt đỏ']","['000664', '000949']"
dấu chấm than cướp giật,"['dấu chấm than', 'cướp giật']","['002552', '002511']"
đánh giá đeo kính,"['đánh giá', 'đeo kính']","['002627', '002675']"
Nam Định em dâu,"['Nam Định', 'em dâu']","['003478', '002801']"
đau mắt rừng thưa,"['đau mắt', 'rừng thưa']","['000775', '000601']"
bánh giầy mệt mỏi,"['bánh giầy', 'mệt mỏi']","['001437', '000800']"
dễ thương nấm,"['dễ thương', 'nấm']","['002571', '003490']"
thiếp đi chớp mắt,"['thiếp đi', 'chớp mắt']","['001073', '002234']"
cuống hoa cây tre,"['cuống hoa', 'cây tre']","['002477', '002049']"
mũ lưỡi trai xóa bảng,"['mũ lưỡi trai', 'xóa bảng']","['003459', '002034']"
cấy trả lời,"['cấy', 'trả lời']","['002055', '001424']"
chuẩn bị cúi,"['chuẩn bị', 'cúi']","['002254', '002476']"
đắt đỏ tù giam,"['đắt đỏ', 'tù giam']","['002643', '001620']"
cúi con gấu,"['cúi', 'con gấu']","['002476', '002346']"
giãn cách xã hội không có chi,"['giãn cách xã hội', 'không có chi']","['000634', '000251']"
róc rách cuối tuần,"['róc rách', 'cuối tuần']","['000559', '000892']"
khiêng đại tá,"['khiêng', 'đại tá']","['003134', '002612']"
vững chắc hãng tàu thuyền,"['vững chắc', 'hãng tàu thuyền']","['001922', '001453']"
tờ giấy da trắng,"['tờ giấy', 'da trắng']","['001412', '000748']"
Lào (nước Lào) dân tộc Mường,"['Lào (nước Lào)', 'dân tộc Mường']","['003226', '000680']"
lễ phép nhảy múa,"['lễ phép', 'nhảy múa']","['003250', '003618']"
kính trọng báo cáo,"['kính trọng', 'báo cáo']","['003204', '001481']"
vắng khăn quàng đỏ,"['vắng', 'khăn quàng đỏ']","['001780', '003124']"
tuần trăng mật héc-tô-gam (hg),"['tuần trăng mật', 'héc-tô-gam (hg)']","['000761', '002974']"
bắp ngô hoán vị,"['bắp ngô', 'hoán vị']","['001533', '003020']"
bao la con ghẹ,"['bao la', 'con ghẹ']","['001457', '002347']"
mặc quần áo trung ương,"['mặc quần áo', 'trung ương']","['003372', '001566']"
làm quen xì hơi (đánh rắm),"['làm quen', 'xì hơi (đánh rắm)']","['003215', '001494']"
gai tiệc,"['gai', 'tiệc']","['002818', '001257']"
độc lập gang tay,"['độc lập', 'gang tay']","['002750', '002823']"
đài sen hiểu,"['đài sen', 'hiểu']","['002606', '002991']"
nhân viên quanh năm,"['nhân viên', 'quanh năm']","['000010', '000552']"
cái vợt cá thoát hiểm,"['cái vợt cá', 'thoát hiểm']","['000950', '001085']"
đồng ruộng xe cảnh sát,"['đồng ruộng', 'xe cảnh sát']","['002764', '001994']"
áp phích cày,"['áp phích', 'cày']","['001266', '001957']"
góc nhọn năn nỉ,"['góc nhọn', 'năn nỉ']","['002921', '000584']"
thực hành trạm y tế,"['thực hành', 'trạm y tế']","['001216', '001434']"
bẻ ngô thẳng hàng (Toán học),"['bẻ ngô', 'thẳng hàng (Toán học)']","['001569', '000989']"
sửa chữa đoàn thanh niên,"['sửa chữa', 'đoàn thanh niên']","['000770', '002720']"
vào kính lúp,"['vào', 'kính lúp']","['001758', '003203']"
bốc hơi điều khiển,"['bốc hơi', 'điều khiển']","['001741', '002713']"
toa lét thợ thêu,"['toa lét', 'thợ thêu']","['001352', '001123']"
ngược lại nhảy cao,"['ngược lại', 'nhảy cao']","['003582', '003616']"
vô tâm tháng,"['vô tâm', 'tháng']","['001868', '000952']"
ngăn cản hình lập phương,"['ngăn cản', 'hình lập phương']","['003514', '003003']"
Ma Cao khoác áo,"['Ma Cao', 'khoác áo']","['000016', '003144']"
tiếc hạn hán,"['tiếc', 'hạn hán']","['001251', '002944']"
trước sinh sống,"['trước', 'sinh sống']","['001594', '000705']"
nhiệt độ giám khảo,"['nhiệt độ', 'giám khảo']","['002767', '002873']"
lồng chim vịt quay,"['lồng chim', 'vịt quay']","['003293', '000827']"
quả hồng kẹo,"['quả hồng', 'kẹo']","['000345', '003100']"
xinh khuyên tai,"['xinh', 'khuyên tai']","['002030', '003175']"
l thương yêu,"['l', 'thương yêu']","['001060', '001320']"
chứng minh Thủy Điện Hòa Bình,"['chứng minh', 'Thủy Điện Hòa Bình']","['002303', '001190']"
thiên đình sáng,"['thiên đình', 'sáng']","['001066', '001243']"
bậc thang chính phủ,"['bậc thang', 'chính phủ']","['001549', '002211']"
cây ngô giả sử,"['cây ngô', 'giả sử']","['002033', '002854']"
đen đủi đĩa DVD,"['đen đủi', 'đĩa DVD']","['000595', '002696']"
khoác tay Võ Thị Sáu,"['khoác tay', 'Võ Thị Sáu']","['003145', '000453']"
chuyền bóng con bướm,"['chuyền bóng', 'con bướm']","['002281', '002318']"
tinh mắt chày,"['tinh mắt', 'chày']","['000260', '002105']"
nhà cửa thuyết trình,"['nhà cửa', 'thuyết trình']","['003602', '001202']"
bạn trai ngạc nhiên,"['bạn trai', 'ngạc nhiên']","['001385', '003505']"
quan hệ buổi đêm,"['quan hệ', 'buổi đêm']","['000397', '001830']"
ma cây bàng,"['ma', 'cây bàng']","['003331', '002017']"
con cá sấu vênh váo,"['con cá sấu', 'vênh váo']","['000127', '001813']"
gan i,"['gan', 'i']","['002820', '001056']"
lúc nào cuốn,"['lúc nào', 'cuốn']","['003306', '002494']"
tự vệ tròn trịa (mặt),"['tự vệ', 'tròn trịa (mặt)']","['001676', '001490']"
khiêng vỗ tay,"['khiêng', 'vỗ tay']","['003134', '001881']"
máy in xăng-ti-mét-khối (cm3),"['máy in', 'xăng-ti-mét-khối (cm3)']","['003367', '001974']"
quần đùi sừng,"['quần đùi', 'sừng']","['000436', '000803']"
thuyền chài bất động,"['thuyền chài', 'bất động']","['001193', '001553']"
chúc mừng xăng-ti-mét (cm),"['chúc mừng', 'xăng-ti-mét (cm)']","['002256', '001972']"
quả mít danh từ,"['quả mít', 'danh từ']","['000357', '002526']"
thì thầm khởi nghiệp,"['thì thầm', 'khởi nghiệp']","['000419', '000706']"
Tây Nguyên thao thức,"['Tây Nguyên', 'thao thức']","['000891', '000721']"
đằng trước đường hầm,"['đằng trước', 'đường hầm']","['002641', '002791']"
khoác vai rau dền,"['khoác vai', 'rau dền']","['003139', '000519']"
khen tặng đường thẳng,"['khen tặng', 'đường thẳng']","['003132', '002795']"
chúc mừng xuyên Việt,"['chúc mừng', 'xuyên Việt']","['002255', '000465']"
vạm vỡ nạp điện,"['vạm vỡ', 'nạp điện']","['001752', '003482']"
con chim cốc,"['con chim', 'cốc']","['002322', '002423']"
xem đã Kiên Giang,"['xem đã', 'Kiên Giang']","['000439', '003192']"
mơ ngủ ngã ba,"['mơ ngủ', 'ngã ba']","['003447', '003498']"
tách xoa đầu,"['tách', 'xoa đầu']","['000815', '000232']"
thân thiết anh ruột,"['thân thiết', 'anh ruột']","['001002', '001239']"
kiến thức nháy mắt,"['kiến thức', 'nháy mắt']","['003194', '003619']"
gửi bắt,"['gửi', 'bắt']","['002934', '001535']"
đánh cầu lông thị lực,"['đánh cầu lông', 'thị lực']","['000743', '001053']"
nhà bác học khóc,"['nhà bác học', 'khóc']","['003601', '003149']"
háo hức ngày thành lập quân đội nhân dân Việt Nam,"['háo hức', 'ngày thành lập quân đội nhân dân Việt Nam']","['000586', '000125']"
đăng nhập tôn thờ,"['đăng nhập', 'tôn thờ']","['002639', '001384']"
màu cam bóng bay,"['màu cam', 'bóng bay']","['003345', '001707']"
bản nhạc danh mục,"['bản nhạc', 'danh mục']","['001359', '002523']"
bật lửa con tôm,"['bật lửa', 'con tôm']","['001559', '002391']"
môn Lịch sử sân trường,"['môn Lịch sử', 'sân trường']","['003436', '000669']"
quốc gia lâu,"['quốc gia', 'lâu']","['000455', '000381']"
danh dự cuống lá,"['danh dự', 'cuống lá']","['002520', '002496']"
sinh sống giận dỗi,"['sinh sống', 'giận dỗi']","['000705', '002888']"
hàng ngang sờ,"['hàng ngang', 'sờ']","['002950', '000926']"
thả diều mặc kệ,"['thả diều', 'mặc kệ']","['000917', '003371']"
xuất khẩu con sư tử,"['xuất khẩu', 'con sư tử']","['002058', '002386']"
ngữ pháp kêu,"['ngữ pháp', 'kêu']","['001157', '003108']"
dàn bài thi cử,"['dàn bài', 'thi cử']","['002517', '001044']"
bế em nhận xét,"['bế em', 'nhận xét']","['001593', '003634']"
mái hiên yếu tố,"['mái hiên', 'yếu tố']","['003337', '002118']"
Mã Lai (nước Ma-lai-xi-a) con chuột,"['Mã Lai (nước Ma-lai-xi-a)', 'con chuột']","['000502', '002327']"
Hưng Yên nhọn,"['Hưng Yên', 'nhọn']","['003083', '000008']"
ẩm mốc nước tương (xì dầu),"['ẩm mốc', 'nước tương (xì dầu)']","['001282', '001688']"
quả chôm chôm khe núi,"['quả chôm chôm', 'khe núi']","['000318', '003130']"
vai trò chong chóng,"['vai trò', 'chong chóng']","['001746', '002224']"
cây xanh tươi hỏi han,"['cây xanh tươi', 'hỏi han']","['001965', '003029']"
ria mép trạm xe buýt,"['ria mép', 'trạm xe buýt']","['000638', '001432']"
ống nhòm vòi voi,"['ống nhòm', 'vòi voi']","['000120', '001845']"
giới thiệu mệt mỏi,"['giới thiệu', 'mệt mỏi']","['002913', '000800']"
cuộc sống thu mua,"['cuộc sống', 'thu mua']","['002493', '001131']"
đường hầm thủ tướng,"['đường hầm', 'thủ tướng']","['002791', '001143']"
chuyển giao sân thượng,"['chuyển giao', 'sân thượng']","['002288', '000664']"
chùm hoa rằm trung thu,"['chùm hoa', 'rằm trung thu']","['002267', '000525']"
thuộc địa trụi lá,"['thuộc địa', 'trụi lá']","['000771', '001540']"
trốn chạy chày,"['trốn chạy', 'chày']","['001510', '002105']"
múa chuyên cần,"['múa', 'chuyên cần']","['003472', '002277']"
phòng đa năng ngày Nhà giáo Việt nam,"['phòng đa năng', 'ngày Nhà giáo Việt nam']","['000245', '003500']"
cao nguyên bốc vác,"['cao nguyên', 'bốc vác']","['001943', '001727']"
Cam-pu-chia (nước Cam-pu-chia) khối lượng,"['Cam-pu-chia (nước Cam-pu-chia)', 'khối lượng']","['001913', '003158']"
cúi vạch xuất phát,"['cúi', 'vạch xuất phát']","['002476', '001742']"
thóc (gạo) v,"['thóc (gạo)', 'v']","['001086', '001092']"
chuỗi hạt cục tẩy,"['chuỗi hạt', 'cục tẩy']","['002272', '002488']"
khối lượng vun đắp,"['khối lượng', 'vun đắp']","['003158', '001912']"
phục vụ xúc xắc,"['phục vụ', 'xúc xắc']","['000290', '002060']"
cơ thể nghệ thuật,"['cơ thể', 'nghệ thuật']","['002461', '003529']"
cô đơn đề-xi-mét khối (dm3),"['cô đơn', 'đề-xi-mét khối (dm3)']","['002403', '002687']"
vòi nước nói chuyện,"['vòi nước', 'nói chuyện']","['001854', '000033']"
Bắc Giang chim bồ câu,"['Bắc Giang', 'chim bồ câu']","['001501', '002201']"
cha khoác vai,"['cha', 'khoác vai']","['002059', '003139']"
dòng sông chảy cái bè,"['dòng sông chảy', 'cái bè']","['000934', '001902']"
cối xay gió phòng mĩ thuật,"['cối xay gió', 'phòng mĩ thuật']","['002425', '000252']"
tính chất cơ bản của phân số chả cá,"['tính chất cơ bản của phân số', 'chả cá']","['001334', '002063']"
múa rối còng,"['múa rối', 'còng']","['003470', '002400']"
kháu khỉnh trách nhiệm,"['kháu khỉnh', 'trách nhiệm']","['000626', '001426']"
ngộ nghĩnh cháu gái,"['ngộ nghĩnh', 'cháu gái']","['003567', '002083']"
tổng thống anh ruột,"['tổng thống', 'anh ruột']","['001400', '001235']"
ngắt hoa câu đố,"['ngắt hoa', 'câu đố']","['003519', '001979']"
về 5 (về nhà) giả mạo,"['về 5 (về nhà)', 'giả mạo']","['000366', '002853']"
vô duyên phun nước,"['vô duyên', 'phun nước']","['000144', '000291']"
sinh đôi sóng thần,"['sinh đôi', 'sóng thần']","['000900', '000715']"
vui sướng gian lận,"['vui sướng', 'gian lận']","['001905', '002536']"
cao độ chu vi,"['cao độ', 'chu vi']","['001941', '002235']"
đèn pin thèm,"['đèn pin', 'thèm']","['002667', '000067']"
không nên nghệ thuật,"['không nên', 'nghệ thuật']","['000090', '003530']"
quả bưởi tên riêng,"['quả bưởi', 'tên riêng']","['000310', '000895']"
xe cảnh sát xe cứu thương,"['xe cảnh sát', 'xe cứu thương']","['001994', '001998']"
thích thú Phú Thọ,"['thích thú', 'Phú Thọ']","['001062', '000284']"
không đẹp bắt nạt,"['không đẹp', 'bắt nạt']","['000271', '001545']"
gánh dây buộc tóc,"['gánh', 'dây buộc tóc']","['002824', '002559']"
ăn vặt rắc rối,"['ăn vặt', 'rắc rối']","['001274', '000588']"
không nên phẫu thuật bụng,"['không nên', 'phẫu thuật bụng']","['000092', '000794']"
bọt biển dệt,"['bọt biển', 'dệt']","['001711', '002572']"
kiến trúc bản lề,"['kiến trúc', 'bản lề']","['003195', '001357']"
lọ mực trông chờ,"['lọ mực', 'trông chờ']","['003281', '001518']"
hàng chục ham chơi,"['hàng chục', 'ham chơi']","['002945', '000740']"
Vĩnh Phúc bốt cảnh sát,"['Vĩnh Phúc', 'bốt cảnh sát']","['001837', '001759']"
k dòng sông,"['k', 'dòng sông']","['001058', '002594']"
dòng chữ đối diện,"['dòng chữ', 'đối diện']","['002592', '002736']"
đồ ăn siêu thị,"['đồ ăn', 'siêu thị']","['000945', '000685']"
bãi đỗ xe (ô tô) xếp hàng,"['bãi đỗ xe (ô tô)', 'xếp hàng']","['001325', '002022']"
con ngựa buổi sáng,"['con ngựa', 'buổi sáng']","['002369', '001834']"
thề đoán,"['thề', 'đoán']","['001036', '002722']"
Hạ Long cây bàng,"['Hạ Long', 'cây bàng']","['002942', '002015']"
vỗ cánh quả khế,"['vỗ cánh', 'quả khế']","['001879', '000349']"
chuyện trò chợ nổi,"['chuyện trò', 'chợ nổi']","['002291', '002227']"
trang điểm dừng lại,"['trang điểm', 'dừng lại']","['000947', '000415']"
cuộc đời vở chèo,"['cuộc đời', 'vở chèo']","['002492', '001885']"
xe ben 10,"['xe ben', '10']","['001990', '001146']"
sinh sản lái tàu hỏa,"['sinh sản', 'lái tàu hỏa']","['000703', '003213']"
sách giáo khoa bẫy chuột (dụng cụ),"['sách giáo khoa', 'bẫy chuột (dụng cụ)']","['000613', '001565']"
bốt cảnh sát số chín,"['bốt cảnh sát', 'số chín']","['001759', '000727']"
phê bình p,"['phê bình', 'p']","['000196', '001070']"
con vượn dễ thương,"['con vượn', 'dễ thương']","['000954', '002571']"
đua xe máy phục vụ,"['đua xe máy', 'phục vụ']","['002780', '000290']"
đón ghi chú,"['đón', 'ghi chú']","['002727', '002848']"
võng (cái võng) dỗi,"['võng (cái võng)', 'dỗi']","['001860', '000600']"
chú ý Anh (nước Anh),"['chú ý', 'Anh (nước Anh)']","['002246', '001207']"
bảo hiểm rau ngót,"['bảo hiểm', 'rau ngót']","['001459', '000522']"
tỉnh đấu vật,"['tỉnh', 'đấu vật']","['000007', '002653']"
nguyên nhân từ trái nghĩa,"['nguyên nhân', 'từ trái nghĩa']","['003577', '001656']"
diện tích toàn phần rực rỡ,"['diện tích toàn phần', 'rực rỡ']","['002582', '000234']"
gỗ biển đông,"['gỗ', 'biển đông']","['002931', '001635']"
dây chun phô tô,"['dây chun', 'phô tô']","['002560', '000259']"
làn sóng cầu kì,"['làn sóng', 'cầu kì']","['003219', '002001']"
ăn vú sữa (bằng thìa) nội quy,"['ăn vú sữa (bằng thìa)', 'nội quy']","['000398', '000062']"
kỹ năng ca,"['kỹ năng', 'ca']","['000213', '001892']"
phục hồi danh sách,"['phục hồi', 'danh sách']","['000288', '002525']"
khoan (khoan đã) bắt tay,"['khoan (khoan đã)', 'bắt tay']","['003410', '001547']"
nổ mìn xôi gà,"['nổ mìn', 'xôi gà']","['000045', '000204']"
mở màn giật mình,"['mở màn', 'giật mình']","['003452', '002890']"
văn bản thuê,"['văn bản', 'thuê']","['001764', '001164']"
quy định đằng sau,"['quy định', 'đằng sau']","['000469', '002640']"
quốc gia con sâu,"['quốc gia', 'con sâu']","['000455', '002380']"
thắng lợi ngày xưa,"['thắng lợi', 'ngày xưa']","['000993', '003513']"
quạt cây cơ bắp,"['quạt cây', 'cơ bắp']","['000412', '002455']"
trước phương Đông,"['trước', 'phương Đông']","['001596', '000025']"
dấu chấm hỏi hấp,"['dấu chấm hỏi', 'hấp']","['002551', '000808']"
bún mắm hình cầu,"['bún mắm', 'hình cầu']","['000191', '002997']"
phép tính u,"['phép tính', 'u']","['000194', '001088']"
con bò đầy,"['con bò', 'đầy']","['002316', '002654']"
khuyến khích mềm mại,"['khuyến khích', 'mềm mại']","['000072', '003402']"
chuyên biệt Sóc Trăng,"['chuyên biệt', 'Sóc Trăng']","['002276', '000710']"
ngũ quả nhà thờ,"['ngũ quả', 'nhà thờ']","['003572', '003606']"
đầu tàu ư,"['đầu tàu', 'ư']","['002649', '001090']"
cửa khẩu con hàu,"['cửa khẩu', 'con hàu']","['002501', '000822']"
sân thượng môn Tiếng Việt,"['sân thượng', 'môn Tiếng Việt']","['000664', '003440']"
sắt 8,"['sắt', '8']","['000651', '001142']"
lí do cong,"['lí do', 'cong']","['003256', '002398']"
bảng chỉ dẫn gánh,"['bảng chỉ dẫn', 'gánh']","['001395', '002824']"
lơ lửng dòng chữ,"['lơ lửng', 'dòng chữ']","['003295', '002592']"
áo biến đổi,"['áo', 'biến đổi']","['001250', '001639']"
bất động cặp tóc,"['bất động', 'cặp tóc']","['001553', '001964']"
keo kiệt con dế,"['keo kiệt', 'con dế']","['003099', '002340']"
về 4 (từ nơi khác về) kỹ năng,"['về 4 (từ nơi khác về)', 'kỹ năng']","['000364', '000213']"
ngã ba môn Địa lý,"['ngã ba', 'môn Địa lý']","['003498', '002128']"
sinh hoạt tên riêng,"['sinh hoạt', 'tên riêng']","['000697', '000895']"
bến xe đồng ruộng,"['bến xe', 'đồng ruộng']","['001615', '002764']"
thợ rèn nhảy lò cò,"['thợ rèn', 'nhảy lò cò']","['001121', '000646']"
chuyền bóng kiến trúc sư,"['chuyền bóng', 'kiến trúc sư']","['002281', '003196']"
cơ hội thành lập,"['cơ hội', 'thành lập']","['002457', '000963']"
Sapa bánh bột lọc,"['Sapa', 'bánh bột lọc']","['000639', '001425']"
ca email,"['ca', 'email']","['001892', '002807']"
lãng phí xe ben,"['lãng phí', 'xe ben']","['000690', '001990']"
ăn hối lộ kỉ niệm,"['ăn hối lộ', 'kỉ niệm']","['001270', '003181']"
lao phổi con đom đóm,"['lao phổi', 'con đom đóm']","['003224', '002342']"
thuê đường chéo,"['thuê', 'đường chéo']","['001168', '002789']"
nổ lốp xe suýt,"['nổ lốp xe', 'suýt']","['000043', '000160']"
ủy ban nón,"['ủy ban', 'nón']","['001720', '000039']"
ấm đun nước dẫn chứng,"['ấm đun nước', 'dẫn chứng']","['001288', '002545']"
bò sát tóc dài,"['bò sát', 'tóc dài']","['001677', '000908']"
việc làm chữ cái,"['việc làm', 'chữ cái']","['001827', '002292']"
con cọp xử lý,"['con cọp', 'xử lý']","['002331', '000256']"
xe cứu hỏa con cừu,"['xe cứu hỏa', 'con cừu']","['001996', '002337']"
nhổ râu năn nỉ,"['nhổ râu', 'năn nỉ']","['000614', '000584']"
bổ ngữ mỳ vằn thắn,"['bổ ngữ', 'mỳ vằn thắn']","['001719', '000183']"
hoàn thành lây bệnh,"['hoàn thành', 'lây bệnh']","['003019', '003238']"
bằng phẳng bàn bạc,"['bằng phẳng', 'bàn bạc']","['001527', '001333']"
sâu bọ giao lưu,"['sâu bọ', 'giao lưu']","['000677', '002878']"
đưa đón cây thân gỗ,"['đưa đón', 'cây thân gỗ']","['002786', '002045']"
quả sầu riêng ít nhất,"['quả sầu riêng', 'ít nhất']","['000380', '003091']"
chú ý giáo sĩ,"['chú ý', 'giáo sĩ']","['002246', '002884']"
cột sống thở dài,"['cột sống', 'thở dài']","['002454', '001113']"
hướng dẫn 7,"['hướng dẫn', '7']","['003084', '001140']"
xe cảnh sát con đường,"['xe cảnh sát', 'con đường']","['001994', '002343']"
ôn luyện giới hạn,"['ôn luyện', 'giới hạn']","['000097', '002912']"
đầu tàu truyền thông,"['đầu tàu', 'truyền thông']","['002649', '001578']"
viết lia lịa hàng ngang,"['viết lia lịa', 'hàng ngang']","['001833', '002950']"
điều kiện hàng ngang,"['điều kiện', 'hàng ngang']","['002714', '002950']"
co giật khoác vai,"['co giật', 'khoác vai']","['002306', '003139']"
bát tiết kiệm,"['bát', 'tiết kiệm']","['001487', '001281']"
trốn tìm em rể,"['trốn tìm', 'em rể']","['000643', '002804']"
vun đắp lướt ván,"['vun đắp', 'lướt ván']","['001912', '003325']"
đứng nghiêm Trần Quốc Toản,"['đứng nghiêm', 'Trần Quốc Toản']","['002787', '000464']"
đông lạnh hoàng hôn,"['đông lạnh', 'hoàng hôn']","['002757', '003022']"
tiêm róc rách,"['tiêm', 'róc rách']","['001259', '000559']"
Trung Thu kí hiệu,"['Trung Thu', 'kí hiệu']","['001562', '003184']"
hạt đánh giá,"['hạt', 'đánh giá']","['002961', '002627']"
chú ( người) để (đặt),"['chú ( người)', 'để (đặt)']","['002111', '002682']"
sừng trâu sum họp,"['sừng trâu', 'sum họp']","['000807', '000760']"
chỉ huy đòi,"['chỉ huy', 'đòi']","['002170', '000977']"
Cu ba (nước Cu ba) xe cứu hỏa,"['Cu ba (nước Cu ba)', 'xe cứu hỏa']","['002470', '001996']"
phân vân răng,"['phân vân', 'răng']","['000512', '000531']"
nước ép trái cây chuyền bóng,"['nước ép trái cây', 'chuyền bóng']","['000836', '002281']"
cửa sổ vũ trụ,"['cửa sổ', 'vũ trụ']","['002503', '001889']"
pha chế anh hùng,"['pha chế', 'anh hùng']","['000132', '001227']"
cây phượng đề phòng,"['cây phượng', 'đề phòng']","['002039', '000461']"
chín phần trăm,"['chín', 'phần trăm']","['002210', '000175']"
nơ khu vườn,"['nơ', 'khu vườn']","['000073', '003168']"
12 đeo kính,"['12', 'đeo kính']","['001154', '002675']"
xã hội nhổ râu,"['xã hội', 'nhổ râu']","['001950', '000614']"
tóm cổ cao thấp,"['tóm cổ', 'cao thấp']","['001374', '001949']"
da trắng mở màn,"['da trắng', 'mở màn']","['000752', '003452']"
nhà bác học bánh đa,"['nhà bác học', 'bánh đa']","['003601', '001431']"
tập thể dục Đông Timor (nước Đông Timor),"['tập thể dục', 'Đông Timor (nước Đông Timor)']","['000883', '002758']"
nhắm mắt băng dính,"['nhắm mắt', 'băng dính']","['000924', '001523']"
con bê kẻ thù,"['con bê', 'kẻ thù']","['002313', '003095']"
thiên nhiên óc,"['thiên nhiên', 'óc']","['001068', '000089']"
chữ lá thư,"['chữ', 'lá thư']","['002299', '003210']"
ngắn thổ dân,"['ngắn', 'thổ dân']","['003516', '003223']"
bò tót bạn ấy yêu bạn,"['bò tót', 'bạn ấy yêu bạn']","['001679', '000297']"
riêng tư liền sau,"['riêng tư', 'liền sau']","['000548', '003268']"
bím tóc đuôi sam ngăn cản,"['bím tóc đuôi sam', 'ngăn cản']","['001653', '003514']"
cha mẹ vắt chanh,"['cha mẹ', 'vắt chanh']","['002061', '000842']"
vẫy vùng (cá) xa cách,"['vẫy vùng (cá)', 'xa cách']","['001807', '001928']"
bón phân con cá sấu,"['bón phân', 'con cá sấu']","['001699', '000127']"
phòng thí nghiệm chùa Hương,"['phòng thí nghiệm', 'chùa Hương']","['000254', '002250']"
tháng cuối tháng,"['tháng', 'cuối tháng']","['000951', '000894']"
kim nhà sàn,"['kim', 'nhà sàn']","['003198', '003603']"
biển hiệu đóng cửa,"['biển hiệu', 'đóng cửa']","['001637', '002729']"
cao (nhà) dân tộc thiểu số,"['cao (nhà)', 'dân tộc thiểu số']","['001935', '002541']"
thiệp sinh nhật 6,"['thiệp sinh nhật', '6']","['000238', '001134']"
nhạy cảm thợ thêu,"['nhạy cảm', 'thợ thêu']","['003620', '001123']"
đèo diện tích,"['đèo', 'diện tích']","['002679', '002581']"
u bắt,"['u', 'bắt']","['001088', '001535']"
bảng cộng người yêu,"['bảng cộng', 'người yêu']","['001397', '003598']"
rừng núi hai phân số bằng nhau,"['rừng núi', 'hai phân số bằng nhau']","['000596', '000166']"
đằng sau giận dỗi,"['đằng sau', 'giận dỗi']","['002640', '002888']"
bổ ngữ xả rác,"['bổ ngữ', 'xả rác']","['001719', '001944']"
leo trèo bốt cảnh sát,"['leo trèo', 'bốt cảnh sát']","['003241', '001759']"
áo ấm bánh sandwich,"['áo ấm', 'bánh sandwich']","['001252', '000832']"
điều phối thủng,"['điều phối', 'thủng']","['002709', '001172']"
4 khách vip,"['4', 'khách vip']","['001130', '003114']"
Bình Phước Bà Nà,"['Bình Phước', 'Bà Nà']","['001663', '001301']"
lỗi chính tả khói,"['lỗi chính tả', 'khói']","['003287', '003152']"
trùm chăn trưởng nhóm,"['trùm chăn', 'trưởng nhóm']","['001544', '001618']"
công chúa ngược lại,"['công chúa', 'ngược lại']","['002430', '003582']"
chân tay núi lửa,"['chân tay', 'núi lửa']","['002144', '000077']"
xuyên Việt hình hộp chữ nhật,"['xuyên Việt', 'hình hộp chữ nhật']","['000465', '003002']"
chị dâu quả roi,"['chị dâu', 'quả roi']","['002175', '000378']"
cuối tuần thuộc địa,"['cuối tuần', 'thuộc địa']","['000892', '000771']"
Tiền Giang bể cá,"['Tiền Giang', 'bể cá']","['001261', '001591']"
tập hợp rỗng phương tiện,"['tập hợp rỗng', 'phương tiện']","['000881', '000300']"
gãi đầu gãi tai gỗ,"['gãi đầu gãi tai', 'gỗ']","['002819', '002931']"
đun nấu bê tông,"['đun nấu', 'bê tông']","['002782', '001587']"
Bình Thuận dự án,"['Bình Thuận', 'dự án']","['001665', '000580']"
bé gái cây đa,"['bé gái', 'cây đa']","['001573', '002027']"
đất thiên nhiên,"['đất', 'thiên nhiên']","['002646', '001068']"
đèn điện bay liệng (bay lượn),"['đèn điện', 'bay liệng (bay lượn)']","['002665', '001495']"
bắn bi thân thiện,"['bắn bi', 'thân thiện']","['001515', '001005']"
ngăn chặn rụng tóc (đt),"['ngăn chặn', 'rụng tóc (đt)']","['003515', '000576']"
xe container buộc tóc,"['xe container', 'buộc tóc']","['000408', '001824']"
mẫu số chung tuần trăng mật,"['mẫu số chung', 'tuần trăng mật']","['003394', '000761']"
nô lệ hoa hậu,"['nô lệ', 'hoa hậu']","['000040', '000984']"
sấm sét hỏi han,"['sấm sét', 'hỏi han']","['000655', '003029']"
khác cháu gái,"['khác', 'cháu gái']","['003110', '002085']"
con muỗi ngân hàng,"['con muỗi', 'ngân hàng']","['002361', '003521']"
thủ tướng tình huống,"['thủ tướng', 'tình huống']","['001143', '001316']"
thương mại anh chị em,"['thương mại', 'anh chị em']","['000671', '001215']"
phòng đa năng uốn dẻo,"['phòng đa năng', 'uốn dẻo']","['000245', '001714']"
nhà tầng vẫy tay,"['nhà tầng', 'vẫy tay']","['003604', '001805']"
đàng hoàng cực khổ,"['đàng hoàng', 'cực khổ']","['000511', '000219']"
chia sẻ đèo,"['chia sẻ', 'đèo']","['002184', '002679']"
hốt hoảng răng hô,"['hốt hoảng', 'răng hô']","['000530', '000622']"
héc-tô-mét (hm) Oa-sinh-tơn,"['héc-tô-mét (hm)', 'Oa-sinh-tơn']","['002977', '000087']"
xuyên Việt đảo Trường Sa,"['xuyên Việt', 'đảo Trường Sa']","['000465', '000837']"
răng khểnh thiếu nhi,"['răng khểnh', 'thiếu nhi']","['000624', '001079']"
náo nức phố,"['náo nức', 'phố']","['003481', '000264']"
tuốt lúa giỏi,"['tuốt lúa', 'giỏi']","['001636', '002909']"
bỏng vồ,"['bỏng', 'vồ']","['001703', '001877']"
giáo dục mù chữ,"['giáo dục', 'mù chữ']","['002883', '000100']"
kết bạn tờ báo,"['kết bạn', 'tờ báo']","['003103', '001404']"
dốc quyển vở,"['dốc', 'quyển vở']","['002595', '000490']"
gang tay rình mò,"['gang tay', 'rình mò']","['002823', '000551']"
Tết hàn thực quả chuối,"['Tết hàn thực', 'quả chuối']","['000102', '000319']"
hòn đá đá bóng,"['hòn đá', 'đá bóng']","['003030', '002604']"
trang điểm phòng học tin học,"['trang điểm', 'phòng học tin học']","['000947', '000247']"
mục tiêu nước mắm,"['mục tiêu', 'nước mắm']","['000898', '000966']"
dân tộc Thái số lớn,"['dân tộc Thái', 'số lớn']","['000684', '000736']"
thiếp đi riêng tư,"['thiếp đi', 'riêng tư']","['001073', '000548']"
bực mình dàn nhạc,"['bực mình', 'dàn nhạc']","['000096', '002518']"
buổi sáng xông hơi,"['buổi sáng', 'xông hơi']","['001834', '002046']"
bánh mì thoát hiểm,"['bánh mì', 'thoát hiểm']","['001445', '001085']"
thủ công chợ nổi Cái Bè,"['thủ công', 'chợ nổi Cái Bè']","['001139', '002228']"
con ghẹ ngũ quả,"['con ghẹ', 'ngũ quả']","['002347', '003572']"
u bơm (cái bơm),"['u', 'bơm (cái bơm)']","['001088', '001785']"
máy khâu lỗi lầm,"['máy khâu', 'lỗi lầm']","['003368', '003288']"
bên trái kì diệu,"['bên trái', 'kì diệu']","['001603', '003176']"
danh dự chúc thọ,"['danh dự', 'chúc thọ']","['002520', '002259']"
ban ngày xô,"['ban ngày', 'xô']","['001331', '002042']"
quyết định áo ấm,"['quyết định', 'áo ấm']","['000482', '001252']"
Thủy Điện Hòa Bình dốt,"['Thủy Điện Hòa Bình', 'dốt']","['001192', '002596']"
trung thành chia sẻ,"['trung thành', 'chia sẻ']","['001558', '002184']"
tai chia phần,"['tai', 'chia phần']","['000818', '002183']"
sinh vật xây nhà,"['sinh vật', 'xây nhà']","['000708', '001986']"
đau chân lơ lửng,"['đau chân', 'lơ lửng']","['000781', '003295']"
viện nghiên cứu kiên quyết,"['viện nghiên cứu', 'kiên quyết']","['001831', '003193']"
sườn vòi nước,"['sườn', 'vòi nước']","['000810', '001854']"
trùm chăn róc rách,"['trùm chăn', 'róc rách']","['001544', '000559']"
đường sắt năm tới,"['đường sắt', 'năm tới']","['002794', '000762']"
bọt xà phòng nhưng,"['bọt xà phòng', 'nhưng']","['001713', '000538']"
xếp hơi nước,"['xếp', 'hơi nước']","['002020', '003066']"
5 sừng trâu,"['5', 'sừng trâu']","['001132', '000807']"
mục đích đường hàng không,"['mục đích', 'đường hàng không']","['001206', '002790']"
con dê cánh buồm,"['con dê', 'cánh buồm']","['002339', '000744']"
phòng y tế thích nghi,"['phòng y tế', 'thích nghi']","['000257', '002245']"
lĩnh hội Hung-ga-ri (nước Hung-ga-ri),"['lĩnh hội', 'Hung-ga-ri (nước Hung-ga-ri)']","['003274', '003074']"
thủy chung tre,"['thủy chung', 'tre']","['001186', '001464']"
vết thương ưu tiên,"['vết thương', 'ưu tiên']","['001815', '001732']"
ghen tị xe cảnh sát,"['ghen tị', 'xe cảnh sát']","['000042', '001994']"
sợi len anh dũng,"['sợi len', 'anh dũng']","['000755', '001221']"
con cọp bột giặt,"['con cọp', 'bột giặt']","['002331', '001763']"
bò anh dũng,"['bò', 'anh dũng']","['001675', '001217']"
giám đốc uốn,"['giám đốc', 'uốn']","['002872', '001710']"
dám làm trước,"['dám làm', 'trước']","['000466', '001596']"
chợ nổi Cái Răng chục,"['chợ nổi Cái Răng', 'chục']","['002229', '002261']"
tiếng Anh tinh mắt,"['tiếng Anh', 'tinh mắt']","['001271', '000260']"
cười vỡ bụng buổi chiều,"['cười vỡ bụng', 'buổi chiều']","['000058', '001826']"
băng dính nô lệ,"['băng dính', 'nô lệ']","['001523', '000040']"
q bón phân,"['q', 'bón phân']","['001076', '001699']"
sinh đẻ rế,"['sinh đẻ', 'rế']","['000692', '000545']"
xây nhà quả bầu,"['xây nhà', 'quả bầu']","['001986', '000306']"
ngày khai trường Quốc Tử Giám,"['ngày khai trường', 'Quốc Tử Giám']","['003499', '000467']"
tập hợp (Toán học) đàn bầu,"['tập hợp (Toán học)', 'đàn bầu']","['000879', '002617']"
dấu nặng tách,"['dấu nặng', 'tách']","['001126', '000815']"
sức khỏe chiều tối,"['sức khỏe', 'chiều tối']","['000801', '002195']"
lọng tay phải,"['lọng', 'tay phải']","['003286', '000861']"
chiều tối thương (số),"['chiều tối', 'thương (số)']","['002195', '001228']"
ông ngoại con cừu,"['ông ngoại', 'con cừu']","['000106', '002337']"
phố cổ Hội an lãnh đạo,"['phố cổ Hội an', 'lãnh đạo']","['000268', '003222']"
sổ đầu bài tôn trọng,"['sổ đầu bài', 'tôn trọng']","['000717', '001390']"
đường Nguyễn Huệ thành thạo,"['đường Nguyễn Huệ', 'thành thạo']","['002793', '000971']"
phục hồi gai,"['phục hồi', 'gai']","['000288', '002818']"
dẫn chứng tham lam,"['dẫn chứng', 'tham lam']","['002545', '000938']"
kháng sinh đại số,"['kháng sinh', 'đại số']","['003117', '002611']"
12 giấy tờ,"['12', 'giấy tờ']","['001154', '002903']"
bánh cốm đằng sau,"['bánh cốm', 'đằng sau']","['001427', '002640']"
công việc bạn yêu bạn ấy,"['công việc', 'bạn yêu bạn ấy']","['002442', '000295']"
con gấu phòng đa năng,"['con gấu', 'phòng đa năng']","['002346', '000245']"
truyền thống c,"['truyền thống', 'c']","['001580', '001032']"
đẹp đẽ (như đẹp) xem xét,"['đẹp đẽ (như đẹp)', 'xem xét']","['002680', '002014']"
xuyên Việt củ sả,"['xuyên Việt', 'củ sả']","['000465', '002484']"
tượng đài thủy chung,"['tượng đài', 'thủy chung']","['001698', '001186']"
cống bánh đúc,"['cống', 'bánh đúc']","['002445', '001433']"
ý thức quang hợp,"['ý thức', 'quang hợp']","['002086', '000403']"
xông hơi thu mua,"['xông hơi', 'thu mua']","['002046', '001131']"
cạnh bản đồ Việt Nam,"['cạnh', 'bản đồ Việt Nam']","['001923', '001351']"
sữa rửa mặt con cóc,"['sữa rửa mặt', 'con cóc']","['000793', '002330']"
khoan (khoan đã) thèm,"['khoan (khoan đã)', 'thèm']","['003410', '000067']"
chú hề mua bán,"['chú hề', 'mua bán']","['002242', '003460']"
bún ngan nước Việt nam,"['bún ngan', 'nước Việt nam']","['000195', '000083']"
xoá bỏ nhân dân,"['xoá bỏ', 'nhân dân']","['002036', '003626']"
xôi gấc con chó,"['xôi gấc', 'con chó']","['000202', '002324']"
vuông góc hoàng hôn,"['vuông góc', 'hoàng hôn']","['001920', '003022']"
diện tích Thanh Hóa,"['diện tích', 'Thanh Hóa']","['002581', '000955']"
đường thuỷ vội vã,"['đường thuỷ', 'vội vã']","['002796', '001883']"
khung cửa số sợi chỉ,"['khung cửa số', 'sợi chỉ']","['003171', '000751']"
sợi len công tắc,"['sợi len', 'công tắc']","['000755', '002435']"
đường thẳng dai,"['đường thẳng', 'dai']","['002795', '002514']"
vũ trụ đẹp mê hồn,"['vũ trụ', 'đẹp mê hồn']","['001889', '002681']"
chum ghé thăm,"['chum', 'ghé thăm']","['002266', '002845']"
xưa lợi ích,"['xưa', 'lợi ích']","['002068', '003298']"
nấu nướng diện tích,"['nấu nướng', 'diện tích']","['000229', '002581']"
nghiêm túc giải lao,"['nghiêm túc', 'giải lao']","['003549', '002869']"
giám đốc tích (số),"['giám đốc', 'tích (số)']","['002872', '001247']"
dấu hỏi bàn tay,"['dấu hỏi', 'bàn tay']","['001114', '001345']"
âm thanh bụng,"['âm thanh', 'bụng']","['001278', '001820']"
thân hình trạm xe buýt,"['thân hình', 'trạm xe buýt']","['001001', '001432']"
bỏ qua sương gió,"['bỏ qua', 'sương gió']","['001685', '000809']"
Kiên Giang thành viên,"['Kiên Giang', 'thành viên']","['003192', '000975']"
khuyên tai châm chọc,"['khuyên tai', 'châm chọc']","['003175', '002139']"
bắt giữ lối đi,"['bắt giữ', 'lối đi']","['001543', '003289']"
dân tộc Mường đèn báo giao thông,"['dân tộc Mường', 'đèn báo giao thông']","['000680', '002663']"
bức tranh vắt chanh,"['bức tranh', 'vắt chanh']","['001876', '000842']"
ngày Nhà giáo Việt nam trần nhà,"['ngày Nhà giáo Việt nam', 'trần nhà']","['003500', '001460']"
pha cà phê cửa hàng,"['pha cà phê', 'cửa hàng']","['000130', '002500']"
nghiên cứu mật khẩu,"['nghiên cứu', 'mật khẩu']","['003541', '003388']"
hồ Hoàn Kiếm rau diếp cá,"['hồ Hoàn Kiếm', 'rau diếp cá']","['003051', '000718']"
địa hình chính quyền,"['địa hình', 'chính quyền']","['001003', '002213']"
đau tay lái tàu hỏa,"['đau tay', 'lái tàu hỏa']","['000779', '003214']"
đèn điện cạnh tranh,"['đèn điện', 'cạnh tranh']","['002665', '000982']"
chim gõ kiến nghẹn ngào,"['chim gõ kiến', 'nghẹn ngào']","['002206', '003526']"
đánh thuỷ điện,"['đánh', 'thuỷ điện']","['002625', '001176']"
tha thứ bãi cát,"['tha thứ', 'bãi cát']","['000912', '001321']"
chuyển vế con gái,"['chuyển vế', 'con gái']","['002290', '002345']"
thời gian biểu vận động,"['thời gian biểu', 'vận động']","['001115', '001794']"
tình cờ in (ấn),"['tình cờ', 'in (ấn)']","['001314', '003088']"
ô Âu Cơ,"['ô', 'Âu Cơ']","['001067', '001298']"
chia rẽ con thỏ,"['chia rẽ', 'con thỏ']","['000728', '002389']"
chặt gói (đgt),"['chặt', 'gói (đgt)']","['002137', '002925']"
mi-li-mét (mm) thông cảm,"['mi-li-mét (mm)', 'thông cảm']","['003404', '001094']"
trong ngoài âm thanh,"['trong ngoài', 'âm thanh']","['001496', '001278']"
thổi bóng con chồn,"['thổi bóng', 'con chồn']","['001089', '002326']"
lò xo ân hận,"['lò xo', 'ân hận']","['003279', '001294']"
bánh đúc quyên góp,"['bánh đúc', 'quyên góp']","['001433', '000726']"
khâm phục mặc quần áo,"['khâm phục', 'mặc quần áo']","['003125', '003372']"
vòng tròn người máy,"['vòng tròn', 'người máy']","['001858', '003589']"
trường THPT ( cấp 3) ngồi,"['trường THPT ( cấp 3)', 'ngồi']","['001614', '003570']"
z nội dung,"['z', 'nội dung']","['001095', '000060']"
Võ Nguyên Giáp vắt chanh,"['Võ Nguyên Giáp', 'vắt chanh']","['001843', '000842']"
dê mẹ hạt tiêu,"['dê mẹ', 'hạt tiêu']","['002569', '002965']"
ngắt hoa cướp,"['ngắt hoa', 'cướp']","['003519', '002507']"
phật (tượng) lên đường,"['phật (tượng)', 'lên đường']","['000190', '003252']"
hộp khách vip,"['hộp', 'khách vip']","['003063', '003114']"
gắn bó không nghe lời,"['gắn bó', 'không nghe lời']","['002834', '000074']"
quay phim hãng máy bay,"['quay phim', 'hãng máy bay']","['000416', '001407']"
tuần trước cau có,"['tuần trước', 'cau có']","['000886', '001955']"
dẫn chương trình tinh trùng,"['dẫn chương trình', 'tinh trùng']","['002544', '001184']"
cao (nhà) dầu ăn,"['cao (nhà)', 'dầu ăn']","['001935', '002547']"
gánh đèo,"['gánh', 'đèo']","['002824', '002679']"
chim phượng hoàng xúc xắc,"['chim phượng hoàng', 'xúc xắc']","['002207', '002060']"
hoa lay ơn bên phải,"['hoa lay ơn', 'bên phải']","['003012', '001601']"
vĩ đại tràn ngập (nước),"['vĩ đại', 'tràn ngập (nước)']","['001821', '001436']"
d động viên,"['d', 'động viên']","['001034', '002770']"
bốt cảnh sát bàn ghế,"['bốt cảnh sát', 'bàn ghế']","['001759', '001339']"
Khánh Hòa cây nến,"['Khánh Hòa', 'cây nến']","['003118', '000928']"
phê bình cấy,"['phê bình', 'cấy']","['000196', '002055']"
vòi voi viết lia lịa,"['vòi voi', 'viết lia lịa']","['001845', '001833']"
"anh hai, anh cả ăn diện","['anh hai, anh cả', 'ăn diện']","['000303', '001268']"
gặm xương (con chó gặm xương) thù lao,"['gặm xương (con chó gặm xương)', 'thù lao']","['002833', '001137']"
héo hình chiếu,"['héo', 'hình chiếu']","['002978', '002998']"
chấm điểm sụp đổ,"['chấm điểm', 'sụp đổ']","['002141', '000457']"
năm ngoái phấn trang điểm,"['năm ngoái', 'phấn trang điểm']","['003485', '000186']"
cốc ống nghe,"['cốc', 'ống nghe']","['002423', '000118']"
9 khúc khuỷu,"['9', 'khúc khuỷu']","['001144', '003170']"
hạt tiêu anh chị em,"['hạt tiêu', 'anh chị em']","['002965', '001215']"
cánh tay đen đủi,"['cánh tay', 'đen đủi']","['001921', '000595']"
nhỏ hơn xưa,"['nhỏ hơn', 'xưa']","['000002', '002070']"
cái vợt cá Thái Nguyên,"['cái vợt cá', 'Thái Nguyên']","['000950', '000929']"
thuyết phục Hà Lan (nước Hà Lan),"['thuyết phục', 'Hà Lan (nước Hà Lan)']","['001200', '002941']"
em trai búp bê,"['em trai', 'búp bê']","['002805', '001863']"
sinh tố con chó,"['sinh tố', 'con chó']","['000707', '002325']"
hài lòng con bướm,"['hài lòng', 'con bướm']","['000444', '002318']"
thiếu nhi cày ruộng,"['thiếu nhi', 'cày ruộng']","['001079', '001959']"
bốt cảnh sát tính toán,"['bốt cảnh sát', 'tính toán']","['001759', '001342']"
xe ben vũ trụ,"['xe ben', 'vũ trụ']","['001990', '001889']"
chè đỗ đỏ vòng tròn,"['chè đỗ đỏ', 'vòng tròn']","['002157', '001858']"
thị lực úp,"['thị lực', 'úp']","['001053', '001718']"
hạt cườm chất lỏng,"['hạt cườm', 'chất lỏng']","['002962', '002150']"
keo kiệt cướp cờ,"['keo kiệt', 'cướp cờ']","['003099', '002510']"
sách trăng,"['sách', 'trăng']","['000611', '001450']"
nhưng năng lực,"['nhưng', 'năng lực']","['000536', '003489']"
bọt xà phòng gương,"['bọt xà phòng', 'gương']","['001713', '002937']"
quả su su cháy rừng,"['quả su su', 'cháy rừng']","['000382', '002107']"
long lanh (mắt) biểu đồ cột,"['long lanh (mắt)', 'biểu đồ cột']","['000598', '001645']"
họp nhóm đòi,"['họp nhóm', 'đòi']","['000960', '000977']"
cụ già rửa tay,"['cụ già', 'rửa tay']","['002487', '000594']"
chợ nổi Cái Răng cột sống,"['chợ nổi Cái Răng', 'cột sống']","['002229', '002454']"
trường tiểu học nhấp nháy,"['trường tiểu học', 'nhấp nháy']","['001592', '003635']"
tổ tiên Quảng Trị,"['tổ tiên', 'Quảng Trị']","['001386', '000421']"
Bắc Kạn ki-lô-mét vuông (km2),"['Bắc Kạn', 'ki-lô-mét vuông (km2)']","['001503', '003180']"
về (Sài Gòn) xôi,"['về (Sài Gòn)', 'xôi']","['000356', '002044']"
phòng thí nghiệm kết quả,"['phòng thí nghiệm', 'kết quả']","['000254', '003107']"
dàn bài dân tộc Thái,"['dàn bài', 'dân tộc Thái']","['002517', '000684']"
hấp dẫn tôi yêu bạn ấy,"['hấp dẫn', 'tôi yêu bạn ấy']","['000038', '000292']"
bánh xe ra ngoài,"['bánh xe', 'ra ngoài']","['001455', '000505']"
theo đuổi ngược lại,"['theo đuổi', 'ngược lại']","['001031', '003582']"
câu văn phấn đấu,"['câu văn', 'phấn đấu']","['001993', '000184']"
tung tăng cốm,"['tung tăng', 'cốm']","['001632', '002427']"
cha mẹ con chuột,"['cha mẹ', 'con chuột']","['002061', '002327']"
cối xay gió xịt côn trùng,"['cối xay gió', 'xịt côn trùng']","['002425', '002585']"
lầu (tầng) 7,"['lầu (tầng)', '7']","['003237', '001140']"
mít tinh phật (tượng),"['mít tinh', 'phật (tượng)']","['000454', '000190']"
lão già ngắn,"['lão già', 'ngắn']","['003228', '003516']"
đường kính tha thứ,"['đường kính', 'tha thứ']","['002792', '000912']"
hãng tàu thuyền quyết định,"['hãng tàu thuyền', 'quyết định']","['001453', '000478']"
tuân thủ chim yến,"['tuân thủ', 'chim yến']","['001626', '002208']"
thả diều giẫm,"['thả diều', 'giẫm']","['000917', '002887']"
ý thức dàn bài,"['ý thức', 'dàn bài']","['002086', '002517']"
yên bình xoáy,"['yên bình', 'xoáy']","['002094', '002038']"
xương rồng khe cửa,"['xương rồng', 'khe cửa']","['002072', '003129']"
chày xe container,"['chày', 'xe container']","['002105', '000408']"
cao tầng cõng,"['cao tầng', 'cõng']","['001947', '002401']"
lời giải ngày của Mẹ,"['lời giải', 'ngày của Mẹ']","['003296', '000107']"
bên trên bạn trai,"['bên trên', 'bạn trai']","['001605', '001383']"
khả năng toàn cầu,"['khả năng', 'toàn cầu']","['000211', '001370']"
10 em họ,"['10', 'em họ']","['001146', '000329']"
nghị lực phích nước,"['nghị lực', 'phích nước']","['003543', '000200']"
dây buộc tóc bánh sandwich,"['dây buộc tóc', 'bánh sandwich']","['002559', '000832']"
đôi dép đèn ông sao,"['đôi dép', 'đèn ông sao']","['002734', '000477']"
riêng biệt cây gỗ,"['riêng biệt', 'cây gỗ']","['000547', '002029']"
cao thấp con gián,"['cao thấp', 'con gián']","['001949', '002348']"
tranh luận mái chèo,"['tranh luận', 'mái chèo']","['001440', '003336']"
đăng ký sáo,"['đăng ký', 'sáo']","['002638', '000636']"
yếm Quốc Tử Giám,"['yếm', 'Quốc Tử Giám']","['002090', '000467']"
con dâu bọt xà phòng,"['con dâu', 'bọt xà phòng']","['002338', '001713']"
cỏ may chặn,"['cỏ may', 'chặn']","['002307', '002134']"
nẻ lồng bàn,"['nẻ', 'lồng bàn']","['003491', '003292']"
Vĩnh Phúc gấp ba,"['Vĩnh Phúc', 'gấp ba']","['001837', '000556']"
kiểm tra khối lượng,"['kiểm tra', 'khối lượng']","['003188', '003158']"
sân chơi em họ,"['sân chơi', 'em họ']","['000657', '000331']"
dám làm giao hoán,"['dám làm', 'giao hoán']","['000466', '002877']"
chiếm đoạt nón,"['chiếm đoạt', 'nón']","['002190', '000039']"
phương hướng điêu khắc,"['phương hướng', 'điêu khắc']","['000296', '002706']"
tưới cây vĩ đại,"['tưới cây', 'vĩ đại']","['001686', '001821']"
thủy chung thiệp sinh nhật,"['thủy chung', 'thiệp sinh nhật']","['001186', '000236']"
bó hoa nhà cửa,"['bó hoa', 'nhà cửa']","['001691', '003602']"
bánh tráng quả sầu riêng,"['bánh tráng', 'quả sầu riêng']","['000241', '000380']"
môn Âm nhạc quả hồng,"['môn Âm nhạc', 'quả hồng']","['003426', '000345']"
đường hàng không phơi quần áo,"['đường hàng không', 'phơi quần áo']","['002790', '000278']"
lều trại đầy tớ,"['lều trại', 'đầy tớ']","['003255', '002656']"
chia cắt nhặt rau,"['chia cắt', 'nhặt rau']","['002180', '003623']"
Bãi biển Vũng Tàu thóc (gạo),"['Bãi biển Vũng Tàu', 'thóc (gạo)']","['001319', '001086']"
tưởng gọt bút chì (cái),"['tưởng', 'gọt bút chì (cái)']","['001692', '002927']"
5 rắc rối,"['5', 'rắc rối']","['001132', '000588']"
san sẻ cấy,"['san sẻ', 'cấy']","['000619', '002055']"
chất thải địa điểm,"['chất thải', 'địa điểm']","['002153', '002699']"
điều hòa sữa bột,"['điều hòa', 'sữa bột']","['002711', '000778']"
hộp răng hô,"['hộp', 'răng hô']","['003063', '000622']"
Hậu Giang lau miệng,"['Hậu Giang', 'lau miệng']","['002969', '000514']"
sữa bột sinh đôi,"['sữa bột', 'sinh đôi']","['000778', '000902']"
đòi hỏi bí ngô,"['đòi hỏi', 'bí ngô']","['000979', '001625']"
cứu ngày của Cha,"['cứu', 'ngày của Cha']","['002512', '000111']"
về (Sài Gòn) thêu,"['về (Sài Gòn)', 'thêu']","['000356', '001042']"
ông bà bất hiếu,"['ông bà', 'bất hiếu']","['000322', '001555']"
tính chất nước mắt,"['tính chất', 'nước mắt']","['001330', '000079']"
chát rạp chiếu phim,"['chát', 'rạp chiếu phim']","['002081', '000509']"
hạt tiêu bản lề,"['hạt tiêu', 'bản lề']","['002965', '001357']"
múa phần trăm,"['múa', 'phần trăm']","['003472', '000175']"
lựu chó cắn,"['lựu', 'chó cắn']","['003329', '000516']"
ki-lô-gam Sóc Trăng,"['ki-lô-gam', 'Sóc Trăng']","['003179', '000710']"
vạch trần xóa bảng,"['vạch trần', 'xóa bảng']","['001740', '002034']"
tôn thờ mỳ ý,"['tôn thờ', 'mỳ ý']","['001384', '000189']"
taxi con lợn (con heo),"['taxi', 'con lợn (con heo)']","['000856', '002357']"
lược bơi lội,"['lược', 'bơi lội']","['003316', '001783']"
rưỡi khăn quàng,"['rưỡi', 'khăn quàng']","['000607', '003123']"
bình an hối hận,"['bình an', 'hối hận']","['001657', '003057']"
từ chối bút,"['từ chối', 'bút']","['000228', '001865']"
thét liệt (liệt tay chân),"['thét', 'liệt (liệt tay chân)']","['001035', '003270']"
dao đại sứ,"['dao', 'đại sứ']","['002529', '000569']"
cháu gái Phi-líp-pin (nước Phi-líp-pin),"['cháu gái', 'Phi-líp-pin (nước Phi-líp-pin)']","['002085', '000208']"
chém nóng tính,"['chém', 'nóng tính']","['002158', '000263']"
đoạn thẳng Đông Dương,"['đoạn thẳng', 'Đông Dương']","['002723', '002756']"
rau mùng tơi hàng ngày,"['rau mùng tơi', 'hàng ngày']","['000521', '000393']"
đường thuỷ mũi tên,"['đường thuỷ', 'mũi tên']","['002796', '000498']"
nhà thờ chiếu phim,"['nhà thờ', 'chiếu phim']","['003606', '002199']"
em gái nhà sàn,"['em gái', 'nhà sàn']","['002802', '003603']"
chợ nổi bắp ngô,"['chợ nổi', 'bắp ngô']","['002227', '001533']"
hậu quả xếp hàng ngang,"['hậu quả', 'xếp hàng ngang']","['002970', '002026']"
cao thấp hình bình hành,"['cao thấp', 'hình bình hành']","['001949', '002996']"
cao (nhà) trang điểm,"['cao (nhà)', 'trang điểm']","['001935', '000947']"
đ quốc khánh,"['đ', 'quốc khánh']","['001037', '000458']"
số chẵn trục hoành,"['số chẵn', 'trục hoành']","['000724', '001532']"
bánh sandwich vỡ,"['bánh sandwich', 'vỡ']","['000832', '001887']"
phê bình mách,"['phê bình', 'mách']","['000196', '000137']"
quy nạp chậm chạp,"['quy nạp', 'chậm chạp']","['000473', '000411']"
tránh thai bàn chải đánh răng,"['tránh thai', 'bàn chải đánh răng']","['001444', '001335']"
cổ vũ cỏ may,"['cổ vũ', 'cỏ may']","['002415', '002307']"
bảng màu nhà sàn,"['bảng màu', 'nhà sàn']","['001409', '003603']"
băng chuyền ngon miệng,"['băng chuyền', 'ngon miệng']","['001521', '003557']"
bơm xe đoán,"['bơm xe', 'đoán']","['001789', '002722']"
chứng kiến đoạn thơ,"['chứng kiến', 'đoạn thơ']","['002297', '002724']"
chim bồ câu đá bóng,"['chim bồ câu', 'đá bóng']","['002201', '002604']"
dòng sông em rể,"['dòng sông', 'em rể']","['002594', '002803']"
gian dối máy bơm,"['gian dối', 'máy bơm']","['000732', '003363']"
công việc cây gỗ,"['công việc', 'cây gỗ']","['002442', '002029']"
tài năng xen,"['tài năng', 'xen']","['000825', '002016']"
con cọp máy khâu,"['con cọp', 'máy khâu']","['002331', '003368']"
xăng-ti-mét-khối (cm3) nhát gan,"['xăng-ti-mét-khối (cm3)', 'nhát gan']","['001974', '003615']"
cổ chân gửi thư,"['cổ chân', 'gửi thư']","['002409', '002936']"
trang điểm xóm làng,"['trang điểm', 'xóm làng']","['000947', '002040']"
xương rồng đá bóng,"['xương rồng', 'đá bóng']","['002072', '002604']"
dấu gạch ngang tự tin,"['dấu gạch ngang', 'tự tin']","['002554', '001672']"
tràn ngập (nước) tưởng tượng,"['tràn ngập (nước)', 'tưởng tượng']","['001436', '001694']"
cao (nhà) phẫu thuật cổ,"['cao (nhà)', 'phẫu thuật cổ']","['001935', '000792']"
tung tăng số chín,"['tung tăng', 'số chín']","['001632', '000727']"
w loa,"['w', 'loa']","['001101', '003282']"
đắt đỏ cây ngô,"['đắt đỏ', 'cây ngô']","['002643', '002035']"
cơ thể màu xanh lá cây,"['cơ thể', 'màu xanh lá cây']","['002461', '003359']"
đăng nhập cây thân gỗ,"['đăng nhập', 'cây thân gỗ']","['002639', '002047']"
tự tin chuyện nhỏ,"['tự tin', 'chuyện nhỏ']","['001668', '000532']"
góc tù vũ trụ,"['góc tù', 'vũ trụ']","['002922', '001889']"
Bru-nây (nước Bru-nây) giá trị phần trăm,"['Bru-nây (nước Bru-nây)', 'giá trị phần trăm']","['001799', '002867']"
khổng lồ ăn vú sữa (bằng thìa),"['khổng lồ', 'ăn vú sữa (bằng thìa)']","['003161', '000398']"
phụ thuộc bay liệng (bay lượn),"['phụ thuộc', 'bay liệng (bay lượn)']","['000768', '001495']"
mở buổi trưa,"['mở', 'buổi trưa']","['003449', '001846']"
hài lòng vào mùa,"['hài lòng', 'vào mùa']","['000444', '001761']"
tưởng bảo thủ,"['tưởng', 'bảo thủ']","['001692', '001465']"
hoang mang khóa cửa,"['hoang mang', 'khóa cửa']","['003115', '003143']"
cửa khẩu thêu,"['cửa khẩu', 'thêu']","['002501', '001042']"
thổi bóng đường hầm,"['thổi bóng', 'đường hầm']","['001089', '002791']"
sum họp hình lập phương,"['sum họp', 'hình lập phương']","['000760', '003003']"
giả mạo hỏng,"['giả mạo', 'hỏng']","['002853', '003043']"
trung thành súp lơ,"['trung thành', 'súp lơ']","['001558', '000176']"
la bàn thổi kèn,"['la bàn', 'thổi kèn']","['003206', '001091']"
luật chơi hót rác (cái hót rác),"['luật chơi', 'hót rác (cái hót rác)']","['003303', '003048']"
máy bơm hay là (hoặc là),"['máy bơm', 'hay là (hoặc là)']","['003363', '000542']"
luyện từ và câu sửa chữa,"['luyện từ và câu', 'sửa chữa']","['003314', '000770']"
mạng lưới vắt chanh,"['mạng lưới', 'vắt chanh']","['003343', '000842']"
chữ cái hơi nước,"['chữ cái', 'hơi nước']","['002292', '003066']"
tài trợ quốc gia,"['tài trợ', 'quốc gia']","['000826', '000455']"
về (Sài Gòn) gà trống,"['về (Sài Gòn)', 'gà trống']","['000356', '002817']"
Nam bán cầu ca,"['Nam bán cầu', 'ca']","['003477', '001892']"
bún ngan tình yêu,"['bún ngan', 'tình yêu']","['000195', '001324']"
tia nắng rau cải thảo,"['tia nắng', 'rau cải thảo']","['001244', '000517']"
nhập ngũ vun đắp,"['nhập ngũ', 'vun đắp']","['002740', '001912']"
bánh canh hàng ngang,"['bánh canh', 'hàng ngang']","['000834', '002950']"
kể chuyện kỉ niệm,"['kể chuyện', 'kỉ niệm']","['003102', '003183']"
xóa bảng chú ( người),"['xóa bảng', 'chú ( người)']","['002034', '002111']"
mồ hôi số đo,"['mồ hôi', 'số đo']","['003421', '000729']"
bún mắm thủ tướng,"['bún mắm', 'thủ tướng']","['000191', '001143']"
trong sáng tóm tắt,"['trong sáng', 'tóm tắt']","['001492', '001378']"
môn Ngoại ngữ Bắc bộ,"['môn Ngoại ngữ', 'Bắc bộ']","['003438', '001499']"
phố cổ Hội an cờ,"['phố cổ Hội an', 'cờ']","['000268', '002464']"
dây chun con rùa,"['dây chun', 'con rùa']","['002560', '002379']"
xoáy bức tranh,"['xoáy', 'bức tranh']","['002038', '001876']"
bùng binh keo kiệt,"['bùng binh', 'keo kiệt']","['001230', '003099']"
hấp chó xù,"['hấp', 'chó xù']","['000808', '002219']"
phù hợp Lâm Đồng,"['phù hợp', 'Lâm Đồng']","['000280', '003235']"
thắp đèn tình huống,"['thắp đèn', 'tình huống']","['000957', '001316']"
quan (chức vụ) đàng ngoài,"['quan (chức vụ)', 'đàng ngoài']","['000524', '002622']"
lương thực mật ong,"['lương thực', 'mật ong']","['003324', '003391']"
giám khảo hiểu,"['giám khảo', 'hiểu']","['002873', '002993']"
một mình bé loắt choắt,"['một mình', 'bé loắt choắt']","['003446', '001577']"
hi vọng ống nước,"['hi vọng', 'ống nước']","['002986', '000122']"
quả dừa ghép hình,"['quả dừa', 'ghép hình']","['000332', '002846']"
quyên góp Tây Bắc,"['quyên góp', 'Tây Bắc']","['000726', '000889']"
bộ truyện tưới cây,"['bộ truyện', 'tưới cây']","['001725', '001684']"
bún chả mặc quần áo,"['bún chả', 'mặc quần áo']","['000193', '003372']"
thề con dê,"['thề', 'con dê']","['001036', '002339']"
cấy lúa số liền trước,"['cấy lúa', 'số liền trước']","['002057', '000734']"
biểu đồ hình quạt cổ tích,"['biểu đồ hình quạt', 'cổ tích']","['001647', '002421']"
bơm nước khố,"['bơm nước', 'khố']","['001787', '003162']"
không hiểu buổi chiều,"['không hiểu', 'buổi chiều']","['003163', '001826']"
cái túi môn Kĩ thuật,"['cái túi', 'môn Kĩ thuật']","['001911', '003435']"
vịnh Hạ Long tác động,"['vịnh Hạ Long', 'tác động']","['001841', '002769']"
bánh bột lọc phòng thí nghiệm,"['bánh bột lọc', 'phòng thí nghiệm']","['001425', '000254']"
làm việc lá thư,"['làm việc', 'lá thư']","['003217', '003210']"
ban giám hiệu khoá (cái khóa),"['ban giám hiệu', 'khoá (cái khóa)']","['001329', '003142']"
mật ong ủy ban,"['mật ong', 'ủy ban']","['003391', '001720']"
mềm mại lẩu,"['mềm mại', 'lẩu']","['003402', '000804']"
chương trình tự tin,"['chương trình', 'tự tin']","['002298', '001672']"
hòn bi (giống viên bi) chim chóc,"['hòn bi (giống viên bi)', 'chim chóc']","['003042', '002204']"
thông báo vận chuyển,"['thông báo', 'vận chuyển']","['001093', '001792']"
chọn lọc chai nước,"['chọn lọc', 'chai nước']","['002222', '002071']"
màu xanh da trời mét (m),"['màu xanh da trời', 'mét (m)']","['003357', '003397']"
lượm lĩnh hội,"['lượm', 'lĩnh hội']","['003323', '003274']"
Thánh Gióng lái tàu hỏa,"['Thánh Gióng', 'lái tàu hỏa']","['001006', '003214']"
anh chị thuyền chài,"['anh chị', 'thuyền chài']","['001213', '001193']"
nói chuyện ba là,"['nói chuyện', 'ba là']","['000033', '000317']"
phép tính ghi nhớ,"['phép tính', 'ghi nhớ']","['000194', '002850']"
sân khấu luyện từ và câu,"['sân khấu', 'luyện từ và câu']","['000661', '003314']"
sĩ diện nhiều hơn,"['sĩ diện', 'nhiều hơn']","['000679', '003645']"
con kiến lên đường,"['con kiến', 'lên đường']","['002354', '003252']"
phố cổ Hội an số chẵn,"['phố cổ Hội an', 'số chẵn']","['000268', '000724']"
kéo co vui mừng,"['kéo co', 'vui mừng']","['000648', '001899']"
sáo đầu tiên,"['sáo', 'đầu tiên']","['000636', '002650']"
thuận lợi cầu Thê Húc (Hồ Gươm),"['thuận lợi', 'cầu Thê Húc (Hồ Gươm)']","['001156', '000746']"
chất đốt ống nước,"['chất đốt', 'ống nước']","['002146', '000122']"
bản làng khuyến khích,"['bản làng', 'khuyến khích']","['001355', '000072']"
cấy lúa ít nhất,"['cấy lúa', 'ít nhất']","['002057', '003091']"
tương lai ai,"['tương lai', 'ai']","['000637', '001201']"
vô lí tuyên ngôn,"['vô lí', 'tuyên ngôn']","['001864', '001642']"
người gửi tình cảm,"['người gửi', 'tình cảm']","['003584', '001312']"
Trần Quốc Toản tia số,"['Trần Quốc Toản', 'tia số']","['000464', '001246']"
hậu quả đàn ghi ta,"['hậu quả', 'đàn ghi ta']","['002970', '002619']"
xây ngồi,"['xây', 'ngồi']","['001982', '003570']"
khâm phục nổi dậy,"['khâm phục', 'nổi dậy']","['003125', '000055']"
trọc đầu hoặc,"['trọc đầu', 'hoặc']","['001486', '000424']"
băng bó nhiệt độ,"['băng bó', 'nhiệt độ']","['001519', '002767']"
Tiền Giang ngán,"['Tiền Giang', 'ngán']","['001261', '000816']"
Đền Hùng internet,"['Đền Hùng', 'internet']","['002691', '001014']"
đàng trong chùa Hương,"['đàng trong', 'chùa Hương']","['002623', '002250']"
quả cam trà nóng,"['quả cam', 'trà nóng']","['000314', '000854']"
số chín chim gõ kiến,"['số chín', 'chim gõ kiến']","['000727', '002206']"
giơ tay chìa khóa,"['giơ tay', 'chìa khóa']","['002911', '002186']"
phật (tượng) hoa sen,"['phật (tượng)', 'hoa sen']","['000190', '003015']"
xô rõ ràng,"['xô', 'rõ ràng']","['002042', '000555']"
chính quyền con gái,"['chính quyền', 'con gái']","['002213', '002345']"
gà tây lang thang,"['gà tây', 'lang thang']","['002816', '003218']"
phấn (viết bảng) huân chương,"['phấn (viết bảng)', 'huân chương']","['000182', '003071']"
đất nước bị chia cắt (Việt Nam) xâm hại tình dục,"['đất nước bị chia cắt (Việt Nam)', 'xâm hại tình dục']","['000665', '003552']"
lây nhiễm ca nô,"['lây nhiễm', 'ca nô']","['003239', '001894']"
quả chuối cất giấu,"['quả chuối', 'cất giấu']","['000319', '001973']"
phục vụ số thập phân,"['phục vụ', 'số thập phân']","['000290', '000739']"
người bán hàng mi-li-mét (mm),"['người bán hàng', 'mi-li-mét (mm)']","['003583', '003404']"
chục triệu mẫu số bé,"['chục triệu', 'mẫu số bé']","['002263', '003393']"
hộp vô lo vô nghĩ,"['hộp', 'vô lo vô nghĩ']","['003063', '001866']"
chủ ngữ thị giác,"['chủ ngữ', 'thị giác']","['002239', '001051']"
phong toả chung kết,"['phong toả', 'chung kết']","['000998', '002271']"
hàng chục phân số tối giản,"['hàng chục', 'phân số tối giản']","['002945', '000169']"
cháy rừng dễ thương,"['cháy rừng', 'dễ thương']","['002107', '002571']"
cháu trai bóng bay,"['cháu trai', 'bóng bay']","['002103', '001707']"
trong ngoài cây ăn quả,"['trong ngoài', 'cây ăn quả']","['001496', '002011']"
ghép hình chìa khóa,"['ghép hình', 'chìa khóa']","['002846', '002186']"
con rùa thẻ,"['con rùa', 'thẻ']","['002379', '001033']"
tập hợp (Toán học) hành lang,"['tập hợp (Toán học)', 'hành lang']","['000879', '002957']"
vác dự án,"['vác', 'dự án']","['001738', '000580']"
bịa đặt thổ dân,"['bịa đặt', 'thổ dân']","['001631', '003223']"
xinh xắn tàu thủy xả rác,"['xinh xắn', 'tàu thủy', 'xả rác']","['002032', '000855', '001944']"
câu văn động viên hài hước,"['câu văn', 'động viên', 'hài hước']","['001993', '002770', '002943']"
yên lòng hàng trăm nghìn giơ tay,"['yên lòng', 'hàng trăm nghìn', 'giơ tay']","['002096', '002953', '002911']"
số liền trước râu Đông Nam,"['số liền trước', 'râu', 'Đông Nam']","['000734', '000535', '002743']"
hăng hái rước đèn xã,"['hăng hái', 'rước đèn', 'xã']","['002966', '000603', '001960']"
mặt nạ khẩu trang con cò,"['mặt nạ', 'khẩu trang', 'con cò']","['003381', '003128', '002329']"
tính chất giao hoán sân trường yêu cầu,"['tính chất giao hoán', 'sân trường', 'yêu cầu']","['001336', '000669', '002104']"
đầu xuôi đuôi lọt bé loắt choắt tưởng tượng,"['đầu xuôi đuôi lọt', 'bé loắt choắt', 'tưởng tượng']","['002651', '001577', '001694']"
dây xích mua bán đưa đón,"['dây xích', 'mua bán', 'đưa đón']","['002566', '003460', '002786']"
dự trữ áo cánh khách mời,"['dự trữ', 'áo cánh', 'khách mời']","['003327', '001254', '003112']"
hứa biện pháp cử động,"['hứa', 'biện pháp', 'cử động']","['000375', '001641', '002498']"
sinh sản trốn tìm chất hữu cơ,"['sinh sản', 'trốn tìm', 'chất hữu cơ']","['000699', '000643', '002149']"
rèn sắt bảo hiểm quần âu,"['rèn sắt', 'bảo hiểm', 'quần âu']","['000539', '001459', '000429']"
nước Việt nam buổi trưa chen lấn,"['nước Việt nam', 'buổi trưa', 'chen lấn']","['000081', '001849', '002159']"
trà nóng hình câu ghép,"['trà nóng', 'hình', 'câu ghép']","['000854', '002995', '001985']"
chữ cái quá cảnh tác dụng,"['chữ cái', 'quá cảnh', 'tác dụng']","['002292', '000394', '000813']"
gặp gỡ thổi kèn khổ,"['gặp gỡ', 'thổi kèn', 'khổ']","['002837', '001091', '003167']"
cây bàng bò sát thợ kim hoàn,"['cây bàng', 'bò sát', 'thợ kim hoàn']","['002017', '001677', '001119']"
thương mại khung cửa số các bạn (2 người),"['thương mại', 'khung cửa số', 'các bạn (2 người)']","['000671', '003171', '000283']"
y tế chó sói ma,"['y tế', 'chó sói', 'ma']","['002076', '002218', '003331']"
đồng bào ngày của Mẹ trình độ,"['đồng bào', 'ngày của Mẹ', 'trình độ']","['002759', '000107', '001484']"
trốn tìm phong trào con bướm,"['trốn tìm', 'phong trào', 'con bướm']","['000643', '000233', '002318']"
cầu cứu chăn (cái chăn) điện,"['cầu cứu', 'chăn (cái chăn)', 'điện']","['001997', '002121', '002701']"
Thái Nguyên lầu (tầng) bên trái,"['Thái Nguyên', 'lầu (tầng)', 'bên trái']","['000929', '003237', '001603']"
đoàn thanh niên giường truyền thống,"['đoàn thanh niên', 'giường', 'truyền thống']","['002720', '002917', '001580']"
chục trưởng nhóm giấy ăn,"['chục', 'trưởng nhóm', 'giấy ăn']","['002261', '001618', '002894']"
mạnh mẽ nhà nước nhân viên,"['mạnh mẽ', 'nhà nước', 'nhân viên']","['003344', '002601', '000010']"
đầu xuôi đuôi lọt tổng (số) hóa đơn,"['đầu xuôi đuôi lọt', 'tổng (số)', 'hóa đơn']","['002651', '001392', '001633']"
con muỗi dẫn chương trình làn sóng,"['con muỗi', 'dẫn chương trình', 'làn sóng']","['002361', '002544', '003219']"
tập viết va chạm lễ Nô-en,"['tập viết', 'va chạm', 'lễ Nô-en']","['000887', '001734', '003248']"
trí khôn đồn công an bỏ hoang,"['trí khôn', 'đồn công an', 'bỏ hoang']","['001474', '002742', '001681']"
chuyển vế quên hình dáng,"['chuyển vế', 'quên', 'hình dáng']","['002290', '000451', '002999']"
s các bạn (2 người) thợ rèn,"['s', 'các bạn (2 người)', 'thợ rèn']","['001080', '000283', '001121']"
bánh giầy muốn ăn bám,"['bánh giầy', 'muốn', 'ăn bám']","['001437', '003415', '000735']"
thiu bồ kết sâu bọ,"['thiu', 'bồ kết', 'sâu bọ']","['000812', '001715', '000677']"
bắp ngô cạnh tranh thuyền chài,"['bắp ngô', 'cạnh tranh', 'thuyền chài']","['001531', '000982', '001193']"
gật gù sao tóc xoăn,"['gật gù', 'sao', 'tóc xoăn']","['002843', '000629', '001372']"
ngón tay từ ngữ lỗi lầm,"['ngón tay', 'từ ngữ', 'lỗi lầm']","['003560', '001650', '003288']"
vật nhảy lò cò khóa quần,"['vật', 'nhảy lò cò', 'khóa quần']","['001796', '000646', '003138']"
cây cổ thụ gật đầu rổ,"['cây cổ thụ', 'gật đầu', 'rổ']","['002021', '002842', '000571']"
thủ công anh dũng Phú Thọ,"['thủ công', 'anh dũng', 'Phú Thọ']","['001139', '001219', '000284']"
Bru-nây (nước Bru-nây) phòng máy tính bảng trừ,"['Bru-nây (nước Bru-nây)', 'phòng máy tính', 'bảng trừ']","['001799', '000250', '001419']"
nổi da gà ấm trà chị họ,"['nổi da gà', 'ấm trà', 'chị họ']","['000041', '001292', '000325']"
đằng sau vận động báo cáo,"['đằng sau', 'vận động', 'báo cáo']","['002640', '001794', '001481']"
xách túi thái độ chia ba,"['xách túi', 'thái độ', 'chia ba']","['001952', '000927', '000566']"
câu đơn chọn lựa cây gỗ,"['câu đơn', 'chọn lựa', 'cây gỗ']","['001983', '002223', '002029']"
bút máy cây thân gỗ Tây Bắc,"['bút máy', 'cây thân gỗ', 'Tây Bắc']","['001871', '002045', '000889']"
an ninh nhân vật sức khỏe,"['an ninh', 'nhân vật', 'sức khỏe']","['001205', '003630', '000801']"
hồ Hoàn Kiếm gửi thư khổ thơ,"['hồ Hoàn Kiếm', 'gửi thư', 'khổ thơ']","['003051', '002936', '003156']"
không có chi thực hiện chim bồ câu,"['không có chi', 'thực hiện', 'chim bồ câu']","['000251', '001218', '002201']"
mỳ ý nồi cơm điện mỗi ngày,"['mỳ ý', 'nồi cơm điện', 'mỗi ngày']","['000187', '000051', '000389']"
bắc nam Đồng Tháp Mười bảng nhân,"['bắc nam', 'Đồng Tháp Mười', 'bảng nhân']","['001507', '002748', '001411']"
ăn vú sữa nghệ sĩ hút nước,"['ăn vú sữa', 'nghệ sĩ', 'hút nước']","['000400', '003527', '003076']"
thực hiện v dầu khí,"['thực hiện', 'v', 'dầu khí']","['001218', '001092', '002550']"
sợi dây sừng chia tay,"['sợi dây', 'sừng', 'chia tay']","['000753', '000803', '002185']"
thiếu niên kém suỵt,"['thiếu niên', 'kém', 'suỵt']","['001081', '003097', '000158']"
bình an vợt cầu lông con cọp,"['bình an', 'vợt cầu lông', 'con cọp']","['001657', '000953', '002332']"
rơm rớm vô ý dẫn chương trình,"['rơm rớm', 'vô ý', 'dẫn chương trình']","['002766', '001874', '002544']"
môn Giáo dục công dân khai mạc sừng trâu,"['môn Giáo dục công dân', 'khai mạc', 'sừng trâu']","['003430', '003116', '000807']"
bít tất chăn nuôi xé rách,"['bít tất', 'chăn nuôi', 'xé rách']","['001673', '002131', '002012']"
dép quai hậu bồ kết lùi bước,"['dép quai hậu', 'bồ kết', 'lùi bước']","['002567', '001715', '003310']"
nấm vi khuẩn chim yến,"['nấm', 'vi khuẩn', 'chim yến']","['003490', '001817', '002208']"
thổi bóng về 5 (về nhà) tâm thần,"['thổi bóng', 'về 5 (về nhà)', 'tâm thần']","['001089', '000366', '000869']"
đàn bầu đau tai buồn thảm,"['đàn bầu', 'đau tai', 'buồn thảm']","['002617', '000783', '000135']"
cối giã bình sữa (em bé) phản xạ,"['cối giã', 'bình sữa (em bé)', 'phản xạ']","['002424', '000974', '000152']"
bỏ qua học trò thụ phấn (hoa),"['bỏ qua', 'học trò', 'thụ phấn (hoa)']","['001685', '003037', '001293']"
liếc nhìn trắng muốt chùm nho,"['liếc nhìn', 'trắng muốt', 'chùm nho']","['000606', '001452', '002269']"
tuân lệnh nhà sàn làm việc,"['tuân lệnh', 'nhà sàn', 'làm việc']","['001624', '003603', '003217']"
cao độ cày kỹ năng,"['cao độ', 'cày', 'kỹ năng']","['001941', '001957', '000213']"
hấp dẫn lãng phí bất hiếu,"['hấp dẫn', 'lãng phí', 'bất hiếu']","['000038', '000690', '001555']"
chấm dứt tôn thờ con gái,"['chấm dứt', 'tôn thờ', 'con gái']","['002140', '001384', '002345']"
biện pháp nhập khẩu hằng đẳng thức,"['biện pháp', 'nhập khẩu', 'hằng đẳng thức']","['001641', '000032', '002967']"
nói chuyện máy bơm cất giấu,"['nói chuyện', 'máy bơm', 'cất giấu']","['000033', '003363', '001973']"
lá thư trả thù thuyền chài,"['lá thư', 'trả thù', 'thuyền chài']","['003210', '002126', '001193']"
răng cưa đường sắt thuỷ điện,"['răng cưa', 'đường sắt', 'thuỷ điện']","['000533', '002794', '001178']"
quyến luyến nghênh nghênh (đầu) ăn vú sữa (bằng thìa),"['quyến luyến', 'nghênh nghênh (đầu)', 'ăn vú sữa (bằng thìa)']","['000373', '000970', '000398']"
Ma Cao giật mình màn,"['Ma Cao', 'giật mình', 'màn']","['000016', '002890', '003341']"
rẽ phải ria mép khâu vá,"['rẽ phải', 'ria mép', 'khâu vá']","['000537', '000638', '003126']"
da trắng Bắc Giang xanh xao,"['da trắng', 'Bắc Giang', 'xanh xao']","['000752', '001501', '001956']"
chia đều tri kỉ môn Khoa học,"['chia đều', 'tri kỉ', 'môn Khoa học']","['002181', '001040', '003432']"
mùa hè đau chân xe máy,"['mùa hè', 'đau chân', 'xe máy']","['003464', '000781', '001992']"
cá kho vận động sườn,"['cá kho', 'vận động', 'sườn']","['001900', '001794', '000810']"
kiến thức đau bụng Quảng Trị,"['kiến thức', 'đau bụng', 'Quảng Trị']","['003194', '000777', '000421']"
đạn Dinh Độc Lập thăm hỏi,"['đạn', 'Dinh Độc Lập', 'thăm hỏi']","['002630', '002587', '000981']"
e quần yếm bế em,"['e', 'quần yếm', 'bế em']","['001038', '000438', '001593']"
Ba chân bốn cẳng mùa hè hàng trăm,"['Ba chân bốn cẳng', 'mùa hè', 'hàng trăm']","['001299', '003465', '002952']"
lung tung không đẹp xuất hiện,"['lung tung', 'không đẹp', 'xuất hiện']","['000048', '000269', '002052']"
trường tiểu học chú tễu đọc sách,"['trường tiểu học', 'chú tễu', 'đọc sách']","['001592', '002244', '002726']"
đồn công an quan điểm đoán,"['đồn công an', 'quan điểm', 'đoán']","['002742', '000396', '002722']"
mây thế hệ Nam Định,"['mây', 'thế hệ', 'Nam Định']","['003396', '001039', '003478']"
bánh giò liên quan cây cổ thụ,"['bánh giò', 'liên quan', 'cây cổ thụ']","['001439', '003266', '002021']"
trục tung phong kiến sợi len,"['trục tung', 'phong kiến', 'sợi len']","['001534', '000231', '000755']"
đại diện ghi nhớ dệt,"['đại diện', 'ghi nhớ', 'dệt']","['002607', '002850', '002572']"
thở dài lau nhà bồ kết,"['thở dài', 'lau nhà', 'bồ kết']","['001113', '003231', '001715']"
Chi-lê (nước Chi-lê) khoác vai lương thực,"['Chi-lê (nước Chi-lê)', 'khoác vai', 'lương thực']","['002176', '003139', '003324']"
gói tuần lễ người Điếc thế giới lễ bế giảng,"['gói', 'tuần lễ người Điếc thế giới', 'lễ bế giảng']","['002926', '000105', '003242']"
tai nạn người nước ngoài giá trị phần trăm,"['tai nạn', 'người nước ngoài', 'giá trị phần trăm']","['000821', '000030', '002865']"
quả hồng xiêm c nhưng,"['quả hồng xiêm', 'c', 'nhưng']","['000347', '001032', '000538']"
bánh cuốn đọc sách tích (số),"['bánh cuốn', 'đọc sách', 'tích (số)']","['001429', '002726', '001247']"
bàn chân bít tất bố,"['bàn chân', 'bít tất', 'bố']","['001337', '001673', '001729']"
Thái Nguyên nắn nót sâu,"['Thái Nguyên', 'nắn nót', 'sâu']","['000929', '003487', '000675']"
kí duyệt thiếu thốn đĩa DVD,"['kí duyệt', 'thiếu thốn', 'đĩa DVD']","['003178', '000460', '002696']"
quyển vở giấy ăn danh từ,"['quyển vở', 'giấy ăn', 'danh từ']","['000490', '002896', '002526']"
khen bao la phát động,"['khen', 'bao la', 'phát động']","['003131', '001457', '000161']"
các bạn (2 người) sữa hộp không cần,"['các bạn (2 người)', 'sữa hộp', 'không cần']","['000283', '000787', '000088']"
bắt buộc trang trí liên quan,"['bắt buộc', 'trang trí', 'liên quan']","['002555', '001418', '003266']"
tiêu cực số thập phân dịch vụ,"['tiêu cực', 'số thập phân', 'dịch vụ']","['001287', '000739', '002578']"
phổi 100 1 000 000 (một triệu),"['phổi', '100', '1 000 000 (một triệu)']","['000270', '001167', '001181']"
tay bánh gối dấu chia,"['tay', 'bánh gối', 'dấu chia']","['000859', '001441', '002553']"
mui xe hàng trăm nghìn bút màu,"['mui xe', 'hàng trăm nghìn', 'bút màu']","['003473', '002953', '001869']"
Nam Định bể bơi sờ,"['Nam Định', 'bể bơi', 'sờ']","['003478', '001589', '000926']"
ầm ĩ đô thị trung ương,"['ầm ĩ', 'đô thị', 'trung ương']","['001280', '002732', '001566']"
toà án ưu tiên róc rách,"['toà án', 'ưu tiên', 'róc rách']","['001362', '001732', '000559']"
làn sóng Italia (nước Italia) người gửi,"['làn sóng', 'Italia (nước Italia)', 'người gửi']","['003219', '003092', '003584']"
hót tròn trịa (mặt) bùn,"['hót', 'tròn trịa (mặt)', 'bùn']","['003047', '001490', '001818']"
mỳ vằn thắn đua đòi hay là (hoặc là),"['mỳ vằn thắn', 'đua đòi', 'hay là (hoặc là)']","['000183', '000973', '000546']"
đường cao con ghẹ lá cây,"['đường cao', 'con ghẹ', 'lá cây']","['002788', '002347', '003209']"
bệnh nhân san hô bồ kết,"['bệnh nhân', 'san hô', 'bồ kết']","['001621', '000617', '001715']"
bậc thang ăn vú sữa (bằng thìa) may mắn,"['bậc thang', 'ăn vú sữa (bằng thìa)', 'may mắn']","['001549', '000398', '000221']"
rẽ phải lý do đàn bướm,"['rẽ phải', 'lý do', 'đàn bướm']","['000537', '000652', '002618']"
dốc vận chuyển đẩy,"['dốc', 'vận chuyển', 'đẩy']","['002595', '001792', '002657']"
đèo quyến luyến bánh đa,"['đèo', 'quyến luyến', 'bánh đa']","['002679', '000373', '001431']"
trả thù hệ thống tâm thần,"['trả thù', 'hệ thống', 'tâm thần']","['002126', '002982', '000869']"
yếm con gấu chào,"['yếm', 'con gấu', 'chào']","['002090', '002346', '002075']"
vũ trụ bọt biển thoăn thoắt,"['vũ trụ', 'bọt biển', 'thoăn thoắt']","['001889', '001711', '000968']"
tổ tiên nguồn gốc ngồi,"['tổ tiên', 'nguồn gốc', 'ngồi']","['001386', '003573', '003569']"
Mặt trời mọc con sói khoác tay,"['Mặt trời mọc', 'con sói', 'khoác tay']","['003412', '002383', '003145']"
các bạn (2 người) con trăn chim yến,"['các bạn (2 người)', 'con trăn', 'chim yến']","['000283', '002394', '002208']"
khổ thơ vui sướng hoa mai,"['khổ thơ', 'vui sướng', 'hoa mai']","['003156', '001905', '001020']"
đầy gương mặt truyền dịch,"['đầy', 'gương mặt', 'truyền dịch']","['002654', '002938', '001576']"
dốt phấn đấu màu trắng,"['dốt', 'phấn đấu', 'màu trắng']","['002596', '000184', '003353']"
ca xé rách ấn tượng,"['ca', 'xé rách', 'ấn tượng']","['001892', '002012', '001296']"
sổ tay người bán hàng dễ chịu,"['sổ tay', 'người bán hàng', 'dễ chịu']","['000720', '003583', '002570']"
q động cơ lục địa,"['q', 'động cơ', 'lục địa']","['001076', '002768', '003308']"
toa xe gian khổ hàng xóm,"['toa xe', 'gian khổ', 'hàng xóm']","['001354', '002874', '002955']"
bức tranh thành lập chỉnh sửa,"['bức tranh', 'thành lập', 'chỉnh sửa']","['001876', '000965', '002209']"
từ đồng âm Châu Đại Dương dừng lại,"['từ đồng âm', 'Châu Đại Dương', 'dừng lại']","['001648', '002156', '000415']"
bẫy chuột (hành động) ngón tay xương rồng,"['bẫy chuột (hành động)', 'ngón tay', 'xương rồng']","['001561', '003560', '002072']"
lau khô thổi bóng cầu (cây cầu),"['lau khô', 'thổi bóng', 'cầu (cây cầu)']","['003230', '001089', '001995']"
nhóm Lâm Đồng đầy tớ,"['nhóm', 'Lâm Đồng', 'đầy tớ']","['000006', '003235', '002656']"
sân vận động rèn luyện quang hợp,"['sân vận động', 'rèn luyện', 'quang hợp']","['000673', '000541', '000403']"
tung tăng 7 chức vụ,"['tung tăng', '7', 'chức vụ']","['001632', '001140', '002301']"
"màu nâu tay phải sinh tố (bơ, dâu,","['màu nâu', 'tay phải', 'sinh tố (bơ, dâu,']","['003348', '000861', '000840']"
khỏi bệnh khô héo cảnh giác,"['khỏi bệnh', 'khô héo', 'cảnh giác']","['003151', '003155', '000570']"
phim tài liệu lầu (tầng) nguội,"['phim tài liệu', 'lầu (tầng)', 'nguội']","['000220', '003237', '000814']"
xử lý thương mại Y-Éc-Xanh,"['xử lý', 'thương mại', 'Y-Éc-Xanh']","['000256', '000671', '002074']"
ân hận thoát hiểm phụ thuộc,"['ân hận', 'thoát hiểm', 'phụ thuộc']","['001294', '001085', '000768']"
lá cây chủ ngữ khổng lồ,"['lá cây', 'chủ ngữ', 'khổng lồ']","['003208', '002239', '003161']"
đóng dấu giao hoán tím tái,"['đóng dấu', 'giao hoán', 'tím tái']","['002730', '002877', '001306']"
Đắk Lắk đánh trống dự trữ,"['Đắk Lắk', 'đánh trống', 'dự trữ']","['002637', '002629', '003327']"
liên lạc cây tre cảng Sài Gòn,"['liên lạc', 'cây tre', 'cảng Sài Gòn']","['003264', '002049', '000702']"
11 phố rụng tóc (đt),"['11', 'phố', 'rụng tóc (đt)']","['001150', '000264', '000576']"
đằng trước chúng tôi (4 người) (đại từ) con ghẹ,"['đằng trước', 'chúng tôi (4 người) (đại từ)', 'con ghẹ']","['002641', '000277', '002347']"
nóc nhà thu thập dây điện,"['nóc nhà', 'thu thập', 'dây điện']","['000031', '001135', '002561']"
liên quan chục nghìn sáng,"['liên quan', 'chục nghìn', 'sáng']","['003266', '002262', '001243']"
câu cá đường Nguyễn Huệ con hoẵng,"['câu cá', 'đường Nguyễn Huệ', 'con hoẵng']","['001975', '002793', '002349']"
lười học ăn uống la bàn,"['lười học', 'ăn uống', 'la bàn']","['003317', '001272', '003206']"
cửa khẩu người xưa chìa khóa,"['cửa khẩu', 'người xưa', 'chìa khóa']","['002501', '003595', '002186']"
héc-ta (ha) nhà tù bập bênh,"['héc-ta (ha)', 'nhà tù', 'bập bênh']","['002971', '003609', '001551']"
bênh vực con vượn võ thuật,"['bênh vực', 'con vượn', 'võ thuật']","['001617', '000954', '001852']"
dân chủ cày hòn đá,"['dân chủ', 'cày', 'hòn đá']","['000253', '001957', '003030']"
phấn trang điểm trà sữa không nghe lời,"['phấn trang điểm', 'trà sữa', 'không nghe lời']","['000186', '000857', '000074']"
tiếng Anh phân số thập phân tính chất bằng nhau,"['tiếng Anh', 'phân số thập phân', 'tính chất bằng nhau']","['001269', '000168', '001332']"
kinh ngạc Bãi biển Vũng Tàu quả hồng xiêm,"['kinh ngạc', 'Bãi biển Vũng Tàu', 'quả hồng xiêm']","['003199', '001319', '000347']"
quanh năm tai nạn giao thông cờ ca rô,"['quanh năm', 'tai nạn giao thông', 'cờ ca rô']","['000552', '001442', '002465']"
đàn kiến đàn bướm nổi dậy,"['đàn kiến', 'đàn bướm', 'nổi dậy']","['002620', '002618', '000055']"
cây tre hình cầu dấu hỏi,"['cây tre', 'hình cầu', 'dấu hỏi']","['002049', '002997', '001114']"
quần bò cấy lúa kéo co,"['quần bò', 'cấy lúa', 'kéo co']","['000431', '002057', '000648']"
tiểu học nhắc nhở dây thừng,"['tiểu học', 'nhắc nhở', 'dây thừng']","['001295', '003621', '002565']"
vùng vẫy (dành cho người) sóng thần ma cà rồng,"['vùng vẫy (dành cho người)', 'sóng thần', 'ma cà rồng']","['001914', '000715', '003332']"
chữa cháy rế bất khuất,"['chữa cháy', 'rế', 'bất khuất']","['002295', '000545', '000534']"
hội thảo yên lòng con chim,"['hội thảo', 'yên lòng', 'con chim']","['003061', '002096', '002322']"
mạch máu hàng xóm cùi chỏ,"['mạch máu', 'hàng xóm', 'cùi chỏ']","['003335', '002955', '002489']"
chỉ nốt ruồi luyện tập,"['chỉ', 'nốt ruồi', 'luyện tập']","['002168', '000070', '003313']"
ghi chú mạnh mẽ tập thể dục,"['ghi chú', 'mạnh mẽ', 'tập thể dục']","['002848', '003344', '000883']"
vợt cầu lông mắc áo kim cương,"['vợt cầu lông', 'mắc áo', 'kim cương']","['000953', '003369', '000704']"
lây bệnh má câu đối,"['lây bệnh', 'má', 'câu đối']","['003238', '003361', '001981']"
loạn thị phiên dịch vĩ đại,"['loạn thị', 'phiên dịch', 'vĩ đại']","['003283', '000206', '001821']"
lựu đạn hú vía ít hơn,"['lựu đạn', 'hú vía', 'ít hơn']","['003330', '000155', '003090']"
đại úy con dâu dấu ngoặc đơn,"['đại úy', 'con dâu', 'dấu ngoặc đơn']","['002614', '002338', '002556']"
UNICEF quét dọn từ trái nghĩa,"['UNICEF', 'quét dọn', 'từ trái nghĩa']","['001708', '000441', '001656']"
lựu đi tuần áo ấm,"['lựu', 'đi tuần', 'áo ấm']","['003329', '000527', '001252']"
cuốn bớt đi tạo thành,"['cuốn', 'bớt đi', 'tạo thành']","['002494', '001795', '002164']"
tình huống xoá bỏ băng chuyền,"['tình huống', 'xoá bỏ', 'băng chuyền']","['001316', '002036', '001521']"
lặn chèn ép hiểu,"['lặn', 'chèn ép', 'hiểu']","['003232', '002160', '002991']"
quốc khánh đoạn văn bàn bạc,"['quốc khánh', 'đoạn văn', 'bàn bạc']","['000458', '002725', '001333']"
bánh giò nỏ â,"['bánh giò', 'nỏ', 'â']","['001439', '000029', '001029']"
tháng hãng tàu thuyền danh bạ,"['tháng', 'hãng tàu thuyền', 'danh bạ']","['000952', '001453', '002519']"
bột màu chó cắn con ốc,"['bột màu', 'chó cắn', 'con ốc']","['001765', '000516', '002377']"
Do Thái con đẻ tiểu học,"['Do Thái', 'con đẻ', 'tiểu học']","['000018', '002341', '001295']"
tụ tập bớt linh hồn,"['tụ tập', 'bớt', 'linh hồn']","['001622', '001793', '003273']"
cau có võng (cái võng) giầy dép,"['cau có', 'võng (cái võng)', 'giầy dép']","['001955', '001860', '002892']"
quanh năm bên dưới yên ngựa,"['quanh năm', 'bên dưới', 'yên ngựa']","['000552', '001599', '002505']"
quét nhà đảo Trường Sa vui chơi,"['quét nhà', 'đảo Trường Sa', 'vui chơi']","['000443', '000837', '001893']"
nước mắm phòng thư viện dự án,"['nước mắm', 'phòng thư viện', 'dự án']","['000966', '000255', '000580']"
thổi bóng số đo quân đội,"['thổi bóng', 'số đo', 'quân đội']","['001089', '000729', '000427']"
vạch xuất phát phong tục bánh gối,"['vạch xuất phát', 'phong tục', 'bánh gối']","['001742', '000235', '001441']"
tính nhẩm em rể căm thù,"['tính nhẩm', 'em rể', 'căm thù']","['001340', '002804', '000265']"
quả ổi mái hiên quốc khánh,"['quả ổi', 'mái hiên', 'quốc khánh']","['000372', '003337', '000458']"
bế em hai phân số bằng nhau xuất khẩu,"['bế em', 'hai phân số bằng nhau', 'xuất khẩu']","['001593', '000166', '002058']"
trống buồn thảm kèn,"['trống', 'buồn thảm', 'kèn']","['001524', '000135', '003094']"
tai nạn gãi đầu gãi tai biện pháp,"['tai nạn', 'gãi đầu gãi tai', 'biện pháp']","['000821', '002819', '001641']"
yêu mến (yêu quí) kéo co Nam bán cầu,"['yêu mến (yêu quí)', 'kéo co', 'Nam bán cầu']","['002108', '000648', '003477']"
ao chuôm thổi bóng khuyên tai,"['ao chuôm', 'thổi bóng', 'khuyên tai']","['001245', '001089', '003175']"
họ (2 người) (đại từ) chủ nghĩa xã hội đoàn cải lương,"['họ (2 người) (đại từ)', 'chủ nghĩa xã hội', 'đoàn cải lương']","['000285', '002238', '002719']"
con cọp viện bảo tàng z,"['con cọp', 'viện bảo tàng', 'z']","['002331', '001829', '001095']"
tính chất cơ bản của phân số giấc ngủ cổ đại,"['tính chất cơ bản của phân số', 'giấc ngủ', 'cổ đại']","['001334', '002886', '002410']"
mít tinh đua xe máy đàn bướm,"['mít tinh', 'đua xe máy', 'đàn bướm']","['000454', '002780', '002618']"
khổ muốn ngôn ngữ,"['khổ', 'muốn', 'ngôn ngữ']","['003167', '003416', '003571']"
ông nội đường hầm tri kỉ,"['ông nội', 'đường hầm', 'tri kỉ']","['000116', '002791', '001040']"
áo phông cá mập kiến trúc sư,"['áo phông', 'cá mập', 'kiến trúc sư']","['001262', '002200', '003196']"
ông bà Bun-ga-ri (nước Bun-ga-ri) bụi tre,"['ông bà', 'Bun-ga-ri (nước Bun-ga-ri)', 'bụi tre']","['000320', '001816', '003154']"
dây thừng trong suốt truyền thông,"['dây thừng', 'trong suốt', 'truyền thông']","['002565', '001502', '001578']"
găng tay phân số chủ đề,"['găng tay', 'phân số', 'chủ đề']","['002835', '000163', '002236']"
ngắn bánh tráng đồng hồ,"['ngắn', 'bánh tráng', 'đồng hồ']","['003516', '000241', '002746']"
hỏng anh dũng sự thật,"['hỏng', 'anh dũng', 'sự thật']","['003044', '001217', '000769']"
mui xe sáng kiểm tra,"['mui xe', 'sáng', 'kiểm tra']","['003473', '001243', '003189']"
ngọn cây ngày của Mẹ số La Mã (Toán học),"['ngọn cây', 'ngày của Mẹ', 'số La Mã (Toán học)']","['003563', '000107', '000507']"
rau giảm trụi lá,"['rau', 'giảm', 'trụi lá']","['000510', '002858', '001538']"
màu cam tri kỉ chuyên gia,"['màu cam', 'tri kỉ', 'chuyên gia']","['003345', '001040', '002280']"
phun nước tuổi thơ ấu trường hợp,"['phun nước', 'tuổi thơ ấu', 'trường hợp']","['000291', '001109', '001598']"
áo ấm trông nhà chùm nho,"['áo ấm', 'trông nhà', 'chùm nho']","['001252', '000404', '002269']"
đoạn thẳng chia cắt thổi bóng,"['đoạn thẳng', 'chia cắt', 'thổi bóng']","['002723', '002180', '001089']"
uốn cong cao (núi) vòng nguyệt quế,"['uốn cong', 'cao (núi)', 'vòng nguyệt quế']","['001712', '001937', '000493']"
cá voi thuyết phục bồn hoa,"['cá voi', 'thuyết phục', 'bồn hoa']","['000165', '001200', '001749']"
người lạ địa cầu 12,"['người lạ', 'địa cầu', '12']","['003588', '002697', '001154']"
sinh động trú mưa điêu khắc,"['sinh động', 'trú mưa', 'điêu khắc']","['000695', '001530', '002706']"
Socola hạt tiêu đất màu mỡ,"['Socola', 'hạt tiêu', 'đất màu mỡ']","['000858', '002965', '002647']"
họa sỹ hình lập phương đóng cửa,"['họa sỹ', 'hình lập phương', 'đóng cửa']","['003018', '003003', '002729']"
bỏ hoang cha mẹ tha thứ,"['bỏ hoang', 'cha mẹ', 'tha thứ']","['001681', '002061', '000912']"
da trắng sữa bò bơi lội,"['da trắng', 'sữa bò', 'bơi lội']","['000750', '000774', '001783']"
con gái ý thức Nhật (nước Nhật),"['con gái', 'ý thức', 'Nhật (nước Nhật)']","['002345', '002086', '003640']"
môi trường đàng trong ôn tập,"['môi trường', 'đàng trong', 'ôn tập']","['003424', '002623', '000099']"
vận động câu cá cống,"['vận động', 'câu cá', 'cống']","['001794', '001975', '002445']"
kêu huy hiệu sơ mi,"['kêu', 'huy hiệu', 'sơ mi']","['003108', '003078', '000747']"
quả sầu riêng nghỉ hè bố mẹ,"['quả sầu riêng', 'nghỉ hè', 'bố mẹ']","['000380', '003535', '001731']"
Thanh Hóa ngà voi nghị lực,"['Thanh Hóa', 'ngà voi', 'nghị lực']","['000955', '003497', '003543']"
căm thù Vĩnh Phúc hú vía,"['căm thù', 'Vĩnh Phúc', 'hú vía']","['000265', '001837', '000155']"
khuy bạn nhà bác học,"['khuy', 'bạn', 'nhà bác học']","['003174', '001371', '003601']"
vô duyên đá bóng chỉ,"['vô duyên', 'đá bóng', 'chỉ']","['000148', '002604', '002168']"
dây xích Sóc Trăng căm thù,"['dây xích', 'Sóc Trăng', 'căm thù']","['002566', '000710', '000265']"
quyên góp nhõng nhẽo củ từ,"['quyên góp', 'nhõng nhẽo', 'củ từ']","['000726', '000592', '002473']"
kí hiệu làm quen tủi thân,"['kí hiệu', 'làm quen', 'tủi thân']","['003184', '003215', '001628']"
nồi chúng tôi (3 người) (đại từ) hấp,"['nồi', 'chúng tôi (3 người) (đại từ)', 'hấp']","['000049', '000275', '000808']"
phóng viên gặm cỏ lọ mực,"['phóng viên', 'gặm cỏ', 'lọ mực']","['000988', '002832', '003281']"
triều đình ra lệnh cối xay gió,"['triều đình', 'ra lệnh', 'cối xay gió']","['001480', '000501', '002425']"
nghiến răng biểu đồ cột lớp,"['nghiến răng', 'biểu đồ cột', 'lớp']","['003550', '001645', '003299']"
Võ Nguyên Giáp quan sát số liền sau,"['Võ Nguyên Giáp', 'quan sát', 'số liền sau']","['001843', '000574', '000733']"
cây cối tòa soạn nồi cơm điện,"['cây cối', 'tòa soạn', 'nồi cơm điện']","['002025', '001366', '000051']"
người yêu chia ba cực khổ,"['người yêu', 'chia ba', 'cực khổ']","['003597', '000564', '000219']"
khăn mặt ưu tiên chim yến,"['khăn mặt', 'ưu tiên', 'chim yến']","['003122', '001732', '002208']"
khát nước danh từ riêng ngày khai trường,"['khát nước', 'danh từ riêng', 'ngày khai trường']","['003119', '002527', '003499']"
bênh vực nhân dân tưởng,"['bênh vực', 'nhân dân', 'tưởng']","['001617', '003626', '001692']"
đề nghị Nam bán cầu vị trí,"['đề nghị', 'Nam bán cầu', 'vị trí']","['002684', '003477', '001825']"
rõ ràng địa đạo Củ Chi rễ cọc,"['rõ ràng', 'địa đạo Củ Chi', 'rễ cọc']","['000557', '002698', '000543']"
bớt đi thương mại tính chất,"['bớt đi', 'thương mại', 'tính chất']","['001795', '000671', '001330']"
lũy tre Bắc Giang cánh tay,"['lũy tre', 'Bắc Giang', 'cánh tay']","['003312', '001501', '001921']"
"kiêu (kiêu căng, kiêu xa) lấy biểu thức","['kiêu (kiêu căng, kiêu xa)', 'lấy', 'biểu thức']","['003197', '003240', '001651']"
Vĩnh Long ngon giấc nghẹn ngào,"['Vĩnh Long', 'ngon giấc', 'nghẹn ngào']","['001835', '003556', '003526']"
dàn nhạc bánh đúc quay phim,"['dàn nhạc', 'bánh đúc', 'quay phim']","['002518', '001433', '000416']"
tưởng phim hoạt hình nước tới chân mới nhảy,"['tưởng', 'phim hoạt hình', 'nước tới chân mới nhảy']","['001692', '000214', '002241']"
đua đòi giàn khoan lười học,"['đua đòi', 'giàn khoan', 'lười học']","['000973', '002875', '003318']"
sản xuất tay trái xe lam,"['sản xuất', 'tay trái', 'xe lam']","['000621', '000863', '002006']"
Đông Nam công ước yên ngựa,"['Đông Nam', 'công ước', 'yên ngựa']","['002743', '002438', '002505']"
sơn động cơ liên hoan,"['sơn', 'động cơ', 'liên hoan']","['000757', '002768', '003261']"
bím tóc đuôi sam phát biểu đoàn tụ,"['bím tóc đuôi sam', 'phát biểu', 'đoàn tụ']","['001653', '000159', '002721']"
con khỉ câu ghép trưởng thành,"['con khỉ', 'câu ghép', 'trưởng thành']","['002351', '001985', '001198']"
bố trí trọng tài hòa bình,"['bố trí', 'trọng tài', 'hòa bình']","['001723', '001504', '003016']"
chất lỏng sườn thực tế,"['chất lỏng', 'sườn', 'thực tế']","['002150', '000810', '001224']"
gương mẫu bò mách,"['gương mẫu', 'bò', 'mách']","['002939', '001675', '000137']"
mẫu số lớn cuộc đời quần đùi,"['mẫu số lớn', 'cuộc đời', 'quần đùi']","['003395', '002492', '000436']"
lắp ráp tưới cây nội tiếp,"['lắp ráp', 'tưới cây', 'nội tiếp']","['003234', '001684', '000064']"
lồng tiếng thuyết trình đau bụng,"['lồng tiếng', 'thuyết trình', 'đau bụng']","['003294', '001202', '000777']"
môn Tiếng Việt cày ruộng khối lượng,"['môn Tiếng Việt', 'cày ruộng', 'khối lượng']","['003440', '001959', '003158']"
góc bếp luật lệ dân tộc Mường,"['góc bếp', 'luật lệ', 'dân tộc Mường']","['002919', '003304', '000680']"
lều trại đánh anh em,"['lều trại', 'đánh', 'anh em']","['003255', '002625', '001223']"
anh chị xâm hại tình dục khóa cửa,"['anh chị', 'xâm hại tình dục', 'khóa cửa']","['001213', '003552', '003143']"
cổ truyền khóm dứa phố cổ,"['cổ truyền', 'khóm dứa', 'phố cổ']","['002414', '003153', '000266']"
xây tĩnh lặng chuyển động đều,"['xây', 'tĩnh lặng', 'chuyển động đều']","['001984', '001326', '002286']"
dấu ngã gặm xương (con chó gặm xương) con muỗi,"['dấu ngã', 'gặm xương (con chó gặm xương)', 'con muỗi']","['001120', '002833', '002361']"
tán thành con sư tử nhào lộn,"['tán thành', 'con sư tử', 'nhào lộn']","['000845', '002386', '003614']"
lò xo tạm biệt vái lạy,"['lò xo', 'tạm biệt', 'vái lạy']","['003279', '000841', '001748']"
súc miệng ưu tiên bảng nhân,"['súc miệng', 'ưu tiên', 'bảng nhân']","['000759', '001730', '001415']"
từ phải sang trái nước mắt mặt nạ,"['từ phải sang trái', 'nước mắt', 'mặt nạ']","['001652', '000079', '003381']"
nhưng trộn (đt) củ cải trắng,"['nhưng', 'trộn (đt)', 'củ cải trắng']","['000536', '001526', '002480']"
Cô-lôm-bi-a (nước Cô-lôm-bi-a) ngân hàng thiệp sinh nhật,"['Cô-lôm-bi-a (nước Cô-lôm-bi-a)', 'ngân hàng', 'thiệp sinh nhật']","['002420', '003521', '000240']"
yếu móng chân hoa dâm bụt,"['yếu', 'móng chân', 'hoa dâm bụt']","['002114', '003418', '001010']"
phật (tượng) Ả Rập (nước Ả Rập) 10 000 (mười nghìn),"['phật (tượng)', 'Ả Rập (nước Ả Rập)', '10 000 (mười nghìn)']","['000190', '000021', '001179']"
tái phạm vồ phù hợp,"['tái phạm', 'vồ', 'phù hợp']","['000835', '001877', '000280']"
người xấu đầu tư hoa giấy,"['người xấu', 'đầu tư', 'hoa giấy']","['003592', '000583', '001008']"
hướng dẫn Phú Thọ khói,"['hướng dẫn', 'Phú Thọ', 'khói']","['003084', '000284', '003152']"
trộn (đt) cong bông hoa,"['trộn (đt)', 'cong', 'bông hoa']","['001526', '002398', '001755']"
truyền dịch cố ý (như cố tình) dự trữ,"['truyền dịch', 'cố ý (như cố tình)', 'dự trữ']","['001576', '002422', '003327']"
dân số thú y hòn đá,"['dân số', 'thú y', 'hòn đá']","['002537', '001151', '003030']"
áo cánh quyết tâm ngăn cản,"['áo cánh', 'quyết tâm', 'ngăn cản']","['001254', '000499', '003514']"
thực hiện phản động xinh xắn,"['thực hiện', 'phản động', 'xinh xắn']","['001218', '000149', '002032']"
đẹp mê hồn xoá bỏ xuất hiện,"['đẹp mê hồn', 'xoá bỏ', 'xuất hiện']","['002681', '002036', '002054']"
tha thứ chuyển động đều con cọp,"['tha thứ', 'chuyển động đều', 'con cọp']","['000912', '002286', '002331']"
bảng chia thêu trọc đầu,"['bảng chia', 'thêu', 'trọc đầu']","['001391', '001042', '001486']"
dấu chấm than ý nghĩa mui xe,"['dấu chấm than', 'ý nghĩa', 'mui xe']","['002552', '002080', '003473']"
cực khổ bộ sách rón rén,"['cực khổ', 'bộ sách', 'rón rén']","['000219', '001739', '000561']"
đồ ăn tôn trọng bộ đội,"['đồ ăn', 'tôn trọng', 'bộ đội']","['000945', '001390', '001733']"
tháng con đẻ gắp thức ăn,"['tháng', 'con đẻ', 'gắp thức ăn']","['000948', '002341', '002836']"
phòng mĩ thuật nhảy bao bố con lươn,"['phòng mĩ thuật', 'nhảy bao bố', 'con lươn']","['000252', '000644', '002358']"
chạy thẻ sổ điểm danh,"['chạy', 'thẻ', 'sổ điểm danh']","['002109', '001033', '000719']"
ngón chân phân số bụng,"['ngón chân', 'phân số', 'bụng']","['003559', '000163', '001820']"
thợ kim hoàn đề tài cướp biển,"['thợ kim hoàn', 'đề tài', 'cướp biển']","['001119', '002685', '002509']"
rạp chiếu phim xe lu óc,"['rạp chiếu phim', 'xe lu', 'óc']","['000509', '002008', '000089']"
hữu nghị bồn rửa bát hình cầu,"['hữu nghị', 'bồn rửa bát', 'hình cầu']","['000494', '001751', '002997']"
quần bò vắt chanh hỏi han,"['quần bò', 'vắt chanh', 'hỏi han']","['000431', '000842', '003029']"
làm được sáo tôi yêu bạn,"['làm được', 'sáo', 'tôi yêu bạn']","['000932', '000636', '002098']"
độc lập ngà voi báo thù,"['độc lập', 'ngà voi', 'báo thù']","['002750', '003497', '001485']"
phân số thập phân hạt lạc ra lệnh,"['phân số thập phân', 'hạt lạc', 'ra lệnh']","['000168', '002963', '000501']"
thím sấm sét địa điểm,"['thím', 'sấm sét', 'địa điểm']","['001083', '000655', '002699']"
xui xẻo nhìn dấu phẩy,"['xui xẻo', 'nhìn', 'dấu phẩy']","['000597', '000000', '002558']"
sản xuất nhào lộn quả ổi,"['sản xuất', 'nhào lộn', 'quả ổi']","['000621', '003614', '000372']"
giá trị tuyệt đối pháo đài bắn cung tên,"['giá trị tuyệt đối', 'pháo đài', 'bắn cung tên']","['002868', '002605', '000496']"
tính từ trái nghĩa Nhật (nước Nhật),"['tính từ', 'trái nghĩa', 'Nhật (nước Nhật)']","['001344', '001428', '003639']"
biểu đồ cột mật khẩu chuyển động quay,"['biểu đồ cột', 'mật khẩu', 'chuyển động quay']","['001645', '003389', '002287']"
cha mẹ đề nghị bột ngọt,"['cha mẹ', 'đề nghị', 'bột ngọt']","['002061', '002684', '001773']"
siêu âm ngón tay băng dính,"['siêu âm', 'ngón tay', 'băng dính']","['000683', '003560', '001523']"
nhận hàng i tuỷ sống,"['nhận hàng', 'i', 'tuỷ sống']","['003631', '001056', '001638']"
vũ trụ lông gà cô đơn,"['vũ trụ', 'lông gà', 'cô đơn']","['001889', '003291', '002403']"
vắt cam tay thực sự,"['vắt cam', 'tay', 'thực sự']","['001784', '000859', '001222']"
gà tây phụ thuộc con sâu,"['gà tây', 'phụ thuộc', 'con sâu']","['002816', '000768', '002380']"
bàn phím (máy vi tính) đàng trong cây ăn quả,"['bàn phím (máy vi tính)', 'đàng trong', 'cây ăn quả']","['001343', '002623', '002009']"
truyền thông khe cửa Bình Thuận,"['truyền thông', 'khe cửa', 'Bình Thuận']","['001578', '003129', '001665']"
thả diều cối xay lúa thiếu nhi,"['thả diều', 'cối xay lúa', 'thiếu nhi']","['000917', '002426', '001079']"
nhưng tránh thai tích cực,"['nhưng', 'tránh thai', 'tích cực']","['000540', '001444', '001249']"
mái tóc kể chuyện thổi bóng,"['mái tóc', 'kể chuyện', 'thổi bóng']","['003339', '003102', '001089']"
khen tặng cạnh đáy mi-li-mét (mm),"['khen tặng', 'cạnh đáy', 'mi-li-mét (mm)']","['003132', '001927', '003404']"
chùm nho ăn bám người nước ngoài,"['chùm nho', 'ăn bám', 'người nước ngoài']","['002269', '000735', '000030']"
lá cây giấc ngủ trọng tài,"['lá cây', 'giấc ngủ', 'trọng tài']","['003208', '002886', '001504']"
bắt chim chóc tai,"['bắt', 'chim chóc', 'tai']","['001535', '002204', '000818']"
chim gõ kiến mô tả ăn vú sữa,"['chim gõ kiến', 'mô tả', 'ăn vú sữa']","['002206', '000904', '000400']"
hoa khen tặng Trung Quốc (nước Trung Quốc),"['hoa', 'khen tặng', 'Trung Quốc (nước Trung Quốc)']","['003010', '003132', '001552']"
đồng tiền thăm hỏi cuối tháng,"['đồng tiền', 'thăm hỏi', 'cuối tháng']","['002765', '000983', '000894']"
vắng lặng hình vuông tham khảo,"['vắng lặng', 'hình vuông', 'tham khảo']","['001782', '001916', '000936']"
người xấu đàn kiến Ả Rập (nước Ả Rập),"['người xấu', 'đàn kiến', 'Ả Rập (nước Ả Rập)']","['003591', '002620', '000021']"
dãy số nổ súng tôn thờ,"['dãy số', 'nổ súng', 'tôn thờ']","['002532', '000047', '001384']"
cuộc đời bất động mũ,"['cuộc đời', 'bất động', 'mũ']","['002492', '001553', '003471']"
hình vuông nhảy bao bố hình hộp chữ nhật,"['hình vuông', 'nhảy bao bố', 'hình hộp chữ nhật']","['001916', '000644', '003002']"
đường hàng không uốn dẻo sữa hộp,"['đường hàng không', 'uốn dẻo', 'sữa hộp']","['002790', '001714', '000791']"
hót rác (cái hót rác) hạt cườm bàn bạc,"['hót rác (cái hót rác)', 'hạt cườm', 'bàn bạc']","['003048', '002962', '001333']"
trong khoảng định vị chùm nho,"['trong khoảng', 'định vị', 'chùm nho']","['000641', '002717', '002269']"
tóm tắt vô duyên công việc,"['tóm tắt', 'vô duyên', 'công việc']","['001378', '000146', '002442']"
hình lập phương vào chữa bài,"['hình lập phương', 'vào', 'chữa bài']","['003003', '001758', '002293']"
tung tăng khoác tay tác động,"['tung tăng', 'khoác tay', 'tác động']","['001632', '003145', '002769']"
củ gừng siêu thị chạy (động vật),"['củ gừng', 'siêu thị', 'chạy (động vật)']","['002481', '000685', '000405']"
quả dưa hấu đoán Văn miếu Quốc Tử Giám,"['quả dưa hấu', 'đoán', 'Văn miếu Quốc Tử Giám']","['000321', '002722', '001766']"
lĩnh hội hỏi đại tướng,"['lĩnh hội', 'hỏi', 'đại tướng']","['003274', '003040', '002613']"
tránh thai úp Tuy Hoà,"['tránh thai', 'úp', 'Tuy Hoà']","['001444', '001718', '000035']"
vai trò bến xe thăm hỏi,"['vai trò', 'bến xe', 'thăm hỏi']","['001746', '001615', '000983']"
kết hợp sừng râu,"['kết hợp', 'sừng', 'râu']","['003104', '000803', '000535']"
hoang mang anh chị em chính xác,"['hoang mang', 'anh chị em', 'chính xác']","['003115', '001215', '002216']"
xử lý chó cắn trí thức,"['xử lý', 'chó cắn', 'trí thức']","['000256', '000516', '001476']"
quàng khăn toa xe hoa mai,"['quàng khăn', 'toa xe', 'hoa mai']","['000406', '001356', '001020']"
hòn bi (giống viên bi) Sapa dãy nhà,"['hòn bi (giống viên bi)', 'Sapa', 'dãy nhà']","['003042', '000639', '002530']"
tham ăn taxi bóng bay,"['tham ăn', 'taxi', 'bóng bay']","['000061', '000856', '001707']"
văn nghệ chát dãy núi Hoàng Liên Sơn,"['văn nghệ', 'chát', 'dãy núi Hoàng Liên Sơn']","['001768', '002081', '000550']"
Bắc Kạn hàng trăm nghìn chim chóc,"['Bắc Kạn', 'hàng trăm nghìn', 'chim chóc']","['001503', '002953', '002204']"
nhanh nhẹn gửi thư tấm lòng,"['nhanh nhẹn', 'gửi thư', 'tấm lòng']","['003613', '002936', '002700']"
móng chân viện bảo tàng lỗi lầm,"['móng chân', 'viện bảo tàng', 'lỗi lầm']","['003418', '001829', '003288']"
con dê hú vía con đẻ,"['con dê', 'hú vía', 'con đẻ']","['002339', '000155', '002341']"
mệt mỏi sợi len khung cửa số,"['mệt mỏi', 'sợi len', 'khung cửa số']","['000800', '000755', '003171']"
chùm nho sâu cắm trại,"['chùm nho', 'sâu', 'cắm trại']","['002269', '000675', '000209']"
gãi đầu gãi tai pha chế tóc dài,"['gãi đầu gãi tai', 'pha chế', 'tóc dài']","['002819', '000132', '000908']"
về 4 (từ nơi khác về) quan sát lặn,"['về 4 (từ nơi khác về)', 'quan sát', 'lặn']","['000364', '000574', '003232']"
quả bầu trong sáng củ cải trắng,"['quả bầu', 'trong sáng', 'củ cải trắng']","['000306', '001492', '002480']"
phòng đa năng dốc đàng ngoài,"['phòng đa năng', 'dốc', 'đàng ngoài']","['000245', '002595', '002622']"
rễ cọc gỗ khăn quàng,"['rễ cọc', 'gỗ', 'khăn quàng']","['000543', '002931', '003123']"
quân đội xoá bỏ bãi cỏ,"['quân đội', 'xoá bỏ', 'bãi cỏ']","['000427', '002036', '001323']"
trình bày tiệc hiểu,"['trình bày', 'tiệc', 'hiểu']","['001482', '001257', '002991']"
cày thực hiện giơ tay,"['cày', 'thực hiện', 'giơ tay']","['001957', '001218', '002911']"
ă cõng khoan,"['ă', 'cõng', 'khoan']","['001027', '002401', '003146']"
đảo Trường Sa hãng xe máy cây ăn quả,"['đảo Trường Sa', 'hãng xe máy', 'cây ăn quả']","['000837', '001417', '002011']"
số lẻ nhổ tóc riêng tư,"['số lẻ', 'nhổ tóc', 'riêng tư']","['000730', '000612', '000548']"
vô ý thức bát hương ý chí,"['vô ý thức', 'bát hương', 'ý chí']","['001875', '001489', '002078']"
con chim diêm cổ họng,"['con chim', 'diêm', 'cổ họng']","['002322', '002580', '002411']"
đóng cửa người lái xe (ô tô) cỗ,"['đóng cửa', 'người lái xe (ô tô)', 'cỗ']","['002729', '003585', '002418']"
con bướm phấn trang điểm trông chờ,"['con bướm', 'phấn trang điểm', 'trông chờ']","['002318', '000186', '001516']"
I-rắc (nước I-rắc) j sân vận động,"['I-rắc (nước I-rắc)', 'j', 'sân vận động']","['003086', '001098', '000673']"
va li thường xuyên công việc,"['va li', 'thường xuyên', 'công việc']","['001736', '000348', '002442']"
ki-lô-mét vuông (km2) dấu sắc lúng túng,"['ki-lô-mét vuông (km2)', 'dấu sắc', 'lúng túng']","['003180', '001110', '003311']"
cắt lông mũi tôi yêu bạn có ích,"['cắt lông mũi', 'tôi yêu bạn', 'có ích']","['000618', '002098', '002308']"
đáng quý tự giác biểu thị,"['đáng quý', 'tự giác', 'biểu thị']","['002624', '000098', '001649']"
rau mùng tơi Bun-ga-ri (nước Bun-ga-ri) bẻ ngô,"['rau mùng tơi', 'Bun-ga-ri (nước Bun-ga-ri)', 'bẻ ngô']","['000521', '001816', '001571']"
quan hệ nhọn dê con,"['quan hệ', 'nhọn', 'dê con']","['000397', '000008', '002568']"
mũ đối xử điện thoại,"['mũ', 'đối xử', 'điện thoại']","['003471', '002752', '002705']"
tăm sản xuất hữu nghị,"['tăm', 'sản xuất', 'hữu nghị']","['000867', '000621', '000494']"
môn Khoa học triệu phú mở,"['môn Khoa học', 'triệu phú', 'mở']","['003432', '001305', '003449']"
bút chuyện trò mồ hôi,"['bút', 'chuyện trò', 'mồ hôi']","['001865', '002291', '003421']"
danh từ riêng nhảy lò cò môn Giáo dục thể chất,"['danh từ riêng', 'nhảy lò cò', 'môn Giáo dục thể chất']","['002527', '000646', '003431']"
chanh muối ngon giấc lau khô,"['chanh muối', 'ngon giấc', 'lau khô']","['000850', '003556', '003230']"
bé hơn chữa bài bím tóc đuôi sam,"['bé hơn', 'chữa bài', 'bím tóc đuôi sam']","['001575', '002293', '001653']"
không hiểu hình bình hành gửi,"['không hiểu', 'hình bình hành', 'gửi']","['003164', '002996', '002934']"
lọng phẫu thuật bụng lồng bàn,"['lọng', 'phẫu thuật bụng', 'lồng bàn']","['003286', '000794', '003292']"
cá mập chỉ khâu đề nghị,"['cá mập', 'chỉ khâu', 'đề nghị']","['002200', '002171', '002683']"
100 lúa dê mẹ,"['100', 'lúa', 'dê mẹ']","['001167', '003300', '002569']"
chiều cao bốc hơi con ba ba,"['chiều cao', 'bốc hơi', 'con ba ba']","['002192', '001741', '002311']"
Liên Bang Nga (nước Nga) bên phải gợi ý,"['Liên Bang Nga (nước Nga)', 'bên phải', 'gợi ý']","['003258', '001601', '002933']"
vạm vỡ phố bên trên,"['vạm vỡ', 'phố', 'bên trên']","['001752', '000264', '001605']"
duyệt binh đường chéo quần yếm,"['duyệt binh', 'đường chéo', 'quần yếm']","['002599', '002789', '000438']"
chó cắn tương ớt trục xuất,"['chó cắn', 'tương ớt', 'trục xuất']","['000516', '000248', '001536']"
người lạ chỉ dẫn phong trào,"['người lạ', 'chỉ dẫn', 'phong trào']","['003588', '002169', '000233']"
mỳ vằn thắn gói kiến thức,"['mỳ vằn thắn', 'gói', 'kiến thức']","['000183', '002926', '003194']"
kinh ngạc chia đều thu thập,"['kinh ngạc', 'chia đều', 'thu thập']","['003199', '002181', '001135']"
tính chất giao hoán áo đồng phục sơn,"['tính chất giao hoán', 'áo đồng phục', 'sơn']","['001336', '001256', '000757']"
23 báo động cau có,"['23', 'báo động', 'cau có']","['001158', '001483', '001955']"
máy chiếu gửi quà sợi,"['máy chiếu', 'gửi quà', 'sợi']","['003364', '002935', '000749']"
bật lửa hải sản chè đỗ đỏ,"['bật lửa', 'hải sản', 'chè đỗ đỏ']","['001559', '000824', '002157']"
ti hí mắt trở thành củ đậu,"['ti hí mắt', 'trở thành', 'củ đậu']","['000150', '001528', '002471']"
danh mục phong cách gói,"['danh mục', 'phong cách', 'gói']","['002523', '000230', '002926']"
gương đường ray xe lửa từ đồng âm,"['gương', 'đường ray xe lửa', 'từ đồng âm']","['002937', '000959', '001648']"
trụi lá xảy ra bánh giò,"['trụi lá', 'xảy ra', 'bánh giò']","['001540', '000579', '001439']"
công viên bổ trợ tấm lòng,"['công viên', 'bổ trợ', 'tấm lòng']","['002439', '001721', '002700']"
số lẻ con chim Võ Thị Sáu,"['số lẻ', 'con chim', 'Võ Thị Sáu']","['000730', '002322', '000453']"
gánh chức vụ tiếp tân,"['gánh', 'chức vụ', 'tiếp tân']","['002824', '002301', '000009']"
yên lòng hạt lúa ung thư,"['yên lòng', 'hạt lúa', 'ung thư']","['002096', '002964', '000481']"
xếp hàng ưu tiên tóm tắt lục giác,"['xếp hàng ưu tiên', 'tóm tắt', 'lục giác']","['002028', '001378', '003309']"
tuân thủ không gian phố cổ,"['tuân thủ', 'không gian', 'phố cổ']","['001626', '003159', '000266']"
tiếng nói lãnh đạo ngày xưa,"['tiếng nói', 'lãnh đạo', 'ngày xưa']","['001273', '003222', '003513']"
phong cách anh em nhà trường,"['phong cách', 'anh em', 'nhà trường']","['000230', '001225', '003608']"
truyền dịch đoạn văn nhảy lò cò,"['truyền dịch', 'đoạn văn', 'nhảy lò cò']","['001576', '002725', '000646']"
giáo dục học trò ô ăn quan,"['giáo dục', 'học trò', 'ô ăn quan']","['002883', '003037', '000091']"
mở rộng mua bán năn nỉ,"['mở rộng', 'mua bán', 'năn nỉ']","['003453', '003460', '000584']"
sợi dây tặc lưỡi mía,"['sợi dây', 'tặc lưỡi', 'mía']","['000753', '000865', '000844']"
lung tung họp thung lũng,"['lung tung', 'họp', 'thung lũng']","['000048', '003046', '001000']"
duyên dáng rừng rậm kỹ năng,"['duyên dáng', 'rừng rậm', 'kỹ năng']","['002598', '000599', '000213']"
con cừu bắt phức tạp,"['con cừu', 'bắt', 'phức tạp']","['002337', '001535', '000294']"
kể chuyện lục giác ao chuôm,"['kể chuyện', 'lục giác', 'ao chuôm']","['003102', '003309', '001245']"
không nghe lời nhãn vở con sông,"['không nghe lời', 'nhãn vở', 'con sông']","['000076', '003611', '002384']"
công bằng đại tướng hình cầu,"['công bằng', 'đại tướng', 'hình cầu']","['002429', '002613', '002997']"
bắc bán cầu kèn Lạng Sơn,"['bắc bán cầu', 'kèn', 'Lạng Sơn']","['001497', '003094', '003221']"
chăm học thuận lợi béo,"['chăm học', 'thuận lợi', 'béo']","['002113', '001156', '001585']"
cuối tháng răng khểnh dây điện,"['cuối tháng', 'răng khểnh', 'dây điện']","['000894', '000624', '002563']"
góc học tập tôn thờ vỡ,"['góc học tập', 'tôn thờ', 'vỡ']","['002920', '001384', '001887']"
khuôn hình ít nhất quốc gia,"['khuôn hình', 'ít nhất', 'quốc gia']","['003173', '003091', '000455']"
gương cô đơn nghỉ ngơi,"['gương', 'cô đơn', 'nghỉ ngơi']","['002937', '002403', '003539']"
đằng sau quả táo báo (con báo),"['đằng sau', 'quả táo', 'báo (con báo)']","['002640', '000384', '001479']"
tạo thành quả na mái hiên,"['tạo thành', 'quả na', 'mái hiên']","['002164', '000361', '003337']"
giỗ quần bò nhãn vở,"['giỗ', 'quần bò', 'nhãn vở']","['000104', '000432', '003612']"
kỉ niệm đếm áo đồng phục,"['kỉ niệm', 'đếm', 'áo đồng phục']","['003181', '002689', '001256']"
súp lơ xâm hại tình dục cây ngô,"['súp lơ', 'xâm hại tình dục', 'cây ngô']","['000176', '003552', '002033']"
ẩm mốc gan dạ thờ cúng,"['ẩm mốc', 'gan dạ', 'thờ cúng']","['001282', '002821', '001111']"
bùng binh danh dự dê con,"['bùng binh', 'danh dự', 'dê con']","['001230', '002520', '002568']"
quả bưởi thực phẩm tuốt lúa,"['quả bưởi', 'thực phẩm', 'tuốt lúa']","['000311', '001220', '001636']"
bánh giầy chặn súc miệng,"['bánh giầy', 'chặn', 'súc miệng']","['001437', '002134', '000759']"
phô tô quốc khánh tính toán,"['phô tô', 'quốc khánh', 'tính toán']","['000259', '000458', '001342']"
nghĩa bóng băng bó sa mạc,"['nghĩa bóng', 'băng bó', 'sa mạc']","['003544', '001519', '000433']"
nghẹn ngào con trăn dân tộc Chăm,"['nghẹn ngào', 'con trăn', 'dân tộc Chăm']","['003526', '002394', '000678']"
ngày khai trường biểu thị ngày của Mẹ,"['ngày khai trường', 'biểu thị', 'ngày của Mẹ']","['003499', '001649', '000107']"
ngã ba nước Việt nam răng khểnh,"['ngã ba', 'nước Việt nam', 'răng khểnh']","['003498', '000085', '000624']"
khô héo thanh niên tuần trước,"['khô héo', 'thanh niên', 'tuần trước']","['003155', '000956', '000888']"
lung tung bọt xà phòng kéo co,"['lung tung', 'bọt xà phòng', 'kéo co']","['000048', '001713', '000648']"
Đặng Văn Ngữ trống (không có gì) tách lớp,"['Đặng Văn Ngữ', 'trống (không có gì)', 'tách lớp']","['002642', '002755', '000817']"
phẫu thuật mũi con cú mèo công bằng,"['phẫu thuật mũi', 'con cú mèo', 'công bằng']","['000790', '002336', '002429']"
dừng lại giếng nước sức khỏe,"['dừng lại', 'giếng nước', 'sức khỏe']","['000415', '002906', '000801']"
hồ dán xe đạp c,"['hồ dán', 'xe đạp', 'c']","['003050', '001988', '001032']"
kinh nghiệm vợt cầu lông dập,"['kinh nghiệm', 'vợt cầu lông', 'dập']","['003200', '000953', '002546']"
sách giáo khoa nhộn nhịp (đông người) tam giác,"['sách giáo khoa', 'nhộn nhịp (đông người)', 'tam giác']","['000613', '000660', '000839']"
môn Toán chợ nổi nhát gan,"['môn Toán', 'chợ nổi', 'nhát gan']","['003442', '002227', '003615']"
không khí bình an con tôm,"['không khí', 'bình an', 'con tôm']","['003166', '001655', '002390']"
sắt bộ đội bít tất,"['sắt', 'bộ đội', 'bít tất']","['000651', '001737', '001673']"
phong kiến tuần này nhanh nhẹn,"['phong kiến', 'tuần này', 'nhanh nhẹn']","['000231', '000874', '003613']"
sữa bột bọt xà phòng cơm rang,"['sữa bột', 'bọt xà phòng', 'cơm rang']","['000778', '001713', '000207']"
quà quạt trần vái lạy,"['quà', 'quạt trần', 'vái lạy']","['000417', '001458', '001748']"
đầy lúng túng búp bê,"['đầy', 'lúng túng', 'búp bê']","['002654', '003311', '001863']"
tay phải xâm hại tình dục bún chả,"['tay phải', 'xâm hại tình dục', 'bún chả']","['000861', '003552', '000193']"
ngược lại đun nấu Trung Thu,"['ngược lại', 'đun nấu', 'Trung Thu']","['003582', '002782', '001564']"
mặt đất củ khoai lang vui mừng,"['mặt đất', 'củ khoai lang', 'vui mừng']","['003379', '002472', '001901']"
lưới xăng-ti-mét-khối (cm3) gà mái,"['lưới', 'xăng-ti-mét-khối (cm3)', 'gà mái']","['003322', '001974', '002814']"
quốc khánh gốm sứ danh bạ,"['quốc khánh', 'gốm sứ', 'danh bạ']","['000458', '002932', '002519']"
buộc dây tên riêng thư giãn,"['buộc dây', 'tên riêng', 'thư giãn']","['001822', '000895', '001204']"
rằm trung thu thực hiện con cá sấu,"['rằm trung thu', 'thực hiện', 'con cá sấu']","['000525', '001218', '000127']"
vết thương nhảy dù héo,"['vết thương', 'nhảy dù', 'héo']","['001815', '003617', '002978']"
viện nghiên cứu p Hạ Long,"['viện nghiên cứu', 'p', 'Hạ Long']","['001831', '001072', '002942']"
độc lập ôn tập chia hết,"['độc lập', 'ôn tập', 'chia hết']","['002750', '000099', '002182']"
con gái nhà tù hoảng sợ,"['con gái', 'nhà tù', 'hoảng sợ']","['002345', '003609', '003024']"
bí ngô trang điểm tự lập,"['bí ngô', 'trang điểm', 'tự lập']","['001625', '000947', '001662']"
quả sầu riêng chùm khế kinh ngạc,"['quả sầu riêng', 'chùm khế', 'kinh ngạc']","['000380', '002268', '003199']"
rơm rớm hình chiếu tay chân sạch sẽ,"['rơm rớm', 'hình chiếu', 'tay chân sạch sẽ']","['002766', '002998', '000922']"
theo dõi bế em cửa sổ,"['theo dõi', 'bế em', 'cửa sổ']","['001028', '001593', '002503']"
lọ mực chuông nhà cây tre,"['lọ mực', 'chuông nhà', 'cây tre']","['003281', '002274', '002049']"
giường con sông phở cuốn,"['giường', 'con sông', 'phở cuốn']","['002917', '002384', '000272']"
lông gà thông minh sắt,"['lông gà', 'thông minh', 'sắt']","['003291', '001100', '000647']"
nhảy dù quyền lợi Nam Định,"['nhảy dù', 'quyền lợi', 'Nam Định']","['003617', '000476', '003478']"
di truyền dấu chấm than khoảng cách,"['di truyền', 'dấu chấm than', 'khoảng cách']","['002574', '002552', '003141']"
gặp gỡ buôn làng cây phượng,"['gặp gỡ', 'buôn làng', 'cây phượng']","['002837', '001851', '002039']"
em dâu u củ gừng,"['em dâu', 'u', 'củ gừng']","['002801', '001088', '002481']"
màu nhiệm cát tính,"['màu nhiệm', 'cát', 'tính']","['003351', '001953', '002776']"
lỗi lầm nhanh nhẹn bên trên,"['lỗi lầm', 'nhanh nhẹn', 'bên trên']","['003288', '003613', '001605']"
quân đội phòng học tin học một cặp,"['quân đội', 'phòng học tin học', 'một cặp']","['000427', '000247', '003444']"
tuần này Kiên Giang chất độc màu da cam,"['tuần này', 'Kiên Giang', 'chất độc màu da cam']","['000878', '003192', '002148']"
to lớn ă â,"['to lớn', 'ă', 'â']","['001346', '001025', '001029']"
rau cải thảo trà nóng uốn dẻo,"['rau cải thảo', 'trà nóng', 'uốn dẻo']","['000517', '000854', '001714']"
y tế tóc dựng đứng có ích,"['y tế', 'tóc dựng đứng', 'có ích']","['002076', '002050', '002308']"
đầu tư gan dạ ý thức,"['đầu tư', 'gan dạ', 'ý thức']","['000583', '002821', '002086']"
khách mời tấm lòng nổ lốp xe,"['khách mời', 'tấm lòng', 'nổ lốp xe']","['003112', '002700', '000043']"
màu xanh da trời vững chắc chúc thọ,"['màu xanh da trời', 'vững chắc', 'chúc thọ']","['003356', '001922', '002260']"
chị họ dệt ngày nay,"['chị họ', 'dệt', 'ngày nay']","['000327', '002572', '003507']"
thường xuyên đuôi chuột dấu hỏi,"['thường xuyên', 'đuôi chuột', 'dấu hỏi']","['000348', '000172', '001116']"
vắt cam con gián cày,"['vắt cam', 'con gián', 'cày']","['001784', '002348', '001957']"
cháu nội Ả Rập (nước Ả Rập) phấn đấu,"['cháu nội', 'Ả Rập (nước Ả Rập)', 'phấn đấu']","['002095', '000021', '000184']"
thơm trà nóng học trò,"['thơm', 'trà nóng', 'học trò']","['001125', '000854', '003037']"
đại sứ trong suốt khác,"['đại sứ', 'trong suốt', 'khác']","['000569', '001502', '003110']"
xứ Nghệ anh chị em Lạc Long Quân,"['xứ Nghệ', 'anh chị em', 'Lạc Long Quân']","['002064', '001215', '003211']"
gọt bút chì (cái) bệnh nhân vĩ đại,"['gọt bút chì (cái)', 'bệnh nhân', 'vĩ đại']","['002927', '001621', '001821']"
ngọn cây thăng bằng từ bỏ,"['ngọn cây', 'thăng bằng', 'từ bỏ']","['003561', '000987', '001646']"
đoàn thanh niên dập hãng xe máy,"['đoàn thanh niên', 'dập', 'hãng xe máy']","['002720', '002546', '001417']"
con nuôi mệt mỏi vận chuyển,"['con nuôi', 'mệt mỏi', 'vận chuyển']","['002372', '000800', '001792']"
tròn cửa kính trung bình,"['tròn', 'cửa kính', 'trung bình']","['001493', '002502', '001546']"
hỏng hoa lay ơn hàng dọc,"['hỏng', 'hoa lay ơn', 'hàng dọc']","['003044', '003012', '002948']"
biển hiệu vui chơi chuyển đồ,"['biển hiệu', 'vui chơi', 'chuyển đồ']","['001637', '001897', '002283']"
sâu bọ hỏi phấn trang điểm,"['sâu bọ', 'hỏi', 'phấn trang điểm']","['000677', '003038', '000186']"
con bò thím sân nhà,"['con bò', 'thím', 'sân nhà']","['002316', '001083', '000662']"
con ong xem tâm thần,"['con ong', 'xem', 'tâm thần']","['002376', '000435', '000869']"
liền trước tuốt lúa bánh bột lọc,"['liền trước', 'tuốt lúa', 'bánh bột lọc']","['003269', '001636', '001425']"
gáy con ngỗng chục nghìn,"['gáy', 'con ngỗng', 'chục nghìn']","['002831', '002364', '002262']"
địa điểm cây thân gỗ diện tích toàn phần,"['địa điểm', 'cây thân gỗ', 'diện tích toàn phần']","['002699', '002043', '002582']"
cạnh ngồi tuần trước,"['cạnh', 'ngồi', 'tuần trước']","['001923', '003568', '000888']"
róc rách tin cậy thông minh,"['róc rách', 'tin cậy', 'thông minh']","['000559', '001308', '001097']"
nghỉ ngơi mét vuông (m2) phụ huynh,"['nghỉ ngơi', 'mét vuông (m2)', 'phụ huynh']","['003539', '003399', '000286']"
văn bản lựu gang tay,"['văn bản', 'lựu', 'gang tay']","['001764', '003329', '002823']"
nghĩa đen để (đặt) lượm,"['nghĩa đen', 'để (đặt)', 'lượm']","['003540', '002682', '003323']"
nơi chốn phòng mĩ thuật vàng bạc,"['nơi chốn', 'phòng mĩ thuật', 'vàng bạc']","['000075', '000252', '001756']"
nhiệt độ mẫu số chung 1 000 000 000 (một tỉ),"['nhiệt độ', 'mẫu số chung', '1 000 000 000 (một tỉ)']","['002767', '003394', '001187']"
sự thật nhổ củ cải đoạn thơ,"['sự thật', 'nhổ củ cải', 'đoạn thơ']","['000769', '000013', '002724']"
cạnh đáy sống sót cao tốc,"['cạnh đáy', 'sống sót', 'cao tốc']","['001927', '000346', '001951']"
em trai khoan (cái khoan) bệnh Đao - Down,"['em trai', 'khoan (cái khoan)', 'bệnh Đao - Down']","['002805', '003140', '000798']"
má gà tây trắng muốt,"['má', 'gà tây', 'trắng muốt']","['003361', '002816', '001452']"
không ngon cắt lông mũi con chim,"['không ngon', 'cắt lông mũi', 'con chim']","['000442', '000618', '002322']"
tuyên bố bảo tàng đằng sau,"['tuyên bố', 'bảo tàng', 'đằng sau']","['001640', '001463', '002640']"
nóng tính tác động Cà Mau,"['nóng tính', 'tác động', 'Cà Mau']","['000263', '002769', '001896']"
bế em cây ngô đau bụng,"['bế em', 'cây ngô', 'đau bụng']","['001593', '002037', '000777']"
chất dẻo hình elip cụm từ,"['chất dẻo', 'hình elip', 'cụm từ']","['002145', '003000', '002491']"
tự (tự làm) ăn ít rìu,"['tự (tự làm)', 'ăn ít', 'rìu']","['001462', '000941', '000553']"
quả mít ao chuôm liên lạc,"['quả mít', 'ao chuôm', 'liên lạc']","['000357', '001245', '003264']"
béo làng xóm thành lập,"['béo', 'làng xóm', 'thành lập']","['001585', '003220', '000965']"
c sức khỏe đun nấu,"['c', 'sức khỏe', 'đun nấu']","['001032', '000801', '002782']"
liên quan 10 hình trụ,"['liên quan', '10', 'hình trụ']","['003266', '001146', '003006']"
bán hàng kèn tàu thủy,"['bán hàng', 'kèn', 'tàu thủy']","['001365', '003094', '000855']"
cuối năm mọc tóc ưu tiên,"['cuối năm', 'mọc tóc', 'ưu tiên']","['000896', '000628', '001732']"
ăn hối lộ thiếu nhi thần kinh,"['ăn hối lộ', 'thiếu nhi', 'thần kinh']","['001270', '001079', '001009']"
sáng kiến bí ngô Paris,"['sáng kiến', 'bí ngô', 'Paris']","['000625', '001625', '002443']"
đánh câu ghép phóng viên,"['đánh', 'câu ghép', 'phóng viên']","['002625', '001985', '000988']"
chớp mắt họa sỹ rửa tay,"['chớp mắt', 'họa sỹ', 'rửa tay']","['002234', '003018', '000594']"
con bê trụi lá bánh tráng,"['con bê', 'trụi lá', 'bánh tráng']","['002312', '001538', '000241']"
cây tre nói chuyện hậu quả,"['cây tre', 'nói chuyện', 'hậu quả']","['002049', '000033', '002970']"
con đom đóm da trắng gắn bó,"['con đom đóm', 'da trắng', 'gắn bó']","['002342', '000750', '002834']"
công thức triệu phú 5,"['công thức', 'triệu phú', '5']","['002436', '001305', '001132']"
ngữ điệu tình cảm gian lận,"['ngữ điệu', 'tình cảm', 'gian lận']","['003579', '001312', '002536']"
lưới họ (2 người) (đại từ) ấm áp,"['lưới', 'họ (2 người) (đại từ)', 'ấm áp']","['003322', '000285', '001286']"
bản nhạc nóc nhà bụi đời,"['bản nhạc', 'nóc nhà', 'bụi đời']","['001359', '000031', '001808']"
một tiếng khóc tưởng tượng,"['một tiếng', 'khóc', 'tưởng tượng']","['000868', '003149', '001694']"
đại sứ màu đỏ gật gù,"['đại sứ', 'màu đỏ', 'gật gù']","['000569', '003347', '002843']"
đầu tiên tuần này mũ,"['đầu tiên', 'tuần này', 'mũ']","['002650', '000876', '003471']"
chúng tôi (3 người) (đại từ) báo cáo lá cây,"['chúng tôi (3 người) (đại từ)', 'báo cáo', 'lá cây']","['000275', '001481', '003209']"
không muốn chùa Hương kèn,"['không muốn', 'chùa Hương', 'kèn']","['000426', '002250', '003094']"
bạn yêu bạn ấy môn Âm nhạc môn Mĩ thuật,"['bạn yêu bạn ấy', 'môn Âm nhạc', 'môn Mĩ thuật']","['000295', '003426', '003437']"
hình vuông tha thứ phòng bệnh,"['hình vuông', 'tha thứ', 'phòng bệnh']","['001916', '000912', '000239']"
cửa hàng tia nắng dung tích,"['cửa hàng', 'tia nắng', 'dung tích']","['002500', '001244', '002775']"
Tết Thiếu nhi danh mục tượng,"['Tết Thiếu nhi', 'danh mục', 'tượng']","['000905', '002523', '001696']"
mẫu số lớn trứng hộp bút,"['mẫu số lớn', 'trứng', 'hộp bút']","['003395', '001586', '003064']"
danh từ riêng dung tích dám làm,"['danh từ riêng', 'dung tích', 'dám làm']","['002527', '002775', '000466']"
nhõng nhẽo giới thiệu cuộn giấy vệ sinh,"['nhõng nhẽo', 'giới thiệu', 'cuộn giấy vệ sinh']","['000592', '002913', '002495']"
sắp xếp anh em ngón chân,"['sắp xếp', 'anh em', 'ngón chân']","['000645', '001223', '003559']"
khoan (khoan đã) phương pháp cây ăn quả,"['khoan (khoan đã)', 'phương pháp', 'cây ăn quả']","['003410', '000298', '002009']"
chợ nổi khách sạn ông bà,"['chợ nổi', 'khách sạn', 'ông bà']","['002227', '003113', '000322']"
bàn chân cối xay lúa tràn ngập (nước),"['bàn chân', 'cối xay lúa', 'tràn ngập (nước)']","['001337', '002426', '001436']"
giao thừa xe đạp gạo nếp,"['giao thừa', 'xe đạp', 'gạo nếp']","['002879', '001988', '002828']"
kiếm (cái kiếm) vua Hùng em trai,"['kiếm (cái kiếm)', 'vua Hùng', 'em trai']","['003191', '001891', '002805']"
hội thảo to lớn yếu,"['hội thảo', 'to lớn', 'yếu']","['003062', '001346', '002114']"
mỗi tràn ngập (nước) phòng đa năng,"['mỗi', 'tràn ngập (nước)', 'phòng đa năng']","['003425', '001436', '000245']"
Do Thái chợ Bến Thành quả sầu riêng,"['Do Thái', 'chợ Bến Thành', 'quả sầu riêng']","['000018', '002226', '000380']"
Cam-pu-chia (nước Cam-pu-chia) gạo truyền thống,"['Cam-pu-chia (nước Cam-pu-chia)', 'gạo', 'truyền thống']","['001915', '002826', '001580']"
quả dừa xiêm dễ thương vị trí,"['quả dừa xiêm', 'dễ thương', 'vị trí']","['000334', '002571', '001825']"
bệnh nhân f một cặp,"['bệnh nhân', 'f', 'một cặp']","['001621', '001096', '003444']"
dự trữ quỳ dấu nhân,"['dự trữ', 'quỳ', 'dấu nhân']","['003327', '000485', '002557']"
hình thang Quốc Tử Giám dãy núi,"['hình thang', 'Quốc Tử Giám', 'dãy núi']","['003005', '000467', '002531']"
xếp hàng dọc hải sản hành động,"['xếp hàng dọc', 'hải sản', 'hành động']","['002024', '000824', '002956']"
dầu ăn sốt con lươn,"['dầu ăn', 'sốt', 'con lươn']","['002547', '000742', '002358']"
xịt côn trùng mạch máu hẹn,"['xịt côn trùng', 'mạch máu', 'hẹn']","['002585', '003335', '000369']"
người quen ít cổ tích,"['người quen', 'ít', 'cổ tích']","['003590', '003089', '002421']"
mái tóc phòng mĩ thuật đăng ký,"['mái tóc', 'phòng mĩ thuật', 'đăng ký']","['003339', '000252', '002638']"
đèn pin hồ dán con nai,"['đèn pin', 'hồ dán', 'con nai']","['002668', '003050', '002363']"
mời chúi đầu cấp cứu,"['mời', 'chúi đầu', 'cấp cứu']","['003455', '002265', '001969']"
lang thang ẩm mốc lông gà,"['lang thang', 'ẩm mốc', 'lông gà']","['003218', '001282', '003291']"
chùa Một Cột thăng bằng lọng,"['chùa Một Cột', 'thăng bằng', 'lọng']","['002251', '000987', '003286']"
muối i-ốt dấu hỏi bịa đặt,"['muối i-ốt', 'dấu hỏi', 'bịa đặt']","['003085', '001116', '001631']"
thông minh trạm y tế chất hữu cơ,"['thông minh', 'trạm y tế', 'chất hữu cơ']","['001097', '001434', '002149']"
bảng nhân thành viên một là,"['bảng nhân', 'thành viên', 'một là']","['001413', '000975', '000313']"
lỗi lầm thác quả khế,"['lỗi lầm', 'thác', 'quả khế']","['003288', '000921', '000351']"
ngắn nhất bơm (cái bơm) vượt trội,"['ngắn nhất', 'bơm (cái bơm)', 'vượt trội']","['003517', '001785', '001926']"
siêu âm hàng dọc Tây Nguyên,"['siêu âm', 'hàng dọc', 'Tây Nguyên']","['000683', '002948', '000891']"
mặc kệ miền Bắc Việt Nam gặm xương (con chó gặm xương),"['mặc kệ', 'miền Bắc Việt Nam', 'gặm xương (con chó gặm xương)']","['003371', '003406', '002833']"
hội thảo cúi phục hồi,"['hội thảo', 'cúi', 'phục hồi']","['003062', '002476', '000288']"
nước tới chân mới nhảy con bướm con chó,"['nước tới chân mới nhảy', 'con bướm', 'con chó']","['002241', '002318', '002325']"
trầm trồ tồn tại quả táo,"['trầm trồ', 'tồn tại', 'quả táo']","['001456', '001468', '000384']"
lau chùi Tết Dương quanh năm,"['lau chùi', 'Tết Dương', 'quanh năm']","['003229', '000901', '000552']"
trang phục chia sẻ đếm,"['trang phục', 'chia sẻ', 'đếm']","['001438', '002184', '002689']"
bế em gãy tay môn Toán,"['bế em', 'gãy tay', 'môn Toán']","['001593', '002830', '003442']"
mái hiên thác thông minh,"['mái hiên', 'thác', 'thông minh']","['003337', '000921', '001097']"
dọc phong tục nước Việt nam,"['dọc', 'phong tục', 'nước Việt nam']","['002591', '000235', '000083']"
nến bút màu mở,"['nến', 'bút màu', 'mở']","['003496', '001869', '003449']"
Lâm Đồng nguồn gốc ủng hộ,"['Lâm Đồng', 'nguồn gốc', 'ủng hộ']","['003235', '003573', '001706']"
quay cóp con sò gửi,"['quay cóp', 'con sò', 'gửi']","['000414', '002381', '002934']"
thực hành bơi lội dấu chấm hỏi,"['thực hành', 'bơi lội', 'dấu chấm hỏi']","['001216', '001783', '002551']"
cúi vắng lặng địa cầu,"['cúi', 'vắng lặng', 'địa cầu']","['002476', '001782', '002697']"
con thỏ đàn bầu gấp ba,"['con thỏ', 'đàn bầu', 'gấp ba']","['002389', '002617', '000556']"
trước toa lét ẩm mốc,"['trước', 'toa lét', 'ẩm mốc']","['001594', '001352', '001282']"
nông nghiệp hải sản dấu hỏi,"['nông nghiệp', 'hải sản', 'dấu hỏi']","['000066', '000824', '001114']"
bím tóc đuôi sam kém thống nhất đất nước,"['bím tóc đuôi sam', 'kém', 'thống nhất đất nước']","['001653', '003097', '000667']"
mở cửa ủng hộ buồn nôn,"['mở cửa', 'ủng hộ', 'buồn nôn']","['003450', '001706', '001853']"
nghiêm túc đấu tranh điều trị,"['nghiêm túc', 'đấu tranh', 'điều trị']","['003549', '002652', '002716']"
hai phân số bằng nhau Cà Mau vận động,"['hai phân số bằng nhau', 'Cà Mau', 'vận động']","['000166', '001896', '001794']"
quả ổi nhảy múa thơm,"['quả ổi', 'nhảy múa', 'thơm']","['000372', '003618', '001127']"
phân vân xanh xao đi dạo,"['phân vân', 'xanh xao', 'đi dạo']","['000512', '001958', '000354']"
ngày Nhà giáo Việt nam tuổi thơ ấu con nuôi,"['ngày Nhà giáo Việt nam', 'tuổi thơ ấu', 'con nuôi']","['003500', '001109', '002372']"
xếp hàng ưu tiên gà mái khen tặng,"['xếp hàng ưu tiên', 'gà mái', 'khen tặng']","['002028', '002814', '003132']"
quên con vượn thông báo,"['quên', 'con vượn', 'thông báo']","['000451', '000954', '001093']"
khổ thơ Socola bò,"['khổ thơ', 'Socola', 'bò']","['003156', '000858', '001675']"
hai là tạo dáng chỉ khâu,"['hai là', 'tạo dáng', 'chỉ khâu']","['000315', '000847', '002171']"
Khánh Hòa tròn ba là,"['Khánh Hòa', 'tròn', 'ba là']","['003118', '001493', '000317']"
tích (số) dây điện h,"['tích (số)', 'dây điện', 'h']","['001247', '002563', '001054']"
chi tiết số lẻ dàn bài,"['chi tiết', 'số lẻ', 'dàn bài']","['002167', '000730', '002517']"
l ngày thầy thuốc Việt Nam thông minh,"['l', 'ngày thầy thuốc Việt Nam', 'thông minh']","['001060', '000115', '001097']"
tuổi thơ ấu không có khoan (khoan đã),"['tuổi thơ ấu', 'không có', 'khoan (khoan đã)']","['001109', '000249', '003410']"
môn Giáo dục công dân điêu khắc thở,"['môn Giáo dục công dân', 'điêu khắc', 'thở']","['003430', '002706', '001117']"
sinh tố ngược đãi di truyền,"['sinh tố', 'ngược đãi', 'di truyền']","['000707', '003581', '002575']"
bố mẹ trình bày tải về,"['bố mẹ', 'trình bày', 'tải về']","['001731', '001482', '000591']"
kiên quyết Tây Bắc kính trọng,"['kiên quyết', 'Tây Bắc', 'kính trọng']","['003193', '000889', '003204']"
hạt lạc s cướp,"['hạt lạc', 's', 'cướp']","['002963', '001080', '002508']"
thuộc lòng bình an Mexico (nước Mexico),"['thuộc lòng', 'bình an', 'Mexico (nước Mexico)']","['001174', '001659', '003401']"
chi hội thủng giám đốc,"['chi hội', 'thủng', 'giám đốc']","['002165', '001172', '002872']"
chợ nổi Cái Bè thoát hiểm mái hiên,"['chợ nổi Cái Bè', 'thoát hiểm', 'mái hiên']","['002228', '001085', '003337']"
yếu tố dòng họ ngộ độc,"['yếu tố', 'dòng họ', 'ngộ độc']","['002118', '002593', '003566']"
hồi hộp nói chuyện đồ chơi,"['hồi hộp', 'nói chuyện', 'đồ chơi']","['003054', '000033', '002733']"
gù lưng gặp gỡ gật gù,"['gù lưng', 'gặp gỡ', 'gật gù']","['002132', '002837', '002843']"
Hoàng tử trường mầm non chấm điểm,"['Hoàng tử', 'trường mầm non', 'chấm điểm']","['003023', '001600', '002141']"
chi tiết mở rộng tưởng,"['chi tiết', 'mở rộng', 'tưởng']","['002167', '003453', '001692']"
theo đuổi đáng quý môn Tin học và Công nghệ,"['theo đuổi', 'đáng quý', 'môn Tin học và Công nghệ']","['001031', '002624', '003441']"
róc rách áo 1000 (một nghìn),"['róc rách', 'áo', '1000 (một nghìn)']","['000559', '001250', '001169']"
thiên đình dân số đua xe máy,"['thiên đình', 'dân số', 'đua xe máy']","['001066', '002537', '002780']"
cô đơn phát biểu đóng dấu,"['cô đơn', 'phát biểu', 'đóng dấu']","['002403', '000159', '002730']"
gặp gỡ đón học phí,"['gặp gỡ', 'đón', 'học phí']","['002837', '002727', '003035']"
gặt lúa họ (đại từ) anh hùng,"['gặt lúa', 'họ (đại từ)', 'anh hùng']","['002838', '000287', '001227']"
lựu tù giam lưỡi,"['lựu', 'tù giam', 'lưỡi']","['003329', '001620', '003320']"
câu chuyện gián tiếp thề,"['câu chuyện', 'gián tiếp', 'thề']","['001977', '002876', '001036']"
óc mục tiêu tiếc,"['óc', 'mục tiêu', 'tiếc']","['000089', '000898', '001253']"
hàng chục nghìn lau nhà củ từ,"['hàng chục nghìn', 'lau nhà', 'củ từ']","['002946', '003231', '002473']"
dốc j bể cá,"['dốc', 'j', 'bể cá']","['002595', '001098', '001591']"
củ cải trắng mui xe trí khôn,"['củ cải trắng', 'mui xe', 'trí khôn']","['002480', '003473', '001474']"
điện bàn phím (máy vi tính) Chi-lê (nước Chi-lê),"['điện', 'bàn phím (máy vi tính)', 'Chi-lê (nước Chi-lê)']","['002701', '001343', '002176']"
thợ thêu biểu đồ hình quạt ngạc nhiên,"['thợ thêu', 'biểu đồ hình quạt', 'ngạc nhiên']","['001123', '001647', '003505']"
ăn hối lộ xe lam cầu Thê Húc (Hồ Gươm),"['ăn hối lộ', 'xe lam', 'cầu Thê Húc (Hồ Gươm)']","['001270', '002006', '000746']"
thực hành dê mẹ vé,"['thực hành', 'dê mẹ', 'vé']","['001216', '002569', '001809']"
kêu buổi sáng giầy ba ta,"['kêu', 'buổi sáng', 'giầy ba ta']","['003108', '001834', '002891']"
bãi cát kháu khỉnh bồi bàn,"['bãi cát', 'kháu khỉnh', 'bồi bàn']","['001321', '000626', '001745']"
tay trái v sâu,"['tay trái', 'v', 'sâu']","['000863', '001092', '000675']"
tai nạn giao thông xông hơi ấm trà,"['tai nạn giao thông', 'xông hơi', 'ấm trà']","['001442', '002046', '001292']"
chị dâu chúc thọ khuyên tai,"['chị dâu', 'chúc thọ', 'khuyên tai']","['002175', '002260', '003175']"
ân hận thổi rễ cọc,"['ân hận', 'thổi', 'rễ cọc']","['001294', '001087', '000543']"
thím dây thần kinh chữ,"['thím', 'dây thần kinh', 'chữ']","['001083', '002564', '002299']"
phong kiến giao hoán ác mộng,"['phong kiến', 'giao hoán', 'ác mộng']","['000231', '002877', '001196']"
câu văn tôn thờ vợt cầu lông,"['câu văn', 'tôn thờ', 'vợt cầu lông']","['001993', '001384', '000953']"
địa cầu chùm nho truyền thông,"['địa cầu', 'chùm nho', 'truyền thông']","['002697', '002269', '001578']"
tỏa hương ăn xin tách,"['tỏa hương', 'ăn xin', 'tách']","['001368', '001276', '000815']"
chú hề tuyệt vọng giao thừa,"['chú hề', 'tuyệt vọng', 'giao thừa']","['002242', '001644', '002879']"
nhỏ tuổi trường hợp chất lượng,"['nhỏ tuổi', 'trường hợp', 'chất lượng']","['000004', '001598', '002151']"
ki-lô-gam không thẳng hàng bơi,"['ki-lô-gam', 'không thẳng hàng', 'bơi']","['003179', '003160', '001781']"
buổi trưa luyện tập tàu ngầm,"['buổi trưa', 'luyện tập', 'tàu ngầm']","['001848', '003313', '000851']"
đòi mặc kệ xe đạp,"['đòi', 'mặc kệ', 'xe đạp']","['000977', '003371', '001988']"
khâm phục nhân chứng đèn vàng,"['khâm phục', 'nhân chứng', 'đèn vàng']","['003125', '003625', '002671']"
sữa rửa mặt làm ruộng gieo xúc xắc,"['sữa rửa mặt', 'làm ruộng', 'gieo xúc xắc']","['000793', '003216', '002905']"
thuỷ điện dép quai hậu ngày thành lập quân đội nhân dân Việt Nam,"['thuỷ điện', 'dép quai hậu', 'ngày thành lập quân đội nhân dân Việt Nam']","['001178', '002567', '000125']"
tay trái rong biển huân chương,"['tay trái', 'rong biển', 'huân chương']","['000863', '000563', '003071']"
tính chất giao hoán bò tài giỏi,"['tính chất giao hoán', 'bò', 'tài giỏi']","['001336', '001675', '000823']"
môi trường cột điện tài năng,"['môi trường', 'cột điện', 'tài năng']","['003424', '002451', '000825']"
bánh pía bế em chậm chạp,"['bánh pía', 'bế em', 'chậm chạp']","['001451', '001593', '000411']"
văn bản Sóc Trăng cái bè,"['văn bản', 'Sóc Trăng', 'cái bè']","['001764', '000710', '001902']"
chục nghìn xe ben dán,"['chục nghìn', 'xe ben', 'dán']","['002262', '001990', '002528']"
vườn thú hoa giấy mùa thu,"['vườn thú', 'hoa giấy', 'mùa thu']","['001924', '001008', '003466']"
tay phải đòi hỏi sa mạc,"['tay phải', 'đòi hỏi', 'sa mạc']","['000861', '000979', '000433']"
bò tót từ trái nghĩa sơ đồ,"['bò tót', 'từ trái nghĩa', 'sơ đồ']","['001679', '001658', '000745']"
muối i-ốt móng chân cấp dưỡng,"['muối i-ốt', 'móng chân', 'cấp dưỡng']","['003085', '003418', '001971']"
bến phà dấu hỏi chuyện nhỏ,"['bến phà', 'dấu hỏi', 'chuyện nhỏ']","['001609', '001118', '000532']"
cây phượng không có chi quốc tế,"['cây phượng', 'không có chi', 'quốc tế']","['002041', '000251', '000462']"
kia mặt dài t,"['kia', 'mặt dài', 't']","['000261', '003382', '001082']"
đào tạo g lý do,"['đào tạo', 'g', 'lý do']","['002631', '001048', '000652']"
bồi thường củ tỏi ruộng bậc thang,"['bồi thường', 'củ tỏi', 'ruộng bậc thang']","['001747', '002483', '000578']"
vuốt tóc báo (con báo) nổ mìn,"['vuốt tóc', 'báo (con báo)', 'nổ mìn']","['001918', '001477', '000045']"
bơm xe bàn phím (máy vi tính) cấy,"['bơm xe', 'bàn phím (máy vi tính)', 'cấy']","['001789', '001343', '002055']"
mẫu số râu nhắc nhở,"['mẫu số', 'râu', 'nhắc nhở']","['003392', '000535', '003621']"
nhiều vô cùng nhận xét môn Tiếng Việt,"['nhiều vô cùng', 'nhận xét', 'môn Tiếng Việt']","['001862', '003634', '003440']"
thu mua tháng màn,"['thu mua', 'tháng', 'màn']","['001131', '000952', '003342']"
lĩnh hội ruột non siêu thị,"['lĩnh hội', 'ruột non', 'siêu thị']","['003274', '000582', '000685']"
gặt lúa trong ngoài con tem,"['gặt lúa', 'trong ngoài', 'con tem']","['002838', '001498', '002388']"
bánh cốm cổ họng thừa,"['bánh cốm', 'cổ họng', 'thừa']","['001427', '002411', '001208']"
Oa-sinh-tơn công văn 40,"['Oa-sinh-tơn', 'công văn', '40']","['000087', '002120', '001161']"
khát vọng xả rác công nhận,"['khát vọng', 'xả rác', 'công nhận']","['003120', '001944', '002433']"
phong cách vị trí cây ăn quả,"['phong cách', 'vị trí', 'cây ăn quả']","['000230', '001825', '002013']"
cha mẹ góp tiền bảo vệ môi trường,"['cha mẹ', 'góp tiền', 'bảo vệ môi trường']","['002061', '000958', '001473']"
Bắc Giang nước mắm cố định,"['Bắc Giang', 'nước mắm', 'cố định']","['001501', '000966', '002419']"
thiếp mời mũi tên tác động,"['thiếp mời', 'mũi tên', 'tác động']","['001075', '000498', '002769']"
cây thân gỗ đi răng cưa,"['cây thân gỗ', 'đi', 'răng cưa']","['002043', '002693', '000533']"
đánh bắt lau khô gói (đgt),"['đánh bắt', 'lau khô', 'gói (đgt)']","['002626', '003230', '002925']"
bơi rau mùng tơi tung tăng,"['bơi', 'rau mùng tơi', 'tung tăng']","['001781', '000521', '001632']"
nghỉ học liên kết lễ hội,"['nghỉ học', 'liên kết', 'lễ hội']","['003538', '003263', '003245']"
danh hiệu sân vận động khô héo,"['danh hiệu', 'sân vận động', 'khô héo']","['002521', '000673', '003155']"
cầu thang thu mua quả thanh long,"['cầu thang', 'thu mua', 'quả thanh long']","['000946', '001131', '000388']"
thụ phấn (hoa) chú tễu bốc vác,"['thụ phấn (hoa)', 'chú tễu', 'bốc vác']","['001293', '002244', '001727']"
đánh hài hước 90,"['đánh', 'hài hước', '90']","['002625', '002943', '001165']"
bảo tàng bùng binh nhà thơ,"['bảo tàng', 'bùng binh', 'nhà thơ']","['001463', '001230', '003605']"
rằm trung thu đô thị trách nhiệm,"['rằm trung thu', 'đô thị', 'trách nhiệm']","['000526', '002732', '001426']"
gấp đôi thoăn thoắt hình vẽ,"['gấp đôi', 'thoăn thoắt', 'hình vẽ']","['000554', '000968', '003008']"
xe máy chuyển động quay ban ngày,"['xe máy', 'chuyển động quay', 'ban ngày']","['001992', '002287', '001331']"
gấp đôi dòng sông chảy cướp giật,"['gấp đôi', 'dòng sông chảy', 'cướp giật']","['000554', '000934', '002511']"
bỏ phiếu rửa mặt ngon miệng,"['bỏ phiếu', 'rửa mặt', 'ngon miệng']","['001683', '000593', '003557']"
xẻng sống sót danh nhân,"['xẻng', 'sống sót', 'danh nhân']","['002018', '000342', '002524']"
linh hồn bước Miến Điện (nước Mi-an-ma),"['linh hồn', 'bước', 'Miến Điện (nước Mi-an-ma)']","['003273', '001882', '000012']"
cướp giật ao chuôm tham lam,"['cướp giật', 'ao chuôm', 'tham lam']","['002511', '001245', '000938']"
hệ bài tiết thiếu thốn quy định,"['hệ bài tiết', 'thiếu thốn', 'quy định']","['001317', '000463', '000469']"
Đu Bai (nước Đu Bai) cấp dưỡng f,"['Đu Bai (nước Đu Bai)', 'cấp dưỡng', 'f']","['000027', '001971', '001096']"
cơm hộp chuông cổ đại,"['cơm hộp', 'chuông', 'cổ đại']","['002463', '002273', '002410']"
thụ phấn (hoa) cô dâu giếng nước,"['thụ phấn (hoa)', 'cô dâu', 'giếng nước']","['001293', '002402', '002906']"
q nói dối héc-tô-mét (hm),"['q', 'nói dối', 'héc-tô-mét (hm)']","['001076', '000034', '002976']"
chó cắn bắn cung tên khung cửa số,"['chó cắn', 'bắn cung tên', 'khung cửa số']","['000516', '000496', '003171']"
xã tia chớp không cho,"['xã', 'tia chớp', 'không cho']","['001960', '001242', '000084']"
mồ hôi nhễ nhại không hiểu lý do,"['mồ hôi nhễ nhại', 'không hiểu', 'lý do']","['000440', '003163', '000652']"
bệnh Đao - Down việc làm con sóc,"['bệnh Đao - Down', 'việc làm', 'con sóc']","['000798', '001827', '002382']"
kém Sóc Trăng vé,"['kém', 'Sóc Trăng', 'vé']","['003096', '000710', '001809']"
Dinh Độc Lập cổ họng ngắt hoa,"['Dinh Độc Lập', 'cổ họng', 'ngắt hoa']","['002587', '002411', '003518']"
thú dữ lẩu tiếp tục,"['thú dữ', 'lẩu', 'tiếp tục']","['001149', '000804', '001275']"
Hung-ga-ri (nước Hung-ga-ri) in (ấn) ngọn cây,"['Hung-ga-ri (nước Hung-ga-ri)', 'in (ấn)', 'ngọn cây']","['003074', '003088', '003563']"
kim úp tạo dáng,"['kim', 'úp', 'tạo dáng']","['003198', '001718', '000847']"
giá trị tuyệt đối cổ tích hạt tiêu,"['giá trị tuyệt đối', 'cổ tích', 'hạt tiêu']","['002868', '002421', '002965']"
dịu dàng núi lửa nghe,"['dịu dàng', 'núi lửa', 'nghe']","['000930', '000077', '003522']"
con bướm rơm rớm quả thanh long,"['con bướm', 'rơm rớm', 'quả thanh long']","['002318', '002766', '000388']"
mít tinh bay nhanh (máy bay) bể cá,"['mít tinh', 'bay nhanh (máy bay)', 'bể cá']","['000454', '000409', '001591']"
thương mại Lượm tuần lễ người Điếc thế giới,"['thương mại', 'Lượm', 'tuần lễ người Điếc thế giới']","['000671', '000694', '000105']"
thị lực chứng kiến nhân chứng,"['thị lực', 'chứng kiến', 'nhân chứng']","['001053', '002297', '003625']"
hiểu giữ nguyên trứng,"['hiểu', 'giữ nguyên', 'trứng']","['002992', '000174', '001584']"
nắn nót cờ ca rô bột ngọt,"['nắn nót', 'cờ ca rô', 'bột ngọt']","['003487', '002465', '001773']"
rau sân nhà rút gọn,"['rau', 'sân nhà', 'rút gọn']","['000510', '000662', '000585']"
ma mỳ tôm lau nhà,"['ma', 'mỳ tôm', 'lau nhà']","['003331', '000181', '003231']"
thần kinh công cộng sổ tay,"['thần kinh', 'công cộng', 'sổ tay']","['001009', '002431', '000720']"
góc bẹt cuộc đời lão già,"['góc bẹt', 'cuộc đời', 'lão già']","['002918', '002492', '003228']"
cá voi măng nhập trường,"['cá voi', 'măng', 'nhập trường']","['000165', '003374', '003637']"
mở phấn (viết bảng) khu vườn,"['mở', 'phấn (viết bảng)', 'khu vườn']","['003449', '000182', '003168']"
câu đố phơi quần áo tia số,"['câu đố', 'phơi quần áo', 'tia số']","['001979', '000278', '001246']"
kinh nghiệm ân hận cổ vũ,"['kinh nghiệm', 'ân hận', 'cổ vũ']","['003200', '001294', '002415']"
mắc áo bơm xe hai phân số bằng nhau,"['mắc áo', 'bơm xe', 'hai phân số bằng nhau']","['003369', '001789', '000166']"
bản làng Anh (nước Anh) cộng (Toán học),"['bản làng', 'Anh (nước Anh)', 'cộng (Toán học)']","['001355', '001209', '002447']"
sinh hoạt dân tộc Khơ me hợp tác,"['sinh hoạt', 'dân tộc Khơ me', 'hợp tác']","['000697', '000682', '003070']"
thực hành quả táo bản làng,"['thực hành', 'quả táo', 'bản làng']","['001216', '000386', '001355']"
nhóm áo chủ động,"['nhóm', 'áo', 'chủ động']","['000006', '001250', '002237']"
móc áo giống nhau gà trống,"['móc áo', 'giống nhau', 'gà trống']","['003411', '002910', '002817']"
ăn ít làm ruộng đầu tàu,"['ăn ít', 'làm ruộng', 'đầu tàu']","['000941', '003216', '002649']"
đuôi cá Bà Nà xe cứu hỏa,"['đuôi cá', 'Bà Nà', 'xe cứu hỏa']","['000170', '001301', '001996']"
cột nhà mô tả nồi,"['cột nhà', 'mô tả', 'nồi']","['002453', '000904', '000049']"
kẻ thù q hình cầu,"['kẻ thù', 'q', 'hình cầu']","['003095', '001076', '002997']"
mồ côi cha mẹ dấu nhân cạnh đáy,"['mồ côi cha mẹ', 'dấu nhân', 'cạnh đáy']","['003420', '002557', '001927']"
đường Nguyễn Huệ uốn tóc ôn tập,"['đường Nguyễn Huệ', 'uốn tóc', 'ôn tập']","['002793', '001716', '000099']"
tính chất cơ bản của phân số chiếc gối phân vân,"['tính chất cơ bản của phân số', 'chiếc gối', 'phân vân']","['001334', '002189', '000512']"
minh hoạ đồng bằng vòng đeo tay,"['minh hoạ', 'đồng bằng', 'vòng đeo tay']","['003409', '002745', '001847']"
sửa chữa phủ nhận Võ Thị Sáu,"['sửa chữa', 'phủ nhận', 'Võ Thị Sáu']","['000770', '000282', '000453']"
lên xe con chó bắc bán cầu,"['lên xe', 'con chó', 'bắc bán cầu']","['003254', '002324', '001497']"
chó sói suỵt tiếc,"['chó sói', 'suỵt', 'tiếc']","['002218', '000158', '001253']"
lửa thoăn thoắt công nghiệp,"['lửa', 'thoăn thoắt', 'công nghiệp']","['003315', '000968', '000674']"
chúc mừng trung thành phong toả,"['chúc mừng', 'trung thành', 'phong toả']","['002256', '001558', '000998']"
phi tiêu kỹ năng bữa cơm,"['phi tiêu', 'kỹ năng', 'bữa cơm']","['000198', '000213', '001873']"
thùng chớp mắt trọng nam khinh nữ,"['thùng', 'chớp mắt', 'trọng nam khinh nữ']","['001170', '002234', '002309']"
dầu ăn môn Lịch sử trống (không có gì),"['dầu ăn', 'môn Lịch sử', 'trống (không có gì)']","['002547', '003436', '002755']"
5000 (năm nghìn) liều lĩnh bộ sách,"['5000 (năm nghìn)', 'liều lĩnh', 'bộ sách']","['001171', '003271', '001739']"
quét nhà kiến trúc nhà trường,"['quét nhà', 'kiến trúc', 'nhà trường']","['000443', '003195', '003607']"
vòi voi viết lia lịa tôi yêu bạn,"['vòi voi', 'viết lia lịa', 'tôi yêu bạn']","['001845', '001833', '002098']"
cơ bắp Đu Bai (nước Đu Bai) anh hùng,"['cơ bắp', 'Đu Bai (nước Đu Bai)', 'anh hùng']","['002455', '000027', '001227']"
đèn pin khóa quần loa,"['đèn pin', 'khóa quần', 'loa']","['002666', '003138', '003282']"
mật ong vỗ cánh mềm mại,"['mật ong', 'vỗ cánh', 'mềm mại']","['003391', '001879', '003402']"
tinh trùng tai nạn giao thông nhiệt kế,"['tinh trùng', 'tai nạn giao thông', 'nhiệt kế']","['001184', '001442', '003642']"
con cua Kim Đồng tinh mắt,"['con cua', 'Kim Đồng', 'tinh mắt']","['002335', '001004', '000260']"
vật quần đùi hoàng đế,"['vật', 'quần đùi', 'hoàng đế']","['001796', '000436', '003021']"
hoan hô không có chi lửa,"['hoan hô', 'không có chi', 'lửa']","['002124', '000251', '003315']"
"củ hành tây cua đồng kiêu (kiêu căng, kiêu xa)","['củ hành tây', 'cua đồng', 'kiêu (kiêu căng, kiêu xa)']","['002482', '000820', '003197']"
vui sướng chung kết riêng tư,"['vui sướng', 'chung kết', 'riêng tư']","['001905', '002271', '000548']"
Châu Á Thái Bình Dương đen láy (như đen nhánh) quốc tế,"['Châu Á Thái Bình Dương', 'đen láy (như đen nhánh)', 'quốc tế']","['002155', '002660', '000462']"
cao (nhà) lá cây phụ thuộc,"['cao (nhà)', 'lá cây', 'phụ thuộc']","['001935', '003208', '000768']"
chủ đề ai cho lau miệng,"['chủ đề', 'ai cho', 'lau miệng']","['002236', '000080', '000514']"
giúp đỡ nghỉ ngơi dỗi,"['giúp đỡ', 'nghỉ ngơi', 'dỗi']","['002914', '003539', '000604']"
nghỉ hè nước Việt nam ư,"['nghỉ hè', 'nước Việt nam', 'ư']","['003536', '000081', '001090']"
tóc dài giếng nước nhân dân,"['tóc dài', 'giếng nước', 'nhân dân']","['000908', '002906', '003626']"
nghỉ hè con ngựa khoác tay,"['nghỉ hè', 'con ngựa', 'khoác tay']","['003535', '002370', '003145']"
cầu thủ vui mừng phá,"['cầu thủ', 'vui mừng', 'phá']","['002005', '001903', '000138']"
bóng bay ngày Quốc tế Lao động ghi hình,"['bóng bay', 'ngày Quốc tế Lao động', 'ghi hình']","['001707', '003508', '002849']"
bên trong cổ bãi cỏ,"['bên trong', 'cổ', 'bãi cỏ']","['001607', '002407', '001323']"
tiết kiệm chị họ đẹp mê hồn,"['tiết kiệm', 'chị họ', 'đẹp mê hồn']","['001283', '000323', '002681']"
công việc bánh sandwich chuyển đổi số đo,"['công việc', 'bánh sandwich', 'chuyển đổi số đo']","['002442', '000832', '002284']"
tóm lược công thức Tuy Hoà,"['tóm lược', 'công thức', 'Tuy Hoà']","['001376', '002436', '000035']"
viết lia lịa sâu bọ Bắc bộ,"['viết lia lịa', 'sâu bọ', 'Bắc bộ']","['001833', '000677', '001499']"
bên trong nói leo sợi,"['bên trong', 'nói leo', 'sợi']","['001607', '000036', '000749']"
cơm hộp cơm hút thuốc lá,"['cơm hộp', 'cơm', 'hút thuốc lá']","['002463', '002466', '003077']"
Y-Éc-Xanh Nam bán cầu chèo thuyền,"['Y-Éc-Xanh', 'Nam bán cầu', 'chèo thuyền']","['002074', '003477', '002162']"
củ cải trắng chật chội Ê Đê,"['củ cải trắng', 'chật chội', 'Ê Đê']","['002480', '002154', '002808']"
khoác vai chia đều kí duyệt,"['khoác vai', 'chia đều', 'kí duyệt']","['003139', '002181', '003178']"
tuổi thơ ấu Đông Nam Á ủng hộ,"['tuổi thơ ấu', 'Đông Nam Á', 'ủng hộ']","['001109', '002744', '001706']"
hòn bi (giống viên bi) ẩm mốc phân số tối giản,"['hòn bi (giống viên bi)', 'ẩm mốc', 'phân số tối giản']","['003042', '001282', '000169']"
quốc khánh đo tiếng nói,"['quốc khánh', 'đo', 'tiếng nói']","['000458', '002718', '001273']"
Ba chân bốn cẳng tụ tập đầu xuôi đuôi lọt,"['Ba chân bốn cẳng', 'tụ tập', 'đầu xuôi đuôi lọt']","['001299', '001622', '002651']"
hồ Hoàn Kiếm Hà Giang Ả Rập (nước Ả Rập),"['hồ Hoàn Kiếm', 'Hà Giang', 'Ả Rập (nước Ả Rập)']","['003051', '002940', '000021']"
vỡ nhổ râu khỏi bệnh,"['vỡ', 'nhổ râu', 'khỏi bệnh']","['001887', '000614', '003151']"
ngắn nhất Albania (nước Albania) cô giáo,"['ngắn nhất', 'Albania (nước Albania)', 'cô giáo']","['003517', '000028', '002405']"
tiệc tò mò tròn,"['tiệc', 'tò mò', 'tròn']","['001257', '001348', '001493']"
con vượn đàn xê lô đại vĩ cầm 3,"['con vượn', 'đàn xê lô đại vĩ cầm', '3']","['000954', '002616', '001128']"
phê bình đón tiếp phương pháp,"['phê bình', 'đón tiếp', 'phương pháp']","['000196', '002728', '000298']"
ngày khai trường tia số thăm hỏi,"['ngày khai trường', 'tia số', 'thăm hỏi']","['003499', '001246', '000983']"
chữ ẩm ướt internet,"['chữ', 'ẩm ướt', 'internet']","['002299', '001284', '001014']"
tập hợp (Toán học) bổ ích chất thải,"['tập hợp (Toán học)', 'bổ ích', 'chất thải']","['000879', '001717', '002153']"
chăm sóc sức khỏe vô duyên dép quai hậu,"['chăm sóc sức khỏe', 'vô duyên', 'dép quai hậu']","['002115', '000148', '002567']"
chùa Một Cột chả cá đánh cầu lông,"['chùa Một Cột', 'chả cá', 'đánh cầu lông']","['002251', '002063', '000743']"
óc khuy kính lão,"['óc', 'khuy', 'kính lão']","['000089', '003174', '003202']"
bước chân vẫy tay thói quen,"['bước chân', 'vẫy tay', 'thói quen']","['001884', '001805', '000071']"
con dê phiên dịch cục tẩy,"['con dê', 'phiên dịch', 'cục tẩy']","['002339', '000206', '002488']"
bóng bay sờ phích nước,"['bóng bay', 'sờ', 'phích nước']","['001707', '000926', '000200']"
truyền dịch rõ ràng nếm,"['truyền dịch', 'rõ ràng', 'nếm']","['001576', '000557', '003494']"
đi dạo mạnh mẽ thả mồi,"['đi dạo', 'mạnh mẽ', 'thả mồi']","['000354', '003344', '000919']"
kim cương môi môn Tin học và Công nghệ,"['kim cương', 'môi', 'môn Tin học và Công nghệ']","['000704', '003423', '003441']"
thắp đèn viết lia lịa cầu Long Biên,"['thắp đèn', 'viết lia lịa', 'cầu Long Biên']","['000957', '001833', '003157']"
kẻ cắp phơi quần áo buổi tối,"['kẻ cắp', 'phơi quần áo', 'buổi tối']","['003093', '000278', '001840']"
áo cánh phố cổ Hội an chùa Một Cột,"['áo cánh', 'phố cổ Hội an', 'chùa Một Cột']","['001254', '000268', '002251']"
trạm y tế độc lập con gián,"['trạm y tế', 'độc lập', 'con gián']","['001434', '002750', '002348']"
đèn xanh kịch bản Miến Điện (nước Mi-an-ma),"['đèn xanh', 'kịch bản', 'Miến Điện (nước Mi-an-ma)']","['002672', '003187', '000012']"
cổ chân Y-Éc-Xanh thủ công,"['cổ chân', 'Y-Éc-Xanh', 'thủ công']","['002409', '002074', '001141']"
ngày khai trường nổi da gà phiền hà,"['ngày khai trường', 'nổi da gà', 'phiền hà']","['003499', '000041', '000474']"
Hung-ga-ri (nước Hung-ga-ri) mất trí khóa cửa,"['Hung-ga-ri (nước Hung-ga-ri)', 'mất trí', 'khóa cửa']","['003074', '003387', '003143']"
gánh phân vân theo dõi,"['gánh', 'phân vân', 'theo dõi']","['002824', '000512', '001028']"
đất màu mỡ tính từ giới hạn,"['đất màu mỡ', 'tính từ', 'giới hạn']","['002647', '001344', '002912']"
chui 7 kính trọng,"['chui', '7', 'kính trọng']","['002264', '001140', '003204']"
tỉ lệ xây nhà nói chuyện,"['tỉ lệ', 'xây nhà', 'nói chuyện']","['001238', '001986', '000033']"
vắng lặng duyên dáng học bổng,"['vắng lặng', 'duyên dáng', 'học bổng']","['001782', '002598', '003032']"
gai học bổng phương Tây,"['gai', 'học bổng', 'phương Tây']","['002818', '003032', '000023']"
chúng tôi (4 người) (đại từ) hoa giấy ngon giấc,"['chúng tôi (4 người) (đại từ)', 'hoa giấy', 'ngon giấc']","['000277', '001008', '003556']"
vào lớp con tôm nghĩ,"['vào lớp', 'con tôm', 'nghĩ']","['001760', '002392', '003542']"
tủi thân tàu ngầm hoàng hôn,"['tủi thân', 'tàu ngầm', 'hoàng hôn']","['001628', '000851', '003022']"
chỉ Sóc Trăng bến xe,"['chỉ', 'Sóc Trăng', 'bến xe']","['002168', '000710', '001615']"
chém điện thoại ai,"['chém', 'điện thoại', 'ai']","['002158', '002705', '001199']"
tạo dáng tàu hoả tỉnh táo,"['tạo dáng', 'tàu hoả', 'tỉnh táo']","['000847', '000849', '000659']"
ác độc yên bình bốc thăm,"['ác độc', 'yên bình', 'bốc thăm']","['001194', '002094', '001743']"
vạch trần xăm giấy nháp,"['vạch trần', 'xăm', 'giấy nháp']","['001740', '001968', '002902']"
Phi-líp-pin (nước Phi-líp-pin) biểu thức lò xo,"['Phi-líp-pin (nước Phi-líp-pin)', 'biểu thức', 'lò xo']","['000210', '001651', '003279']"
rước đèn tre xem đã,"['rước đèn', 'tre', 'xem đã']","['000603', '001464', '000439']"
xách túi tóc dựng đứng cối xay gió,"['xách túi', 'tóc dựng đứng', 'cối xay gió']","['001952', '002050', '002425']"
tiếc khoáng sản kéo co,"['tiếc', 'khoáng sản', 'kéo co']","['001253', '000668', '000648']"
Hạ Long cuối năm không có,"['Hạ Long', 'cuối năm', 'không có']","['002942', '000896', '000249']"
vun đắp đặt lao phổi,"['vun đắp', 'đặt', 'lao phổi']","['001912', '002644', '003224']"
yên ngựa cầu thủ bụi tre,"['yên ngựa', 'cầu thủ', 'bụi tre']","['002505', '002005', '003154']"
đũa múa rối diện tích,"['đũa', 'múa rối', 'diện tích']","['002781', '003470', '002581']"
viện bảo tàng dầu khí chi tiết,"['viện bảo tàng', 'dầu khí', 'chi tiết']","['001829', '002550', '002167']"
đèn pin trống (không có gì) Mã Lai (nước Ma-lai-xi-a),"['đèn pin', 'trống (không có gì)', 'Mã Lai (nước Ma-lai-xi-a)']","['002668', '002755', '000504']"
An Giang chuỗi hạt con chó,"['An Giang', 'chuỗi hạt', 'con chó']","['001203', '002272', '002323']"
thân hình bệnh Đao - Down buổi sáng,"['thân hình', 'bệnh Đao - Down', 'buổi sáng']","['001001', '000798', '001836']"
trục hoành phòng bệnh Anh (nước Anh),"['trục hoành', 'phòng bệnh', 'Anh (nước Anh)']","['001532', '000239', '001207']"
cắm trại ống nhòm phản bội,"['cắm trại', 'ống nhòm', 'phản bội']","['000209', '000120', '000145']"
cuộc đời bậc thang pháo hoa,"['cuộc đời', 'bậc thang', 'pháo hoa']","['002492', '001549', '000156']"
trần nhà anh ruột chữa cháy,"['trần nhà', 'anh ruột', 'chữa cháy']","['001460', '001237', '002295']"
thả diều dễ chịu sa mạc,"['thả diều', 'dễ chịu', 'sa mạc']","['000917', '002570', '000433']"
chúc thọ tập hợp (Toán học) lặng lẽ,"['chúc thọ', 'tập hợp (Toán học)', 'lặng lẽ']","['002260', '000879', '003233']"
gấp giấy gương mặt bùng binh,"['gấp giấy', 'gương mặt', 'bùng binh']","['002840', '002938', '001230']"
cháo sườn sữa dê bên trên,"['cháo sườn', 'sữa dê', 'bên trên']","['000205', '000780', '001605']"
"mở cửa anh hai, anh cả đón tiếp","['mở cửa', 'anh hai, anh cả', 'đón tiếp']","['003450', '000303', '002728']"
tách lớp ghi chú Cocacola,"['tách lớp', 'ghi chú', 'Cocacola']","['000817', '002848', '000860']"
tham ăn đắt đỏ ngày thầy thuốc Việt Nam,"['tham ăn', 'đắt đỏ', 'ngày thầy thuốc Việt Nam']","['000065', '002643', '000117']"
sữa dê cây nến bỏ rơi,"['sữa dê', 'cây nến', 'bỏ rơi']","['000782', '000928', '001687']"
sinh sống chín cơm hộp,"['sinh sống', 'chín', 'cơm hộp']","['000705', '002210', '002463']"
thùng quàng khăn ngăn chặn,"['thùng', 'quàng khăn', 'ngăn chặn']","['001170', '000406', '003515']"
tập hợp (Toán học) dân tộc Chăm lý do,"['tập hợp (Toán học)', 'dân tộc Chăm', 'lý do']","['000879', '000678', '000652']"
vị ngữ thúc đẩy cái gương,"['vị ngữ', 'thúc đẩy', 'cái gương']","['001823', '001162', '001906']"
héc-tô-mét (hm) gãy chân tự tin,"['héc-tô-mét (hm)', 'gãy chân', 'tự tin']","['002976', '002829', '001668']"
ra ngoài tượng cổ áo,"['ra ngoài', 'tượng', 'cổ áo']","['000503', '001696', '002408']"
vô ý thức liên kết khoan (cái khoan),"['vô ý thức', 'liên kết', 'khoan (cái khoan)']","['001875', '003263', '003140']"
chống đối công cụ về (Sài Gòn),"['chống đối', 'công cụ', 'về (Sài Gòn)']","['002225', '002432', '000356']"
bổ trợ chú ( người) bản nhạc,"['bổ trợ', 'chú ( người)', 'bản nhạc']","['001721', '002111', '001359']"
chủ ngữ bắn bi ngày Quốc tế Lao động,"['chủ ngữ', 'bắn bi', 'ngày Quốc tế Lao động']","['002239', '001511', '003508']"
chợ nổi khâm phục bướng bỉnh,"['chợ nổi', 'khâm phục', 'bướng bỉnh']","['002227', '003125', '001888']"
người yêu ông nội tô màu,"['người yêu', 'ông nội', 'tô màu']","['003598', '000116', '001380']"
phép tính giầy ba ta đường tròn,"['phép tính', 'giầy ba ta', 'đường tròn']","['000194', '002891', '002797']"
đề-xi-mét khối (dm3) mây tính chất kết hợp,"['đề-xi-mét khối (dm3)', 'mây', 'tính chất kết hợp']","['002687', '003396', '001338']"
múa rối lau nhà chặn,"['múa rối', 'lau nhà', 'chặn']","['003470', '003231', '002134']"
màu xanh lá cây hiện nay gói (đgt),"['màu xanh lá cây', 'hiện nay', 'gói (đgt)']","['003360', '002990', '002925']"
đường chéo hòa bình sữa bột,"['đường chéo', 'hòa bình', 'sữa bột']","['002789', '003016', '000778']"
bóc vỏ bỏ phiếu chuyển động,"['bóc vỏ', 'bỏ phiếu', 'chuyển động']","['001695', '001683', '002285']"
hướng dẫn email trí khôn,"['hướng dẫn', 'email', 'trí khôn']","['003084', '002807', '001474']"
lầu (tầng) lắp ráp hồi hộp,"['lầu (tầng)', 'lắp ráp', 'hồi hộp']","['003237', '003234', '003055']"
màu đỏ g tri kỉ,"['màu đỏ', 'g', 'tri kỉ']","['003347', '001048', '001040']"
tóm lược bến phà dãy số,"['tóm lược', 'bến phà', 'dãy số']","['001376', '001609', '002532']"
sân chơi đỡ tổ trưởng,"['sân chơi', 'đỡ', 'tổ trưởng']","['000658', '002777', '001388']"
mặt cơ thể uốn cong,"['mặt', 'cơ thể', 'uốn cong']","['003378', '002461', '001712']"
nóng tính ghen tị thanh niên,"['nóng tính', 'ghen tị', 'thanh niên']","['000263', '000046', '000956']"
triều cường héc-tô-mét (hm) hoạt hình,"['triều cường', 'héc-tô-mét (hm)', 'hoạt hình']","['001478', '002975', '003028']"
nghiên cứu điện thoại súp lơ,"['nghiên cứu', 'điện thoại', 'súp lơ']","['003541', '002705', '000176']"
gian dối đau chân hoàng hôn,"['gian dối', 'đau chân', 'hoàng hôn']","['000732', '000781', '003022']"
tóc xoăn học nhóm họp nhóm,"['tóc xoăn', 'học nhóm', 'họp nhóm']","['001372', '003034', '000962']"
hữu nghị hoang mang trong khoảng,"['hữu nghị', 'hoang mang', 'trong khoảng']","['000494', '003115', '000641']"
tham quan Hoàng tử giúp đỡ,"['tham quan', 'Hoàng tử', 'giúp đỡ']","['000942', '003023', '002916']"
biểu thị rừng rậm thông qua,"['biểu thị', 'rừng rậm', 'thông qua']","['001649', '000599', '001103']"
cử chỉ điệu bộ vịnh cong,"['cử chỉ điệu bộ', 'vịnh', 'cong']","['002497', '001839', '002398']"
sừng trâu chàng trai hộp sữa,"['sừng trâu', 'chàng trai', 'hộp sữa']","['000807', '002073', '003065']"
cá mập giám khảo hoa lay ơn,"['cá mập', 'giám khảo', 'hoa lay ơn']","['002200', '002873', '003012']"
chó xù gan dạ xe tải,"['chó xù', 'gan dạ', 'xe tải']","['002219', '002821', '001506']"
câu thơ rửa mặt môn Tự nhiên và Xã hội,"['câu thơ', 'rửa mặt', 'môn Tự nhiên và Xã hội']","['001991', '000870', '003443']"
thăm hỏi lối đi bảng cửu chương,"['thăm hỏi', 'lối đi', 'bảng cửu chương']","['000983', '003289', '001399']"
từ phải sang trái cơ hội máy in,"['từ phải sang trái', 'cơ hội', 'máy in']","['001652', '002458', '003367']"
sinh sản buổi đêm cột sống,"['sinh sản', 'buổi đêm', 'cột sống']","['000703', '001828', '002454']"
kỉ niệm chơi giàn khoan,"['kỉ niệm', 'chơi', 'giàn khoan']","['003181', '002232', '002875']"
đài sen chim chóc cười vỡ bụng,"['đài sen', 'chim chóc', 'cười vỡ bụng']","['002606', '002204', '000058']"
nguyên nhân đánh cầu lông cờ ca rô,"['nguyên nhân', 'đánh cầu lông', 'cờ ca rô']","['003577', '000743', '002465']"
quần yếm dân tộc Mường phố cổ Hội an,"['quần yếm', 'dân tộc Mường', 'phố cổ Hội an']","['000438', '000680', '000268']"
đại sứ không hiểu xinh xắn,"['đại sứ', 'không hiểu', 'xinh xắn']","['000569', '003165', '002032']"
lên đường bay nhanh (máy bay) xúc xắc,"['lên đường', 'bay nhanh (máy bay)', 'xúc xắc']","['003252', '000409', '002060']"
tóm lược trong sáng phơi quần áo,"['tóm lược', 'trong sáng', 'phơi quần áo']","['001376', '001492', '000278']"
đội thiếu niên taxi Lạc Long Quân,"['đội thiếu niên', 'taxi', 'Lạc Long Quân']","['002754', '000856', '003211']"
xúc xắc giấy ăn khâm phục,"['xúc xắc', 'giấy ăn', 'khâm phục']","['002060', '002895', '003125']"
tỉnh chính quyền lây nhiễm,"['tỉnh', 'chính quyền', 'lây nhiễm']","['000007', '002213', '003239']"
ngăn chặn câu văn gãy chân,"['ngăn chặn', 'câu văn', 'gãy chân']","['003515', '001993', '002829']"
thích nghi con đường đều đặn,"['thích nghi', 'con đường', 'đều đặn']","['002245', '002343', '002692']"
quả hồng xiêm thần chết phòng học tin học,"['quả hồng xiêm', 'thần chết', 'phòng học tin học']","['000347', '001007', '000247']"
nhà rông xa xôi dấu chấm than,"['nhà rông', 'xa xôi', 'dấu chấm than']","['000688', '001930', '002552']"
tượng đài con lợn (con heo) hôi,"['tượng đài', 'con lợn (con heo)', 'hôi']","['001698', '002356', '000401']"
dám làm Do Thái tưởng,"['dám làm', 'Do Thái', 'tưởng']","['000466', '000018', '001692']"
nóng tính cháu họ chai nước,"['nóng tính', 'cháu họ', 'chai nước']","['000263', '000335', '002071']"
cần khởi động chạy ngược đãi,"['cần khởi động', 'chạy', 'ngược đãi']","['001967', '002109', '003581']"
mâm cơm tòa soạn khoác vai,"['mâm cơm', 'tòa soạn', 'khoác vai']","['003383', '001366', '003139']"
gương ung dung con ngựa,"['gương', 'ung dung', 'con ngựa']","['002937', '001702', '002368']"
dệt ý thức trà nóng,"['dệt', 'ý thức', 'trà nóng']","['002572', '002086', '000854']"
lọng để (đặt) huyện,"['lọng', 'để (đặt)', 'huyện']","['003286', '002682', '003080']"
ống nước thừa bút máy,"['ống nước', 'thừa', 'bút máy']","['000122', '001208', '001871']"
đèn báo giao thông bút màu môn Tự nhiên và Xã hội,"['đèn báo giao thông', 'bút màu', 'môn Tự nhiên và Xã hội']","['002662', '001869', '003443']"
khẩu hiệu hình phạt ngăn cản,"['khẩu hiệu', 'hình phạt', 'ngăn cản']","['003127', '003004', '003514']"
Bạc Liêu nhảy múa cụ đồ,"['Bạc Liêu', 'nhảy múa', 'cụ đồ']","['001307', '003618', '002486']"
23 tính từ câu đơn,"['23', 'tính từ', 'câu đơn']","['001158', '001344', '001983']"
con bê quả na đồng phục,"['con bê', 'quả na', 'đồng phục']","['002314', '000361', '002762']"
hót sa thải nghị lực,"['hót', 'sa thải', 'nghị lực']","['003047', '002785', '003543']"
ế ẩm 12 dệt,"['ế ẩm', '12', 'dệt']","['002809', '001154', '002572']"
buông màn lý do cát,"['buông màn', 'lý do', 'cát']","['001859', '000652', '001953']"
Hà Lan (nước Hà Lan) Bình Dương máy ảnh,"['Hà Lan (nước Hà Lan)', 'Bình Dương', 'máy ảnh']","['002941', '001661', '003362']"
cầu cứu con bướm ngộ nghĩnh,"['cầu cứu', 'con bướm', 'ngộ nghĩnh']","['001997', '002318', '003567']"
đón sợi len chim bồ câu,"['đón', 'sợi len', 'chim bồ câu']","['002727', '000755', '002201']"
găng tay môn Kĩ thuật bạn trai,"['găng tay', 'môn Kĩ thuật', 'bạn trai']","['002835', '003433', '001383']"
Sóc Trăng kẹo đều đặn,"['Sóc Trăng', 'kẹo', 'đều đặn']","['000710', '003100', '002692']"
chặn dãy núi bệnh tật,"['chặn', 'dãy núi', 'bệnh tật']","['002134', '002531', '001623']"
Socola áp phích Bun-ga-ri (nước Bun-ga-ri),"['Socola', 'áp phích', 'Bun-ga-ri (nước Bun-ga-ri)']","['000858', '001266', '001816']"
tuyên bố chia hết đường tròn,"['tuyên bố', 'chia hết', 'đường tròn']","['001640', '002182', '002797']"
phô tô lồng tiếng thuỷ điện,"['phô tô', 'lồng tiếng', 'thuỷ điện']","['000259', '003294', '001176']"
đề tài rễ cọc cơm,"['đề tài', 'rễ cọc', 'cơm']","['002685', '000543', '002466']"
huỷ huỷ diệt mứt,"['huỷ', 'huỷ diệt', 'mứt']","['000766', '003079', '003476']"
Bình Dương nơi chốn hội thảo,"['Bình Dương', 'nơi chốn', 'hội thảo']","['001661', '000075', '003062']"
8 máy bơm mỳ tôm,"['8', 'máy bơm', 'mỳ tôm']","['001142', '003363', '000181']"
liền trước đầy đủ ngày tháng,"['liền trước', 'đầy đủ', 'ngày tháng']","['003269', '002655', '003502']"
môn Sinh học trốn tìm rửa bát,"['môn Sinh học', 'trốn tìm', 'rửa bát']","['003439', '000643', '000589']"
pha chế bỏ rơi hãng tàu thuyền,"['pha chế', 'bỏ rơi', 'hãng tàu thuyền']","['000132', '001687', '001453']"
phật (tượng) lặn Quảng Trị,"['phật (tượng)', 'lặn', 'Quảng Trị']","['000190', '003232', '000421']"
hình trụ trọng nam khinh nữ nông nghiệp,"['hình trụ', 'trọng nam khinh nữ', 'nông nghiệp']","['003006', '002309', '000066']"
thiếu thốn sương gió góc vườn,"['thiếu thốn', 'sương gió', 'góc vườn']","['000459', '000809', '002924']"
mệt mỏi giường khóa quần,"['mệt mỏi', 'giường', 'khóa quần']","['000800', '002917', '003138']"
bút máy cuộn giấy vệ sinh triều đình,"['bút máy', 'cuộn giấy vệ sinh', 'triều đình']","['001871', '002495', '001480']"
nhõng nhẽo q Kon Tum,"['nhõng nhẽo', 'q', 'Kon Tum']","['000592', '001076', '003205']"
giáo sĩ danh sách đắt đỏ,"['giáo sĩ', 'danh sách', 'đắt đỏ']","['002884', '002525', '002643']"
"va li kiêu (kiêu căng, kiêu xa) cùi chỏ","['va li', 'kiêu (kiêu căng, kiêu xa)', 'cùi chỏ']","['001736', '003197', '002489']"
điêu khắc người máy rực rỡ,"['điêu khắc', 'người máy', 'rực rỡ']","['002706', '003589', '000234']"
liền sau ghi chú bảng trừ,"['liền sau', 'ghi chú', 'bảng trừ']","['003268', '002848', '001423']"
nếm cây gỗ chim đại bàng,"['nếm', 'cây gỗ', 'chim đại bàng']","['003494', '002029', '002205']"
mùa hè đua đòi bùng binh,"['mùa hè', 'đua đòi', 'bùng binh']","['003465', '000973', '001230']"
mùa xuân chèn ép tuân lệnh,"['mùa xuân', 'chèn ép', 'tuân lệnh']","['003469', '002160', '001624']"
tuyên ngôn chúng tôi (5 người) (đại từ) ngày khai trường,"['tuyên ngôn', 'chúng tôi (5 người) (đại từ)', 'ngày khai trường']","['001642', '000279', '003499']"
môn Địa lý khoá (cái khóa) rắc rối,"['môn Địa lý', 'khoá (cái khóa)', 'rắc rối']","['002130', '003142', '000588']"
khoác tay quả mít thổi kèn,"['khoác tay', 'quả mít', 'thổi kèn']","['003145', '000357', '001091']"
cướp tưới cây gan lì,"['cướp', 'tưới cây', 'gan lì']","['002508', '001686', '002822']"
lão già dễ chịu chèo thuyền,"['lão già', 'dễ chịu', 'chèo thuyền']","['003228', '002570', '002162']"
ăn xin ổn định vi khuẩn,"['ăn xin', 'ổn định', 'vi khuẩn']","['001276', '000101', '001817']"
điều khiển thuyết trình hình hộp chữ nhật,"['điều khiển', 'thuyết trình', 'hình hộp chữ nhật']","['002713', '001202', '003002']"
lửa trà Vĩnh Phúc,"['lửa', 'trà', 'Vĩnh Phúc']","['003315', '001420', '001837']"
áo phông giếng nước trả (đt),"['áo phông', 'giếng nước', 'trả (đt)']","['001264', '002906', '001422']"
trường hợp gửi quà vé,"['trường hợp', 'gửi quà', 'vé']","['001598', '002935', '001809']"
điêu khắc tuỷ sống muộn,"['điêu khắc', 'tuỷ sống', 'muộn']","['002706', '001638', '003474']"
ăn uống chứng minh kéo co,"['ăn uống', 'chứng minh', 'kéo co']","['001272', '002303', '000648']"
nói leo ghé thăm đi dạo,"['nói leo', 'ghé thăm', 'đi dạo']","['000036', '002845', '000354']"
khắc phục ghi hình chảo,"['khắc phục', 'ghi hình', 'chảo']","['003121', '002849', '002077']"
hóa đơn lẩu chữa cháy,"['hóa đơn', 'lẩu', 'chữa cháy']","['001633', '000804', '002295']"
dép quai hậu đoán cầu (cây cầu),"['dép quai hậu', 'đoán', 'cầu (cây cầu)']","['002567', '002722', '001995']"
sườn bản nhạc sữa dê,"['sườn', 'bản nhạc', 'sữa dê']","['000810', '001359', '000780']"
đấu tranh nghẹn ngào quả nho,"['đấu tranh', 'nghẹn ngào', 'quả nho']","['002652', '003526', '000370']"
nhắm mắt sách vồ,"['nhắm mắt', 'sách', 'vồ']","['000924', '000611', '001877']"
cày máy in đại dương,"['cày', 'máy in', 'đại dương']","['001957', '003366', '002610']"
giới hạn rộng rãi đại tướng,"['giới hạn', 'rộng rãi', 'đại tướng']","['002912', '000575', '002613']"
trắng muốt giầy ba ta máy bơm,"['trắng muốt', 'giầy ba ta', 'máy bơm']","['001452', '002891', '003363']"
tia chớp lơ lửng tranh luận,"['tia chớp', 'lơ lửng', 'tranh luận']","['001242', '003295', '001440']"
hàng triệu thi cử ria mép,"['hàng triệu', 'thi cử', 'ria mép']","['002954', '001044', '000638']"
chủ ngữ bãi đỗ xe (ô tô) khung thành,"['chủ ngữ', 'bãi đỗ xe (ô tô)', 'khung thành']","['002239', '001325', '003172']"
phiên dịch người nước ngoài danh từ,"['phiên dịch', 'người nước ngoài', 'danh từ']","['000201', '000030', '002526']"
anh hùng con chuột xã hội,"['anh hùng', 'con chuột', 'xã hội']","['001227', '002327', '001950']"
bỏ phiếu ngăn cản băng chuyền cuống hoa,"['bỏ phiếu', 'ngăn cản', 'băng chuyền', 'cuống hoa']","['001683', '003514', '001521', '002477']"
Hoàng tử đường tròn phòng âm nhạc Cà Mau,"['Hoàng tử', 'đường tròn', 'phòng âm nhạc', 'Cà Mau']","['003023', '002797', '000237', '001896']"
thoát hiểm địa hình quỳ rong chơi,"['thoát hiểm', 'địa hình', 'quỳ', 'rong chơi']","['001085', '001003', '000485', '000567']"
Paris nhát gan a đứng nghiêm,"['Paris', 'nhát gan', 'a', 'đứng nghiêm']","['002443', '003615', '001022', '002787']"
phương Tây công việc ý tưởng con sư tử,"['phương Tây', 'công việc', 'ý tưởng', 'con sư tử']","['000023', '002442', '002088', '002386']"
kí hiệu rắc rối nến xe khách,"['kí hiệu', 'rắc rối', 'nến', 'xe khách']","['003184', '000588', '003496', '002000']"
nổ súng trốn tìm cây đa phòng bệnh,"['nổ súng', 'trốn tìm', 'cây đa', 'phòng bệnh']","['000047', '000643', '002027', '000239']"
gặt lúa thâm quầng mắt tập trung chất lượng,"['gặt lúa', 'thâm quầng mắt', 'tập trung', 'chất lượng']","['002838', '000723', '000885', '002151']"
Cu ba (nước Cu ba) phẫu thuật tay xăng-ti-mét-vuông (cm2) lối đi,"['Cu ba (nước Cu ba)', 'phẫu thuật tay', 'xăng-ti-mét-vuông (cm2)', 'lối đi']","['002470', '000784', '001976', '003289']"
đoàn cải lương trọng nam khinh nữ đánh răng mọc tóc,"['đoàn cải lương', 'trọng nam khinh nữ', 'đánh răng', 'mọc tóc']","['002719', '002309', '002628', '000628']"
gan lì tuỷ sống ngón chân la bàn,"['gan lì', 'tuỷ sống', 'ngón chân', 'la bàn']","['002822', '001638', '003559', '003206']"
cày dễ chịu đuôi cá nhảy bao bố,"['cày', 'dễ chịu', 'đuôi cá', 'nhảy bao bố']","['001957', '002570', '000170', '000644']"
cây trồng mâm ngũ quả cây gỗ phụ huynh,"['cây trồng', 'mâm ngũ quả', 'cây gỗ', 'phụ huynh']","['002051', '003385', '002029', '000286']"
rửa mặt quả đu đủ thủy chung anh rể,"['rửa mặt', 'quả đu đủ', 'thủy chung', 'anh rể']","['000593', '000340', '001186', '001233']"
tự tin đi tuần bột màu Mexico (nước Mexico),"['tự tin', 'đi tuần', 'bột màu', 'Mexico (nước Mexico)']","['001672', '000527', '001769', '003401']"
số thập phân trả thù xã đen đủi,"['số thập phân', 'trả thù', 'xã', 'đen đủi']","['000739', '002126', '001960', '000595']"
uốn cong xa xôi tránh thai Hồ Chí Minh,"['uốn cong', 'xa xôi', 'tránh thai', 'Hồ Chí Minh']","['001712', '001930', '001444', '003049']"
ông già mái hiên cuộc đời giao thông,"['ông già', 'mái hiên', 'cuộc đời', 'giao thông']","['000103', '003337', '002492', '002860']"
hạt lạc màu nhiệm hình elip tình cờ,"['hạt lạc', 'màu nhiệm', 'hình elip', 'tình cờ']","['002963', '003351', '003000', '001314']"
Thừa Thiên – Huế cầu thủ hoạt động chăm học,"['Thừa Thiên – Huế', 'cầu thủ', 'hoạt động', 'chăm học']","['001212', '002005', '003025', '002113']"
ủy ban nhân dân hình chiếu bế em tiếng Anh,"['ủy ban nhân dân', 'hình chiếu', 'bế em', 'tiếng Anh']","['001722', '002998', '001593', '001267']"
cố ý (như cố tình) chấm điểm Bắc Kạn trúng thưởng,"['cố ý (như cố tình)', 'chấm điểm', 'Bắc Kạn', 'trúng thưởng']","['002422', '002141', '001503', '001568']"
phát động 40 rưỡi hình elip,"['phát động', '40', 'rưỡi', 'hình elip']","['000161', '001161', '000607', '003000']"
sáo thân thiết cổ mồ hôi nhễ nhại,"['sáo', 'thân thiết', 'cổ', 'mồ hôi nhễ nhại']","['000636', '001002', '002407', '000440']"
tờ giấy người nước ngoài chục phòng bệnh,"['tờ giấy', 'người nước ngoài', 'chục', 'phòng bệnh']","['001410', '000030', '002261', '000239']"
mạch máu lãnh đạo hình phạt bước,"['mạch máu', 'lãnh đạo', 'hình phạt', 'bước']","['003335', '003222', '003004', '001882']"
thiếp đi buổi trưa con dê quàng khăn,"['thiếp đi', 'buổi trưa', 'con dê', 'quàng khăn']","['001073', '001846', '002339', '000406']"
xen nhân viên rau cải thảo gan lì,"['xen', 'nhân viên', 'rau cải thảo', 'gan lì']","['002016', '000010', '000517', '002822']"
tính chất kết hợp xôi khoác vai thổ dân,"['tính chất kết hợp', 'xôi', 'khoác vai', 'thổ dân']","['001338', '002044', '003139', '003223']"
bình sữa (em bé) mái hiên bơm xe trung tâm,"['bình sữa (em bé)', 'mái hiên', 'bơm xe', 'trung tâm']","['000974', '003337', '001789', '001556']"
cướp huân chương hai là má,"['cướp', 'huân chương', 'hai là', 'má']","['002506', '003071', '000315', '003361']"
đồng bằng ấm trà phong cách Hung-ga-ri (nước Hung-ga-ri),"['đồng bằng', 'ấm trà', 'phong cách', 'Hung-ga-ri (nước Hung-ga-ri)']","['002745', '001292', '000230', '003074']"
quả bưởi nấu nướng nội quy chuyển đổi số đo,"['quả bưởi', 'nấu nướng', 'nội quy', 'chuyển đổi số đo']","['000311', '000229', '000062', '002284']"
liệt (liệt tay chân) chiều rộng núi lửa môi trường,"['liệt (liệt tay chân)', 'chiều rộng', 'núi lửa', 'môi trường']","['003270', '002194', '000077', '003424']"
nhổ tóc ăn vú sữa con ngỗng vua Hùng,"['nhổ tóc', 'ăn vú sữa', 'con ngỗng', 'vua Hùng']","['000612', '000400', '002364', '001891']"
bố trí người lạ bàn phím (máy vi tính) hối lộ,"['bố trí', 'người lạ', 'bàn phím (máy vi tính)', 'hối lộ']","['001723', '003588', '001343', '003059']"
đi tuần bể cá nói leo vắng,"['đi tuần', 'bể cá', 'nói leo', 'vắng']","['000527', '001591', '000036', '001780']"
chuyển hướng giao thừa dấu chấm hỏi mọc tóc,"['chuyển hướng', 'giao thừa', 'dấu chấm hỏi', 'mọc tóc']","['002289', '002879', '002551', '000628']"
mưa phùn báo thù nạn nhân em dâu,"['mưa phùn', 'báo thù', 'nạn nhân', 'em dâu']","['003475', '001485', '003479', '002801']"
nhu cầu thuộc lòng chặt chẽ gà mái,"['nhu cầu', 'thuộc lòng', 'chặt chẽ', 'gà mái']","['000014', '001174', '002138', '002814']"
thăng bằng họp nhóm Hậu Giang phim hoạt hình,"['thăng bằng', 'họp nhóm', 'Hậu Giang', 'phim hoạt hình']","['000987', '000960', '002969', '000216']"
không dám đen đủi chú hề trung tâm,"['không dám', 'đen đủi', 'chú hề', 'trung tâm']","['000472', '000595', '002242', '001556']"
quét dọn Trung Thu vào lớp hài hước,"['quét dọn', 'Trung Thu', 'vào lớp', 'hài hước']","['000441', '001562', '001760', '002943']"
pháo hoa chung kết bậc thang quỳ,"['pháo hoa', 'chung kết', 'bậc thang', 'quỳ']","['000156', '002271', '001549', '000485']"
nhổ tóc đại tá vết thương củ đậu,"['nhổ tóc', 'đại tá', 'vết thương', 'củ đậu']","['000612', '002612', '001815', '002471']"
khoa học chuỗi hạt không có rèn sắt,"['khoa học', 'chuỗi hạt', 'không có', 'rèn sắt']","['003137', '002272', '000249', '000539']"
vui sướng khả năng một tiếng nghị lực,"['vui sướng', 'khả năng', 'một tiếng', 'nghị lực']","['001905', '000211', '000866', '003543']"
cuộc đời quê đau tai phụ huynh,"['cuộc đời', 'quê', 'đau tai', 'phụ huynh']","['002492', '000445', '000783', '000286']"
đề-xi-mét khối (dm3) Kon Tum tham lam đổi,"['đề-xi-mét khối (dm3)', 'Kon Tum', 'tham lam', 'đổi']","['002687', '003205', '000938', '002735']"
nhìn đèn ông sao tai nạn nghi ngờ,"['nhìn', 'đèn ông sao', 'tai nạn', 'nghi ngờ']","['000000', '000477', '000821', '003532']"
môn Tự nhiên và Xã hội 23 bình thường lau khô,"['môn Tự nhiên và Xã hội', '23', 'bình thường', 'lau khô']","['003443', '001158', '001667', '003230']"
nóng tính cụ đồ cơ thể bánh đa,"['nóng tính', 'cụ đồ', 'cơ thể', 'bánh đa']","['000263', '002486', '002461', '001431']"
đuốc tâm thần phẫu thuật bụng bàn tay,"['đuốc', 'tâm thần', 'phẫu thuật bụng', 'bàn tay']","['002783', '000869', '000794', '001345']"
phấn đấu châm chọc thân hình đỏ thắm,"['phấn đấu', 'châm chọc', 'thân hình', 'đỏ thắm']","['000184', '002139', '001001', '000635']"
mùa hè tiêu cực hài lòng chen lấn,"['mùa hè', 'tiêu cực', 'hài lòng', 'chen lấn']","['003464', '001287', '000444', '002159']"
nhà cửa Kiên Giang cây cọ Lâm Đồng,"['nhà cửa', 'Kiên Giang', 'cây cọ', 'Lâm Đồng']","['003602', '003192', '000994', '003235']"
mù chữ bụi phấn phố cổ Hội an Long Vương,"['mù chữ', 'bụi phấn', 'phố cổ Hội an', 'Long Vương']","['000100', '001812', '000268', '000508']"
nổi da gà chiều rộng chạy em gái,"['nổi da gà', 'chiều rộng', 'chạy', 'em gái']","['000041', '002194', '002109', '002802']"
em út khúc khuỷu mật ong danh mục,"['em út', 'khúc khuỷu', 'mật ong', 'danh mục']","['002806', '003170', '003391', '002523']"
nhận hàng chim chuyền cành đón tiếp mất ngủ,"['nhận hàng', 'chim chuyền cành', 'đón tiếp', 'mất ngủ']","['003631', '002282', '002728', '003386']"
số đo ăn xin lí do lựu đạn,"['số đo', 'ăn xin', 'lí do', 'lựu đạn']","['000729', '001276', '003256', '003330']"
mơ ngủ bàn tán tiêm thêu,"['mơ ngủ', 'bàn tán', 'tiêm', 'thêu']","['003447', '001347', '001259', '001042']"
xe cẩu la hét tính chất ống nhòm,"['xe cẩu', 'la hét', 'tính chất', 'ống nhòm']","['002010', '003207', '001330', '000120']"
bụi tre gấp quần áo xinh đại sứ,"['bụi tre', 'gấp quần áo', 'xinh', 'đại sứ']","['003154', '002841', '002030', '000569']"
thẳng tắp cháu nội ấn tượng mái tóc,"['thẳng tắp', 'cháu nội', 'ấn tượng', 'mái tóc']","['000991', '002099', '001296', '003339']"
tái phạm từ trái nghĩa đầu tàu về 2 (Miền Bắc),"['tái phạm', 'từ trái nghĩa', 'đầu tàu', 'về 2 (Miền Bắc)']","['000831', '001658', '002649', '000358']"
nguy hiểm bậc thang cây tre Thái Nguyên,"['nguy hiểm', 'bậc thang', 'cây tre', 'Thái Nguyên']","['003575', '001549', '002049', '000929']"
thả mồi gà trống truyền thông liên quan,"['thả mồi', 'gà trống', 'truyền thông', 'liên quan']","['000919', '002817', '001578', '003266']"
cung cấp con rùa lông dài,"['cung cấp', 'con rùa', 'lông', 'dài']","['000215', '002379', '003290', '002515']"
mái hiên cười vỡ bụng chặn bồn hoa,"['mái hiên', 'cười vỡ bụng', 'chặn', 'bồn hoa']","['003337', '000058', '002134', '001749']"
Đông Timor (nước Đông Timor) quả su su Long Vương nhổ củ cải,"['Đông Timor (nước Đông Timor)', 'quả su su', 'Long Vương', 'nhổ củ cải']","['002758', '000382', '000508', '000013']"
vạch xuất phát lang thang chiều rộng vỡ,"['vạch xuất phát', 'lang thang', 'chiều rộng', 'vỡ']","['001742', '003218', '002194', '001887']"
môn Đạo đức hội chứng Đao - Down đối diện góc học tập,"['môn Đạo đức', 'hội chứng Đao - Down', 'đối diện', 'góc học tập']","['003429', '000796', '002736', '002920']"
thắp đèn lá thư giải vô địch rừng núi,"['thắp đèn', 'lá thư', 'giải vô địch', 'rừng núi']","['000957', '003210', '002871', '000596']"
xứ Nghệ giao thông đau mắt đỏ hàng chục,"['xứ Nghệ', 'giao thông', 'đau mắt đỏ', 'hàng chục']","['002064', '002860', '000949', '002945']"
thích thú nước mắm nổ súng không thẳng hàng,"['thích thú', 'nước mắm', 'nổ súng', 'không thẳng hàng']","['001064', '000966', '000047', '003160']"
lỗi lầm thần kinh lượm giám đốc,"['lỗi lầm', 'thần kinh', 'lượm', 'giám đốc']","['003288', '001009', '003323', '002872']"
trục tung răng khểnh kèn giỏi,"['trục tung', 'răng khểnh', 'kèn', 'giỏi']","['001534', '000624', '003094', '002909']"
trở thành ngồi dọc nấu nướng,"['trở thành', 'ngồi', 'dọc', 'nấu nướng']","['001528', '003570', '002591', '000229']"
ảo thuật tai lều trại buổi đêm,"['ảo thuật', 'tai', 'lều trại', 'buổi đêm']","['001248', '000818', '003255', '001832']"
đầu tư 1 000 000 (một triệu) chủ đề sổ đầu bài,"['đầu tư', '1 000 000 (một triệu)', 'chủ đề', 'sổ đầu bài']","['000583', '001185', '002236', '000717']"
chớp mắt khả năng tỉ mỉ chùa Một Cột,"['chớp mắt', 'khả năng', 'tỉ mỉ', 'chùa Một Cột']","['002234', '000211', '001240', '002251']"
ki-lô-gam e đối xứng thái độ,"['ki-lô-gam', 'e', 'đối xứng', 'thái độ']","['003179', '001038', '002753', '000925']"
mớ rau ngày sinh trí thức chong chóng,"['mớ rau', 'ngày sinh', 'trí thức', 'chong chóng']","['003454', '003512', '001476', '002224']"
nạp điện trang phục mít tinh khoang tàu,"['nạp điện', 'trang phục', 'mít tinh', 'khoang tàu']","['003483', '001438', '000454', '003147']"
báo (con báo) ngày Quốc tế Lao động hoàng đế tuyệt vọng,"['báo (con báo)', 'ngày Quốc tế Lao động', 'hoàng đế', 'tuyệt vọng']","['001477', '003508', '003021', '001644']"
mù chữ Ê Đê bảng học sinh triệu phú,"['mù chữ', 'Ê Đê', 'bảng học sinh', 'triệu phú']","['000100', '002808', '001389', '001305']"
con gấu bọt biển tuổi thơ ấu năng khiếu,"['con gấu', 'bọt biển', 'tuổi thơ ấu', 'năng khiếu']","['002346', '001711', '001109', '003488']"
chong chóng phiền hà trầm trồ ân hận,"['chong chóng', 'phiền hà', 'trầm trồ', 'ân hận']","['002224', '000474', '001456', '001294']"
triệu phú chim gõ kiến mét khối (m3) quả nho,"['triệu phú', 'chim gõ kiến', 'mét khối (m3)', 'quả nho']","['001305', '002206', '003398', '000370']"
80 Thánh Gióng câu đối anh ruột,"['80', 'Thánh Gióng', 'câu đối', 'anh ruột']","['001163', '001006', '001981', '001239']"
Bãi biển Vũng Tàu taxi góc nhọn kí hiệu,"['Bãi biển Vũng Tàu', 'taxi', 'góc nhọn', 'kí hiệu']","['001319', '000856', '002921', '003184']"
vái tứ phương nhân chứng sân trường chứng minh,"['vái tứ phương', 'nhân chứng', 'sân trường', 'chứng minh']","['001750', '003625', '000669', '002303']"
ung thư phổ biến tuyệt vọng thăm hỏi,"['ung thư', 'phổ biến', 'tuyệt vọng', 'thăm hỏi']","['000479', '000262', '001644', '000983']"
quả na kim phấn đấu thánh địa Mỹ Sơn,"['quả na', 'kim', 'phấn đấu', 'thánh địa Mỹ Sơn']","['000361', '003198', '000184', '000976']"
tham quan mâm ngũ quả gửi nổi bật,"['tham quan', 'mâm ngũ quả', 'gửi', 'nổi bật']","['000944', '003384', '002934', '000053']"
liếc nhìn gà trống ủng con số,"['liếc nhìn', 'gà trống', 'ủng', 'con số']","['000606', '002817', '001704', '002385']"
hú vía danh dự học nhóm thành công,"['hú vía', 'danh dự', 'học nhóm', 'thành công']","['000155', '002520', '003034', '000961']"
gà nướng lu mồ côi cha mẹ ngày Quốc tế Lao động bơm (cái bơm),"['gà nướng lu', 'mồ côi cha mẹ', 'ngày Quốc tế Lao động', 'bơm (cái bơm)']","['000828', '003420', '003509', '001785']"
tai nạn vị ngữ còng ngọn cây,"['tai nạn', 'vị ngữ', 'còng', 'ngọn cây']","['000821', '001823', '002400', '003561']"
ai bảo phố cổ Hội an phương tiện sắp xếp,"['ai bảo', 'phố cổ Hội an', 'phương tiện', 'sắp xếp']","['002133', '000268', '000300', '000645']"
u ám ( trời u ám) phương tiện giao thông quạt cây đặt,"['u ám ( trời u ám)', 'phương tiện giao thông', 'quạt cây', 'đặt']","['001700', '000304', '000412', '002644']"
đi học nhà vệ sinh Nam Định san hô,"['đi học', 'nhà vệ sinh', 'Nam Định', 'san hô']","['002694', '001016', '003478', '000617']"
vắn tắt đồng hồ dốc báo cáo,"['vắn tắt', 'đồng hồ', 'dốc', 'báo cáo']","['001774', '002746', '002595', '001481']"
12 sâu bọ bút thành công,"['12', 'sâu bọ', 'bút', 'thành công']","['001154', '000677', '001865', '000961']"
quả ổi công viên đoàn tụ xe lu,"['quả ổi', 'công viên', 'đoàn tụ', 'xe lu']","['000372', '002439', '002721', '002008']"
người lạ cao tốc còng tách lớp,"['người lạ', 'cao tốc', 'còng', 'tách lớp']","['003588', '001951', '002400', '000817']"
tờ báo quý hiếm tiết kiệm bột giặt,"['tờ báo', 'quý hiếm', 'tiết kiệm', 'bột giặt']","['001408', '000487', '001281', '001763']"
tài giỏi cuối năm lều trại phản bội,"['tài giỏi', 'cuối năm', 'lều trại', 'phản bội']","['000823', '000896', '003255', '000143']"
ngày của Mẹ vào dân tộc Chăm trong sáng,"['ngày của Mẹ', 'vào', 'dân tộc Chăm', 'trong sáng']","['000107', '001758', '000678', '001492']"
thiên nhiên khẩu trang lũy tre bún mắm,"['thiên nhiên', 'khẩu trang', 'lũy tre', 'bún mắm']","['001068', '003128', '003312', '000191']"
ngoặc đơn cây đa ăn vú sữa (bằng thìa) em trai,"['ngoặc đơn', 'cây đa', 'ăn vú sữa (bằng thìa)', 'em trai']","['003555', '002027', '000398', '002805']"
đổi cột đèn d màu nâu,"['đổi', 'cột đèn', 'd', 'màu nâu']","['002735', '002449', '001034', '003348']"
tiến sĩ ô ăn quan thành công câu cá,"['tiến sĩ', 'ô ăn quan', 'thành công', 'câu cá']","['001263', '000091', '000961', '001975']"
xã anh vợ tham dự tính cách,"['xã', 'anh vợ', 'tham dự', 'tính cách']","['001960', '001241', '000935', '001328']"
gian khổ Đu Bai (nước Đu Bai) dốc ngập ngừng,"['gian khổ', 'Đu Bai (nước Đu Bai)', 'dốc', 'ngập ngừng']","['002874', '000027', '002595', '000448']"
nền nhà kêu nhà nước vạch xuất phát,"['nền nhà', 'kêu', 'nhà nước', 'vạch xuất phát']","['003495', '003108', '002601', '001742']"
nhu cầu ăn bám đánh bắt chi tiết,"['nhu cầu', 'ăn bám', 'đánh bắt', 'chi tiết']","['000014', '000735', '002626', '002167']"
kết luận cái nhíp chum bó hoa,"['kết luận', 'cái nhíp', 'chum', 'bó hoa']","['001012', '001909', '002266', '001691']"
tò mò ngoan ngoãn lặng lẽ hoàng hôn,"['tò mò', 'ngoan ngoãn', 'lặng lẽ', 'hoàng hôn']","['001350', '003553', '003233', '003022']"
thiên thần công nghiệp lễ bế giảng duyên dáng,"['thiên thần', 'công nghiệp', 'lễ bế giảng', 'duyên dáng']","['001071', '000676', '003242', '002598']"
phim tài liệu dấu ngã Kiên Giang hàng triệu,"['phim tài liệu', 'dấu ngã', 'Kiên Giang', 'hàng triệu']","['000220', '001124', '003192', '002954']"
vật nuôi trong suốt mắc áo nhào lộn,"['vật nuôi', 'trong suốt', 'mắc áo', 'nhào lộn']","['001801', '001502', '003369', '003614']"
không nên nhập khẩu kêu hợp lí,"['không nên', 'nhập khẩu', 'kêu', 'hợp lí']","['000092', '000032', '003108', '003069']"
cái gương toa xe đưa đón xe cảnh sát,"['cái gương', 'toa xe', 'đưa đón', 'xe cảnh sát']","['001906', '001358', '002786', '001994']"
Lâm Đồng đổi bỏ phiếu làm ruộng,"['Lâm Đồng', 'đổi', 'bỏ phiếu', 'làm ruộng']","['003235', '002735', '001683', '003216']"
chủ ngữ trà sữa môn Giáo dục công dân khoan (khoan đã),"['chủ ngữ', 'trà sữa', 'môn Giáo dục công dân', 'khoan (khoan đã)']","['002239', '000857', '003430', '003410']"
phổ biến khen mở đầu đằng trước,"['phổ biến', 'khen', 'mở đầu', 'đằng trước']","['000262', '003131', '003451', '002641']"
5 quyết định hải sản bắc nam,"['5', 'quyết định', 'hải sản', 'bắc nam']","['001132', '000478', '000824', '001507']"
em út nô lệ tròn trịa (mặt) bắn bi,"['em út', 'nô lệ', 'tròn trịa (mặt)', 'bắn bi']","['002806', '000040', '001490', '001513']"
thông minh diện tích xung quanh ăn vừa hồ nước,"['thông minh', 'diện tích xung quanh', 'ăn vừa', 'hồ nước']","['001097', '002583', '000939', '003052']"
khoảng cách chuyên gia chú rể lãng phí,"['khoảng cách', 'chuyên gia', 'chú rể', 'lãng phí']","['003141', '002279', '002243', '000690']"
nhà vệ sinh đau chân mũm mĩm du học,"['nhà vệ sinh', 'đau chân', 'mũm mĩm', 'du học']","['001016', '000781', '000906', '002597']"
thái độ thăm hỏi cây cổ thụ giả bộ (giống giả vờ),"['thái độ', 'thăm hỏi', 'cây cổ thụ', 'giả bộ (giống giả vờ)']","['000925', '000983', '002021', '002852']"
uốn quần yếm tập viết nô lệ,"['uốn', 'quần yếm', 'tập viết', 'nô lệ']","['001710', '000438', '000887', '000040']"
cốc chùm hoa ít năng lực,"['cốc', 'chùm hoa', 'ít', 'năng lực']","['002423', '002267', '003089', '003489']"
kỹ năng đầu xuôi đuôi lọt ổn định khu vườn,"['kỹ năng', 'đầu xuôi đuôi lọt', 'ổn định', 'khu vườn']","['000213', '002651', '000101', '003168']"
6 con sư tử nô lệ hỏi,"['6', 'con sư tử', 'nô lệ', 'hỏi']","['001138', '002387', '000040', '003040']"
bệnh thủy đậu thấp hơn chia rẽ người quen,"['bệnh thủy đậu', 'thấp hơn', 'chia rẽ', 'người quen']","['001619', '001013', '000728', '003590']"
giúp đỡ lọ mực khéo môn Mĩ thuật,"['giúp đỡ', 'lọ mực', 'khéo', 'môn Mĩ thuật']","['002914', '003281', '003133', '003437']"
nén chia đôi phụ thuộc về 3 (đi về),"['nén', 'chia đôi', 'phụ thuộc', 'về 3 (đi về)']","['003492', '000562', '000768', '000362']"
móc áo cắt lông mũi chị họ bệnh Đao - Down,"['móc áo', 'cắt lông mũi', 'chị họ', 'bệnh Đao - Down']","['003411', '000618', '000327', '000798']"
con số đề phòng giải quyết quy đồng mẫu số,"['con số', 'đề phòng', 'giải quyết', 'quy đồng mẫu số']","['002385', '000461', '002870', '000471']"
tên riêng yếu dân chủ xe cẩu,"['tên riêng', 'yếu', 'dân chủ', 'xe cẩu']","['000895', '002114', '000253', '002010']"
nhi đồng danh nhân thần chết kém,"['nhi đồng', 'danh nhân', 'thần chết', 'kém']","['003641', '002524', '001007', '003098']"
nhận hàng phẫu thuật chân 80 nếm,"['nhận hàng', 'phẫu thuật chân', '80', 'nếm']","['003631', '000786', '001163', '003494']"
tuốt lúa đen đủi hiện nay nhận,"['tuốt lúa', 'đen đủi', 'hiện nay', 'nhận']","['001636', '000595', '002990', '003632']"
tiểu học áo phông sữa môn Tự nhiên và Xã hội,"['tiểu học', 'áo phông', 'sữa', 'môn Tự nhiên và Xã hội']","['001295', '001262', '000795', '003443']"
tỉnh táo biến đổi tính toán w,"['tỉnh táo', 'biến đổi', 'tính toán', 'w']","['000659', '001639', '001342', '001101']"
sau đề-xi-mét (dm) cá kho về (Sài Gòn),"['sau', 'đề-xi-mét (dm)', 'cá kho', 'về (Sài Gòn)']","['000640', '002686', '001900', '000356']"
nhiệt kế đua đòi giao lưu câu đối,"['nhiệt kế', 'đua đòi', 'giao lưu', 'câu đối']","['003642', '000973', '002878', '001981']"
kinh nghiệm quả bưởi kêu xé rách,"['kinh nghiệm', 'quả bưởi', 'kêu', 'xé rách']","['003200', '000310', '003108', '002012']"
tích cực đuốc tỏa hương cô giáo,"['tích cực', 'đuốc', 'tỏa hương', 'cô giáo']","['001249', '002783', '001368', '002406']"
ác mộng chúng tôi (đại từ) bắn bi chất lượng,"['ác mộng', 'chúng tôi (đại từ)', 'bắn bi', 'chất lượng']","['001196', '000281', '001511', '002151']"
phố móng chân ban ngày xem xét,"['phố', 'móng chân', 'ban ngày', 'xem xét']","['000264', '003418', '001331', '002014']"
đếm vui tính lớn hơn 2 (Toán học) lúa,"['đếm', 'vui tính', 'lớn hơn 2 (Toán học)', 'lúa']","['002689', '001910', '000656', '003300']"
thiên nhiên mỗi kẻ thù phao,"['thiên nhiên', 'mỗi', 'kẻ thù', 'phao']","['001068', '003425', '003095', '000154']"
ngược lại a thận ác độc,"['ngược lại', 'a', 'thận', 'ác độc']","['003582', '001022', '001011', '001194']"
tia nắng ma cà rồng cố gắng gà tây,"['tia nắng', 'ma cà rồng', 'cố gắng', 'gà tây']","['001244', '003332', '002412', '002816']"
vui tính ăn vừa câu chuyện cao tầng,"['vui tính', 'ăn vừa', 'câu chuyện', 'cao tầng']","['001910', '000939', '001977', '001947']"
con mèo chất rắn chuyên biệt tiểu học,"['con mèo', 'chất rắn', 'chuyên biệt', 'tiểu học']","['002359', '002152', '002276', '001295']"
ý thức mắng đàng ngoài khăn quàng,"['ý thức', 'mắng', 'đàng ngoài', 'khăn quàng']","['002086', '003376', '002622', '003123']"
đường Nguyễn Huệ hiện nay xe tải số chín,"['đường Nguyễn Huệ', 'hiện nay', 'xe tải', 'số chín']","['002793', '002990', '001506', '000727']"
đèn xanh cầu (cây cầu) hợp đồng dịch vụ,"['đèn xanh', 'cầu (cây cầu)', 'hợp đồng', 'dịch vụ']","['002673', '001995', '003067', '002578']"
rút gọn phân số búp bê bên trái tình huống,"['rút gọn phân số', 'búp bê', 'bên trái', 'tình huống']","['000587', '001863', '001603', '001316']"
tay chân sạch sẽ bún đậu phủ nhận hàng ngang,"['tay chân sạch sẽ', 'bún đậu', 'phủ nhận', 'hàng ngang']","['000918', '000199', '000282', '002950']"
cô dâu khuôn hình bắt giữ nông nghiệp,"['cô dâu', 'khuôn hình', 'bắt giữ', 'nông nghiệp']","['002402', '003173', '001543', '000066']"
cướp thờ cúng xông hơi tác dụng,"['cướp', 'thờ cúng', 'xông hơi', 'tác dụng']","['002506', '001111', '002046', '000813']"
sổ đầu bài bóc vỏ đón bột giặt,"['sổ đầu bài', 'bóc vỏ', 'đón', 'bột giặt']","['000717', '001695', '002727', '001763']"
em rể giấy ăn bãi tắm cử động,"['em rể', 'giấy ăn', 'bãi tắm', 'cử động']","['002804', '002896', '001327', '002498']"
đắt đỏ bún chả phương tiện giao thông mặt dài,"['đắt đỏ', 'bún chả', 'phương tiện giao thông', 'mặt dài']","['002643', '000193', '000304', '003382']"
con đom đóm Miến Điện (nước Mi-an-ma) nước ép trái cây động cơ,"['con đom đóm', 'Miến Điện (nước Mi-an-ma)', 'nước ép trái cây', 'động cơ']","['002342', '000012', '000838', '002768']"
thái độ thương mại danh lam thắng cảnh số La Mã (Toán học),"['thái độ', 'thương mại', 'danh lam thắng cảnh', 'số La Mã (Toán học)']","['000923', '000671', '002522', '000507']"
dây thần kinh chứng cớ con sóc Phú Thọ,"['dây thần kinh', 'chứng cớ', 'con sóc', 'Phú Thọ']","['002564', '002302', '002382', '000284']"
bài báo p súp lơ hình cầu,"['bài báo', 'p', 'súp lơ', 'hình cầu']","['001309', '001074', '000176', '002997']"
ăn bám chim phượng hoàng bạn yêu tôi lửa,"['ăn bám', 'chim phượng hoàng', 'bạn yêu tôi', 'lửa']","['000735', '002207', '000289', '003315']"
miền Bắc Việt Nam lồng tiếng lồng chim lên xe,"['miền Bắc Việt Nam', 'lồng tiếng', 'lồng chim', 'lên xe']","['003406', '003294', '003293', '003254']"
xì hơi (đánh rắm) liền trước ăn diện Đồng Nai,"['xì hơi (đánh rắm)', 'liền trước', 'ăn diện', 'Đồng Nai']","['001494', '003269', '001268', '002747']"
lý do gieo xúc xắc Paris miền Bắc Việt Nam,"['lý do', 'gieo xúc xắc', 'Paris', 'miền Bắc Việt Nam']","['000652', '002905', '002443', '003406']"
chu vi ý nghĩa Kon Tum đua ngựa,"['chu vi', 'ý nghĩa', 'Kon Tum', 'đua ngựa']","['002235', '002082', '003205', '002778']"
huyện bao la võ thuật giải lao,"['huyện', 'bao la', 'võ thuật', 'giải lao']","['003080', '001457', '001852', '002869']"
phòng chức năng mọc râu bớt bổ ngữ,"['phòng chức năng', 'mọc râu', 'bớt', 'bổ ngữ']","['000243', '000630', '001793', '001719']"
10 không hiểu Thăng Long Bạc Liêu,"['10', 'không hiểu', 'Thăng Long', 'Bạc Liêu']","['001146', '003164', '000549', '001307']"
tải về võ thuật Quảng Ninh lợi ích,"['tải về', 'võ thuật', 'Quảng Ninh', 'lợi ích']","['000591', '001852', '000407', '003298']"
đợi cơm rang gương mặt ư,"['đợi', 'cơm rang', 'gương mặt', 'ư']","['002772', '000207', '002938', '001090']"
tranh luận chứng minh thở khắc phục,"['tranh luận', 'chứng minh', 'thở', 'khắc phục']","['001440', '002303', '001117', '003121']"
nhắc nhở đứng nghiêm máy ảnh mọc tóc,"['nhắc nhở', 'đứng nghiêm', 'máy ảnh', 'mọc tóc']","['003621', '002787', '003362', '000628']"
đan trùm chăn ý nghĩa mùa hè,"['đan', 'trùm chăn', 'ý nghĩa', 'mùa hè']","['002615', '001544', '002084', '003464']"
thợ kim hoàn kí tên bún chả mạch máu,"['thợ kim hoàn', 'kí tên', 'bún chả', 'mạch máu']","['001119', '003185', '000193', '003335']"
về 5 (về nhà) tuổi thơ ấu xoá bỏ dán,"['về 5 (về nhà)', 'tuổi thơ ấu', 'xoá bỏ', 'dán']","['000366', '001109', '002036', '002528']"
chiều cao đường kính cắt lông mũi mít tinh,"['chiều cao', 'đường kính', 'cắt lông mũi', 'mít tinh']","['002192', '002792', '000618', '000454']"
ngày sinh xa xôi vùng vẫy (dành cho người) đường sắt,"['ngày sinh', 'xa xôi', 'vùng vẫy (dành cho người)', 'đường sắt']","['003510', '001930', '001914', '002794']"
xe ben quả dưa hấu từ bỏ con chuột nhắt,"['xe ben', 'quả dưa hấu', 'từ bỏ', 'con chuột nhắt']","['001990', '000326', '001646', '002328']"
mùa hè đối thoại sương gió lão già,"['mùa hè', 'đối thoại', 'sương gió', 'lão già']","['003463', '002751', '000809', '003228']"
chiêng hàng ngang Châu Á Thái Bình Dương bẫy chuột (hành động),"['chiêng', 'hàng ngang', 'Châu Á Thái Bình Dương', 'bẫy chuột (hành động)']","['002191', '002950', '002155', '001561']"
đồ chơi tràn ngập (nước) danh từ riêng Dinh Độc Lập,"['đồ chơi', 'tràn ngập (nước)', 'danh từ riêng', 'Dinh Độc Lập']","['002733', '001436', '002527', '002587']"
bông hoa giảm bảng chia gốm sứ,"['bông hoa', 'giảm', 'bảng chia', 'gốm sứ']","['001755', '002858', '001391', '002932']"
cất giấu má hồng người yêu hồi hộp,"['cất giấu', 'má hồng', 'người yêu', 'hồi hộp']","['001973', '000446', '003599', '003055']"
trường mầm non người quen nhà thờ màu trắng,"['trường mầm non', 'người quen', 'nhà thờ', 'màu trắng']","['001602', '003590', '003606', '003354']"
sợi dây trộm cắp ngược lại hót,"['sợi dây', 'trộm cắp', 'ngược lại', 'hót']","['000753', '001508', '003582', '003047']"
đá bóng khẩu trang quay phim ngón chân,"['đá bóng', 'khẩu trang', 'quay phim', 'ngón chân']","['002604', '003128', '000416', '003559']"
nguội cháu ngoại lớp cờ,"['nguội', 'cháu ngoại', 'lớp', 'cờ']","['000814', '002089', '003299', '002464']"
quạt trần hội thảo lưu tặc lưỡi,"['quạt trần', 'hội thảo', 'lưu', 'tặc lưỡi']","['001458', '003061', '001461', '000865']"
bỏ hoang vô lí cưa (cái cưa) w,"['bỏ hoang', 'vô lí', 'cưa (cái cưa)', 'w']","['001681', '001864', '002499', '001101']"
chạy duy nhất hình hăng hái,"['chạy', 'duy nhất', 'hình', 'hăng hái']","['002109', '000980', '002995', '002966']"
ác độc kiếm (cái kiếm) cắm trại tia nắng,"['ác độc', 'kiếm (cái kiếm)', 'cắm trại', 'tia nắng']","['001194', '003191', '000209', '001244']"
cờ chia cắt chim yến bạn yêu tôi,"['cờ', 'chia cắt', 'chim yến', 'bạn yêu tôi']","['002464', '002180', '002208', '000289']"
Kon Tum bất hiếu mồ hôi khoác áo,"['Kon Tum', 'bất hiếu', 'mồ hôi', 'khoác áo']","['003205', '001555', '003421', '003144']"
xẻng cuộc sống cơm bình dân sắp xếp,"['xẻng', 'cuộc sống', 'cơm bình dân', 'sắp xếp']","['002018', '002493', '002467', '000645']"
màu đỏ cát duy nhất mồ côi,"['màu đỏ', 'cát', 'duy nhất', 'mồ côi']","['003347', '001953', '000980', '003419']"
s buộc tóc cất giấu lên ngôi,"['s', 'buộc tóc', 'cất giấu', 'lên ngôi']","['001080', '001824', '001973', '003253']"
chui ghi nhớ khung cửa số lá thư,"['chui', 'ghi nhớ', 'khung cửa số', 'lá thư']","['002264', '002850', '003171', '003210']"
cát Ninh Bình lão già liền trước,"['cát', 'Ninh Bình', 'lão già', 'liền trước']","['001953', '000024', '003228', '003269']"
quê a cảng Hải Phòng câu ghép,"['quê', 'a', 'cảng Hải Phòng', 'câu ghép']","['000445', '001022', '000700', '001985']"
cuộn giấy vệ sinh dỗi thờ cúng răng cưa,"['cuộn giấy vệ sinh', 'dỗi', 'thờ cúng', 'răng cưa']","['002495', '000602', '001111', '000533']"
bón phân nhi đồng giải vô địch con rùa,"['bón phân', 'nhi đồng', 'giải vô địch', 'con rùa']","['001699', '003641', '002871', '002379']"
bảng trừ xe lu nón con trai (động vật),"['bảng trừ', 'xe lu', 'nón', 'con trai (động vật)']","['001423', '002008', '000039', '002393']"
đồ ăn cụ già chèo thuyền làm việc,"['đồ ăn', 'cụ già', 'chèo thuyền', 'làm việc']","['000945', '002487', '002162', '003217']"
Bà Rịa - Vũng Tàu thắng lợi bến xe khách sạn,"['Bà Rịa - Vũng Tàu', 'thắng lợi', 'bến xe', 'khách sạn']","['001303', '000993', '001615', '003113']"
lau nhà dây thần kinh xã cối giã,"['lau nhà', 'dây thần kinh', 'xã', 'cối giã']","['003231', '002564', '001960', '002424']"
xôi gấc băng giá gù lưng Thanh Hóa,"['xôi gấc', 'băng giá', 'gù lưng', 'Thanh Hóa']","['000202', '001525', '002132', '000955']"
bánh pía kính lúp về 5 (về nhà) bé hơn,"['bánh pía', 'kính lúp', 'về 5 (về nhà)', 'bé hơn']","['001451', '003203', '000366', '001575']"
vàng (kim loại) Hà Lan (nước Hà Lan) rưỡi sáng kiến,"['vàng (kim loại)', 'Hà Lan (nước Hà Lan)', 'rưỡi', 'sáng kiến']","['001754', '002941', '000605', '000625']"
có ích va chạm xe đạp điện,"['có ích', 'va chạm', 'xe đạp', 'điện']","['002308', '001734', '001988', '002702']"
không đẹp cổ đại vênh váo lễ Nô-en,"['không đẹp', 'cổ đại', 'vênh váo', 'lễ Nô-en']","['000269', '002410', '001813', '003247']"
ý nghĩa liều lĩnh luyện từ và câu đóng cửa,"['ý nghĩa', 'liều lĩnh', 'luyện từ và câu', 'đóng cửa']","['002084', '003271', '003314', '002729']"
Tết hàn thực thuê con cá sấu chứng minh,"['Tết hàn thực', 'thuê', 'con cá sấu', 'chứng minh']","['000102', '001164', '000127', '002303']"
liều mình bảng đen mặt dài mơ ước,"['liều mình', 'bảng đen', 'mặt dài', 'mơ ước']","['003272', '001403', '003382', '003448']"
tủi thân huyện sữa đặc cạnh bên (toán),"['tủi thân', 'huyện', 'sữa đặc', 'cạnh bên (toán)']","['001628', '003080', '000785', '001925']"
ngón chân cây thân gỗ xăng-ti-mét (cm) c,"['ngón chân', 'cây thân gỗ', 'xăng-ti-mét (cm)', 'c']","['003559', '002045', '001972', '001032']"
lãnh đạo ung thư 10 anh chị em,"['lãnh đạo', 'ung thư', '10', 'anh chị em']","['003222', '000483', '001146', '001215']"
phim tài liệu Bắc bộ siêu thị danh mục,"['phim tài liệu', 'Bắc bộ', 'siêu thị', 'danh mục']","['000220', '001499', '000685', '002523']"
công ước bút máy máy bơm quả điều,"['công ước', 'bút máy', 'máy bơm', 'quả điều']","['002438', '001871', '003363', '002708']"
chanh đá rõ ràng giao hoán gửi,"['chanh đá', 'rõ ràng', 'giao hoán', 'gửi']","['000846', '000555', '002877', '002934']"
buổi sáng áo con gái câu chuyện,"['buổi sáng', 'áo', 'con gái', 'câu chuyện']","['001834', '001250', '002345', '001977']"
háo hức bơi lội cực khổ ham chơi,"['háo hức', 'bơi lội', 'cực khổ', 'ham chơi']","['000586', '001783', '000219', '000738']"
hành quân quê thủ tướng đua ngựa,"['hành quân', 'quê', 'thủ tướng', 'đua ngựa']","['002959', '000447', '001143', '002778']"
hàng chục triệu ngập ngừng đi vệ sinh nổ lốp xe,"['hàng chục triệu', 'ngập ngừng', 'đi vệ sinh', 'nổ lốp xe']","['002947', '000448', '001019', '000043']"
biểu đồ hình quạt linh hồn vào 11,"['biểu đồ hình quạt', 'linh hồn', 'vào', '11']","['001647', '003273', '001758', '001150']"
đỏ thắm vuông góc bánh bột lọc không có,"['đỏ thắm', 'vuông góc', 'bánh bột lọc', 'không có']","['000635', '001920', '001425', '000249']"
vuông góc nằm đất ruộng từ trái sang phải,"['vuông góc', 'nằm', 'đất ruộng', 'từ trái sang phải']","['001920', '003486', '000258', '001660']"
cây xanh tươi kết hợp ă rắc rối,"['cây xanh tươi', 'kết hợp', 'ă', 'rắc rối']","['001963', '003104', '001025', '000588']"
v ống nước lĩnh hội lùi bước,"['v', 'ống nước', 'lĩnh hội', 'lùi bước']","['001092', '000122', '003274', '003310']"
ki-lô-mét vuông (km2) kí duyệt chất độc vịt quay,"['ki-lô-mét vuông (km2)', 'kí duyệt', 'chất độc', 'vịt quay']","['003180', '003178', '002147', '000827']"
cày Tây Ninh cây cọ tự giác,"['cày', 'Tây Ninh', 'cây cọ', 'tự giác']","['001957', '000893', '000994', '000098']"
hài hước dễ thương vận động lục địa,"['hài hước', 'dễ thương', 'vận động', 'lục địa']","['002943', '002571', '001794', '003308']"
phụ thuộc pha cà phê hấp khoan (cái khoan),"['phụ thuộc', 'pha cà phê', 'hấp', 'khoan (cái khoan)']","['000768', '000130', '000808', '003140']"
bịa đặt nhạy cảm giả mạo khờ dại,"['bịa đặt', 'nhạy cảm', 'giả mạo', 'khờ dại']","['001631', '003620', '002853', '000217']"
xăng-ti-mét-khối (cm3) thực phẩm nguyện vọng Tết Dương,"['xăng-ti-mét-khối (cm3)', 'thực phẩm', 'nguyện vọng', 'Tết Dương']","['001974', '001220', '003578', '000903']"
nguyên nhân nhộn nhịp (đông người) lãnh đạo lúa,"['nguyên nhân', 'nhộn nhịp (đông người)', 'lãnh đạo', 'lúa']","['003577', '000660', '003222', '003300']"
dòng họ đề tài Liên Bang Nga (nước Nga) cưa (cái cưa),"['dòng họ', 'đề tài', 'Liên Bang Nga (nước Nga)', 'cưa (cái cưa)']","['002593', '002685', '003257', '002499']"
vui tính đại tá lẩu trốn tìm,"['vui tính', 'đại tá', 'lẩu', 'trốn tìm']","['001910', '002612', '000804', '000643']"
Võ Nguyên Giáp mắng màu xanh lá cây 11,"['Võ Nguyên Giáp', 'mắng', 'màu xanh lá cây', '11']","['001843', '003376', '003359', '001148']"
tính nhẩm nước tương (xì dầu) giao thừa núi lửa,"['tính nhẩm', 'nước tương (xì dầu)', 'giao thừa', 'núi lửa']","['001340', '001688', '002879', '000077']"
sinh động dấu ngoặc đơn khe núi mắc áo,"['sinh động', 'dấu ngoặc đơn', 'khe núi', 'mắc áo']","['000695', '002556', '003130', '003369']"
khu vực cách ly sản xuất chú tễu dầu khí,"['khu vực cách ly', 'sản xuất', 'chú tễu', 'dầu khí']","['000996', '000621', '002244', '002550']"
quan điểm áo kẻ sọc đăng nhập đầy tớ,"['quan điểm', 'áo kẻ sọc', 'đăng nhập', 'đầy tớ']","['000396', '000663', '002639', '002656']"
xử lý cổ truyền phương tiện vực sâu,"['xử lý', 'cổ truyền', 'phương tiện', 'vực sâu']","['000256', '002414', '000300', '003169']"
trúng tuyển nghé bún ốc phục vụ,"['trúng tuyển', 'nghé', 'bún ốc', 'phục vụ']","['001574', '003523', '000197', '000290']"
Hà Giang ý thức tỉ lệ năng khiếu,"['Hà Giang', 'ý thức', 'tỉ lệ', 'năng khiếu']","['002940', '002086', '001238', '003488']"
sau nền nhà taxi củ khoai lang,"['sau', 'nền nhà', 'taxi', 'củ khoai lang']","['000640', '003495', '000856', '002472']"
tóc ngắn đi tuần xâm hại tình dục rừng núi,"['tóc ngắn', 'đi tuần', 'xâm hại tình dục', 'rừng núi']","['000910', '000527', '003552', '000596']"
nước Việt nam chuyển vế con sói sóng biển,"['nước Việt nam', 'chuyển vế', 'con sói', 'sóng biển']","['000081', '002290', '002383', '000712']"
quả bưởi số lẻ hoán vị yêu nước Việt Nam,"['quả bưởi', 'số lẻ', 'hoán vị', 'yêu nước Việt Nam']","['000310', '000730', '003020', '000523']"
thụ phấn (hoa) gang tay lồng chim bí ngô,"['thụ phấn (hoa)', 'gang tay', 'lồng chim', 'bí ngô']","['001293', '002823', '003293', '001625']"
tách lớp áo em rể liên tục,"['tách lớp', 'áo', 'em rể', 'liên tục']","['000817', '001250', '002804', '003267']"
sinh hoạt theo đuổi vô ý thức phấn đấu,"['sinh hoạt', 'theo đuổi', 'vô ý thức', 'phấn đấu']","['000697', '001031', '001875', '000184']"
kí tên giả mạo kiến trúc gặp gỡ,"['kí tên', 'giả mạo', 'kiến trúc', 'gặp gỡ']","['003186', '002853', '003195', '002837']"
trú mưa danh từ riêng phân số mọc râu,"['trú mưa', 'danh từ riêng', 'phân số', 'mọc râu']","['001530', '002527', '000163', '000630']"
giả sử cụ đồ bánh gai đòi,"['giả sử', 'cụ đồ', 'bánh gai', 'đòi']","['002854', '002486', '001435', '000977']"
y tế không có tuỷ sống dãy núi,"['y tế', 'không có', 'tuỷ sống', 'dãy núi']","['002076', '000249', '001638', '002531']"
rửa bát bé trai hộp bút bột màu,"['rửa bát', 'bé trai', 'hộp bút', 'bột màu']","['000589', '001579', '003064', '001765']"
hốt hoảng cái bè chiếm đoạt chân tay,"['hốt hoảng', 'cái bè', 'chiếm đoạt', 'chân tay']","['000530', '001902', '002190', '002144']"
tập thể dục máy vi tính đồng tiền Bình Phước,"['tập thể dục', 'máy vi tính', 'đồng tiền', 'Bình Phước']","['000883', '002310', '002765', '001663']"
hòn bi (giống viên bi) vòi nước rau bắp cải kính lúp,"['hòn bi (giống viên bi)', 'vòi nước', 'rau bắp cải', 'kính lúp']","['003042', '001854', '000513', '003203']"
dai phép tính khổ thơ cơm,"['dai', 'phép tính', 'khổ thơ', 'cơm']","['002514', '000194', '003156', '002466']"
giáo dục Đồng Nai liều mình xịt côn trùng,"['giáo dục', 'Đồng Nai', 'liều mình', 'xịt côn trùng']","['002883', '002747', '003272', '002585']"
gọt bút chì bình sữa (em bé) Do Thái cử động,"['gọt bút chì', 'bình sữa (em bé)', 'Do Thái', 'cử động']","['002928', '000974', '000018', '002498']"
thiếp đi phòng máy tính chúc mừng nghệ thuật,"['thiếp đi', 'phòng máy tính', 'chúc mừng', 'nghệ thuật']","['001073', '000250', '002255', '003530']"
quốc khánh vô lo vô nghĩ lưu phong tục,"['quốc khánh', 'vô lo vô nghĩ', 'lưu', 'phong tục']","['000458', '001866', '001461', '000235']"
bồ kết cô đơn mặc kệ ăn ít,"['bồ kết', 'cô đơn', 'mặc kệ', 'ăn ít']","['001715', '002403', '003371', '000941']"
thìa tuần lễ người Điếc thế giới gà nướng lu ruột già,"['thìa', 'tuần lễ người Điếc thế giới', 'gà nướng lu', 'ruột già']","['001055', '000105', '000828', '000581']"
trộn (đt) nhà sàn quốc hội quan sát,"['trộn (đt)', 'nhà sàn', 'quốc hội', 'quan sát']","['001526', '003603', '000456', '000574']"
lẩu thổi kèn nháy mắt củ sả,"['lẩu', 'thổi kèn', 'nháy mắt', 'củ sả']","['000804', '001091', '003619', '002484']"
Thanh Hóa bàn chân ruột già phấn trang điểm,"['Thanh Hóa', 'bàn chân', 'ruột già', 'phấn trang điểm']","['000955', '001337', '000581', '000186']"
tuyên bố đau mắt đỏ đàn ghi ta ý chí,"['tuyên bố', 'đau mắt đỏ', 'đàn ghi ta', 'ý chí']","['001640', '000949', '002619', '002078']"
nhà thờ nhường nhịn Lào (nước Lào) hai là,"['nhà thờ', 'nhường nhịn', 'Lào (nước Lào)', 'hai là']","['003606', '000020', '003227', '000315']"
Gia Lai xoa đầu lấy dây thần kinh,"['Gia Lai', 'xoa đầu', 'lấy', 'dây thần kinh']","['002851', '000232', '003240', '002564']"
thèm chi tiết 80 mùa thu,"['thèm', 'chi tiết', '80', 'mùa thu']","['000067', '002167', '001163', '003466']"
gấp quần áo hồ nước thành lập internet,"['gấp quần áo', 'hồ nước', 'thành lập', 'internet']","['002841', '003052', '000967', '001014']"
triệu phú chúc tết chai danh hiệu,"['triệu phú', 'chúc tết', 'chai', 'danh hiệu']","['001305', '002258', '002069', '002521']"
lùi bước áo ấm môn Sinh học dấu nặng,"['lùi bước', 'áo ấm', 'môn Sinh học', 'dấu nặng']","['003310', '001252', '003439', '001126']"
héo lưu ý cầu Thê Húc (Hồ Gươm) cột sống,"['héo', 'lưu ý', 'cầu Thê Húc (Hồ Gươm)', 'cột sống']","['002978', '003328', '000746', '002454']"
mái chèo múa rối vui mừng thông tin,"['mái chèo', 'múa rối', 'vui mừng', 'thông tin']","['003336', '003470', '001903', '001107']"
sân chơi nhường nhịn ghi hình pháo đài,"['sân chơi', 'nhường nhịn', 'ghi hình', 'pháo đài']","['000657', '000020', '002849', '002605']"
y tế trộn (đt) kí hiệu thẻ,"['y tế', 'trộn (đt)', 'kí hiệu', 'thẻ']","['002076', '001526', '003184', '001033']"
bắn súng dấu hỏi dòng sông chảy huyện,"['bắn súng', 'dấu hỏi', 'dòng sông chảy', 'huyện']","['001517', '001114', '000934', '003081']"
lặng lẽ thân hình bát mỗi ngày,"['lặng lẽ', 'thân hình', 'bát', 'mỗi ngày']","['003233', '001001', '001487', '000389']"
lông gà môn Giáo dục công dân ấm áp trung ương,"['lông gà', 'môn Giáo dục công dân', 'ấm áp', 'trung ương']","['003291', '003430', '001286', '001566']"
sữa hộp đánh trống kì lạ chật chội,"['sữa hộp', 'đánh trống', 'kì lạ', 'chật chội']","['000789', '002629', '003177', '002154']"
hình mùa hè chuyển giao học tập,"['hình', 'mùa hè', 'chuyển giao', 'học tập']","['002995', '003463', '002288', '003036']"
trả thù Ả Rập (nước Ả Rập) Tây Nguyên mù chữ,"['trả thù', 'Ả Rập (nước Ả Rập)', 'Tây Nguyên', 'mù chữ']","['002126', '000021', '000891', '000100']"
cối xay gió câu thơ khỏi bệnh mẫu số chung,"['cối xay gió', 'câu thơ', 'khỏi bệnh', 'mẫu số chung']","['002425', '001991', '003151', '003394']"
xưa bảng cộng đèn báo giao thông lọ hoa,"['xưa', 'bảng cộng', 'đèn báo giao thông', 'lọ hoa']","['002070', '001397', '002661', '003280']"
trung tâm đường Nguyễn Huệ hộp sữa con gà,"['trung tâm', 'đường Nguyễn Huệ', 'hộp sữa', 'con gà']","['001556', '002793', '003065', '002344']"
đánh bắt bớt xem xét mở,"['đánh bắt', 'bớt', 'xem xét', 'mở']","['002626', '001793', '002014', '003449']"
ngộ nghĩnh ổn định bay nhanh (máy bay) người máy,"['ngộ nghĩnh', 'ổn định', 'bay nhanh (máy bay)', 'người máy']","['003567', '000101', '000409', '003589']"
làm ruộng thiên thần bón phân Hậu Giang,"['làm ruộng', 'thiên thần', 'bón phân', 'Hậu Giang']","['003216', '001071', '001699', '002969']"
phẫu thuật tay ăn đủ ôn tập phá,"['phẫu thuật tay', 'ăn đủ', 'ôn tập', 'phá']","['000784', '000937', '000099', '000140']"
nghĩa đen nến thương (số) con mực,"['nghĩa đen', 'nến', 'thương (số)', 'con mực']","['003540', '003496', '001228', '002362']"
cầu giao vô tư lồng bàn vai trò,"['cầu giao', 'vô tư', 'lồng bàn', 'vai trò']","['001999', '001872', '003292', '001746']"
lọ mực xui xẻo héc-tô-gam (hg) tích (số),"['lọ mực', 'xui xẻo', 'héc-tô-gam (hg)', 'tích (số)']","['003281', '000597', '002974', '001247']"
bụi đời nhặt rau xếp xông hơi,"['bụi đời', 'nhặt rau', 'xếp', 'xông hơi']","['001808', '003623', '002020', '002046']"
chia cắt vuốt tóc tiến bộ đàn xê lô đại vĩ cầm,"['chia cắt', 'vuốt tóc', 'tiến bộ', 'đàn xê lô đại vĩ cầm']","['002180', '001918', '000693', '002616']"
dịu dàng tàu thủy công chúa chứng cớ,"['dịu dàng', 'tàu thủy', 'công chúa', 'chứng cớ']","['000930', '000855', '002430', '002302']"
thầy cô sách nhắm mắt quyển vở,"['thầy cô', 'sách', 'nhắm mắt', 'quyển vở']","['001015', '000611', '000924', '000492']"
u ám ( trời u ám) miền Nam Việt Nam rau ngót hàng chục nghìn,"['u ám ( trời u ám)', 'miền Nam Việt Nam', 'rau ngót', 'hàng chục nghìn']","['001700', '003407', '000522', '002946']"
một là vòng đeo tay bổ ngữ nơ,"['một là', 'vòng đeo tay', 'bổ ngữ', 'nơ']","['000313', '001847', '001719', '000073']"
Bình Phước tuần lễ người Điếc thế giới thù lao chợ Bến Thành,"['Bình Phước', 'tuần lễ người Điếc thế giới', 'thù lao', 'chợ Bến Thành']","['001663', '000105', '001137', '002226']"
trộn (đt) tóc ngắn trường mầm non lên xe,"['trộn (đt)', 'tóc ngắn', 'trường mầm non', 'lên xe']","['001526', '000910', '001602', '003254']"
góc học tập gà mái bơm nước đau mắt đỏ,"['góc học tập', 'gà mái', 'bơm nước', 'đau mắt đỏ']","['002920', '002814', '001787', '000949']"
đọc sách ung dung bên dưới bút máy,"['đọc sách', 'ung dung', 'bên dưới', 'bút máy']","['002726', '001702', '001599', '001871']"
con ong bảng màu chè đỗ đỏ ô nhiễm,"['con ong', 'bảng màu', 'chè đỗ đỏ', 'ô nhiễm']","['002375', '001409', '002157', '000093']"
nhìn con tem trục hoành xương rồng,"['nhìn', 'con tem', 'trục hoành', 'xương rồng']","['000000', '002388', '001532', '002072']"
chị họ đông lạnh giao tiếp băng dính,"['chị họ', 'đông lạnh', 'giao tiếp', 'băng dính']","['000323', '002757', '002882', '001523']"
tự tin điều phối chất lượng mẫu số chung,"['tự tin', 'điều phối', 'chất lượng', 'mẫu số chung']","['001668', '002710', '002151', '003394']"
đảo Trường Sa đan 6 cấp dưỡng,"['đảo Trường Sa', 'đan', '6', 'cấp dưỡng']","['000837', '002615', '001136', '001971']"
nhóm như hình với bóng vai hình trụ,"['nhóm', 'như hình với bóng', 'vai', 'hình trụ']","['000006', '000017', '001744', '003006']"
phi tiêu ít hơn lang thang sa mạc,"['phi tiêu', 'ít hơn', 'lang thang', 'sa mạc']","['000198', '003090', '003218', '000433']"
vỗ tay tươi cười tiêu hoá vây bắt,"['vỗ tay', 'tươi cười', 'tiêu hoá', 'vây bắt']","['001881', '001680', '001291', '001803']"
quên sợi len bữa cơm dân ca,"['quên', 'sợi len', 'bữa cơm', 'dân ca']","['000451', '000755', '001873', '002534']"
Tây Nguyên thóc (gạo) bơm xe thành viên,"['Tây Nguyên', 'thóc (gạo)', 'bơm xe', 'thành viên']","['000891', '001086', '001789', '000975']"
con sông xoá bỏ bắc bán cầu mẫu số chung,"['con sông', 'xoá bỏ', 'bắc bán cầu', 'mẫu số chung']","['002384', '002036', '001497', '003394']"
ưu tiên dây chun cái bè xếp hàng ưu tiên,"['ưu tiên', 'dây chun', 'cái bè', 'xếp hàng ưu tiên']","['001730', '002560', '001902', '002028']"
j pha lê kính lúp nhiệt độ,"['j', 'pha lê', 'kính lúp', 'nhiệt độ']","['001098', '000134', '003203', '002767']"
mắng nhìn màu đỏ xăng-ti-mét-vuông (cm2),"['mắng', 'nhìn', 'màu đỏ', 'xăng-ti-mét-vuông (cm2)']","['003375', '000000', '003347', '001976']"
cù quyền lợi vỏ màu xanh lá cây,"['cù', 'quyền lợi', 'vỏ', 'màu xanh lá cây']","['002478', '000475', '001850', '003360']"
sinh vật học trò lo sợ sợi chỉ,"['sinh vật', 'học trò', 'lo sợ', 'sợi chỉ']","['000708', '003037', '003278', '000751']"
thân thiện lá cây lau chùi vui chơi,"['thân thiện', 'lá cây', 'lau chùi', 'vui chơi']","['001005', '003208', '003229', '001897']"
trùm chăn đông lạnh lễ phép buồn thảm,"['trùm chăn', 'đông lạnh', 'lễ phép', 'buồn thảm']","['001544', '002757', '003250', '000135']"
học bổng cá kiếm chơi thẻ,"['học bổng', 'cá kiếm', 'chơi', 'thẻ']","['003032', '000167', '002232', '001033']"
giỏi hấp dẫn ê anh rể,"['giỏi', 'hấp dẫn', 'ê', 'anh rể']","['002909', '000038', '001043', '001231']"
chất dẻo điện thoại dịu dàng lý do,"['chất dẻo', 'điện thoại', 'dịu dàng', 'lý do']","['002145', '002705', '000930', '000652']"
lớn hơn 1 (Toán học) tưởng vỗ cánh giỗ,"['lớn hơn 1 (Toán học)', 'tưởng', 'vỗ cánh', 'giỗ']","['000654', '001692', '001879', '000104']"
chuyên cần ăn vừa chị họ internet,"['chuyên cần', 'ăn vừa', 'chị họ', 'internet']","['002277', '000939', '000323', '001014']"
địa điểm dãy số liệu xếp hàng dọc xâm lược,"['địa điểm', 'dãy số liệu', 'xếp hàng dọc', 'xâm lược']","['002699', '002533', '002024', '001978']"
thường xuyên chả cá nhà rông mẫu số bé,"['thường xuyên', 'chả cá', 'nhà rông', 'mẫu số bé']","['000348', '002065', '000688', '003393']"
đợi góc tù a phim tài liệu,"['đợi', 'góc tù', 'a', 'phim tài liệu']","['002773', '002922', '001022', '000220']"
nhi đồng ngược lại la hét giám khảo,"['nhi đồng', 'ngược lại', 'la hét', 'giám khảo']","['003641', '003582', '003207', '002873']"
tuổi thơ bình sữa (em bé) ra ngoài hàng nghìn,"['tuổi thơ', 'bình sữa (em bé)', 'ra ngoài', 'hàng nghìn']","['001634', '000974', '000506', '002951']"
vận động mộc nhĩ giấy ăn bàn tay,"['vận động', 'mộc nhĩ', 'giấy ăn', 'bàn tay']","['001794', '003422', '002894', '001345']"
dấu chấm than chậm chạp khéo thú dữ,"['dấu chấm than', 'chậm chạp', 'khéo', 'thú dữ']","['002552', '000411', '003133', '001145']"
bình sữa (em bé) bức tranh chong chóng chất lượng,"['bình sữa (em bé)', 'bức tranh', 'chong chóng', 'chất lượng']","['000974', '001878', '002224', '002151']"
bất khuất em gái đua xe máy bùng binh,"['bất khuất', 'em gái', 'đua xe máy', 'bùng binh']","['000534', '002802', '002780', '001230']"
khoang tàu chuyển đồ quanh năm xẻng,"['khoang tàu', 'chuyển đồ', 'quanh năm', 'xẻng']","['003147', '002283', '000552', '002018']"
tấm lòng sợi năng khiếu họ (đại từ),"['tấm lòng', 'sợi', 'năng khiếu', 'họ (đại từ)']","['002700', '000749', '003488', '000287']"
đua thuyền ngà voi vấn đề chiêng,"['đua thuyền', 'ngà voi', 'vấn đề', 'chiêng']","['002779', '003497', '001790', '002191']"
rửa tay quyển vở bãi tắm đuôi cá,"['rửa tay', 'quyển vở', 'bãi tắm', 'đuôi cá']","['000594', '000489', '001327', '000170']"
tôn trọng làn sóng ý tưởng buôn làng,"['tôn trọng', 'làn sóng', 'ý tưởng', 'buôn làng']","['001390', '003219', '002088', '001851']"
cô đơn ria mép lễ phép xếp hàng ưu tiên,"['cô đơn', 'ria mép', 'lễ phép', 'xếp hàng ưu tiên']","['002403', '000638', '003250', '002028']"
gửi đoạn văn ngược đãi khách sạn,"['gửi', 'đoạn văn', 'ngược đãi', 'khách sạn']","['002934', '002725', '003581', '003113']"
khoác vai hình học rau bắp cải bột ngọt,"['khoác vai', 'hình học', 'rau bắp cải', 'bột ngọt']","['003139', '003001', '000513', '001773']"
la hét thực phẩm cỗ Ô-lim-píc,"['la hét', 'thực phẩm', 'cỗ', 'Ô-lim-píc']","['003207', '001220', '002418', '000491']"
gian dối phiền hà điêu khắc phân số tối giản,"['gian dối', 'phiền hà', 'điêu khắc', 'phân số tối giản']","['000732', '000474', '002706', '000169']"
nghi ngờ tinh trùng bản làng ngày sinh,"['nghi ngờ', 'tinh trùng', 'bản làng', 'ngày sinh']","['003532', '001184', '001355', '003511']"
yên bình không nghe lời đồng hồ y tế,"['yên bình', 'không nghe lời', 'đồng hồ', 'y tế']","['002094', '000078', '002746', '002076']"
Lâm Đồng mũ Hoàng tử cấy,"['Lâm Đồng', 'mũ', 'Hoàng tử', 'cấy']","['003235', '003471', '003023', '002055']"
củ tỏi ra ngoài râu kịch bản,"['củ tỏi', 'ra ngoài', 'râu', 'kịch bản']","['002483', '000503', '000535', '003187']"
tam giác cầu cứu nhà trường chuyển đổi số đo,"['tam giác', 'cầu cứu', 'nhà trường', 'chuyển đổi số đo']","['000839', '001997', '003607', '002284']"
phép mầu đẩy con cú mèo từ trái nghĩa,"['phép mầu', 'đẩy', 'con cú mèo', 'từ trái nghĩa']","['000192', '002657', '002336', '001654']"
ủng bím tóc đuôi sam chát đòi,"['ủng', 'bím tóc đuôi sam', 'chát', 'đòi']","['001704', '001653', '002081', '000977']"
Tết Âm bánh đa cao tốc cao (núi),"['Tết Âm', 'bánh đa', 'cao tốc', 'cao (núi)']","['000899', '001431', '001951', '001937']"
cổ tích mặt dài ngoắc tay con kiến,"['cổ tích', 'mặt dài', 'ngoắc tay', 'con kiến']","['002421', '003382', '003554', '002352']"
cuối tuần cười vỡ bụng bãi đỗ xe (ô tô) ngữ pháp,"['cuối tuần', 'cười vỡ bụng', 'bãi đỗ xe (ô tô)', 'ngữ pháp']","['000892', '000058', '001325', '001159']"
gấp ba áo cánh mái tóc bật lửa,"['gấp ba', 'áo cánh', 'mái tóc', 'bật lửa']","['000556', '001254', '003339', '001559']"
nhăn mặt hình học ưu tiên chợ nổi,"['nhăn mặt', 'hình học', 'ưu tiên', 'chợ nổi']","['003622', '003001', '001730', '002227']"
kêu thả diều hãng tàu thuyền diều,"['kêu', 'thả diều', 'hãng tàu thuyền', 'diều']","['003108', '000917', '001453', '002586']"
trần nhà khăn quàng tháng bao la,"['trần nhà', 'khăn quàng', 'tháng', 'bao la']","['001460', '003123', '000952', '001457']"
tình cảm cắt lông mũi trường THPT ( cấp 3) Thanh Hóa,"['tình cảm', 'cắt lông mũi', 'trường THPT ( cấp 3)', 'Thanh Hóa']","['001312', '000618', '001616', '000955']"
tuân lệnh đóng góp ruộng bậc thang chúng tôi (2 người) (đại từ),"['tuân lệnh', 'đóng góp', 'ruộng bậc thang', 'chúng tôi (2 người) (đại từ)']","['001624', '002731', '000578', '000273']"
xuất khẩu nhân dân đề nghị con cua,"['xuất khẩu', 'nhân dân', 'đề nghị', 'con cua']","['002058', '003626', '002684', '002335']"
đũa Châu Á Thái Bình Dương xả rác nguồn gốc,"['đũa', 'Châu Á Thái Bình Dương', 'xả rác', 'nguồn gốc']","['002781', '002155', '001944', '003573']"
giao hoán điện dầu khí dòng chữ,"['giao hoán', 'điện', 'dầu khí', 'dòng chữ']","['002877', '002701', '002550', '002592']"
hấp dẫn con hoẵng phao răng cưa,"['hấp dẫn', 'con hoẵng', 'phao', 'răng cưa']","['000038', '002349', '000154', '000533']"
dân tộc Thái ẩm ướt sân chơi cấy,"['dân tộc Thái', 'ẩm ướt', 'sân chơi', 'cấy']","['000684', '001284', '000657', '002055']"
chiếu phim cắm trại phòng máy tính thích nghi,"['chiếu phim', 'cắm trại', 'phòng máy tính', 'thích nghi']","['002199', '000209', '000250', '002245']"
chùa Một Cột động viên phun nước vận chuyển,"['chùa Một Cột', 'động viên', 'phun nước', 'vận chuyển']","['002251', '002770', '000291', '001792']"
đỡ ra lệnh chữa bệnh sữa bò,"['đỡ', 'ra lệnh', 'chữa bệnh', 'sữa bò']","['002777', '000501', '002300', '000772']"
ma quỷ Bun-ga-ri (nước Bun-ga-ri) Vĩnh Phúc nhiều hơn,"['ma quỷ', 'Bun-ga-ri (nước Bun-ga-ri)', 'Vĩnh Phúc', 'nhiều hơn']","['003333', '001816', '001837', '003645']"
Lạng Sơn nguyên nhân danh mục khách mời,"['Lạng Sơn', 'nguyên nhân', 'danh mục', 'khách mời']","['003221', '003577', '002523', '003112']"
nước mắt gà nướng lu rộng rãi lúc nào,"['nước mắt', 'gà nướng lu', 'rộng rãi', 'lúc nào']","['000079', '000828', '000575', '003305']"
bánh hamburger con hoẵng vắn tắt con sói,"['bánh hamburger', 'con hoẵng', 'vắn tắt', 'con sói']","['000830', '002349', '001774', '002383']"
trốn tìm hót rác (cái hót rác) lưu ý tình cảm,"['trốn tìm', 'hót rác (cái hót rác)', 'lưu ý', 'tình cảm']","['000643', '003048', '003328', '001312']"
chị dâu học bổng đèn điện hàng đơn vị,"['chị dâu', 'học bổng', 'đèn điện', 'hàng đơn vị']","['002175', '003032', '002665', '002949']"
đất màu mỡ phấn trang điểm con chó rong biển,"['đất màu mỡ', 'phấn trang điểm', 'con chó', 'rong biển']","['002647', '000186', '002324', '000563']"
khe cửa nguyên nhân Thủy Điện Hòa Bình văn nghệ,"['khe cửa', 'nguyên nhân', 'Thủy Điện Hòa Bình', 'văn nghệ']","['003129', '003577', '001188', '001768']"
tiếc chè đỗ đỏ lẫn lộn pha lê,"['tiếc', 'chè đỗ đỏ', 'lẫn lộn', 'pha lê']","['001253', '002157', '003236', '000134']"
rẽ phải gãi đầu gãi tai người xấu núi lửa,"['rẽ phải', 'gãi đầu gãi tai', 'người xấu', 'núi lửa']","['000537', '002819', '003592', '000077']"
giấy màu nỏ đau mắt đỏ hắt hơi,"['giấy màu', 'nỏ', 'đau mắt đỏ', 'hắt hơi']","['002898', '000029', '000949', '002968']"
đầu xuôi đuôi lọt Tết Âm đọc sách tràn ngập (nước),"['đầu xuôi đuôi lọt', 'Tết Âm', 'đọc sách', 'tràn ngập (nước)']","['002651', '000897', '002726', '001436']"
Kon Tum chất độc màu da cam lười học con vượn,"['Kon Tum', 'chất độc màu da cam', 'lười học', 'con vượn']","['003205', '002148', '003319', '000954']"
thím dây thừng hóa đơn đồng phục,"['thím', 'dây thừng', 'hóa đơn', 'đồng phục']","['001083', '002565', '001633', '002761']"
chàng trai cơm hộp khỏi bệnh môi trường,"['chàng trai', 'cơm hộp', 'khỏi bệnh', 'môi trường']","['002073', '002463', '003151', '003424']"
bổ ngữ quy nạp khoan (khoan đã) đỏ thắm,"['bổ ngữ', 'quy nạp', 'khoan (khoan đã)', 'đỏ thắm']","['001719', '000473', '003410', '000635']"
sữa bột phim tài liệu tự giác bồ kết,"['sữa bột', 'phim tài liệu', 'tự giác', 'bồ kết']","['000778', '000220', '000098', '001715']"
chuyển động đều cụ đồ tạo thành chục nghìn,"['chuyển động đều', 'cụ đồ', 'tạo thành', 'chục nghìn']","['002286', '002486', '002164', '002262']"
củ từ nghé xe tải màu trắng,"['củ từ', 'nghé', 'xe tải', 'màu trắng']","['002473', '003525', '001506', '003353']"
trống (không có gì) liệt (liệt tay chân) cổ vũ thương yêu,"['trống (không có gì)', 'liệt (liệt tay chân)', 'cổ vũ', 'thương yêu']","['002755', '003270', '002415', '001234']"
găng tay lông gà nhổ răng liền trước,"['găng tay', 'lông gà', 'nhổ răng', 'liền trước']","['002835', '003291', '000620', '003269']"
giá trị tuyệt đối hội nghị mắm bút bi,"['giá trị tuyệt đối', 'hội nghị', 'mắm', 'bút bi']","['002868', '003060', '003373', '001867']"
gợi ý sơ mi nổ lốp xe xã hội,"['gợi ý', 'sơ mi', 'nổ lốp xe', 'xã hội']","['002933', '000747', '000043', '001950']"
Nhật (nước Nhật) phóng viên thị lực không có chi,"['Nhật (nước Nhật)', 'phóng viên', 'thị lực', 'không có chi']","['003640', '000988', '001053', '000251']"
pháo hoa mặc kệ cua đồng bổ ích,"['pháo hoa', 'mặc kệ', 'cua đồng', 'bổ ích']","['000156', '003371', '000820', '001717']"
pha lê tĩnh lặng Cô-lôm-bi-a (nước Cô-lôm-bi-a) kẹo,"['pha lê', 'tĩnh lặng', 'Cô-lôm-bi-a (nước Cô-lôm-bi-a)', 'kẹo']","['000134', '001326', '002420', '003100']"
Ả Rập (nước Ả Rập) ý thức chia hết vô lo vô nghĩ,"['Ả Rập (nước Ả Rập)', 'ý thức', 'chia hết', 'vô lo vô nghĩ']","['000021', '002086', '002182', '001866']"
tiết kiệm bồ kết Tết Âm taxi,"['tiết kiệm', 'bồ kết', 'Tết Âm', 'taxi']","['001281', '001715', '000899', '000856']"
vịnh Hạ Long xa vô tận bùn ham chơi,"['vịnh Hạ Long', 'xa vô tận', 'bùn', 'ham chơi']","['001841', '001870', '001818', '000738']"
t liên quan thổi bóng ủng hộ,"['t', 'liên quan', 'thổi bóng', 'ủng hộ']","['001082', '003266', '001089', '001706']"
chúc mừng cột đèn ghi nhớ Lượm,"['chúc mừng', 'cột đèn', 'ghi nhớ', 'Lượm']","['002256', '002449', '002850', '000694']"
khóc đặt bọt biển tuỷ sống,"['khóc', 'đặt', 'bọt biển', 'tuỷ sống']","['003149', '002644', '001711', '001638']"
bên trong khiêng trốn tìm rửa tay,"['bên trong', 'khiêng', 'trốn tìm', 'rửa tay']","['001607', '003134', '000643', '000594']"
chia đôi dầu gội đầu con gái em gái,"['chia đôi', 'dầu gội đầu', 'con gái', 'em gái']","['000560', '002548', '002345', '002802']"
góc vuông an ninh sửa chữa giật mình,"['góc vuông', 'an ninh', 'sửa chữa', 'giật mình']","['002923', '001205', '000770', '002890']"
chọi gà vắt chanh liền sau sắp xếp,"['chọi gà', 'vắt chanh', 'liền sau', 'sắp xếp']","['002220', '000842', '003268', '000645']"
bố mẹ siêu thị quyết tâm đi,"['bố mẹ', 'siêu thị', 'quyết tâm', 'đi']","['001731', '000685', '000495', '002693']"
hối lộ huỷ diệt nấm miêu tả,"['hối lộ', 'huỷ diệt', 'nấm', 'miêu tả']","['003059', '003079', '003490', '003408']"
phiền hà bạn trai bắc nam trùm chăn,"['phiền hà', 'bạn trai', 'bắc nam', 'trùm chăn']","['000474', '001383', '001505', '001544']"
trang trí hội nghị đoạn văn dân chủ,"['trang trí', 'hội nghị', 'đoạn văn', 'dân chủ']","['001418', '003060', '002725', '000253']"
h cơm rang mạng lưới tính toán,"['h', 'cơm rang', 'mạng lưới', 'tính toán']","['001052', '000207', '003343', '001342']"
găng tay quốc tế khóm dứa cơm hộp,"['găng tay', 'quốc tế', 'khóm dứa', 'cơm hộp']","['002835', '000462', '003153', '002463']"
tia số phố bóng bay hành lang,"['tia số', 'phố', 'bóng bay', 'hành lang']","['001246', '000264', '001707', '002957']"
giếng nước tòa soạn bảng cộng nước mắt,"['giếng nước', 'tòa soạn', 'bảng cộng', 'nước mắt']","['002906', '001366', '001397', '000079']"
tay trái vi khuẩn nỏ Âu Cơ,"['tay trái', 'vi khuẩn', 'nỏ', 'Âu Cơ']","['000863', '001817', '000029', '001298']"
bảo vệ môi trường đầu tiên tràn ngập (nước) hung thủ,"['bảo vệ môi trường', 'đầu tiên', 'tràn ngập (nước)', 'hung thủ']","['001469', '002650', '001436', '003073']"
ăn vú sữa con chồn sau hàng chục,"['ăn vú sữa', 'con chồn', 'sau', 'hàng chục']","['000400', '002326', '000640', '002945']"
tờ giấy keo kiệt Chi-lê (nước Chi-lê) bức tranh,"['tờ giấy', 'keo kiệt', 'Chi-lê (nước Chi-lê)', 'bức tranh']","['001414', '003099', '002176', '001878']"
giá trị phần trăm phổ biến dây thừng thở dài,"['giá trị phần trăm', 'phổ biến', 'dây thừng', 'thở dài']","['002866', '000262', '002565', '001113']"
khố lượt đi cao (vật) thông tin,"['khố', 'lượt đi', 'cao (vật)', 'thông tin']","['003162', '000714', '001933', '001107']"
trống bến tàu con dế chuyển vế,"['trống', 'bến tàu', 'con dế', 'chuyển vế']","['001524', '001611', '002340', '002290']"
mật khẩu dân số tạo dáng đầu tàu,"['mật khẩu', 'dân số', 'tạo dáng', 'đầu tàu']","['003389', '002537', '000847', '002649']"
tròn trịa (mặt) chia ba buổi đêm góc bẹt,"['tròn trịa (mặt)', 'chia ba', 'buổi đêm', 'góc bẹt']","['001490', '000566', '001830', '002918']"
họp tia số quốc gia nhận,"['họp', 'tia số', 'quốc gia', 'nhận']","['003046', '001246', '000455', '003632']"
bờm tóc ruột non quạt trần quả ổi,"['bờm tóc', 'ruột non', 'quạt trần', 'quả ổi']","['001791', '000582', '001458', '000372']"
nghệ sĩ thương (số) môn Toán tượng,"['nghệ sĩ', 'thương (số)', 'môn Toán', 'tượng']","['003527', '001228', '003442', '001696']"
tẩy chay trong khoảng mùa đông phòng chống,"['tẩy chay', 'trong khoảng', 'mùa đông', 'phòng chống']","['000773', '000641', '003462', '000242']"
Hung-ga-ri (nước Hung-ga-ri) đàn kiến cháu gái chủ nghĩa xã hội,"['Hung-ga-ri (nước Hung-ga-ri)', 'đàn kiến', 'cháu gái', 'chủ nghĩa xã hội']","['003074', '002620', '002085', '002238']"
vuốt tóc cảnh giác hàng đơn vị chanh nóng,"['vuốt tóc', 'cảnh giác', 'hàng đơn vị', 'chanh nóng']","['001918', '000570', '002949', '000848']"
trong suốt đánh bắt đá bóng ủy ban nhân dân,"['trong suốt', 'đánh bắt', 'đá bóng', 'ủy ban nhân dân']","['001502', '002626', '002604', '001722']"
phòng học tin học tổng thống tập viết nhổ tóc,"['phòng học tin học', 'tổng thống', 'tập viết', 'nhổ tóc']","['000247', '001396', '000887', '000612']"
múa 1 000 000 (một triệu) gan hệ thống,"['múa', '1 000 000 (một triệu)', 'gan', 'hệ thống']","['003472', '001185', '002820', '002982']"
đầu xuôi đuôi lọt thung lũng xuyên Việt Ninh Bình,"['đầu xuôi đuôi lọt', 'thung lũng', 'xuyên Việt', 'Ninh Bình']","['002651', '001000', '000465', '000024']"
xe ben bế em bàn chân đầy,"['xe ben', 'bế em', 'bàn chân', 'đầy']","['001990', '001593', '001337', '002654']"
khoá (cái khóa) cảnh giác ăn vụng luật lệ,"['khoá (cái khóa)', 'cảnh giác', 'ăn vụng', 'luật lệ']","['003142', '000570', '000577', '003304']"
tính toán chứng nhận đạn ao chuôm,"['tính toán', 'chứng nhận', 'đạn', 'ao chuôm']","['001342', '002304', '002630', '001245']"
bánh pía giường sữa bột cuộc sống,"['bánh pía', 'giường', 'sữa bột', 'cuộc sống']","['001451', '002917', '000778', '002493']"
nhưng cô đơn rèn luyện lá cây,"['nhưng', 'cô đơn', 'rèn luyện', 'lá cây']","['000538', '002403', '000541', '003209']"
thắng lợi mộc nhĩ lớp danh từ,"['thắng lợi', 'mộc nhĩ', 'lớp', 'danh từ']","['000993', '003422', '003299', '002526']"
con đường chim gõ kiến xã hội Đông Nam Á,"['con đường', 'chim gõ kiến', 'xã hội', 'Đông Nam Á']","['002343', '002206', '001948', '002744']"
sữa rửa chân từ đồng âm thuộc địa,"['sữa', 'rửa chân', 'từ đồng âm', 'thuộc địa']","['000799', '000590', '001648', '000771']"
xứ Nghệ mũ lưỡi trai Bà Nà chị họ,"['xứ Nghệ', 'mũ lưỡi trai', 'Bà Nà', 'chị họ']","['002064', '003459', '001301', '000323']"
thị lực thuộc địa Đu Bai (nước Đu Bai) Ê-ti-ô-pi-a (nước Ê-ti-ô-pi-a),"['thị lực', 'thuộc địa', 'Đu Bai (nước Đu Bai)', 'Ê-ti-ô-pi-a (nước Ê-ti-ô-pi-a)']","['001053', '000771', '000027', '002810']"
trình độ quả bầu mít tinh trọc đầu,"['trình độ', 'quả bầu', 'mít tinh', 'trọc đầu']","['001484', '000306', '000454', '001486']"
cụ đồ đội thiếu niên rửa bát hạt,"['cụ đồ', 'đội thiếu niên', 'rửa bát', 'hạt']","['002486', '002754', '000589', '002961']"
tóm tắt nhà bác học hoa sen biển đông,"['tóm tắt', 'nhà bác học', 'hoa sen', 'biển đông']","['001378', '003601', '003013', '001635']"
ki-lô-gam bồn rửa bát hoa mai gói,"['ki-lô-gam', 'bồn rửa bát', 'hoa mai', 'gói']","['003179', '001751', '001020', '002926']"
lây bệnh tính chất củ tỏi trạm y tế,"['lây bệnh', 'tính chất', 'củ tỏi', 'trạm y tế']","['003238', '001330', '002483', '001434']"
chè đỗ đỏ ấm no thêu phấn đấu,"['chè đỗ đỏ', 'ấm no', 'thêu', 'phấn đấu']","['002157', '001290', '001042', '000184']"
bút máy hãng tàu thuyền khổ thơ kiểm tra,"['bút máy', 'hãng tàu thuyền', 'khổ thơ', 'kiểm tra']","['001871', '001453', '003156', '003188']"
xâm hại tình dục Nhật (nước Nhật) hàng chục nghìn thiên thần,"['xâm hại tình dục', 'Nhật (nước Nhật)', 'hàng chục nghìn', 'thiên thần']","['003552', '003640', '002946', '001071']"
chuyển giao quan điểm email bổ trợ,"['chuyển giao', 'quan điểm', 'email', 'bổ trợ']","['002288', '000396', '002807', '001721']"
chiều cao 10 tình cảm khát nước,"['chiều cao', '10', 'tình cảm', 'khát nước']","['002192', '001146', '001312', '003119']"
huy hiệu bay nhanh (máy bay) trung điểm cổ tay,"['huy hiệu', 'bay nhanh (máy bay)', 'trung điểm', 'cổ tay']","['003078', '000409', '001548', '002413']"
nghĩa bóng đũa quần yếm lốc xoáy,"['nghĩa bóng', 'đũa', 'quần yếm', 'lốc xoáy']","['003544', '002781', '000438', '000916']"
Tết Dương xoáy chim phượng hoàng dỗi,"['Tết Dương', 'xoáy', 'chim phượng hoàng', 'dỗi']","['000903', '002038', '002207', '000602']"
gặt lúa dấu chia con cọp bay liệng (bay lượn),"['gặt lúa', 'dấu chia', 'con cọp', 'bay liệng (bay lượn)']","['002838', '002553', '002333', '001495']"
sinh tố chai bụng bổ ích,"['sinh tố', 'chai', 'bụng', 'bổ ích']","['000707', '002069', '001820', '001717']"
hoàn thành dự trữ đề-xi-mét (dm) bìa vở,"['hoàn thành', 'dự trữ', 'đề-xi-mét (dm)', 'bìa vở']","['003019', '003327', '002686', '001629']"
tách lớp ủng môn Mĩ thuật râu,"['tách lớp', 'ủng', 'môn Mĩ thuật', 'râu']","['000817', '001704', '003437', '000535']"
bụi tre phức tạp bên cạnh số chín,"['bụi tre', 'phức tạp', 'bên cạnh', 'số chín']","['003154', '000294', '001597', '000727']"
con ngựa tính cách thối ban ngày,"['con ngựa', 'tính cách', 'thối', 'ban ngày']","['002370', '001328', '000811', '001331']"
buồng trứng phản xạ truyền thống Hưng Yên,"['buồng trứng', 'phản xạ', 'truyền thống', 'Hưng Yên']","['001861', '000152', '001580', '003083']"
thân thiết Trung Thu cô đơn bắt tay,"['thân thiết', 'Trung Thu', 'cô đơn', 'bắt tay']","['001002', '001560', '002403', '001547']"
khâm phục nhộn nhịp (đông người) bơm (cái bơm) cầu kì,"['khâm phục', 'nhộn nhịp (đông người)', 'bơm (cái bơm)', 'cầu kì']","['003125', '000660', '001785', '002001']"
giả sử khói tự lập Cocacola,"['giả sử', 'khói', 'tự lập', 'Cocacola']","['002854', '003152', '001662', '000860']"
phòng máy tính xé rách cha mẹ hằng đẳng thức,"['phòng máy tính', 'xé rách', 'cha mẹ', 'hằng đẳng thức']","['000250', '002012', '002061', '002967']"
Thánh Gióng Gia Lai sinh sống mặc kệ,"['Thánh Gióng', 'Gia Lai', 'sinh sống', 'mặc kệ']","['001006', '002851', '000705', '003371']"
đền tiêm đánh răng quả gấc,"['đền', 'tiêm', 'đánh răng', 'quả gấc']","['002690', '001259', '002628', '000343']"
xăng phân số sơ đồ kể chuyện,"['xăng', 'phân số', 'sơ đồ', 'kể chuyện']","['001970', '000163', '000745', '003102']"
bánh hamburger máy vi tính chỉ kì lạ,"['bánh hamburger', 'máy vi tính', 'chỉ', 'kì lạ']","['000830', '002310', '002168', '003177']"
thành viên viết lia lịa tuân lệnh chỉ khâu,"['thành viên', 'viết lia lịa', 'tuân lệnh', 'chỉ khâu']","['000975', '001833', '001624', '002171']"
sách số lẻ kính trọng ăn uống,"['sách', 'số lẻ', 'kính trọng', 'ăn uống']","['000611', '000730', '003204', '001272']"
về 4 (từ nơi khác về) héc-tô-gam (hg) khắc phục bó đũa,"['về 4 (từ nơi khác về)', 'héc-tô-gam (hg)', 'khắc phục', 'bó đũa']","['000364', '002974', '003121', '001689']"
sơ đồ 1 000 000 000 (một tỉ) giao tiếp cột điện,"['sơ đồ', '1 000 000 000 (một tỉ)', 'giao tiếp', 'cột điện']","['000745', '001187', '002882', '002451']"
không thẳng hàng một cặp cơm ao chuôm,"['không thẳng hàng', 'một cặp', 'cơm', 'ao chuôm']","['003160', '003444', '002466', '001245']"
ngoan ngoãn bức tường Vĩnh Long âm thanh,"['ngoan ngoãn', 'bức tường', 'Vĩnh Long', 'âm thanh']","['003553', '001880', '001835', '001278']"
béo hàng trăm chuyện trò đau mắt,"['béo', 'hàng trăm', 'chuyện trò', 'đau mắt']","['001585', '002952', '002291', '000775']"
nghỉ ngơi rẽ phải Ba chân bốn cẳng chiều dài,"['nghỉ ngơi', 'rẽ phải', 'Ba chân bốn cẳng', 'chiều dài']","['003539', '000537', '001299', '002193']"
ngắn 90 lúng túng chỉ,"['ngắn', '90', 'lúng túng', 'chỉ']","['003516', '001165', '003311', '002168']"
nội tiếp quan (chức vụ) nơ đẹp mê hồn,"['nội tiếp', 'quan (chức vụ)', 'nơ', 'đẹp mê hồn']","['000064', '000524', '000073', '002681']"
địa điểm nhảy dù bán hàng chùa Hương,"['địa điểm', 'nhảy dù', 'bán hàng', 'chùa Hương']","['002699', '003617', '001363', '002250']"
Ma Cao nghệ thuật đàn tơ-rưng bỏ phiếu,"['Ma Cao', 'nghệ thuật', 'đàn tơ-rưng', 'bỏ phiếu']","['000016', '003528', '002621', '001683']"
quả hồng xiêm cầu thủ giá trị phần trăm thu thập,"['quả hồng xiêm', 'cầu thủ', 'giá trị phần trăm', 'thu thập']","['000347', '002005', '002865', '001135']"
đàng hoàng chim chích chòe nguyện vọng mây,"['đàng hoàng', 'chim chích chòe', 'nguyện vọng', 'mây']","['000511', '002203', '003578', '003396']"
vuốt tóc con trai (động vật) thiếu thốn sách,"['vuốt tóc', 'con trai (động vật)', 'thiếu thốn', 'sách']","['001918', '002393', '000460', '000611']"
quả gấc cõng cơ quan điêu khắc,"['quả gấc', 'cõng', 'cơ quan', 'điêu khắc']","['000343', '002401', '002459', '002706']"
nước Việt nam tưới cây chuồng Mặt trời lặn,"['nước Việt nam', 'tưới cây', 'chuồng', 'Mặt trời lặn']","['000081', '001682', '002275', '003417']"
đồ ăn Khánh Hòa sữa đặc lược,"['đồ ăn', 'Khánh Hòa', 'sữa đặc', 'lược']","['000945', '003118', '000785', '003316']"
xúc xắc nhọn hoắt môn Giáo dục thể chất lầu (tầng),"['xúc xắc', 'nhọn hoắt', 'môn Giáo dục thể chất', 'lầu (tầng)']","['002060', '000011', '003431', '003237']"
Mexico (nước Mexico) vô ý thức hồ nước đường Nguyễn Huệ,"['Mexico (nước Mexico)', 'vô ý thức', 'hồ nước', 'đường Nguyễn Huệ']","['003400', '001875', '003052', '002793']"
Võ Nguyên Giáp dọc phấn đấu hung ác,"['Võ Nguyên Giáp', 'dọc', 'phấn đấu', 'hung ác']","['001843', '002591', '000184', '003072']"
nhầm máy in cuộn giấy vệ sinh thổi kèn,"['nhầm', 'máy in', 'cuộn giấy vệ sinh', 'thổi kèn']","['000133', '003365', '002495', '001091']"
yêu mến (yêu quí) vợt cầu lông họa sỹ an ninh,"['yêu mến (yêu quí)', 'vợt cầu lông', 'họa sỹ', 'an ninh']","['002110', '000953', '003018', '001205']"
ngoan ngoãn đoạn thẳng không gian dây xích,"['ngoan ngoãn', 'đoạn thẳng', 'không gian', 'dây xích']","['003553', '002723', '003159', '002566']"
thông cảm giao tiếp chen lấn con ba ba,"['thông cảm', 'giao tiếp', 'chen lấn', 'con ba ba']","['001094', '002882', '002159', '002311']"
Văn miếu Quốc Tử Giám cuống hoa chia rẽ con cú mèo,"['Văn miếu Quốc Tử Giám', 'cuống hoa', 'chia rẽ', 'con cú mèo']","['001766', '002477', '000728', '002336']"
biến đổi màn bập bênh khoan (cái khoan),"['biến đổi', 'màn', 'bập bênh', 'khoan (cái khoan)']","['001639', '003342', '001551', '003140']"
trầm trồ mắc áo thù lao cứu sống,"['trầm trồ', 'mắc áo', 'thù lao', 'cứu sống']","['001456', '003369', '001137', '000696']"
con nai ngon giấc hăng hái chú tễu,"['con nai', 'ngon giấc', 'hăng hái', 'chú tễu']","['002363', '003556', '002966', '002244']"
1000 (một nghìn) chanh nóng sĩ diện bánh canh,"['1000 (một nghìn)', 'chanh nóng', 'sĩ diện', 'bánh canh']","['001169', '000848', '000679', '000834']"
ngoại hình khỏi bệnh chức năng em họ,"['ngoại hình', 'khỏi bệnh', 'chức năng', 'em họ']","['003551', '003151', '002296', '000331']"
hạn hán danh từ cất giấu chung kết,"['hạn hán', 'danh từ', 'cất giấu', 'chung kết']","['002944', '002526', '001973', '002271']"
không nên khởi nghiệp quốc gia tình cảm,"['không nên', 'khởi nghiệp', 'quốc gia', 'tình cảm']","['000094', '000706', '000455', '001312']"
ga tàu cung cấp hồ Hoàn Kiếm danh từ,"['ga tàu', 'cung cấp', 'hồ Hoàn Kiếm', 'danh từ']","['002813', '000215', '003051', '002526']"
quyến luyến biến đổi y tế quanh năm,"['quyến luyến', 'biến đổi', 'y tế', 'quanh năm']","['000373', '001639', '002076', '000552']"
góc bếp xóa bảng màu đen leo trèo,"['góc bếp', 'xóa bảng', 'màu đen', 'leo trèo']","['002919', '002034', '003346', '003241']"
thợ thêu tia chớp con người thuyết trình,"['thợ thêu', 'tia chớp', 'con người', 'thuyết trình']","['001123', '001242', '002367', '001202']"
rong chơi chen lấn rơm rớm thở,"['rong chơi', 'chen lấn', 'rơm rớm', 'thở']","['000567', '002159', '002766', '001117']"
háo hức úp cầu kì yếm,"['háo hức', 'úp', 'cầu kì', 'yếm']","['000586', '001718', '002001', '002090']"
sinh vật Bà Rịa - Vũng Tàu hình lập phương cứu,"['sinh vật', 'Bà Rịa - Vũng Tàu', 'hình lập phương', 'cứu']","['000708', '001303', '003003', '002512']"
béo bốc thăm thuận lợi rộng lớn,"['béo', 'bốc thăm', 'thuận lợi', 'rộng lớn']","['001585', '001743', '001156', '000573']"
bàn ghế sân thượng ngộ nghĩnh bản đồ Việt Nam,"['bàn ghế', 'sân thượng', 'ngộ nghĩnh', 'bản đồ Việt Nam']","['001339', '000664', '003567', '001353']"
quạt treo tường w ế ẩm xã hội,"['quạt treo tường', 'w', 'ế ẩm', 'xã hội']","['000423', '001101', '002809', '001946']"
em họ phim truyện chương trình nhìn,"['em họ', 'phim truyện', 'chương trình', 'nhìn']","['000331', '000222', '002298', '000000']"
mơ ước gói ầm ĩ hồ Hoàn Kiếm,"['mơ ước', 'gói', 'ầm ĩ', 'hồ Hoàn Kiếm']","['003448', '002926', '001280', '003051']"
tóc xoăn trục hoành rế pha chế,"['tóc xoăn', 'trục hoành', 'rế', 'pha chế']","['001372', '001532', '000545', '000132']"
dân ca đều đặn hạt bến phà,"['dân ca', 'đều đặn', 'hạt', 'bến phà']","['002534', '002692', '002961', '001609']"
chia sẻ vi khuẩn an ninh bộ truyện,"['chia sẻ', 'vi khuẩn', 'an ninh', 'bộ truyện']","['002184', '001817', '001205', '001725']"
đan tồn tại dầu khí răng hô,"['đan', 'tồn tại', 'dầu khí', 'răng hô']","['002615', '001468', '002550', '000622']"
ma cà rồng thầy cúng ria mép bánh cuốn,"['ma cà rồng', 'thầy cúng', 'ria mép', 'bánh cuốn']","['003332', '001021', '000638', '001429']"
bẫy chuột (dụng cụ) cột đèn công cộng héc-tô-mét (hm),"['bẫy chuột (dụng cụ)', 'cột đèn', 'công cộng', 'héc-tô-mét (hm)']","['001565', '002449', '002431', '002977']"
thành viên khổ quân đội buổi sáng,"['thành viên', 'khổ', 'quân đội', 'buổi sáng']","['000975', '003167', '000425', '001834']"
mạng lưới thực vật thu nhỏ tách,"['mạng lưới', 'thực vật', 'thu nhỏ', 'tách']","['003343', '001226', '001133', '000815']"
cuối năm thiu vỡ dỗi,"['cuối năm', 'thiu', 'vỡ', 'dỗi']","['000896', '000812', '001887', '000604']"
ẩm ướt Trung Thu nổ súng lúc nào,"['ẩm ướt', 'Trung Thu', 'nổ súng', 'lúc nào']","['001284', '001562', '000047', '003307']"
liên kết đường chéo tay chân sạch sẽ trăng,"['liên kết', 'đường chéo', 'tay chân sạch sẽ', 'trăng']","['003263', '002789', '000922', '001448']"
cầu Thê Húc (Hồ Gươm) mẫu số lớn tờ báo lặng lẽ,"['cầu Thê Húc (Hồ Gươm)', 'mẫu số lớn', 'tờ báo', 'lặng lẽ']","['000746', '003395', '001406', '003233']"
làm được chuyển hướng Tiền Giang phật (tượng),"['làm được', 'chuyển hướng', 'Tiền Giang', 'phật (tượng)']","['000932', '002289', '001261', '000190']"
cá kho sợi chỉ hiểu nhân hậu,"['cá kho', 'sợi chỉ', 'hiểu', 'nhân hậu']","['001898', '000751', '002991', '003628']"
mách trọng nam khinh nữ gói (đgt) con cóc,"['mách', 'trọng nam khinh nữ', 'gói (đgt)', 'con cóc']","['000139', '002309', '002925', '002330']"
đầu tư đá bóng ao chuôm Hậu Giang,"['đầu tư', 'đá bóng', 'ao chuôm', 'Hậu Giang']","['000583', '002604', '001245', '002969']"
khoanh tay một cặp ủy ban nhân dân y tế,"['khoanh tay', 'một cặp', 'ủy ban nhân dân', 'y tế']","['003148', '003444', '001722', '002076']"
lá thư Nam bán cầu môn Khoa học đất nặn,"['lá thư', 'Nam bán cầu', 'môn Khoa học', 'đất nặn']","['003210', '003477', '003432', '002648']"
"rổ thổi kèn sinh tố (bơ, dâu, đánh giá","['rổ', 'thổi kèn', 'sinh tố (bơ, dâu,', 'đánh giá']","['000571', '001091', '000840', '002627']"
ruộng bậc thang gấp ba quả gấc mềm mại,"['ruộng bậc thang', 'gấp ba', 'quả gấc', 'mềm mại']","['000578', '000556', '000343', '003402']"
môi trường quên kia xe ben,"['môi trường', 'quên', 'kia', 'xe ben']","['003424', '000451', '000261', '001990']"
mét vuông (m2) phẫu thuật mắt kỹ năng đường thuỷ,"['mét vuông (m2)', 'phẫu thuật mắt', 'kỹ năng', 'đường thuỷ']","['003399', '000788', '000213', '002796']"
phấn (viết bảng) la bàn vui sướng cuộn giấy vệ sinh,"['phấn (viết bảng)', 'la bàn', 'vui sướng', 'cuộn giấy vệ sinh']","['000180', '003206', '001907', '002495']"
cha đổi đồ uống hắt hơi,"['cha', 'đổi', 'đồ uống', 'hắt hơi']","['002059', '002735', '000943', '002968']"
sa thải con bướm thề rễ cọc,"['sa thải', 'con bướm', 'thề', 'rễ cọc']","['002785', '002318', '001036', '000543']"
lớn hơn 2 (Toán học) ý thức hòa bình gan dạ,"['lớn hơn 2 (Toán học)', 'ý thức', 'hòa bình', 'gan dạ']","['000656', '002086', '003016', '002821']"
giỏi bến xe phòng máy tính Văn miếu Quốc Tử Giám,"['giỏi', 'bến xe', 'phòng máy tính', 'Văn miếu Quốc Tử Giám']","['002909', '001615', '000250', '001766']"
đường chỉ tay cứu hộ cảng Sài Gòn mặt dài,"['đường chỉ tay', 'cứu hộ', 'cảng Sài Gòn', 'mặt dài']","['002172', '002513', '000702', '003382']"
bồn hoa đưa đón dân tộc Khơ me tự hào,"['bồn hoa', 'đưa đón', 'dân tộc Khơ me', 'tự hào']","['001749', '002786', '000682', '000725']"
biểu đồ cột con sông hãng máy bay củ khoai lang,"['biểu đồ cột', 'con sông', 'hãng máy bay', 'củ khoai lang']","['001645', '002384', '001407', '002472']"
sữa bò vĩ cầm w đối xứng,"['sữa bò', 'vĩ cầm', 'w', 'đối xứng']","['000772', '001819', '001101', '002753']"
danh dự gọt bút chì mái nhà vòng đeo tay,"['danh dự', 'gọt bút chì', 'mái nhà', 'vòng đeo tay']","['002520', '002928', '003338', '001847']"
trà sữa Thánh Gióng tính cách dẫn chứng,"['trà sữa', 'Thánh Gióng', 'tính cách', 'dẫn chứng']","['000857', '001006', '001328', '002545']"
gọt bút chì lên xe lễ hội buổi tối,"['gọt bút chì', 'lên xe', 'lễ hội', 'buổi tối']","['002928', '003254', '003245', '001844']"
má hồng rổ mạch lạc hình vuông,"['má hồng', 'rổ', 'mạch lạc', 'hình vuông']","['000446', '000571', '003334', '001916']"
muốn thận súp lơ chia rẽ,"['muốn', 'thận', 'súp lơ', 'chia rẽ']","['003414', '001011', '000176', '000728']"
con tem cửa kính nẻ thề,"['con tem', 'cửa kính', 'nẻ', 'thề']","['002388', '002502', '003491', '001036']"
đồng lúa lựu môn Âm nhạc ngắt hoa,"['đồng lúa', 'lựu', 'môn Âm nhạc', 'ngắt hoa']","['002760', '003329', '003426', '003519']"
giết kiến trúc sữa đặc ga tàu,"['giết', 'kiến trúc', 'sữa đặc', 'ga tàu']","['002907', '003195', '000785', '002813']"
cua đồng tồn tại xem xét nghẹn ngào,"['cua đồng', 'tồn tại', 'xem xét', 'nghẹn ngào']","['000820', '001468', '002014', '003526']"
chú rể dài kém giám khảo,"['chú rể', 'dài', 'kém', 'giám khảo']","['002243', '002515', '003096', '002873']"
lợi ích Hùng Vương cá kiếm biện pháp,"['lợi ích', 'Hùng Vương', 'cá kiếm', 'biện pháp']","['003298', '003075', '000167', '001641']"
liền trước phân vân nhập trường khả năng,"['liền trước', 'phân vân', 'nhập trường', 'khả năng']","['003269', '000512', '003638', '000211']"
phá chỉ khâu phòng thí nghiệm con nuôi,"['phá', 'chỉ khâu', 'phòng thí nghiệm', 'con nuôi']","['000142', '002171', '000254', '002373']"
cây trồng cau có bẫy chuột (dụng cụ) hình dáng,"['cây trồng', 'cau có', 'bẫy chuột (dụng cụ)', 'hình dáng']","['002051', '001955', '001565', '002999']"
"câu đơn kiêu (kiêu căng, kiêu xa) tinh trùng ấm đun nước","['câu đơn', 'kiêu (kiêu căng, kiêu xa)', 'tinh trùng', 'ấm đun nước']","['001983', '003197', '001184', '001288']"
rổ đuôi cá liệt (liệt tay chân) chân dung,"['rổ', 'đuôi cá', 'liệt (liệt tay chân)', 'chân dung']","['000571', '000170', '003270', '002142']"
chúng tôi (3 người) (đại từ) thiên nhiên xa cách đánh,"['chúng tôi (3 người) (đại từ)', 'thiên nhiên', 'xa cách', 'đánh']","['000275', '001068', '001928', '002625']"
Lào (nước Lào) sao côn trùng bước,"['Lào (nước Lào)', 'sao', 'côn trùng', 'bước']","['003227', '000631', '002428', '001882']"
chủ động bình thường mật khẩu phong toả,"['chủ động', 'bình thường', 'mật khẩu', 'phong toả']","['002237', '001671', '003389', '000998']"
bập bênh bít tất kính lão vô lí,"['bập bênh', 'bít tất', 'kính lão', 'vô lí']","['001551', '001673', '003202', '001864']"
chủ nhiệm công chúa trông nom quên,"['chủ nhiệm', 'công chúa', 'trông nom', 'quên']","['002240', '002430', '001522', '000451']"
chùa Hương đường thẳng môi phương tiện giao thông,"['chùa Hương', 'đường thẳng', 'môi', 'phương tiện giao thông']","['002250', '002795', '003423', '000304']"
quả chôm chôm tỉ mỉ động viên nẻ,"['quả chôm chôm', 'tỉ mỉ', 'động viên', 'nẻ']","['000318', '001240', '002770', '003491']"
râu ống nhòm cá kiếm vây bắt,"['râu', 'ống nhòm', 'cá kiếm', 'vây bắt']","['000535', '000120', '000167', '001803']"
lễ phép kẻ thù xa cách lời giải,"['lễ phép', 'kẻ thù', 'xa cách', 'lời giải']","['003250', '003095', '001928', '003296']"
bốc vác thím sa thải thoát hiểm,"['bốc vác', 'thím', 'sa thải', 'thoát hiểm']","['001727', '001083', '002785', '001085']"
Nhật (nước Nhật) Sapa về (Sài Gòn) sinh đẻ,"['Nhật (nước Nhật)', 'Sapa', 'về (Sài Gòn)', 'sinh đẻ']","['003640', '000639', '000356', '000689']"
ngày xưa lốc xoáy phòng y tế tiêu diệt,"['ngày xưa', 'lốc xoáy', 'phòng y tế', 'tiêu diệt']","['003513', '000916', '000257', '001289']"
mét (m) lưới từ trái sang phải chục,"['mét (m)', 'lưới', 'từ trái sang phải', 'chục']","['003397', '003322', '001660', '002261']"
vô tư nồi dàn nhạc sinh hoạt,"['vô tư', 'nồi', 'dàn nhạc', 'sinh hoạt']","['001872', '000049', '002518', '000697']"
gan lì tự vệ luật lệ nến,"['gan lì', 'tự vệ', 'luật lệ', 'nến']","['002822', '001676', '003304', '003496']"
ngã rễ cọc thuộc địa đau bụng,"['ngã', 'rễ cọc', 'thuộc địa', 'đau bụng']","['003504', '000543', '000771', '000777']"
thế hệ năng lực không dám bột màu,"['thế hệ', 'năng lực', 'không dám', 'bột màu']","['001039', '003489', '000470', '001767']"
Nam Định tam giác cổng chủ ngữ,"['Nam Định', 'tam giác', 'cổng', 'chủ ngữ']","['003478', '000839', '002444', '002239']"
Bắc Kạn q đăng nhập 7,"['Bắc Kạn', 'q', 'đăng nhập', '7']","['001503', '001076', '002639', '001140']"
bài báo quan trọng tuần sau đăng nhập,"['bài báo', 'quan trọng', 'tuần sau', 'đăng nhập']","['001309', '000402', '000882', '002639']"
gãi đầu gãi tai chứng minh khát nước họp,"['gãi đầu gãi tai', 'chứng minh', 'khát nước', 'họp']","['002819', '002303', '003119', '003046']"
hằng đẳng thức chiếm đoạt củ cà rốt tay chân sạch sẽ,"['hằng đẳng thức', 'chiếm đoạt', 'củ cà rốt', 'tay chân sạch sẽ']","['002967', '002190', '002479', '000922']"
thung lũng cái vợt cá ngã ba chả cá,"['thung lũng', 'cái vợt cá', 'ngã ba', 'chả cá']","['001000', '000950', '003498', '002063']"
d bạn gái lựu ngộ nghĩnh,"['d', 'bạn gái', 'lựu', 'ngộ nghĩnh']","['001034', '001379', '003329', '003567']"
mái chèo bìa vở hợp tác tình yêu,"['mái chèo', 'bìa vở', 'hợp tác', 'tình yêu']","['003336', '001629', '003070', '001324']"
nhổ lông mày diều lưỡi ổn định,"['nhổ lông mày', 'diều', 'lưỡi', 'ổn định']","['000616', '002586', '003320', '000101']"
ở ngoài vô duyên lục giác yếu,"['ở ngoài', 'vô duyên', 'lục giác', 'yếu']","['000124', '000144', '003309', '002112']"
bọt xà phòng Lâm Đồng hoa sen dấu gạch ngang,"['bọt xà phòng', 'Lâm Đồng', 'hoa sen', 'dấu gạch ngang']","['001713', '003235', '003014', '002554']"
tôi yêu bạn cá voi ngon giấc dấu hỏi,"['tôi yêu bạn', 'cá voi', 'ngon giấc', 'dấu hỏi']","['002098', '000165', '003556', '001114']"
tổ trưởng Tây Bắc đàn bầu mặt,"['tổ trưởng', 'Tây Bắc', 'đàn bầu', 'mặt']","['001388', '000889', '002617', '003378']"
ngũ quả nhà vệ sinh cụ Quảng Trị,"['ngũ quả', 'nhà vệ sinh', 'cụ', 'Quảng Trị']","['003572', '001016', '002485', '000421']"
mất ngủ thề biển đông vận chuyển,"['mất ngủ', 'thề', 'biển đông', 'vận chuyển']","['003386', '001036', '001635', '001792']"
nhiều vô cùng vắng lặng mồ côi cơm,"['nhiều vô cùng', 'vắng lặng', 'mồ côi', 'cơm']","['001862', '001782', '003419', '002466']"
dãy nhà con ốc đổ nước bánh xe,"['dãy nhà', 'con ốc', 'đổ nước', 'bánh xe']","['002530', '002377', '002749', '001455']"
tràn ngập (nước) khu vực cách ly vòi voi duyệt binh,"['tràn ngập (nước)', 'khu vực cách ly', 'vòi voi', 'duyệt binh']","['001436', '000996', '001845', '002599']"
vào lớp nhận hơi nước bình thường,"['vào lớp', 'nhận', 'hơi nước', 'bình thường']","['001760', '003632', '003066', '001667']"
chó cắn đại tướng khu vực cách ly đun nấu,"['chó cắn', 'đại tướng', 'khu vực cách ly', 'đun nấu']","['000516', '002613', '000996', '002782']"
Cu ba (nước Cu ba) bỏng ngô mắng đối diện,"['Cu ba (nước Cu ba)', 'bỏng ngô', 'mắng', 'đối diện']","['002470', '001705', '003377', '002736']"
Bình Thuận khăn mặt bồi bàn lưỡi câu,"['Bình Thuận', 'khăn mặt', 'bồi bàn', 'lưỡi câu']","['001665', '003122', '001745', '003321']"
đèn vàng tinh mắt báo (con báo) đi tuần,"['đèn vàng', 'tinh mắt', 'báo (con báo)', 'đi tuần']","['002669', '000260', '001479', '000527']"
đầu tàu nhược điểm bỏng nạn nhân,"['đầu tàu', 'nhược điểm', 'bỏng', 'nạn nhân']","['002649', '000019', '001703', '003479']"
ghi hình du học chục nghìn kính trọng,"['ghi hình', 'du học', 'chục nghìn', 'kính trọng']","['002849', '002597', '002262', '003204']"
mèo cào sáng kiến tiêm ổn định,"['mèo cào', 'sáng kiến', 'tiêm', 'ổn định']","['000518', '000625', '001259', '000101']"
sức khỏe con mực nỏ tập thể dục,"['sức khỏe', 'con mực', 'nỏ', 'tập thể dục']","['000801', '002362', '000029', '000883']"
nội quy khoan (cái khoan) cối xay lúa cao (núi),"['nội quy', 'khoan (cái khoan)', 'cối xay lúa', 'cao (núi)']","['000062', '003140', '002426', '001937']"
lối đi khố đoạn văn quay phim,"['lối đi', 'khố', 'đoạn văn', 'quay phim']","['003289', '003162', '002725', '000416']"
ưu tiên giao thừa sinh đẻ tuyệt vọng,"['ưu tiên', 'giao thừa', 'sinh đẻ', 'tuyệt vọng']","['001730', '002879', '000689', '001644']"
chức năng số La Mã (Toán học) f Thăng Long,"['chức năng', 'số La Mã (Toán học)', 'f', 'Thăng Long']","['002296', '000507', '001096', '000549']"
giống nhau dẫn chứng kiểm tra kì diệu,"['giống nhau', 'dẫn chứng', 'kiểm tra', 'kì diệu']","['002910', '002545', '003190', '003176']"
ốm đau toa lét tin cậy đánh cầu lông,"['ốm đau', 'toa lét', 'tin cậy', 'đánh cầu lông']","['000095', '001352', '001308', '000743']"
thành lập t tỉ lệ phòng chức năng,"['thành lập', 't', 'tỉ lệ', 'phòng chức năng']","['000963', '001084', '001238', '000243']"
ca luyện từ và câu thiên đình lễ Nô-en,"['ca', 'luyện từ và câu', 'thiên đình', 'lễ Nô-en']","['001892', '003314', '001066', '003247']"
toa xe giám đốc bản làng lễ Nô-en,"['toa xe', 'giám đốc', 'bản làng', 'lễ Nô-en']","['001358', '002872', '001355', '003248']"
ăn vú sữa (bằng thìa) câu đố từ bỏ k,"['ăn vú sữa (bằng thìa)', 'câu đố', 'từ bỏ', 'k']","['000398', '001979', '001646', '001058']"
áo mặc kệ tôm hùm mạch lạc,"['áo', 'mặc kệ', 'tôm hùm', 'mạch lạc']","['001250', '003371', '000819', '003334']"
chỉ Nam Định hút thuốc lá Bạc Liêu,"['chỉ', 'Nam Định', 'hút thuốc lá', 'Bạc Liêu']","['002168', '003478', '003077', '001307']"
cao nguyên sinh động phong toả chào,"['cao nguyên', 'sinh động', 'phong toả', 'chào']","['001943', '000695', '000998', '002075']"
tổng hợp kì lạ rau dền tỉnh táo,"['tổng hợp', 'kì lạ', 'rau dền', 'tỉnh táo']","['001394', '003177', '000519', '000659']"
nghiên cứu vạm vỡ bàn ghế hạt cườm,"['nghiên cứu', 'vạm vỡ', 'bàn ghế', 'hạt cườm']","['003541', '001752', '001339', '002962']"
cháo sườn tiếng Anh cốc nhiệt kế,"['cháo sườn', 'tiếng Anh', 'cốc', 'nhiệt kế']","['000205', '001269', '002423', '003642']"
phép tính nhiệt độ bướng bỉnh con tôm,"['phép tính', 'nhiệt độ', 'bướng bỉnh', 'con tôm']","['000194', '002767', '001886', '002391']"
chiếm đoạt dài hạn con cá in (ấn),"['chiếm đoạt', 'dài hạn', 'con cá', 'in (ấn)']","['002190', '002516', '002319', '003088']"
pháo sáng hàng ngày đánh trống chất dẻo,"['pháo sáng', 'hàng ngày', 'đánh trống', 'chất dẻo']","['000157', '000391', '002629', '002145']"
con ngỗng hoan hô đàng ngoài 40,"['con ngỗng', 'hoan hô', 'đàng ngoài', '40']","['002364', '002124', '002622', '001161']"
vòng nguyệt quế cây bàng số lẻ lưỡi,"['vòng nguyệt quế', 'cây bàng', 'số lẻ', 'lưỡi']","['000493', '002015', '000730', '003320']"
bố tay trái em họ công viên,"['bố', 'tay trái', 'em họ', 'công viên']","['001729', '000863', '000329', '002440']"
học trò con đom đóm góp tiền bệnh tật,"['học trò', 'con đom đóm', 'góp tiền', 'bệnh tật']","['003037', '002342', '000958', '001623']"
ngữ pháp băng chuyền giới hạn móng chân,"['ngữ pháp', 'băng chuyền', 'giới hạn', 'móng chân']","['001157', '001521', '002912', '003418']"
đàng trong Bình Dương biểu đồ quyến luyến,"['đàng trong', 'Bình Dương', 'biểu đồ', 'quyến luyến']","['002623', '001661', '001643', '000373']"
nguội tự tin thề Hồ Chí Minh,"['nguội', 'tự tin', 'thề', 'Hồ Chí Minh']","['000814', '001668', '001036', '003049']"
cầu cứu cây thân gỗ Ê Đê Italia (nước Italia),"['cầu cứu', 'cây thân gỗ', 'Ê Đê', 'Italia (nước Italia)']","['001997', '002047', '002808', '003092']"
bay liệng (bay lượn) phương tiện giao thông thúc đẩy mặt đất,"['bay liệng (bay lượn)', 'phương tiện giao thông', 'thúc đẩy', 'mặt đất']","['001495', '000304', '001162', '003379']"
nhổ tóc nhân hậu hỏi thăm lợi ích,"['nhổ tóc', 'nhân hậu', 'hỏi thăm', 'lợi ích']","['000612', '003627', '003041', '003298']"
mũi tên kính hiển vi tái phát phân số,"['mũi tên', 'kính hiển vi', 'tái phát', 'phân số']","['000498', '003201', '000829', '000163']"
xa vô tận lồng tiếng chó sói trống,"['xa vô tận', 'lồng tiếng', 'chó sói', 'trống']","['001870', '003294', '002218', '001524']"
chục nghìn siêng năng lao phổi d,"['chục nghìn', 'siêng năng', 'lao phổi', 'd']","['002262', '000681', '003224', '001034']"
lơ lửng màu xanh lá cây nhà trường không có,"['lơ lửng', 'màu xanh lá cây', 'nhà trường', 'không có']","['003295', '003358', '003607', '000249']"
hắt hơi ngoắc tay xen địa điểm,"['hắt hơi', 'ngoắc tay', 'xen', 'địa điểm']","['002968', '003554', '002016', '002699']"
rộng rãi tiếng nói thông minh tủi thân,"['rộng rãi', 'tiếng nói', 'thông minh', 'tủi thân']","['000575', '001273', '001100', '001628']"
thím khô héo tai tự giác,"['thím', 'khô héo', 'tai', 'tự giác']","['001083', '003155', '000818', '000098']"
xúc xắc điêu khắc công cộng mục tiêu,"['xúc xắc', 'điêu khắc', 'công cộng', 'mục tiêu']","['002060', '002706', '002431', '000898']"
thuộc địa nổ mìn hoạt hình Bãi biển Vũng Tàu,"['thuộc địa', 'nổ mìn', 'hoạt hình', 'Bãi biển Vũng Tàu']","['000771', '000045', '003027', '001319']"
rèn luyện mách mũm mĩm quả bầu hồ lô,"['rèn luyện', 'mách', 'mũm mĩm', 'quả bầu hồ lô']","['000541', '000141', '000906', '000312']"
mặt Tết Thiếu nhi di truyền nguồn gốc,"['mặt', 'Tết Thiếu nhi', 'di truyền', 'nguồn gốc']","['003378', '000905', '002574', '003573']"
cột sống đại dương bánh cốm ă,"['cột sống', 'đại dương', 'bánh cốm', 'ă']","['002454', '002610', '001427', '001027']"
siêu tốc bát ngát ung thư gánh,"['siêu tốc', 'bát ngát', 'ung thư', 'gánh']","['000687', '001491', '000483', '002824']"
thì thầm bất động dân tộc thiểu số dài,"['thì thầm', 'bất động', 'dân tộc thiểu số', 'dài']","['000419', '001553', '002541', '002515']"
gương héc-tô-gam (hg) rụng tóc (đt) ngày thầy thuốc Việt Nam,"['gương', 'héc-tô-gam (hg)', 'rụng tóc (đt)', 'ngày thầy thuốc Việt Nam']","['002937', '002972', '000576', '000119']"
dãy số liệu mạng lưới ông ngoại Bình Phước,"['dãy số liệu', 'mạng lưới', 'ông ngoại', 'Bình Phước']","['002533', '003343', '000106', '001663']"
tự trọng từ trái sang phải bụng quan hệ từ,"['tự trọng', 'từ trái sang phải', 'bụng', 'quan hệ từ']","['000731', '001660', '001820', '000520']"
khóa quần buổi trưa chính xác trọng nam khinh nữ,"['khóa quần', 'buổi trưa', 'chính xác', 'trọng nam khinh nữ']","['003138', '001849', '002215', '002309']"
chát phong cách tờ tiền ra ngoài,"['chát', 'phong cách', 'tờ tiền', 'ra ngoài']","['002081', '000230', '001416', '000503']"
con trai (động vật) đàn tơ-rưng phức tạp điều kiện,"['con trai (động vật)', 'đàn tơ-rưng', 'phức tạp', 'điều kiện']","['002393', '002621', '000294', '002714']"
năng khiếu anh chị em kiểm tra trốn tìm,"['năng khiếu', 'anh chị em', 'kiểm tra', 'trốn tìm']","['003488', '001215', '003189', '000643']"
tuân lệnh phép tính cột đèn nhà văn hóa,"['tuân lệnh', 'phép tính', 'cột đèn', 'nhà văn hóa']","['001624', '000194', '002449', '000990']"
chủ đề băng dính gửi thư củ tỏi,"['chủ đề', 'băng dính', 'gửi thư', 'củ tỏi']","['002236', '001523', '002936', '002483']"
phổ biến pháo hoa găng tay lĩnh hội,"['phổ biến', 'pháo hoa', 'găng tay', 'lĩnh hội']","['000262', '000156', '002835', '003274']"
môi môn Giáo dục thể chất co giật về (Sài Gòn),"['môi', 'môn Giáo dục thể chất', 'co giật', 'về (Sài Gòn)']","['003423', '003431', '002306', '000356']"
tái phát cao quý tự trọng giàu có,"['tái phát', 'cao quý', 'tự trọng', 'giàu có']","['000829', '001945', '000731', '002885']"
mật khẩu cưa (cái cưa) hình bình hành mét khối (m3),"['mật khẩu', 'cưa (cái cưa)', 'hình bình hành', 'mét khối (m3)']","['003388', '002499', '002996', '003398']"
hạt cườm mùa hè Italia (nước Italia) giáo dục,"['hạt cườm', 'mùa hè', 'Italia (nước Italia)', 'giáo dục']","['002962', '003465', '003092', '002883']"
bàn tán tím tái Quảng Trị tình yêu,"['bàn tán', 'tím tái', 'Quảng Trị', 'tình yêu']","['001347', '001306', '000421', '001324']"
Chi-lê (nước Chi-lê) xâm hại tình dục liệt (liệt tay chân) Long Vương,"['Chi-lê (nước Chi-lê)', 'xâm hại tình dục', 'liệt (liệt tay chân)', 'Long Vương']","['002176', '003552', '003270', '000508']"
đá bóng con dế chém xã hội,"['đá bóng', 'con dế', 'chém', 'xã hội']","['002604', '002340', '002158', '001946']"
môn Khoa học buồn thảm viện bảo tàng đồ chơi,"['môn Khoa học', 'buồn thảm', 'viện bảo tàng', 'đồ chơi']","['003432', '000135', '001829', '002733']"
chặn phẫu thuật mắt buông màn quạt treo tường,"['chặn', 'phẫu thuật mắt', 'buông màn', 'quạt treo tường']","['002134', '000788', '001857', '000423']"
hai phân số bằng nhau giao tiếp Trung Thu hồi hộp,"['hai phân số bằng nhau', 'giao tiếp', 'Trung Thu', 'hồi hộp']","['000166', '002882', '001560', '003053']"
phong tục bỏng hộp bút tập hợp (Toán học),"['phong tục', 'bỏng', 'hộp bút', 'tập hợp (Toán học)']","['000235', '001703', '003064', '000879']"
tuần trước thiếp mời sáng chói trường hợp,"['tuần trước', 'thiếp mời', 'sáng chói', 'trường hợp']","['000890', '001075', '000623', '001598']"
giấy tờ dấu chia mất ngủ ấm trà,"['giấy tờ', 'dấu chia', 'mất ngủ', 'ấm trà']","['002903', '002553', '003386', '001292']"
sách toán rộng lớn lượt về (trong thể thao) chiêng,"['sách toán', 'rộng lớn', 'lượt về (trong thể thao)', 'chiêng']","['000615', '000573', '000716', '002191']"
mồ côi cha mẹ kiên quyết thiu phức tạp,"['mồ côi cha mẹ', 'kiên quyết', 'thiu', 'phức tạp']","['003420', '003193', '000812', '000294']"
đồn công an thác xe máy trống (không có gì),"['đồn công an', 'thác', 'xe máy', 'trống (không có gì)']","['002742', '000921', '001992', '002755']"
trung tâm con mực chó sói ngăn chặn,"['trung tâm', 'con mực', 'chó sói', 'ngăn chặn']","['001556', '002362', '002218', '003515']"
hình cầu hợp đồng muộn ôn tập,"['hình cầu', 'hợp đồng', 'muộn', 'ôn tập']","['002997', '003068', '003474', '000099']"
đầy sợi chỉ bóc lột làm việc,"['đầy', 'sợi chỉ', 'bóc lột', 'làm việc']","['002654', '000751', '001693', '003217']"
chậm chạp màu cam vội vã mọc ria mép,"['chậm chạp', 'màu cam', 'vội vã', 'mọc ria mép']","['000411', '003345', '001883', '000632']"
vỏ quốc khánh phân số thập phân lang thang,"['vỏ', 'quốc khánh', 'phân số thập phân', 'lang thang']","['001850', '000458', '000168', '003218']"
đánh trống ngưỡng mộ kiến trúc công cộng,"['đánh trống', 'ngưỡng mộ', 'kiến trúc', 'công cộng']","['002629', '003600', '003195', '002431']"
kịch bản ngước nhìn nhân chứng lọng,"['kịch bản', 'ngước nhìn', 'nhân chứng', 'lọng']","['003187', '003580', '003625', '003286']"
yếu bệnh Đao - Down chim phượng hoàng thủ tướng,"['yếu', 'bệnh Đao - Down', 'chim phượng hoàng', 'thủ tướng']","['002114', '000798', '002207', '001143']"
giao hoán chống đối quả mít chạy (động vật),"['giao hoán', 'chống đối', 'quả mít', 'chạy (động vật)']","['002877', '002225', '000357', '000405']"
chọn lựa cổ vũ trà nóng kiến trúc,"['chọn lựa', 'cổ vũ', 'trà nóng', 'kiến trúc']","['002223', '002415', '000854', '003195']"
hoan hô quả dưa hấu thú dữ ung thư,"['hoan hô', 'quả dưa hấu', 'thú dữ', 'ung thư']","['002124', '000321', '001147', '000483']"
phục vụ mở cửa không thẳng hàng đại số,"['phục vụ', 'mở cửa', 'không thẳng hàng', 'đại số']","['000290', '003450', '003160', '002611']"
thóc (gạo) môi nguồn gốc tương lai,"['thóc (gạo)', 'môi', 'nguồn gốc', 'tương lai']","['001086', '003423', '003573', '000637']"
nạn nhân bò nội quy nấu nướng,"['nạn nhân', 'bò', 'nội quy', 'nấu nướng']","['003479', '001675', '000062', '000229']"
vua Hùng rộng rãi bản làng cô đơn,"['vua Hùng', 'rộng rãi', 'bản làng', 'cô đơn']","['001891', '000575', '001355', '002403']"
đàn bầu nhổ củ cải khóa cửa cởi áo,"['đàn bầu', 'nhổ củ cải', 'khóa cửa', 'cởi áo']","['002617', '000013', '003143', '002462']"
vui sướng quay phim vô duyên trộn (đt),"['vui sướng', 'quay phim', 'vô duyên', 'trộn (đt)']","['001905', '000416', '000144', '001526']"
loa trạm y tế dây thần kinh cảng Hải Phòng,"['loa', 'trạm y tế', 'dây thần kinh', 'cảng Hải Phòng']","['003282', '001434', '002564', '000700']"
huy hiệu bụi đời bát hương hoặc,"['huy hiệu', 'bụi đời', 'bát hương', 'hoặc']","['003078', '001808', '001489', '000422']"
câu chuyện bàn ghế phổ biến nhiệt độ,"['câu chuyện', 'bàn ghế', 'phổ biến', 'nhiệt độ']","['001977', '001339', '000262', '002767']"
nhảy dù quan (chức vụ) UNICEF trung thành,"['nhảy dù', 'quan (chức vụ)', 'UNICEF', 'trung thành']","['003617', '000524', '001708', '001558']"
thợ thêu đăng ký núi lửa nhảy cao,"['thợ thêu', 'đăng ký', 'núi lửa', 'nhảy cao']","['001123', '002638', '000077', '003616']"
làng xóm đường Nguyễn Huệ rằm trung thu nghỉ hè,"['làng xóm', 'đường Nguyễn Huệ', 'rằm trung thu', 'nghỉ hè']","['003220', '002793', '000526', '003535']"
chúng tôi (3 người) (đại từ) xăng-ti-mét-khối (cm3) đầy tớ hạt tiêu,"['chúng tôi (3 người) (đại từ)', 'xăng-ti-mét-khối (cm3)', 'đầy tớ', 'hạt tiêu']","['000275', '001974', '002656', '002965']"
ngắt hoa trưởng nhóm con ong tiêu cực,"['ngắt hoa', 'trưởng nhóm', 'con ong', 'tiêu cực']","['003519', '001618', '002376', '001287']"
tán thành câu ghép bốc vác thuyền rồng,"['tán thành', 'câu ghép', 'bốc vác', 'thuyền rồng']","['000845', '001985', '001727', '001195']"
Chi-lê (nước Chi-lê) bánh canh nhảy cao dọc,"['Chi-lê (nước Chi-lê)', 'bánh canh', 'nhảy cao', 'dọc']","['002176', '000834', '003616', '002591']"
danh dự con chồn trống (không có gì) rạp chiếu phim,"['danh dự', 'con chồn', 'trống (không có gì)', 'rạp chiếu phim']","['002520', '002326', '002755', '000509']"
nghị lực giỏi đàn bầu uốn tóc,"['nghị lực', 'giỏi', 'đàn bầu', 'uốn tóc']","['003543', '002909', '002617', '001716']"
mồ hôi bột ngọt nhận hàng biểu đồ cột,"['mồ hôi', 'bột ngọt', 'nhận hàng', 'biểu đồ cột']","['003421', '001773', '003631', '001645']"
cái neo hình lập phương mũ lưỡi trai no,"['cái neo', 'hình lập phương', 'mũ lưỡi trai', 'no']","['000986', '003003', '003459', '000026']"
xe khách nhập trường ngước nhìn Tây Bắc,"['xe khách', 'nhập trường', 'ngước nhìn', 'Tây Bắc']","['002004', '003636', '003580', '000889']"
rước đèn chim đại bàng thâm quầng mắt bánh hamburger,"['rước đèn', 'chim đại bàng', 'thâm quầng mắt', 'bánh hamburger']","['000603', '002205', '000723', '000830']"
tăm quốc ca diêm nhà trường,"['tăm', 'quốc ca', 'diêm', 'nhà trường']","['000867', '000452', '002580', '003607']"
Socola thụ phấn (hoa) tia chớp hoán vị,"['Socola', 'thụ phấn (hoa)', 'tia chớp', 'hoán vị']","['000858', '001293', '001242', '003020']"
Sóc Trăng luyện từ và câu trung bình thổ dân,"['Sóc Trăng', 'luyện từ và câu', 'trung bình', 'thổ dân']","['000710', '003314', '001546', '003223']"
cau có trà sữa bảo tàng đắt đỏ,"['cau có', 'trà sữa', 'bảo tàng', 'đắt đỏ']","['001955', '000857', '001463', '002643']"
hoa giấy thị lực đèn điện triều cường,"['hoa giấy', 'thị lực', 'đèn điện', 'triều cường']","['001008', '001053', '002665', '001478']"
rụng tóc (đt) dấu chấm hỏi công viên phố,"['rụng tóc (đt)', 'dấu chấm hỏi', 'công viên', 'phố']","['000576', '002551', '002441', '000264']"
giữ nguyên gỗ không nghe lời tuyên truyền,"['giữ nguyên', 'gỗ', 'không nghe lời', 'tuyên truyền']","['000174', '002930', '000074', '000737']"
chục nghìn yếu mèo cào gấp ba,"['chục nghìn', 'yếu', 'mèo cào', 'gấp ba']","['002262', '002116', '000518', '000556']"
tự trọng tống tiền bắn súng không thẳng hàng,"['tự trọng', 'tống tiền', 'bắn súng', 'không thẳng hàng']","['000731', '001402', '001517', '003160']"
tai nạn giao thông phiên dịch sức khỏe đau bụng,"['tai nạn giao thông', 'phiên dịch', 'sức khỏe', 'đau bụng']","['001442', '000203', '000801', '000777']"
chủ động lẩu thắng lợi héc-tô-gam (hg),"['chủ động', 'lẩu', 'thắng lợi', 'héc-tô-gam (hg)']","['002237', '000804', '000993', '002973']"
kính hiển vi tuyệt vọng nghiến răng mặt đất,"['kính hiển vi', 'tuyệt vọng', 'nghiến răng', 'mặt đất']","['003201', '001644', '003550', '003379']"
mắng khoan Tết hàn thực đèn ông sao,"['mắng', 'khoan', 'Tết hàn thực', 'đèn ông sao']","['003376', '003146', '000102', '000477']"
đất nặn hoàng hôn Bắc bộ bụi đời,"['đất nặn', 'hoàng hôn', 'Bắc bộ', 'bụi đời']","['002648', '003022', '001499', '001808']"
súp lơ viết lia lịa tham lam thần kì,"['súp lơ', 'viết lia lịa', 'tham lam', 'thần kì']","['000176', '001833', '000938', '001310']"
biến đổi Miến Điện (nước Mi-an-ma) thống nhất đất nước tuốt lúa,"['biến đổi', 'Miến Điện (nước Mi-an-ma)', 'thống nhất đất nước', 'tuốt lúa']","['001639', '000012', '000667', '001636']"
cuộc đời lung tung Tết hàn thực văn nghệ,"['cuộc đời', 'lung tung', 'Tết hàn thực', 'văn nghệ']","['002492', '000052', '000102', '001772']"
"thái độ sinh tố (bơ, dâu, bé hơn kì lạ","['thái độ', 'sinh tố (bơ, dâu,', 'bé hơn', 'kì lạ']","['000923', '000840', '001575', '003177']"
diêm không nên phong trào cố gắng,"['diêm', 'không nên', 'phong trào', 'cố gắng']","['002580', '000094', '000233', '002412']"
tổng thống toà án cỗ đua ngựa,"['tổng thống', 'toà án', 'cỗ', 'đua ngựa']","['001396', '001362', '002418', '002778']"
bờm tóc Hoàng tử bên trái công cụ,"['bờm tóc', 'Hoàng tử', 'bên trái', 'công cụ']","['001791', '003023', '001603', '002432']"
khô héo thẳng tắp ở ngoài bản lề,"['khô héo', 'thẳng tắp', 'ở ngoài', 'bản lề']","['003155', '000991', '000128', '001357']"
cây xanh tươi môn Mĩ thuật ân hận mồ hôi,"['cây xanh tươi', 'môn Mĩ thuật', 'ân hận', 'mồ hôi']","['001963', '003437', '001294', '003421']"
hàng đơn vị khen tặng san sẻ chúng tôi (đại từ),"['hàng đơn vị', 'khen tặng', 'san sẻ', 'chúng tôi (đại từ)']","['002949', '003132', '000619', '000281']"
ăn ít vênh váo cao nguyên mồ côi,"['ăn ít', 'vênh váo', 'cao nguyên', 'mồ côi']","['000941', '001813', '001943', '003419']"
đổ nước ngã ba tập viết sáng kiến,"['đổ nước', 'ngã ba', 'tập viết', 'sáng kiến']","['002749', '003498', '000887', '000625']"
Ê-ti-ô-pi-a (nước Ê-ti-ô-pi-a) biện pháp nước tới chân mới nhảy nguồn gốc,"['Ê-ti-ô-pi-a (nước Ê-ti-ô-pi-a)', 'biện pháp', 'nước tới chân mới nhảy', 'nguồn gốc']","['002810', '001641', '002241', '003573']"
bất động ngoại hình tủi thân phần trăm,"['bất động', 'ngoại hình', 'tủi thân', 'phần trăm']","['001553', '003551', '001628', '000175']"
cổ họng toa lét xếp cùi chỏ,"['cổ họng', 'toa lét', 'xếp', 'cùi chỏ']","['002411', '001352', '002020', '002489']"
Socola cơm Bãi biển Vũng Tàu Cà Mau,"['Socola', 'cơm', 'Bãi biển Vũng Tàu', 'Cà Mau']","['000858', '002466', '001319', '001896']"
Đền Hùng khóc chất hữu cơ kém,"['Đền Hùng', 'khóc', 'chất hữu cơ', 'kém']","['002691', '003149', '002149', '003098']"
cúi cửa hàng giỗ di chuyển,"['cúi', 'cửa hàng', 'giỗ', 'di chuyển']","['002476', '002500', '000104', '002573']"
củ cà rốt tham ăn ý thức gắn bó,"['củ cà rốt', 'tham ăn', 'ý thức', 'gắn bó']","['002479', '000065', '002086', '002834']"
uốn dẻo bạn trai tổng (số) thường xuyên,"['uốn dẻo', 'bạn trai', 'tổng (số)', 'thường xuyên']","['001714', '001385', '001392', '000352']"
môn Đạo đức Võ Nguyên Giáp nhận chúng tôi (4 người) (đại từ),"['môn Đạo đức', 'Võ Nguyên Giáp', 'nhận', 'chúng tôi (4 người) (đại từ)']","['003427', '001843', '003632', '000277']"
góc bếp bón phân chính xác phấn trang điểm,"['góc bếp', 'bón phân', 'chính xác', 'phấn trang điểm']","['002919', '001699', '002215', '000186']"
một là chuẩn bị bỏ qua tóm tắt,"['một là', 'chuẩn bị', 'bỏ qua', 'tóm tắt']","['000313', '002254', '001685', '001378']"
chục nghìn chuyền bóng vái tứ phương cá kiếm,"['chục nghìn', 'chuyền bóng', 'vái tứ phương', 'cá kiếm']","['002262', '002281', '001750', '000167']"
băng bó trí khôn đi vệ sinh thủng,"['băng bó', 'trí khôn', 'đi vệ sinh', 'thủng']","['001519', '001474', '001019', '001172']"
đầu tư câu thơ dãy núi Hoàng Liên Sơn rổ,"['đầu tư', 'câu thơ', 'dãy núi Hoàng Liên Sơn', 'rổ']","['000583', '001991', '000550', '000571']"
lá cây hoan hô xe cứu hỏa đặt,"['lá cây', 'hoan hô', 'xe cứu hỏa', 'đặt']","['003208', '002124', '001996', '002644']"
buổi sáng bệnh nhân vô tâm chiều cao,"['buổi sáng', 'bệnh nhân', 'vô tâm', 'chiều cao']","['001834', '001621', '001868', '002192']"
chợ nổi người lái xe (ô tô) mồ hôi nhễ nhại vòi nước,"['chợ nổi', 'người lái xe (ô tô)', 'mồ hôi nhễ nhại', 'vòi nước']","['002227', '003585', '000440', '001854']"
khu vườn 11 nến ý nghĩa,"['khu vườn', '11', 'nến', 'ý nghĩa']","['003168', '001148', '003496', '002082']"
hung thủ cầu Thê Húc (Hồ Gươm) riêng tư xà phòng,"['hung thủ', 'cầu Thê Húc (Hồ Gươm)', 'riêng tư', 'xà phòng']","['003073', '000746', '000548', '001934']"
miền Bắc Việt Nam nghỉ học vịnh ô ăn quan,"['miền Bắc Việt Nam', 'nghỉ học', 'vịnh', 'ô ăn quan']","['003406', '003538', '001839', '000091']"
ngũ quả ăn đủ bò Đông Nam,"['ngũ quả', 'ăn đủ', 'bò', 'Đông Nam']","['003572', '000937', '001675', '002743']"
suối gửi héc-tô-gam (hg) liếc nhìn,"['suối', 'gửi', 'héc-tô-gam (hg)', 'liếc nhìn']","['000763', '002934', '002973', '000610']"
cá kiếm vững chắc môn Kĩ thuật thành viên,"['cá kiếm', 'vững chắc', 'môn Kĩ thuật', 'thành viên']","['000167', '001922', '003433', '000975']"
trống (không có gì) từ phải sang trái bằng phẳng đánh,"['trống (không có gì)', 'từ phải sang trái', 'bằng phẳng', 'đánh']","['002755', '001652', '001527', '002625']"
khổ thơ nẻ no áp phích,"['khổ thơ', 'nẻ', 'no', 'áp phích']","['003156', '003491', '000026', '001266']"
tranh luận hòa nhập nạn nhân hội nghị,"['tranh luận', 'hòa nhập', 'nạn nhân', 'hội nghị']","['001440', '003017', '003479', '003060']"
mắng giá trị phần trăm mềm mại vây bắt,"['mắng', 'giá trị phần trăm', 'mềm mại', 'vây bắt']","['003376', '002866', '003402', '001803']"
quy đồng mẫu số giúp đỡ tai nạn cây thông,"['quy đồng mẫu số', 'giúp đỡ', 'tai nạn', 'cây thông']","['000471', '002915', '000821', '003326']"
chuyển giao thụ phấn (hoa) chảo thanh niên,"['chuyển giao', 'thụ phấn (hoa)', 'chảo', 'thanh niên']","['002288', '001293', '002079', '000956']"
cái túi hiếu thảo rước đèn quả nho,"['cái túi', 'hiếu thảo', 'rước đèn', 'quả nho']","['001911', '002994', '000603', '000370']"
nghệ sĩ bốt cảnh sát cắt nhau đề-xi-mét (dm),"['nghệ sĩ', 'bốt cảnh sát', 'cắt nhau', 'đề-xi-mét (dm)']","['003527', '001759', '001966', '002686']"
xây nhà nhường nhịn đô thị ai bảo,"['xây nhà', 'nhường nhịn', 'đô thị', 'ai bảo']","['001986', '000020', '002732', '002133']"
yên ngựa câu đối bản đồ Việt Nam hành quân,"['yên ngựa', 'câu đối', 'bản đồ Việt Nam', 'hành quân']","['002505', '001981', '001349', '002959']"
muộn tỉ lệ mít tinh nóc nhà,"['muộn', 'tỉ lệ', 'mít tinh', 'nóc nhà']","['003474', '001238', '000454', '000031']"
môn Kĩ thuật diệt chủng góp tiền chật chội,"['môn Kĩ thuật', 'diệt chủng', 'góp tiền', 'chật chội']","['003435', '002584', '000958', '002154']"
phong tục em trai chớp mắt văn,"['phong tục', 'em trai', 'chớp mắt', 'văn']","['000235', '002805', '002234', '001762']"
cổ con tôm chuẩn bị theo đuổi,"['cổ', 'con tôm', 'chuẩn bị', 'theo đuổi']","['002407', '002390', '002252', '001031']"
kí hiệu người gửi đàng ngoài phim tài liệu,"['kí hiệu', 'người gửi', 'đàng ngoài', 'phim tài liệu']","['003184', '003584', '002622', '000220']"
còng (cái còng) con dâu củ sả thiệt thòi,"['còng (cái còng)', 'con dâu', 'củ sả', 'thiệt thòi']","['002399', '002338', '002484', '001077']"
gai tràn ngập (nước) cơm rang phòng y tế,"['gai', 'tràn ngập (nước)', 'cơm rang', 'phòng y tế']","['002818', '001436', '000207', '000257']"
bộ sách mõm phòng y tế đẹp mê hồn,"['bộ sách', 'mõm', 'phòng y tế', 'đẹp mê hồn']","['001739', '003413', '000257', '002681']"
tương ớt giường chùm vải kiến trúc sư,"['tương ớt', 'giường', 'chùm vải', 'kiến trúc sư']","['000244', '002917', '002270', '003196']"
Trung Quốc (nước Trung Quốc) chào số đo bữa cơm,"['Trung Quốc (nước Trung Quốc)', 'chào', 'số đo', 'bữa cơm']","['001552', '002075', '000729', '001873']"
sân chơi sữa hộp hình lập phương giai đoạn,"['sân chơi', 'sữa hộp', 'hình lập phương', 'giai đoạn']","['000657', '000791', '003003', '002856']"
khả năng khách ung thư đánh bắt,"['khả năng', 'khách', 'ung thư', 'đánh bắt']","['000211', '003111', '000483', '002626']"
tròn trịa (mặt) củ khoai lang đối xử thăng bằng,"['tròn trịa (mặt)', 'củ khoai lang', 'đối xử', 'thăng bằng']","['001490', '002472', '002752', '000987']"
đá bóng đàng ngoài công văn thơm,"['đá bóng', 'đàng ngoài', 'công văn', 'thơm']","['002604', '002622', '002120', '001129']"
quốc gia dòng chữ sừng cối giã,"['quốc gia', 'dòng chữ', 'sừng', 'cối giã']","['000455', '002592', '000803', '002424']"
mặc kệ giếng nước mưa phùn thông thường,"['mặc kệ', 'giếng nước', 'mưa phùn', 'thông thường']","['003371', '002906', '003475', '001105']"
giới hạn bún ngan cặp tóc thổi bóng,"['giới hạn', 'bún ngan', 'cặp tóc', 'thổi bóng']","['002912', '000195', '001964', '001089']"
cướp biển ấm đun nước đấu vật giám đốc,"['cướp biển', 'ấm đun nước', 'đấu vật', 'giám đốc']","['002509', '001288', '002653', '002872']"
định vị rút gọn nguyện vọng địa hình,"['định vị', 'rút gọn', 'nguyện vọng', 'địa hình']","['002717', '000585', '003578', '001003']"
thu nhỏ mục đích ngày của Cha sợi dây,"['thu nhỏ', 'mục đích', 'ngày của Cha', 'sợi dây']","['001133', '001206', '000111', '000753']"
dãy nhà quần đùi góp tiền áo phông,"['dãy nhà', 'quần đùi', 'góp tiền', 'áo phông']","['002530', '000436', '000958', '001262']"
ngâm hạt rước đèn bước bột màu,"['ngâm hạt', 'rước đèn', 'bước', 'bột màu']","['003520', '000603', '001882', '001769']"
vuốt tóc dãy núi bùn quốc tế,"['vuốt tóc', 'dãy núi', 'bùn', 'quốc tế']","['001918', '002531', '001818', '000462']"
vô lí máy khâu trầm trồ trang trí,"['vô lí', 'máy khâu', 'trầm trồ', 'trang trí']","['001864', '003368', '001456', '001418']"
mở đầu tính từ gang tay bước chân,"['mở đầu', 'tính từ', 'gang tay', 'bước chân']","['003451', '001344', '002823', '001884']"
8 dòng chữ đàng hoàng trà sữa,"['8', 'dòng chữ', 'đàng hoàng', 'trà sữa']","['001142', '002592', '000511', '000857']"
tròn lượt về (trong thể thao) tỉnh con cá sấu,"['tròn', 'lượt về (trong thể thao)', 'tỉnh', 'con cá sấu']","['001493', '000716', '000007', '000127']"
số chín đánh cầu lông chúi đầu mở màn,"['số chín', 'đánh cầu lông', 'chúi đầu', 'mở màn']","['000727', '000743', '002265', '003452']"
ưu tiên thống nhất đất nước biểu đồ quả đu đủ,"['ưu tiên', 'thống nhất đất nước', 'biểu đồ', 'quả đu đủ']","['001732', '000667', '001643', '000341']"
răng đạn ít hơn khờ dại,"['răng', 'đạn', 'ít hơn', 'khờ dại']","['000531', '002630', '003090', '000217']"
hắt hơi công cộng đánh bắt hú vía,"['hắt hơi', 'công cộng', 'đánh bắt', 'hú vía']","['002968', '002431', '002626', '000155']"
một tiếng tính toán quy nạp thiếu niên,"['một tiếng', 'tính toán', 'quy nạp', 'thiếu niên']","['000866', '001342', '000473', '001081']"
23 Phú Thọ Yên Bái tải về,"['23', 'Phú Thọ', 'Yên Bái', 'tải về']","['001158', '000284', '002092', '000591']"
năng lực hàng đơn vị gà trống tình yêu,"['năng lực', 'hàng đơn vị', 'gà trống', 'tình yêu']","['003489', '002949', '002817', '001324']"
bến phà điện thoại quốc khánh ô,"['bến phà', 'điện thoại', 'quốc khánh', 'ô']","['001609', '002705', '000458', '001063']"
rằm trung thu đường chéo hòn bi (giống viên bi) sừng bò,"['rằm trung thu', 'đường chéo', 'hòn bi (giống viên bi)', 'sừng bò']","['000526', '002789', '003042', '000805']"
tiếp tục hàng chục nghìn ích lợi trong sáng,"['tiếp tục', 'hàng chục nghìn', 'ích lợi', 'trong sáng']","['001279', '002946', '003087', '001492']"
khuyên tai đ lầu (tầng) còng,"['khuyên tai', 'đ', 'lầu (tầng)', 'còng']","['003175', '001037', '003237', '002400']"
cơ quan nằm câu cá xếp hàng ngang,"['cơ quan', 'nằm', 'câu cá', 'xếp hàng ngang']","['002459', '003486', '001975', '002026']"
vực sâu rừng thưa quả hồng xiêm chủ ngữ,"['vực sâu', 'rừng thưa', 'quả hồng xiêm', 'chủ ngữ']","['003169', '000601', '000347', '002239']"
"rộng lớn Oa-sinh-tơn anh hai, anh cả chiếu phim","['rộng lớn', 'Oa-sinh-tơn', 'anh hai, anh cả', 'chiếu phim']","['000573', '000087', '000303', '002199']"
bờ ruộng lưỡi môn Tiếng Việt nghĩa đen,"['bờ ruộng', 'lưỡi', 'môn Tiếng Việt', 'nghĩa đen']","['001779', '003320', '003440', '003540']"
xe lu sơn các bạn (2 người) phòng máy tính,"['xe lu', 'sơn', 'các bạn (2 người)', 'phòng máy tính']","['002008', '000757', '000283', '000250']"
giầy ba ta thuỷ điện thuận lợi nhổ râu,"['giầy ba ta', 'thuỷ điện', 'thuận lợi', 'nhổ râu']","['002891', '001178', '001156', '000614']"
đỏ thắm văn nghệ người quen phòng học tin học,"['đỏ thắm', 'văn nghệ', 'người quen', 'phòng học tin học']","['000635', '001772', '003590', '000247']"
phân số tối giản từ bỏ ủng sừng trâu,"['phân số tối giản', 'từ bỏ', 'ủng', 'sừng trâu']","['000169', '001646', '001704', '000807']"
bột giặt tròn trịa (mặt) mọc râu họa sỹ,"['bột giặt', 'tròn trịa (mặt)', 'mọc râu', 'họa sỹ']","['001763', '001490', '000630', '003018']"
trứng vòi voi la hét tiếp tục,"['trứng', 'vòi voi', 'la hét', 'tiếp tục']","['001588', '001845', '003207', '001277']"
theo dõi môn Lịch sử rèn luyện cửa sổ,"['theo dõi', 'môn Lịch sử', 'rèn luyện', 'cửa sổ']","['001028', '003436', '000541', '002503']"
cộng (Toán học) dài hạn đau bụng con gấu,"['cộng (Toán học)', 'dài hạn', 'đau bụng', 'con gấu']","['002447', '002516', '000777', '002346']"
lúng túng dân tộc Khơ me ca nô mùa đông,"['lúng túng', 'dân tộc Khơ me', 'ca nô', 'mùa đông']","['003311', '000682', '001894', '003462']"
bạn trai quả bưởi trà hoa,"['bạn trai', 'quả bưởi', 'trà', 'hoa']","['001383', '000310', '001420', '003010']"
vườn thú quan điểm tay chân sạch sẽ Cu ba (nước Cu ba),"['vườn thú', 'quan điểm', 'tay chân sạch sẽ', 'Cu ba (nước Cu ba)']","['001924', '000396', '000920', '002470']"
cuối tuần anh vợ giãn cách xã hội lương thực,"['cuối tuần', 'anh vợ', 'giãn cách xã hội', 'lương thực']","['000892', '001241', '000634', '003324']"
r điều tra đi mũi tên,"['r', 'điều tra', 'đi', 'mũi tên']","['001078', '002715', '002693', '000498']"
mục đích côn trùng áo ấm quan hệ,"['mục đích', 'côn trùng', 'áo ấm', 'quan hệ']","['001206', '002428', '001252', '000397']"
lá cây quả hồng bổ ngữ ngạc nhiên,"['lá cây', 'quả hồng', 'bổ ngữ', 'ngạc nhiên']","['003209', '000345', '001719', '003505']"
thu nhỏ sụp đổ giả mạo buồn nôn,"['thu nhỏ', 'sụp đổ', 'giả mạo', 'buồn nôn']","['001133', '000457', '002853', '001853']"
đổi đỡ 11 Tết hàn thực,"['đổi', 'đỡ', '11', 'Tết hàn thực']","['002735', '002777', '001152', '000102']"
bệnh nhân xe ben tờ giấy truyền dịch,"['bệnh nhân', 'xe ben', 'tờ giấy', 'truyền dịch']","['001621', '001990', '001412', '001576']"
khung cửa số kiến trúc sư lễ hội hóa trang sinh đẻ,"['khung cửa số', 'kiến trúc sư', 'lễ hội hóa trang', 'sinh đẻ']","['003171', '003196', '003249', '000692']"
đồng lúa dây thừng thị giác buồn nôn,"['đồng lúa', 'dây thừng', 'thị giác', 'buồn nôn']","['002760', '002565', '001051', '001853']"
tai nạn tranh luận nắn nót tay trái,"['tai nạn', 'tranh luận', 'nắn nót', 'tay trái']","['000821', '001440', '003487', '000863']"
nguội pha lê hộp họ (2 người) (đại từ),"['nguội', 'pha lê', 'hộp', 'họ (2 người) (đại từ)']","['000814', '000134', '003063', '000285']"
cụ già ngân hàng màu xanh da trời hòa bình,"['cụ già', 'ngân hàng', 'màu xanh da trời', 'hòa bình']","['002487', '003521', '003355', '003016']"
nói chuyện lông gà không muốn chữa cháy,"['nói chuyện', 'lông gà', 'không muốn', 'chữa cháy']","['000033', '003291', '000426', '002295']"
giảm nhọn cổ chân sao chép,"['giảm', 'nhọn', 'cổ chân', 'sao chép']","['002858', '000008', '002409', '000633']"
cửa sổ chuyển hướng đèn vàng xảy ra,"['cửa sổ', 'chuyển hướng', 'đèn vàng', 'xảy ra']","['002503', '002289', '002670', '000579']"
cây cọ cầu tre cây ngô thông tin,"['cây cọ', 'cầu tre', 'cây ngô', 'thông tin']","['000994', '002007', '002037', '001107']"
bút háo hức đợi góc vuông,"['bút', 'háo hức', 'đợi', 'góc vuông']","['001865', '000586', '002773', '002923']"
Tây Ninh quả mướp con cú mèo tưới cây,"['Tây Ninh', 'quả mướp', 'con cú mèo', 'tưới cây']","['000893', '000359', '002336', '001684']"
ư bến phà Ma Cao rộng rãi,"['ư', 'bến phà', 'Ma Cao', 'rộng rãi']","['001090', '001609', '000016', '000575']"
lao phổi lễ bế giảng bên trái con dê,"['lao phổi', 'lễ bế giảng', 'bên trái', 'con dê']","['003224', '003243', '001603', '002339']"
thực sự gậy của người già vực sâu dầu ăn,"['thực sự', 'gậy của người già', 'vực sâu', 'dầu ăn']","['001222', '002844', '003169', '002547']"
con rùa hàng dọc xe lam dự trữ,"['con rùa', 'hàng dọc', 'xe lam', 'dự trữ']","['002379', '002948', '002006', '003327']"
đánh trống chân dung cây gỗ khóc,"['đánh trống', 'chân dung', 'cây gỗ', 'khóc']","['002629', '002142', '002029', '003149']"
thổi kèn chăm học f hàng ngày,"['thổi kèn', 'chăm học', 'f', 'hàng ngày']","['001091', '002113', '001096', '000391']"
kết hợp mùa hè Bình Dương trường hợp,"['kết hợp', 'mùa hè', 'Bình Dương', 'trường hợp']","['003104', '003465', '001661', '001598']"
mở tính chất cơ bản của phân số an ninh mẫu số,"['mở', 'tính chất cơ bản của phân số', 'an ninh', 'mẫu số']","['003449', '001334', '001205', '003392']"
người xấu tình huống xuất hiện bó hoa,"['người xấu', 'tình huống', 'xuất hiện', 'bó hoa']","['003593', '001316', '002056', '001691']"
giật mình h đông lạnh ra lệnh,"['giật mình', 'h', 'đông lạnh', 'ra lệnh']","['002890', '001050', '002757', '000501']"
công trường dệt tiểu học tôi yêu bạn,"['công trường', 'dệt', 'tiểu học', 'tôi yêu bạn']","['002437', '002572', '001295', '002098']"
bàn chân gãi đầu gãi tai miền Nam Việt Nam điều tra,"['bàn chân', 'gãi đầu gãi tai', 'miền Nam Việt Nam', 'điều tra']","['001337', '002819', '003407', '002715']"
xung đột năn nỉ Bà Nà điều trị,"['xung đột', 'năn nỉ', 'Bà Nà', 'điều trị']","['002062', '000584', '001301', '002716']"
liên tục cha cõng gà mái,"['liên tục', 'cha', 'cõng', 'gà mái']","['003267', '002059', '002401', '002814']"
vai bốc thăm chuyền bóng vai trò,"['vai', 'bốc thăm', 'chuyền bóng', 'vai trò']","['001744', '001743', '002281', '001746']"
gấp ba thù lao muộn xóm làng,"['gấp ba', 'thù lao', 'muộn', 'xóm làng']","['000556', '001137', '003474', '002040']"
tham dự con bò con hoẵng đường sắt,"['tham dự', 'con bò', 'con hoẵng', 'đường sắt']","['000931', '002317', '002349', '002794']"
phòng chức năng bồi bàn bệnh nhân kí duyệt,"['phòng chức năng', 'bồi bàn', 'bệnh nhân', 'kí duyệt']","['000243', '001745', '001621', '003178']"
đối xứng quả gấc bơi tóc dài,"['đối xứng', 'quả gấc', 'bơi', 'tóc dài']","['002753', '000343', '001781', '000908']"
núi lửa sợi chỉ hàng triệu màu nâu,"['núi lửa', 'sợi chỉ', 'hàng triệu', 'màu nâu']","['000077', '000751', '002954', '003348']"
tiến sĩ phép tính quanh năm rình mò,"['tiến sĩ', 'phép tính', 'quanh năm', 'rình mò']","['001263', '000194', '000552', '000551']"
sinh hoạt khẩu hiệu nước mắt chị dâu,"['sinh hoạt', 'khẩu hiệu', 'nước mắt', 'chị dâu']","['000697', '003127', '000079', '002175']"
ông nội nhổ tóc đau tay kính lúp,"['ông nội', 'nhổ tóc', 'đau tay', 'kính lúp']","['000116', '000612', '000779', '003203']"
đại diện đèn báo giao thông khó tiêu má hồng,"['đại diện', 'đèn báo giao thông', 'khó tiêu', 'má hồng']","['002607', '002661', '002166', '000446']"
nghiến răng cao tốc tóc ngắn số La Mã (Toán học),"['nghiến răng', 'cao tốc', 'tóc ngắn', 'số La Mã (Toán học)']","['003550', '001951', '000913', '000507']"
hóa đơn điều kiện hai là vai,"['hóa đơn', 'điều kiện', 'hai là', 'vai']","['001633', '002714', '000315', '001744']"
gọt bút chì (cái) ống nhòm mét khối (m3) cây cổ thụ,"['gọt bút chì (cái)', 'ống nhòm', 'mét khối (m3)', 'cây cổ thụ']","['002927', '000120', '003398', '002021']"
chạy (động vật) phép mầu đan dân chủ,"['chạy (động vật)', 'phép mầu', 'đan', 'dân chủ']","['000405', '000192', '002615', '000253']"
ma cà rồng bò tót chia phần Bạc Liêu,"['ma cà rồng', 'bò tót', 'chia phần', 'Bạc Liêu']","['003332', '001679', '002183', '001307']"
chum chú ( người) chứng kiến con cóc,"['chum', 'chú ( người)', 'chứng kiến', 'con cóc']","['002266', '002111', '002297', '002330']"
trong sáng tài năng vàng bạc tự lập,"['trong sáng', 'tài năng', 'vàng bạc', 'tự lập']","['001492', '000825', '001756', '001666']"
gắn bó cặp tóc liệt (liệt tay chân) về 2 (Miền Bắc),"['gắn bó', 'cặp tóc', 'liệt (liệt tay chân)', 'về 2 (Miền Bắc)']","['002834', '001964', '003270', '000360']"
tìm hiểu hậu quả â bụi phấn,"['tìm hiểu', 'hậu quả', 'â', 'bụi phấn']","['001304', '002970', '001029', '001814']"
bốc thăm danh từ riêng nội dung con đường,"['bốc thăm', 'danh từ riêng', 'nội dung', 'con đường']","['001743', '002527', '000060', '002343']"
liều lĩnh tuốt lúa chanh nóng đóng dấu,"['liều lĩnh', 'tuốt lúa', 'chanh nóng', 'đóng dấu']","['003271', '001636', '000848', '002730']"
gieo xúc xắc ham chơi con ngỗng bò,"['gieo xúc xắc', 'ham chơi', 'con ngỗng', 'bò']","['002905', '000740', '002364', '001675']"
An Giang hoa lay ơn Quảng Ninh thông thường,"['An Giang', 'hoa lay ơn', 'Quảng Ninh', 'thông thường']","['001203', '003012', '000407', '001105']"
chia ba quạt treo tường một cặp gà nướng lu,"['chia ba', 'quạt treo tường', 'một cặp', 'gà nướng lu']","['000564', '000423', '003444', '000828']"
con voi hài hước bạn yêu tôi bữa cơm,"['con voi', 'hài hước', 'bạn yêu tôi', 'bữa cơm']","['002395', '002943', '000289', '001873']"
nói leo chúc thọ con sư tử nguồn gốc,"['nói leo', 'chúc thọ', 'con sư tử', 'nguồn gốc']","['000036', '002260', '002386', '003573']"
quanh năm trục hoành ngô phòng thư viện,"['quanh năm', 'trục hoành', 'ngô', 'phòng thư viện']","['000552', '001532', '003564', '000255']"
kính trọng nhà nước vị trí cô dâu,"['kính trọng', 'nhà nước', 'vị trí', 'cô dâu']","['003204', '002600', '001825', '002402']"
chú ý nhân hậu cầu tre thú y,"['chú ý', 'nhân hậu', 'cầu tre', 'thú y']","['002246', '003627', '002007', '001151']"
gốm sứ ngước nhìn vai trò bỏ hoang,"['gốm sứ', 'ngước nhìn', 'vai trò', 'bỏ hoang']","['002932', '003580', '001746', '001681']"
chu vi bạn gái chùm khế phương Đông,"['chu vi', 'bạn gái', 'chùm khế', 'phương Đông']","['002235', '001377', '002268', '000025']"
xe cẩu ưu tiên phân số thập phân đá bóng,"['xe cẩu', 'ưu tiên', 'phân số thập phân', 'đá bóng']","['002010', '001732', '000168', '002604']"
cối giã còng buông màn chọi trâu,"['cối giã', 'còng', 'buông màn', 'chọi trâu']","['002424', '002400', '001857', '002221']"
không cho cống rút gọn phân số hồ Hoàn Kiếm,"['không cho', 'cống', 'rút gọn phân số', 'hồ Hoàn Kiếm']","['000086', '002445', '000587', '003051']"
quả ổi quanh năm vết thương hót,"['quả ổi', 'quanh năm', 'vết thương', 'hót']","['000372', '000552', '001815', '003047']"
mọc râu màu đen ai cho băng giá,"['mọc râu', 'màu đen', 'ai cho', 'băng giá']","['000630', '003346', '000080', '001525']"
ma quỷ bạn yêu tôi đường tròn đất nước bị chia cắt (Việt Nam),"['ma quỷ', 'bạn yêu tôi', 'đường tròn', 'đất nước bị chia cắt (Việt Nam)']","['003333', '000289', '002797', '000665']"
xâm hại tình dục Tết Âm Bun-ga-ri (nước Bun-ga-ri) nén,"['xâm hại tình dục', 'Tết Âm', 'Bun-ga-ri (nước Bun-ga-ri)', 'nén']","['003552', '000899', '001816', '003492']"
võng (cái võng) nốt ruồi giải vô địch cuốn,"['võng (cái võng)', 'nốt ruồi', 'giải vô địch', 'cuốn']","['001860', '000070', '002871', '002494']"
bò sát ăn vặt tính chất rừng rậm,"['bò sát', 'ăn vặt', 'tính chất', 'rừng rậm']","['001677', '001274', '001330', '000599']"
cố định bịa đặt đưa đón mét khối (m3),"['cố định', 'bịa đặt', 'đưa đón', 'mét khối (m3)']","['002419', '001631', '002786', '003398']"
đi dạo cỏ củ từ Cam-pu-chia (nước Cam-pu-chia),"['đi dạo', 'cỏ', 'củ từ', 'Cam-pu-chia (nước Cam-pu-chia)']","['000354', '001804', '002473', '001917']"
chúc thọ bắt đền đông lạnh Kon Tum,"['chúc thọ', 'bắt đền', 'đông lạnh', 'Kon Tum']","['002259', '001539', '002757', '003205']"
xử lý lạc quan bé gái chào,"['xử lý', 'lạc quan', 'bé gái', 'chào']","['000256', '003212', '001573', '002075']"
trí thức bức tường bọt biển Bạc Liêu,"['trí thức', 'bức tường', 'bọt biển', 'Bạc Liêu']","['001476', '001880', '001711', '001307']"
vạm vỡ lau miệng vịt quay chanh đá,"['vạm vỡ', 'lau miệng', 'vịt quay', 'chanh đá']","['001752', '000514', '000827', '000846']"
ai cho quan tâm bập bênh vuông góc,"['ai cho', 'quan tâm', 'bập bênh', 'vuông góc']","['000080', '000399', '001551', '001920']"
cướp biển áo cánh Bắc Kạn bốc thăm,"['cướp biển', 'áo cánh', 'Bắc Kạn', 'bốc thăm']","['002509', '001254', '001503', '001743']"
búp bê mỳ vằn thắn khóm dứa bối rối,"['búp bê', 'mỳ vằn thắn', 'khóm dứa', 'bối rối']","['001863', '000183', '003153', '000153']"
hình hộp gù lưng chất độc,"['hình', 'hộp', 'gù lưng', 'chất độc']","['002995', '003063', '002132', '002147']"
ă quả nhãn chó xù cầu Thê Húc (Hồ Gươm),"['ă', 'quả nhãn', 'chó xù', 'cầu Thê Húc (Hồ Gươm)']","['001027', '000365', '002219', '000746']"
Lạng Sơn pha lê ít tinh trùng,"['Lạng Sơn', 'pha lê', 'ít', 'tinh trùng']","['003221', '000134', '003089', '001184']"
lãng phí cấp cứu danh bạ bài báo,"['lãng phí', 'cấp cứu', 'danh bạ', 'bài báo']","['000690', '001969', '002519', '001309']"
chị dâu hình dáng mồ côi bún chả,"['chị dâu', 'hình dáng', 'mồ côi', 'bún chả']","['002175', '002999', '003419', '000193']"
chúc tết duyên dáng xâm lược vắng lặng,"['chúc tết', 'duyên dáng', 'xâm lược', 'vắng lặng']","['002258', '002598', '001978', '001782']"
phụ thuộc trúng tuyển xăng-ti-mét-khối (cm3) Sapa,"['phụ thuộc', 'trúng tuyển', 'xăng-ti-mét-khối (cm3)', 'Sapa']","['000768', '001572', '001974', '000639']"
Bạc Liêu quyển vở chất thải phong toả,"['Bạc Liêu', 'quyển vở', 'chất thải', 'phong toả']","['001307', '000492', '002153', '000998']"
kẻ thù sân trường quả mít thoát hiểm,"['kẻ thù', 'sân trường', 'quả mít', 'thoát hiểm']","['003095', '000670', '000357', '001085']"
cưỡi ngựa gắp thức ăn phi tiêu quạt cây,"['cưỡi ngựa', 'gắp thức ăn', 'phi tiêu', 'quạt cây']","['002504', '002836', '000198', '000412']"
thuận lợi sơ đồ đen láy (như đen nhánh) huy hiệu,"['thuận lợi', 'sơ đồ', 'đen láy (như đen nhánh)', 'huy hiệu']","['001156', '000745', '002660', '003078']"
mật khẩu bánh pizza mi-li-mét (mm) mâm ngũ quả,"['mật khẩu', 'bánh pizza', 'mi-li-mét (mm)', 'mâm ngũ quả']","['003388', '001449', '003404', '003385']"
lẫn lộn khả năng cầu Long Biên hói đầu,"['lẫn lộn', 'khả năng', 'cầu Long Biên', 'hói đầu']","['003236', '000211', '003157', '000054']"
hai phân số bằng nhau tàu thủy công ước biểu đồ cột,"['hai phân số bằng nhau', 'tàu thủy', 'công ước', 'biểu đồ cột']","['000166', '000855', '002438', '001645']"
tay trái ra ngoài đường tròn năm ngoái,"['tay trái', 'ra ngoài', 'đường tròn', 'năm ngoái']","['000863', '000505', '002797', '003485']"
bệnh nhân hình vuông cây khế thần chết,"['bệnh nhân', 'hình vuông', 'cây khế', 'thần chết']","['001621', '001916', '002031', '001007']"
mồ hôi dân chủ tưới cây xem xét,"['mồ hôi', 'dân chủ', 'tưới cây', 'xem xét']","['003421', '000253', '001682', '002014']"
khăn quàng đỏ kẻ cắp tóc xoăn trường tiểu học,"['khăn quàng đỏ', 'kẻ cắp', 'tóc xoăn', 'trường tiểu học']","['003124', '003093', '001372', '001592']"
bơm nước khố tiện nghi ao chuôm,"['bơm nước', 'khố', 'tiện nghi', 'ao chuôm']","['001787', '003162', '001265', '001245']"
rau bắp cải công việc nước mắm luyện từ và câu,"['rau bắp cải', 'công việc', 'nước mắm', 'luyện từ và câu']","['000513', '002442', '000966', '003314']"
mẫu số bé ơ động cơ hốt hoảng,"['mẫu số bé', 'ơ', 'động cơ', 'hốt hoảng']","['003393', '001069', '002768', '000530']"
phản xạ nhụy hoa trống (không có gì) phòng thư viện,"['phản xạ', 'nhụy hoa', 'trống (không có gì)', 'phòng thư viện']","['000152', '000015', '002755', '000255']"
ngày của Cha địa đạo Củ Chi â bóc vỏ,"['ngày của Cha', 'địa đạo Củ Chi', 'â', 'bóc vỏ']","['000109', '002698', '001029', '001695']"
nhận hàng bút âm thanh Sapa,"['nhận hàng', 'bút', 'âm thanh', 'Sapa']","['003631', '001865', '001278', '000639']"
ngữ pháp nhõng nhẽo xăm 12,"['ngữ pháp', 'nhõng nhẽo', 'xăm', '12']","['001159', '000592', '001968', '001154']"
thủng bột ngọt cao tốc quốc gia,"['thủng', 'bột ngọt', 'cao tốc', 'quốc gia']","['001172', '001771', '001951', '000455']"
vỗ tay măng cái neo buổi tối,"['vỗ tay', 'măng', 'cái neo', 'buổi tối']","['001881', '003374', '000986', '001842']"
Thánh Gióng tin cậy xây giầy ba ta,"['Thánh Gióng', 'tin cậy', 'xây', 'giầy ba ta']","['001006', '001308', '001982', '002891']"
con gián bộ truyện kí hiệu điều kiện,"['con gián', 'bộ truyện', 'kí hiệu', 'điều kiện']","['002348', '001725', '003184', '002714']"
trộm cắp về 5 (về nhà) tuần lễ người Điếc thế giới khô héo,"['trộm cắp', 'về 5 (về nhà)', 'tuần lễ người Điếc thế giới', 'khô héo']","['001508', '000366', '000105', '003155']"
no sữa rửa mặt u ám ( trời u ám) i,"['no', 'sữa rửa mặt', 'u ám ( trời u ám)', 'i']","['000026', '000793', '001700', '001056']"
đau mắt đỏ hắt hơi dàn bài anh dũng,"['đau mắt đỏ', 'hắt hơi', 'dàn bài', 'anh dũng']","['000949', '002968', '002517', '001221']"
bồi bàn mồ hôi nhễ nhại mái nhà đạn,"['bồi bàn', 'mồ hôi nhễ nhại', 'mái nhà', 'đạn']","['001745', '000440', '003338', '002630']"
bệnh Đao - Down người quen xã hội chuyên biệt,"['bệnh Đao - Down', 'người quen', 'xã hội', 'chuyên biệt']","['000798', '003590', '001950', '002276']"
trà sữa thuộc lòng gần gũi diều,"['trà sữa', 'thuộc lòng', 'gần gũi', 'diều']","['000857', '001174', '002839', '002586']"
loạn thị đánh giá danh hiệu con voi,"['loạn thị', 'đánh giá', 'danh hiệu', 'con voi']","['003283', '002627', '002521', '002395']"
lúc nào trụi lá hình bình hành tải về,"['lúc nào', 'trụi lá', 'hình bình hành', 'tải về']","['003305', '001540', '002996', '000591']"
đáng quý 7up tác dụng mỗi ngày,"['đáng quý', '7up', 'tác dụng', 'mỗi ngày']","['002624', '000862', '000813', '000387']"
chung kết giải quyết em rể củi,"['chung kết', 'giải quyết', 'em rể', 'củi']","['002271', '002870', '002804', '002490']"
nhạy cảm dãy núi lồng tiếng Lào (nước Lào),"['nhạy cảm', 'dãy núi', 'lồng tiếng', 'Lào (nước Lào)']","['003620', '002531', '003294', '003227']"
tái phạm xăng-ti-mét-vuông (cm2) cỗ nhà văn hóa,"['tái phạm', 'xăng-ti-mét-vuông (cm2)', 'cỗ', 'nhà văn hóa']","['000835', '001976', '002418', '000990']"
tự tin khoan (khoan đã) đáng quý nơi chốn,"['tự tin', 'khoan (khoan đã)', 'đáng quý', 'nơi chốn']","['001670', '003410', '002624', '000075']"
vỡ găng tay kết quả chim đại bàng,"['vỡ', 'găng tay', 'kết quả', 'chim đại bàng']","['001887', '002835', '003105', '002205']"
Cam-pu-chia (nước Cam-pu-chia) sơn ông bà chị dâu,"['Cam-pu-chia (nước Cam-pu-chia)', 'sơn', 'ông bà', 'chị dâu']","['001915', '000757', '000320', '002175']"
quang hợp tiến bộ anh ruột bộ sách,"['quang hợp', 'tiến bộ', 'anh ruột', 'bộ sách']","['000403', '000693', '001237', '001739']"
chỉnh sửa bò sát trao tặng áo kẻ sọc,"['chỉnh sửa', 'bò sát', 'trao tặng', 'áo kẻ sọc']","['002209', '001677', '001446', '000663']"
giám khảo khờ dại nhà rông tay,"['giám khảo', 'khờ dại', 'nhà rông', 'tay']","['002873', '000217', '000688', '000859']"
bắp ngô vạch trần hoạt động giám khảo,"['bắp ngô', 'vạch trần', 'hoạt động', 'giám khảo']","['001533', '001740', '003025', '002873']"
đường kính đèn báo giao thông nhọn ổn định,"['đường kính', 'đèn báo giao thông', 'nhọn', 'ổn định']","['002792', '002663', '000008', '000101']"
con số vuông góc dàn nhạc khuy,"['con số', 'vuông góc', 'dàn nhạc', 'khuy']","['002385', '001920', '002518', '003174']"
căm thù nguy hiểm hòa bình đồng bào,"['căm thù', 'nguy hiểm', 'hòa bình', 'đồng bào']","['000265', '003574', '003016', '002759']"
cởi áo lọng củi đất màu mỡ,"['cởi áo', 'lọng', 'củi', 'đất màu mỡ']","['002462', '003286', '002490', '002647']"
điều trị dán bụi tre ngạc nhiên,"['điều trị', 'dán', 'bụi tre', 'ngạc nhiên']","['002716', '002528', '003154', '003505']"
sinh đẻ đuôi hàng xóm giả mạo,"['sinh đẻ', 'đuôi', 'hàng xóm', 'giả mạo']","['000692', '002784', '002955', '002853']"
máy in tri kỉ gấp quần áo nghi ngờ,"['máy in', 'tri kỉ', 'gấp quần áo', 'nghi ngờ']","['003366', '001040', '002841', '003532']"
tuyên ngôn cổ tay bờ rào tóm tắt,"['tuyên ngôn', 'cổ tay', 'bờ rào', 'tóm tắt']","['001642', '002413', '001777', '001378']"
an ninh cái túi con bướm ga tàu,"['an ninh', 'cái túi', 'con bướm', 'ga tàu']","['001205', '001911', '002318', '002812']"
Phú Thọ mặt đất bờ biển nhập trường,"['Phú Thọ', 'mặt đất', 'bờ biển', 'nhập trường']","['000284', '003379', '001775', '003637']"
"sinh tố (bơ, dâu, danh bạ hối lộ hình bình hành","['sinh tố (bơ, dâu,', 'danh bạ', 'hối lộ', 'hình bình hành']","['000840', '002519', '003059', '002996']"
hai phân số bằng nhau mái hiên mùa thu boong tàu,"['hai phân số bằng nhau', 'mái hiên', 'mùa thu', 'boong tàu']","['000166', '003337', '003466', '001709']"
bơm nước ma quỷ sữa duy nhất,"['bơm nước', 'ma quỷ', 'sữa', 'duy nhất']","['001787', '003333', '000795', '000980']"
chức vụ lái tàu hỏa Gia Lai nhà trường,"['chức vụ', 'lái tàu hỏa', 'Gia Lai', 'nhà trường']","['002301', '003214', '002851', '003608']"
trứng cảnh giác từ phải sang trái hăng hái,"['trứng', 'cảnh giác', 'từ phải sang trái', 'hăng hái']","['001586', '000570', '001652', '002966']"
sa mạc thích thú đơn giản cầu kì,"['sa mạc', 'thích thú', 'đơn giản', 'cầu kì']","['000433', '001064', '002774', '002001']"
xà phòng bạn yêu tôi con chuột pha cà phê,"['xà phòng', 'bạn yêu tôi', 'con chuột', 'pha cà phê']","['001932', '000289', '002327', '000130']"
lược hi sinh thở Quốc Tử Giám,"['lược', 'hi sinh', 'thở', 'Quốc Tử Giám']","['003316', '002983', '001117', '000467']"
bánh đúc hỏi thăm bó đũa hòa nhập,"['bánh đúc', 'hỏi thăm', 'bó đũa', 'hòa nhập']","['001433', '003041', '001689', '003017']"
máy bơm mùa xuân sấm chớp con mực,"['máy bơm', 'mùa xuân', 'sấm chớp', 'con mực']","['003363', '003468', '000653', '002362']"
đàn bầu củ cải trắng mưa phùn buổi trưa,"['đàn bầu', 'củ cải trắng', 'mưa phùn', 'buổi trưa']","['002617', '002480', '003475', '001846']"
góc bẹt chất độc quan (chức vụ) mặt đất,"['góc bẹt', 'chất độc', 'quan (chức vụ)', 'mặt đất']","['002918', '002147', '000524', '003379']"
cây đa số bé trộn (đt) Hà Giang,"['cây đa', 'số bé', 'trộn (đt)', 'Hà Giang']","['002027', '000722', '001526', '002940']"
1 000 000 (một triệu) nến con bê cửa khẩu,"['1 000 000 (một triệu)', 'nến', 'con bê', 'cửa khẩu']","['001185', '003496', '002314', '002501']"
tự trọng thợ rèn khó tiêu công cộng,"['tự trọng', 'thợ rèn', 'khó tiêu', 'công cộng']","['000731', '001121', '002166', '002431']"
phòng thư viện bế em dân tộc Khơ me vực sâu,"['phòng thư viện', 'bế em', 'dân tộc Khơ me', 'vực sâu']","['000255', '001593', '000682', '003169']"
mơ ước bảng chỉ dẫn năn nỉ chân tay,"['mơ ước', 'bảng chỉ dẫn', 'năn nỉ', 'chân tay']","['003448', '001395', '000584', '002144']"
bún ốc lãng phí đánh cầu lông dài hạn,"['bún ốc', 'lãng phí', 'đánh cầu lông', 'dài hạn']","['000197', '000690', '000743', '002516']"
cô dâu Italia (nước Italia) đuốc bờm tóc,"['cô dâu', 'Italia (nước Italia)', 'đuốc', 'bờm tóc']","['002402', '003092', '002783', '001791']"
quanh năm phóng viên cao độ dãy núi,"['quanh năm', 'phóng viên', 'cao độ', 'dãy núi']","['000552', '000988', '001941', '002531']"
tương ớt trang trí nước Việt nam nổ súng,"['tương ớt', 'trang trí', 'nước Việt nam', 'nổ súng']","['000244', '001418', '000085', '000047']"
đồ chơi siêu tốc trách nhiệm tránh thai,"['đồ chơi', 'siêu tốc', 'trách nhiệm', 'tránh thai']","['002733', '000687', '001426', '001444']"
giảm chục hồi hộp ôn tập giết,"['giảm', 'chục', 'hồi hộp', 'ôn tập', 'giết']","['002858', '002261', '003054', '000099', '002907']"
bé gái thù lao bánh pizza đầy tớ quả bưởi,"['bé gái', 'thù lao', 'bánh pizza', 'đầy tớ', 'quả bưởi']","['001573', '001137', '001449', '002656', '000308']"
nhanh nhẹn Thanh Hóa quê cảnh giác thét,"['nhanh nhẹn', 'Thanh Hóa', 'quê', 'cảnh giác', 'thét']","['003613', '000955', '000447', '000570', '001035']"
lọng rơm rớm tổng (số) vững chắc nghệ thuật,"['lọng', 'rơm rớm', 'tổng (số)', 'vững chắc', 'nghệ thuật']","['003286', '002766', '001392', '001922', '003528']"
phấp phới hình bình hành giả sử phản động phun nước,"['phấp phới', 'hình bình hành', 'giả sử', 'phản động', 'phun nước']","['000188', '002996', '002854', '000149', '000291']"
khát vọng nước tương (xì dầu) thiếu thốn quả xoài diện tích xung quanh,"['khát vọng', 'nước tương (xì dầu)', 'thiếu thốn', 'quả xoài', 'diện tích xung quanh']","['003120', '001688', '000460', '000392', '002583']"
buồng trứng thông tin hộp bút con thỏ quả bầu,"['buồng trứng', 'thông tin', 'hộp bút', 'con thỏ', 'quả bầu']","['001861', '001107', '003064', '002389', '000306']"
bút bi phân số thập phân anh ruột ruộng bậc thang mẫu số bé,"['bút bi', 'phân số thập phân', 'anh ruột', 'ruộng bậc thang', 'mẫu số bé']","['001867', '000168', '001235', '000578', '003393']"
cao (vật) cỏ tóc xoăn bể cá chuyển động quay,"['cao (vật)', 'cỏ', 'tóc xoăn', 'bể cá', 'chuyển động quay']","['001933', '001806', '001372', '001591', '002287']"
độc lập tập viết chuyển giao phục hồi huyện,"['độc lập', 'tập viết', 'chuyển giao', 'phục hồi', 'huyện']","['002750', '000887', '002288', '000288', '003080']"
chín trà sữa hốt hoảng tôm hùm trực nhật,"['chín', 'trà sữa', 'hốt hoảng', 'tôm hùm', 'trực nhật']","['002210', '000857', '000530', '000819', '001582']"
xả rác đèn pin vận chuyển phun nước mục tiêu,"['xả rác', 'đèn pin', 'vận chuyển', 'phun nước', 'mục tiêu']","['001944', '002666', '001792', '000291', '000898']"
taxi phép mầu đường cao cày ruộng tán thành,"['taxi', 'phép mầu', 'đường cao', 'cày ruộng', 'tán thành']","['000856', '000192', '002788', '001959', '000845']"
chùa Một Cột lợi ích bút bi thầy giáo hoàn thành,"['chùa Một Cột', 'lợi ích', 'bút bi', 'thầy giáo', 'hoàn thành']","['002251', '003298', '001867', '001023', '003019']"
trí khôn phương tiện huân chương khăn quàng gạo nếp,"['trí khôn', 'phương tiện', 'huân chương', 'khăn quàng', 'gạo nếp']","['001474', '000300', '003071', '003123', '002828']"
cầu kì Đông Nam Á giải thích ổn định mơ ngủ,"['cầu kì', 'Đông Nam Á', 'giải thích', 'ổn định', 'mơ ngủ']","['002001', '002744', '002857', '000101', '003447']"
phẫu thuật bụng ngoại hình vợt cầu lông nhập ngũ miêu tả,"['phẫu thuật bụng', 'ngoại hình', 'vợt cầu lông', 'nhập ngũ', 'miêu tả']","['000794', '003551', '000953', '002740', '003408']"
con sâu đồn công an phố cổ Hội an lượt về (trong thể thao) vội vã,"['con sâu', 'đồn công an', 'phố cổ Hội an', 'lượt về (trong thể thao)', 'vội vã']","['002380', '002742', '000268', '000716', '001883']"
hối lộ dấu huyền quần yếm tiến bộ vào,"['hối lộ', 'dấu huyền', 'quần yếm', 'tiến bộ', 'vào']","['003059', '001104', '000438', '000693', '001758']"
danh bạ tưởng hai là gan lì quý hiếm,"['danh bạ', 'tưởng', 'hai là', 'gan lì', 'quý hiếm']","['002519', '001692', '000315', '002822', '000487']"
muối i-ốt củ đậu liên hoan mặt nạ ngồi,"['muối i-ốt', 'củ đậu', 'liên hoan', 'mặt nạ', 'ngồi']","['003085', '002471', '003260', '003381', '003568']"
xuất hiện muộn rửa chân cháo sườn quả roi,"['xuất hiện', 'muộn', 'rửa chân', 'cháo sườn', 'quả roi']","['002054', '003474', '000590', '000205', '000374']"
gà tây thiệt thòi bảng chỉ dẫn cạnh say sưa,"['gà tây', 'thiệt thòi', 'bảng chỉ dẫn', 'cạnh', 'say sưa']","['002816', '001077', '001395', '001923', '000642']"
rau điện thoại đề phòng siêu tốc bột giặt,"['rau', 'điện thoại', 'đề phòng', 'siêu tốc', 'bột giặt']","['000510', '002705', '000461', '000687', '001763']"
mạnh mẽ bút bi lựu cuống hoa ngón tay,"['mạnh mẽ', 'bút bi', 'lựu', 'cuống hoa', 'ngón tay']","['003344', '001867', '003329', '002477', '003560']"
Hồ Chí Minh quần yếm dốt lửa giao thông,"['Hồ Chí Minh', 'quần yếm', 'dốt', 'lửa', 'giao thông']","['003049', '000438', '002596', '003315', '002859']"
thành lập chọn lựa nghiêm khắc cửa hàng bụi đời,"['thành lập', 'chọn lựa', 'nghiêm khắc', 'cửa hàng', 'bụi đời']","['000963', '002223', '003548', '002500', '001808']"
Italia (nước Italia) sách toán tiến bộ ham chơi va li,"['Italia (nước Italia)', 'sách toán', 'tiến bộ', 'ham chơi', 'va li']","['003092', '000615', '000693', '000740', '001736']"
quả mít vị ngữ mái nhà chuyển động ngày của Mẹ,"['quả mít', 'vị ngữ', 'mái nhà', 'chuyển động', 'ngày của Mẹ']","['000357', '001823', '003338', '002285', '000107']"
đua xe máy sáng chói mỳ ý chanh đá chỉ dẫn,"['đua xe máy', 'sáng chói', 'mỳ ý', 'chanh đá', 'chỉ dẫn']","['002780', '000623', '000187', '000846', '002169']"
như hình với bóng nắn nót bực mình siêu âm giá sách,"['như hình với bóng', 'nắn nót', 'bực mình', 'siêu âm', 'giá sách']","['000017', '003487', '000096', '000683', '002855']"
giỏi bảo tàng phòng chống hình hoạt hình,"['giỏi', 'bảo tàng', 'phòng chống', 'hình', 'hoạt hình']","['002909', '001463', '000242', '002995', '003026']"
tôi yêu bạn ấy một đôi mặt nạ bạn gái động cơ,"['tôi yêu bạn ấy', 'một đôi', 'mặt nạ', 'bạn gái', 'động cơ']","['000292', '003445', '003381', '001377', '002768']"
bỏ hoang bò nổi da gà luật chơi i,"['bỏ hoang', 'bò', 'nổi da gà', 'luật chơi', 'i']","['001681', '001675', '000041', '003303', '001056']"
hỏng háo hức thung lũng tỉ mỉ chả cá,"['hỏng', 'háo hức', 'thung lũng', 'tỉ mỉ', 'chả cá']","['003045', '000586', '001000', '001240', '002067']"
Lâm Đồng z sinh động lốc xoáy chia cắt,"['Lâm Đồng', 'z', 'sinh động', 'lốc xoáy', 'chia cắt']","['003235', '001095', '000695', '000916', '002180']"
xa xôi đồng lúa làm việc ngữ điệu con gấu,"['xa xôi', 'đồng lúa', 'làm việc', 'ngữ điệu', 'con gấu']","['001930', '002760', '003217', '003579', '002346']"
điêu khắc xoáy đồng bằng tham quan tai nạn giao thông,"['điêu khắc', 'xoáy', 'đồng bằng', 'tham quan', 'tai nạn giao thông']","['002706', '002038', '002745', '000940', '001442']"
công chúa bộ đội la hét ung thư nhà cửa,"['công chúa', 'bộ đội', 'la hét', 'ung thư', 'nhà cửa']","['002430', '001737', '003207', '000479', '003602']"
cổ đại thu thập chén trường tiểu học chia hết,"['cổ đại', 'thu thập', 'chén', 'trường tiểu học', 'chia hết']","['002410', '001135', '002161', '001592', '002182']"
chức năng sổ điểm danh chày cộng (Toán học) chè đỗ đỏ,"['chức năng', 'sổ điểm danh', 'chày', 'cộng (Toán học)', 'chè đỗ đỏ']","['002296', '000719', '002105', '002448', '002157']"
bản sao (chỉ người) tiện nghi xà phòng chui công việc,"['bản sao (chỉ người)', 'tiện nghi', 'xà phòng', 'chui', 'công việc']","['001361', '001265', '001932', '002264', '002442']"
họ (2 người) (đại từ) Liên Bang Nga (nước Nga) lục giác về 4 (từ nơi khác về) thận,"['họ (2 người) (đại từ)', 'Liên Bang Nga (nước Nga)', 'lục giác', 'về 4 (từ nơi khác về)', 'thận']","['000285', '003257', '003309', '000364', '001011']"
dãy núi Hoàng Liên Sơn quả dừa xiêm người nước ngoài tóm lược chăm học,"['dãy núi Hoàng Liên Sơn', 'quả dừa xiêm', 'người nước ngoài', 'tóm lược', 'chăm học']","['000550', '000334', '000030', '001376', '002113']"
chiếu phim gần gũi nước mắm chia rẽ 80,"['chiếu phim', 'gần gũi', 'nước mắm', 'chia rẽ', '80']","['002199', '002839', '000966', '000728', '001163']"
vắn tắt câu thơ bờ ruộng cấp cứu dầu gội đầu,"['vắn tắt', 'câu thơ', 'bờ ruộng', 'cấp cứu', 'dầu gội đầu']","['001774', '001987', '001779', '001969', '002548']"
bánh gối giải thích xưa vỗ cánh sa thải,"['bánh gối', 'giải thích', 'xưa', 'vỗ cánh', 'sa thải']","['001441', '002857', '002066', '001879', '002785']"
các bạn (2 người) vòi nước nổi giận ơ ghi chú,"['các bạn (2 người)', 'vòi nước', 'nổi giận', 'ơ', 'ghi chú']","['000283', '001854', '000057', '001069', '002848']"
mỗi xóm làng Oa-sinh-tơn xịt côn trùng quốc khánh,"['mỗi', 'xóm làng', 'Oa-sinh-tơn', 'xịt côn trùng', 'quốc khánh']","['003425', '002040', '000087', '002585', '000458']"
cánh tay rơm rớm về 2 (Miền Bắc) tóm tắt cầu Thê Húc (Hồ Gươm),"['cánh tay', 'rơm rớm', 'về 2 (Miền Bắc)', 'tóm tắt', 'cầu Thê Húc (Hồ Gươm)']","['001921', '002766', '000358', '001378', '000746']"
mâm ngũ quả môn Âm nhạc người lạ chèn ép thuyền chài,"['mâm ngũ quả', 'môn Âm nhạc', 'người lạ', 'chèn ép', 'thuyền chài']","['003384', '003426', '003588', '002160', '001193']"
trang phục bớt găng tay quốc hội khổ thơ,"['trang phục', 'bớt', 'găng tay', 'quốc hội', 'khổ thơ']","['001438', '001793', '002835', '000456', '003156']"
nhập khẩu đau chân cô dâu phong trào bớt,"['nhập khẩu', 'đau chân', 'cô dâu', 'phong trào', 'bớt']","['000032', '000781', '002402', '000233', '001793']"
không cần ăn vú sữa (bằng thìa) cái neo úp thở dài,"['không cần', 'ăn vú sữa (bằng thìa)', 'cái neo', 'úp', 'thở dài']","['000088', '000398', '000986', '001718', '001113']"
giàn khoan rìu cây cổ thụ gắn bó má hồng,"['giàn khoan', 'rìu', 'cây cổ thụ', 'gắn bó', 'má hồng']","['002875', '000553', '002019', '002834', '000446']"
Bình Dương danh nhân xe khách sổ đầu bài bài thơ,"['Bình Dương', 'danh nhân', 'xe khách', 'sổ đầu bài', 'bài thơ']","['001661', '002524', '002004', '000717', '001315']"
điều tra đàn bầu sáng chói chuyện trò vật nuôi,"['điều tra', 'đàn bầu', 'sáng chói', 'chuyện trò', 'vật nuôi']","['002715', '002617', '000623', '002291', '001801']"
tuyên truyền không nên cao (vật) r trang điểm,"['tuyên truyền', 'không nên', 'cao (vật)', 'r', 'trang điểm']","['000737', '000092', '001933', '001078', '000947']"
Ả Rập (nước Ả Rập) quả dừa xiêm bỏ rơi Bến Tre đẹp mê hồn,"['Ả Rập (nước Ả Rập)', 'quả dừa xiêm', 'bỏ rơi', 'Bến Tre', 'đẹp mê hồn']","['000021', '000336', '001687', '001613', '002681']"
xưa chúc tết báo thù phương pháp tác động,"['xưa', 'chúc tết', 'báo thù', 'phương pháp', 'tác động']","['002070', '002258', '001485', '000298', '002769']"
con cọp nô lệ quả sầu riêng răng hốt hoảng,"['con cọp', 'nô lệ', 'quả sầu riêng', 'răng', 'hốt hoảng']","['002333', '000040', '000380', '000531', '000530']"
tưởng tượng bằng phẳng màu xanh da trời tia số tim,"['tưởng tượng', 'bằng phẳng', 'màu xanh da trời', 'tia số', 'tim']","['001694', '001527', '003355', '001246', '001297']"
mềm mại nhà văn hóa bờ ruộng môn Đạo đức mật khẩu,"['mềm mại', 'nhà văn hóa', 'bờ ruộng', 'môn Đạo đức', 'mật khẩu']","['003402', '000992', '001779', '003428', '003389']"
vẫy tay bên cạnh hói đầu gặt lúa cụm từ,"['vẫy tay', 'bên cạnh', 'hói đầu', 'gặt lúa', 'cụm từ']","['001805', '001595', '000054', '002838', '002491']"
nghỉ ngơi theo dõi cháu nội giãn cách xã hội phong kiến,"['nghỉ ngơi', 'theo dõi', 'cháu nội', 'giãn cách xã hội', 'phong kiến']","['003539', '001028', '002097', '000634', '000231']"
nguy hiểm môn Ngoại ngữ trường mầm non thờ cúng vượt trội,"['nguy hiểm', 'môn Ngoại ngữ', 'trường mầm non', 'thờ cúng', 'vượt trội']","['003576', '003438', '001602', '001111', '001926']"
biển đông nhanh nhẹn an ninh hoảng sợ danh dự,"['biển đông', 'nhanh nhẹn', 'an ninh', 'hoảng sợ', 'danh dự']","['001635', '003613', '001205', '003024', '002520']"
chim chích chòe leo trèo phục hồi ngạc nhiên ủy ban nhân dân,"['chim chích chòe', 'leo trèo', 'phục hồi', 'ngạc nhiên', 'ủy ban nhân dân']","['002203', '003241', '000288', '003505', '001722']"
nén cầu giao hành động con trai (động vật) xếp hàng dọc,"['nén', 'cầu giao', 'hành động', 'con trai (động vật)', 'xếp hàng dọc']","['003492', '001999', '002956', '002393', '002024']"
đoàn thanh niên rắc rối danh hiệu yêu cầu chị dâu,"['đoàn thanh niên', 'rắc rối', 'danh hiệu', 'yêu cầu', 'chị dâu']","['002720', '000588', '002521', '002100', '002175']"
đẩy tải về sĩ diện quỳ chất thải,"['đẩy', 'tải về', 'sĩ diện', 'quỳ', 'chất thải']","['002657', '000591', '000679', '000485', '002153']"
bố trí mũm mĩm ngày Nhà giáo Việt nam kêu địa hình,"['bố trí', 'mũm mĩm', 'ngày Nhà giáo Việt nam', 'kêu', 'địa hình']","['001723', '000906', '003500', '003108', '001003']"
quay phim Bắc bộ bỏng ngô số lẻ vững chắc,"['quay phim', 'Bắc bộ', 'bỏng ngô', 'số lẻ', 'vững chắc']","['000416', '001499', '001705', '000730', '001922']"
công sức chim chào mào quả mướp tuyên bố mặc,"['công sức', 'chim chào mào', 'quả mướp', 'tuyên bố', 'mặc']","['002434', '002202', '000359', '001640', '003370']"
khắc phục phun nước bước chân nếm phân số tối giản,"['khắc phục', 'phun nước', 'bước chân', 'nếm', 'phân số tối giản']","['003121', '000291', '001884', '003494', '000169']"
báo thù lon bia thông minh vỡ giết,"['báo thù', 'lon bia', 'thông minh', 'vỡ', 'giết']","['001485', '003284', '001100', '001887', '002907']"
mứt cảng Hải Phòng bước chân trạm y tế sữa bò,"['mứt', 'cảng Hải Phòng', 'bước chân', 'trạm y tế', 'sữa bò']","['003476', '000700', '001884', '001434', '000774']"
dệt bún mắm quy nạp công thức phơi quần áo,"['dệt', 'bún mắm', 'quy nạp', 'công thức', 'phơi quần áo']","['002572', '000191', '000473', '002436', '000278']"
bờ rào điều khiển bay liệng (bay lượn) diện tích toàn phần dập,"['bờ rào', 'điều khiển', 'bay liệng (bay lượn)', 'diện tích toàn phần', 'dập']","['001777', '002713', '001495', '002582', '002546']"
mẫu số chung em trai hét (giống la) tham ăn dấu sắc,"['mẫu số chung', 'em trai', 'hét (giống la)', 'tham ăn', 'dấu sắc']","['003394', '002805', '002979', '000065', '001110']"
tia số dây điện con cua sờ kết luận,"['tia số', 'dây điện', 'con cua', 'sờ', 'kết luận']","['001246', '002562', '002335', '000926', '001012']"
ung thư cày ruộng tàu ngầm tha thứ đối diện,"['ung thư', 'cày ruộng', 'tàu ngầm', 'tha thứ', 'đối diện']","['000483', '001959', '000851', '000912', '002736']"
gà nướng lu con gấu chuyên cần nhiều hơn chuyển động quay,"['gà nướng lu', 'con gấu', 'chuyên cần', 'nhiều hơn', 'chuyển động quay']","['000828', '002346', '002277', '003645', '002287']"
tuỷ sống lọ mực bắt phim hoạt hình nhảy múa,"['tuỷ sống', 'lọ mực', 'bắt', 'phim hoạt hình', 'nhảy múa']","['001638', '003281', '001535', '000214', '003618']"
màu trắng đường kính sắp xếp nhà rông Quốc Tử Giám,"['màu trắng', 'đường kính', 'sắp xếp', 'nhà rông', 'Quốc Tử Giám']","['003354', '002792', '000645', '000688', '000467']"
tuổi thơ ấu đi vệ sinh khỏi bệnh Châu Á Thái Bình Dương ngừng lại,"['tuổi thơ ấu', 'đi vệ sinh', 'khỏi bệnh', 'Châu Á Thái Bình Dương', 'ngừng lại']","['001109', '001019', '003151', '002155', '000413']"
chất lượng nhược điểm khẩu trang châm chọc lung tung,"['chất lượng', 'nhược điểm', 'khẩu trang', 'châm chọc', 'lung tung']","['002151', '000019', '003128', '002139', '000052']"
nổi bật gáy da ngăm (nước da ngăm đen) sáng tạo chèn ép,"['nổi bật', 'gáy', 'da ngăm (nước da ngăm đen)', 'sáng tạo', 'chèn ép']","['000053', '002831', '000754', '000627', '002160']"
mõm 100 tính từ mía công viên,"['mõm', '100', 'tính từ', 'mía', 'công viên']","['003413', '001167', '001344', '000844', '002439']"
xé rách nổ súng công sức mua bán ấn tượng,"['xé rách', 'nổ súng', 'công sức', 'mua bán', 'ấn tượng']","['002012', '000047', '002434', '003460', '001296']"
trêu tức em trai đất màu mỡ tuần này 80,"['trêu tức', 'em trai', 'đất màu mỡ', 'tuần này', '80']","['001472', '002805', '002647', '000874', '001163']"
xa cách xây ăn vú sữa (bằng thìa) cầu kì một đôi,"['xa cách', 'xây', 'ăn vú sữa (bằng thìa)', 'cầu kì', 'một đôi']","['001928', '001984', '000398', '002001', '003445']"
ê nhà trường đảo Hoàng Sa tròn trịa (mặt) chia phần,"['ê', 'nhà trường', 'đảo Hoàng Sa', 'tròn trịa (mặt)', 'chia phần']","['001043', '003608', '000843', '001490', '002183']"
một đôi cây cọ pha cà phê nhà văn hóa ơ,"['một đôi', 'cây cọ', 'pha cà phê', 'nhà văn hóa', 'ơ']","['003445', '000994', '000130', '000992', '001069']"
con hoẵng động cơ khó tiêu Võ Nguyên Giáp thú y,"['con hoẵng', 'động cơ', 'khó tiêu', 'Võ Nguyên Giáp', 'thú y']","['002349', '002768', '002166', '001843', '001153']"
tâm thần thung lũng tiêu hoá mạng lưới Cu ba (nước Cu ba),"['tâm thần', 'thung lũng', 'tiêu hoá', 'mạng lưới', 'Cu ba (nước Cu ba)']","['000869', '001000', '001291', '003343', '002470']"
không cần nhưng vun đắp rửa bát gọt bút chì (cái),"['không cần', 'nhưng', 'vun đắp', 'rửa bát', 'gọt bút chì (cái)']","['000088', '000536', '001912', '000589', '002927']"
sấm sét cơm bình dân sao bóng bay giá trị phần trăm,"['sấm sét', 'cơm bình dân', 'sao', 'bóng bay', 'giá trị phần trăm']","['000655', '002467', '000629', '001707', '002865']"
đồ ăn nhân vật mắm chúng tôi (3 người) (đại từ) một tiếng,"['đồ ăn', 'nhân vật', 'mắm', 'chúng tôi (3 người) (đại từ)', 'một tiếng']","['000945', '003630', '003373', '000275', '000868']"
xem đã Vĩnh Phúc Bạc Liêu bờm tóc áp phích,"['xem đã', 'Vĩnh Phúc', 'Bạc Liêu', 'bờm tóc', 'áp phích']","['000439', '001837', '001307', '001791', '001266']"
cây ăn quả đ em họ theo dõi phiền hà,"['cây ăn quả', 'đ', 'em họ', 'theo dõi', 'phiền hà']","['002013', '001037', '000331', '001028', '000474']"
Cocacola chèo thuyền dựng phim trung thành hình học,"['Cocacola', 'chèo thuyền', 'dựng phim', 'trung thành', 'hình học']","['000860', '002162', '002603', '001558', '003001']"
no nông thôn ông bà số lẻ anh rể,"['no', 'nông thôn', 'ông bà', 'số lẻ', 'anh rể']","['000026', '000068', '000320', '000730', '001229']"
Cà Mau dây thần kinh bánh pizza làm quen vô ý thức,"['Cà Mau', 'dây thần kinh', 'bánh pizza', 'làm quen', 'vô ý thức']","['001896', '002564', '001449', '003215', '001875']"
tỏa hương đồng ruộng Đông Timor (nước Đông Timor) nguyên nhân chia rẽ,"['tỏa hương', 'đồng ruộng', 'Đông Timor (nước Đông Timor)', 'nguyên nhân', 'chia rẽ']","['001368', '002764', '002758', '003577', '000728']"
kì lạ ăn hối lộ phương Tây kẻ thù kém,"['kì lạ', 'ăn hối lộ', 'phương Tây', 'kẻ thù', 'kém']","['003177', '001270', '000023', '003095', '003097']"
quê y tế năm ngoái lục giác chăn (cái chăn),"['quê', 'y tế', 'năm ngoái', 'lục giác', 'chăn (cái chăn)']","['000447', '002076', '003485', '003309', '002121']"
bốc hơi quạt trần khéo hoa sen mét khối (m3),"['bốc hơi', 'quạt trần', 'khéo', 'hoa sen', 'mét khối (m3)']","['001741', '001458', '003133', '003015', '003398']"
bản sao (chỉ người) thu thập thực vật mời áo ấm,"['bản sao (chỉ người)', 'thu thập', 'thực vật', 'mời', 'áo ấm']","['001361', '001135', '001226', '003455', '001252']"
cơ bắp cày danh từ riêng phun nước quanh năm,"['cơ bắp', 'cày', 'danh từ riêng', 'phun nước', 'quanh năm']","['002455', '001957', '002527', '000291', '000552']"
cưa (cái cưa) hét (giống la) chứng nhận trao tặng môn Giáo dục công dân,"['cưa (cái cưa)', 'hét (giống la)', 'chứng nhận', 'trao tặng', 'môn Giáo dục công dân']","['002499', '002979', '002304', '001446', '003430']"
đ giật mình khẩu hiệu san hô tài giỏi,"['đ', 'giật mình', 'khẩu hiệu', 'san hô', 'tài giỏi']","['001037', '002890', '003127', '000617', '000823']"
đánh cầu lông khố chú hề liền trước bít tất,"['đánh cầu lông', 'khố', 'chú hề', 'liền trước', 'bít tất']","['000743', '003162', '002242', '003269', '001673']"
buộc tóc lễ Nô-en mua vé nhắm mắt chương trình,"['buộc tóc', 'lễ Nô-en', 'mua vé', 'nhắm mắt', 'chương trình']","['001824', '003247', '003461', '000924', '002298']"
ủng mênh mông tiếp tục vai xã hội,"['ủng', 'mênh mông', 'tiếp tục', 'vai', 'xã hội']","['001704', '003403', '001279', '001744', '001948']"
tinh mắt bản nhạc vắng lặng tập viết mùa hè,"['tinh mắt', 'bản nhạc', 'vắng lặng', 'tập viết', 'mùa hè']","['000260', '001359', '001782', '000887', '003465']"
gấp ba hài hước ngón chân hàng trăm chung kết,"['gấp ba', 'hài hước', 'ngón chân', 'hàng trăm', 'chung kết']","['000556', '002943', '003559', '002952', '002271']"
chiều cao Oa-sinh-tơn còng mùa xuân quả táo,"['chiều cao', 'Oa-sinh-tơn', 'còng', 'mùa xuân', 'quả táo']","['002192', '000087', '002400', '003467', '000384']"
phòng thư viện lễ phép sân trường chùa cuối tuần,"['phòng thư viện', 'lễ phép', 'sân trường', 'chùa', 'cuối tuần']","['000255', '003250', '000666', '002247', '000892']"
đối thoại bản nhạc tù giam rìu trung bình,"['đối thoại', 'bản nhạc', 'tù giam', 'rìu', 'trung bình']","['002751', '001359', '001620', '000553', '001546']"
nồi bàn ghế Yên Bái bỏ hoang chợ nổi,"['nồi', 'bàn ghế', 'Yên Bái', 'bỏ hoang', 'chợ nổi']","['000049', '001339', '002092', '001681', '002227']"
lung tung quần bò quả xoài từ trái nghĩa pha chế,"['lung tung', 'quần bò', 'quả xoài', 'từ trái nghĩa', 'pha chế']","['000050', '000431', '000392', '001658', '000132']"
hồ Hoàn Kiếm bánh đúc tính toán bộ đội cây thân gỗ,"['hồ Hoàn Kiếm', 'bánh đúc', 'tính toán', 'bộ đội', 'cây thân gỗ']","['003051', '001433', '001342', '001737', '002045']"
sinh tố ba là quả mướp dốt ngày khai trường,"['sinh tố', 'ba là', 'quả mướp', 'dốt', 'ngày khai trường']","['000707', '000317', '000359', '002596', '003499']"
băng bó buồn thảm bột giặt trạm xe buýt nhà thờ,"['băng bó', 'buồn thảm', 'bột giặt', 'trạm xe buýt', 'nhà thờ']","['001519', '000135', '001763', '001432', '003606']"
công văn gật đầu rau ngót tay phải bún chả,"['công văn', 'gật đầu', 'rau ngót', 'tay phải', 'bún chả']","['002120', '002842', '000522', '000861', '000193']"
"bán kính (hình tròn) người gửi sinh tố (bơ, dâu, chơi tán thành","['bán kính (hình tròn)', 'người gửi', 'sinh tố (bơ, dâu,', 'chơi', 'tán thành']","['001369', '003584', '000840', '002233', '000845']"
thân thiện pha lê cướp giật bất khuất chất đốt,"['thân thiện', 'pha lê', 'cướp giật', 'bất khuất', 'chất đốt']","['001005', '000134', '002511', '000534', '002146']"
sốt họ (2 người) (đại từ) nghỉ học con hoẵng riêng biệt,"['sốt', 'họ (2 người) (đại từ)', 'nghỉ học', 'con hoẵng', 'riêng biệt']","['000742', '000285', '003537', '002349', '000547']"
xôi gấc hình trụ cái bè bông hoa môn Kĩ thuật,"['xôi gấc', 'hình trụ', 'cái bè', 'bông hoa', 'môn Kĩ thuật']","['000202', '003006', '001902', '001755', '003433']"
tỉ lệ bức tranh cười nhếch mép không ngon tay chân sạch sẽ,"['tỉ lệ', 'bức tranh', 'cười nhếch mép', 'không ngon', 'tay chân sạch sẽ']","['001238', '001878', '000056', '000442', '000922']"
sách toán danh sách kính lão rừng thưa thần chết,"['sách toán', 'danh sách', 'kính lão', 'rừng thưa', 'thần chết']","['000615', '002525', '003202', '000601', '001007']"
công văn hàng dọc màu đỏ chú ( người) bốc thăm,"['công văn', 'hàng dọc', 'màu đỏ', 'chú ( người)', 'bốc thăm']","['002120', '002948', '003347', '002111', '001743']"
đường hầm chất thải đoạn thẳng cô giáo hình tứ giác,"['đường hầm', 'chất thải', 'đoạn thẳng', 'cô giáo', 'hình tứ giác']","['002791', '002153', '002723', '002404', '003007']"
chăn nuôi sau giao lưu hàng chục nghìn con mèo,"['chăn nuôi', 'sau', 'giao lưu', 'hàng chục nghìn', 'con mèo']","['002127', '000640', '002878', '002946', '002360']"
hộp giảm đội trưởng giả mạo khách sạn,"['hộp', 'giảm', 'đội trưởng', 'giả mạo', 'khách sạn']","['003063', '002858', '002741', '002853', '003113']"
khoan (khoan đã) đại tướng thuộc lòng môn Khoa học lượt đi,"['khoan (khoan đã)', 'đại tướng', 'thuộc lòng', 'môn Khoa học', 'lượt đi']","['003410', '002613', '001174', '003432', '000714']"
nhãn vở đăng nhập tháo gỡ môn Tiếng Việt thù lao,"['nhãn vở', 'đăng nhập', 'tháo gỡ', 'môn Tiếng Việt', 'thù lao']","['003612', '002639', '000978', '003440', '001137']"
đoạn thơ đất nặn pháo sáng vai ôn luyện,"['đoạn thơ', 'đất nặn', 'pháo sáng', 'vai', 'ôn luyện']","['002724', '002648', '000157', '001744', '000097']"
gấp quần áo cờ ca rô chú tễu nói ngập ngừng đào tạo,"['gấp quần áo', 'cờ ca rô', 'chú tễu', 'nói ngập ngừng', 'đào tạo']","['002841', '002465', '002244', '000450', '002631']"
kháng sinh tươi cười dòng sông đồng phục Ê-ti-ô-pi-a (nước Ê-ti-ô-pi-a),"['kháng sinh', 'tươi cười', 'dòng sông', 'đồng phục', 'Ê-ti-ô-pi-a (nước Ê-ti-ô-pi-a)']","['003117', '001680', '002594', '002763', '002810']"
rong chơi lễ bế giảng mũ cộng (Toán học) tuần lễ người Điếc thế giới,"['rong chơi', 'lễ bế giảng', 'mũ', 'cộng (Toán học)', 'tuần lễ người Điếc thế giới']","['000567', '003242', '003471', '002448', '000105']"
trước tổ trưởng hoàng hôn sốt sinh vật,"['trước', 'tổ trưởng', 'hoàng hôn', 'sốt', 'sinh vật']","['001596', '001388', '003022', '000742', '000708']"
Y-Éc-Xanh trang điểm phim truyện chúng tôi (3 người) (đại từ) bên dưới,"['Y-Éc-Xanh', 'trang điểm', 'phim truyện', 'chúng tôi (3 người) (đại từ)', 'bên dưới']","['002074', '000947', '000225', '000275', '001599']"
xoa đầu đồng lúa siêu tốc Lào (nước Lào) 1 000 000 (một triệu),"['xoa đầu', 'đồng lúa', 'siêu tốc', 'Lào (nước Lào)', '1 000 000 (một triệu)']","['000232', '002760', '000687', '003227', '001183']"
tán thành ă giao hoán trang trí sữa hộp,"['tán thành', 'ă', 'giao hoán', 'trang trí', 'sữa hộp']","['000845', '001025', '002877', '001418', '000789']"
ngã ba cảnh giác thiếp đi trình bày tưởng,"['ngã ba', 'cảnh giác', 'thiếp đi', 'trình bày', 'tưởng']","['003498', '000570', '001073', '001482', '001692']"
bắt giữ thuận lợi ăn vặt hói đầu mục tiêu,"['bắt giữ', 'thuận lợi', 'ăn vặt', 'hói đầu', 'mục tiêu']","['001543', '001156', '001274', '000054', '000898']"
bạn yêu tôi quang hợp công tắc sơ mi thợ kim hoàn,"['bạn yêu tôi', 'quang hợp', 'công tắc', 'sơ mi', 'thợ kim hoàn']","['000289', '000403', '002435', '000747', '001119']"
trạm y tế làm việc phong tục độc lập nhà văn hóa,"['trạm y tế', 'làm việc', 'phong tục', 'độc lập', 'nhà văn hóa']","['001434', '003217', '000235', '002750', '000990']"
trung thành Cà Mau rừng núi tương lai trường mầm non,"['trung thành', 'Cà Mau', 'rừng núi', 'tương lai', 'trường mầm non']","['001558', '001896', '000596', '000637', '001604']"
kí hiệu bức tường nghệ sĩ cao (người) bến tàu,"['kí hiệu', 'bức tường', 'nghệ sĩ', 'cao (người)', 'bến tàu']","['003184', '001880', '003527', '001931', '001611']"
không có chi máy in 10 Thủy Điện Hòa Bình cướp biển,"['không có chi', 'máy in', '10', 'Thủy Điện Hòa Bình', 'cướp biển']","['000251', '003367', '001146', '001190', '002509']"
báo thù dân chài áo phông Liên Bang Nga (nước Nga) diện tích xung quanh,"['báo thù', 'dân chài', 'áo phông', 'Liên Bang Nga (nước Nga)', 'diện tích xung quanh']","['001485', '002535', '001264', '003257', '002583']"
lọng thông thường giấc ngủ sống sót bún ngan,"['lọng', 'thông thường', 'giấc ngủ', 'sống sót', 'bún ngan']","['003286', '001105', '002886', '000342', '000195']"
vượt trội thuê Tết Dương phó hiệu trưởng trầm trồ,"['vượt trội', 'thuê', 'Tết Dương', 'phó hiệu trưởng', 'trầm trồ']","['001926', '001168', '000901', '000484', '001456']"
thành thạo chúng tôi (2 người) (đại từ) bẫy chuột (hành động) nhộn nhịp (đông người) buổi tối,"['thành thạo', 'chúng tôi (2 người) (đại từ)', 'bẫy chuột (hành động)', 'nhộn nhịp (đông người)', 'buổi tối']","['000971', '000273', '001561', '000660', '001844']"
tính nghiêm khắc điện câu văn ngày thành lập quân đội nhân dân Việt Nam,"['tính', 'nghiêm khắc', 'điện', 'câu văn', 'ngày thành lập quân đội nhân dân Việt Nam']","['002776', '003547', '002703', '001993', '000123']"
trốn chạy sông Hồng chớp mắt tích (số) nằm,"['trốn chạy', 'sông Hồng', 'chớp mắt', 'tích (số)', 'nằm']","['001512', '000741', '002234', '001247', '003486']"
một tiết học chiêng khát vọng bất khuất luật lệ,"['một tiết học', 'chiêng', 'khát vọng', 'bất khuất', 'luật lệ']","['000864', '002191', '003120', '000534', '003304']"
cổng đánh cầu lông còng gọt bút chì đua thuyền,"['cổng', 'đánh cầu lông', 'còng', 'gọt bút chì', 'đua thuyền']","['002444', '000743', '002400', '002928', '002779']"
cái túi áp phích nhập trường Tiền Giang gạo,"['cái túi', 'áp phích', 'nhập trường', 'Tiền Giang', 'gạo']","['001911', '001266', '003637', '001261', '002825']"
chai danh nhân xe lam bắt buộc óc,"['chai', 'danh nhân', 'xe lam', 'bắt buộc', 'óc']","['002069', '002524', '002006', '002555', '000089']"
chuyện nhỏ khổ chuyên biệt khâm phục bốc hơi,"['chuyện nhỏ', 'khổ', 'chuyên biệt', 'khâm phục', 'bốc hơi']","['000532', '003167', '002276', '003125', '001741']"
chục nghìn chống đối chú hề giả sử tù giam,"['chục nghìn', 'chống đối', 'chú hề', 'giả sử', 'tù giam']","['002262', '002225', '002242', '002854', '001620']"
Võ Thị Sáu chát thâm quầng mắt nghĩa bóng bớt đi,"['Võ Thị Sáu', 'chát', 'thâm quầng mắt', 'nghĩa bóng', 'bớt đi']","['000453', '002081', '000723', '003544', '001795']"
luật lệ hứa bím tóc đuôi sam ngạc nhiên hình elip,"['luật lệ', 'hứa', 'bím tóc đuôi sam', 'ngạc nhiên', 'hình elip']","['003304', '000377', '001653', '003505', '003000']"
trụi lá quy định Ê-ti-ô-pi-a (nước Ê-ti-ô-pi-a) bất hiếu mặc kệ,"['trụi lá', 'quy định', 'Ê-ti-ô-pi-a (nước Ê-ti-ô-pi-a)', 'bất hiếu', 'mặc kệ']","['001542', '000469', '002810', '001555', '003371']"
cởi áo thích nghi bún mắm bánh pizza đất màu mỡ,"['cởi áo', 'thích nghi', 'bún mắm', 'bánh pizza', 'đất màu mỡ']","['002462', '002245', '000191', '001449', '002647']"
mặc quần áo tập trung siêu tốc kể chuyện cuộc đời,"['mặc quần áo', 'tập trung', 'siêu tốc', 'kể chuyện', 'cuộc đời']","['003372', '000885', '000687', '003102', '002492']"
có ích bạn trai đồng bằng cây cổ thụ nhọn,"['có ích', 'bạn trai', 'đồng bằng', 'cây cổ thụ', 'nhọn']","['002308', '001385', '002745', '002023', '000008']"
thị giác đen láy (như đen nhánh) con tôm lốc xoáy gật gù,"['thị giác', 'đen láy (như đen nhánh)', 'con tôm', 'lốc xoáy', 'gật gù']","['001051', '002660', '002392', '000916', '002843']"
con tem ấm đun nước ngăn cản anh dũng Đông Dương,"['con tem', 'ấm đun nước', 'ngăn cản', 'anh dũng', 'Đông Dương']","['002388', '001288', '003514', '001217', '002756']"
nhảy dù không có chi ít quan hệ từ bay liệng (bay lượn),"['nhảy dù', 'không có chi', 'ít', 'quan hệ từ', 'bay liệng (bay lượn)']","['003617', '000251', '003089', '000520', '001495']"
đặc điểm bóng bay chăn (cái chăn) chùm hoa ngày thành lập quân đội nhân dân Việt Nam,"['đặc điểm', 'bóng bay', 'chăn (cái chăn)', 'chùm hoa', 'ngày thành lập quân đội nhân dân Việt Nam']","['002636', '001707', '002121', '002267', '000125']"
khách mời hệ thống dấu ngã trông chờ chợ nổi,"['khách mời', 'hệ thống', 'dấu ngã', 'trông chờ', 'chợ nổi']","['003112', '002981', '001122', '001516', '002227']"
ăn vặt xa cách lắp ráp ria mép nhảy bao bố,"['ăn vặt', 'xa cách', 'lắp ráp', 'ria mép', 'nhảy bao bố']","['001274', '001928', '003234', '000638', '000644']"
chặn tình huống điều phối kết luận ăn vú sữa (bằng thìa),"['chặn', 'tình huống', 'điều phối', 'kết luận', 'ăn vú sữa (bằng thìa)']","['002134', '001316', '002710', '001012', '000398']"
trông nhà thông qua danh lam thắng cảnh khoa học quả dưa hấu,"['trông nhà', 'thông qua', 'danh lam thắng cảnh', 'khoa học', 'quả dưa hấu']","['000404', '001103', '002522', '003137', '000324']"
thợ rèn thờ cúng hói đầu chuỗi hạt viện nghiên cứu,"['thợ rèn', 'thờ cúng', 'hói đầu', 'chuỗi hạt', 'viện nghiên cứu']","['001121', '001111', '000054', '002272', '001831']"
con người nghỉ hè thuận lợi góp tiền trực nhật,"['con người', 'nghỉ hè', 'thuận lợi', 'góp tiền', 'trực nhật']","['002366', '003534', '001156', '000958', '001582']"
môn Địa lý quan hệ từ xảy ra hữu nghị Miến Điện (nước Mi-an-ma),"['môn Địa lý', 'quan hệ từ', 'xảy ra', 'hữu nghị', 'Miến Điện (nước Mi-an-ma)']","['002130', '000520', '000579', '000494', '000012']"
mọc râu Hưng Yên chức năng tương ứng vái tứ phương,"['mọc râu', 'Hưng Yên', 'chức năng', 'tương ứng', 'vái tứ phương']","['000630', '003083', '002296', '001690', '001750']"
tách lớp cơ quan hình bình hành số chẵn chủ nhiệm,"['tách lớp', 'cơ quan', 'hình bình hành', 'số chẵn', 'chủ nhiệm']","['000817', '002459', '002996', '000724', '002240']"
Tết Âm nước tới chân mới nhảy gương phòng mĩ thuật từ đồng âm,"['Tết Âm', 'nước tới chân mới nhảy', 'gương', 'phòng mĩ thuật', 'từ đồng âm']","['000897', '002241', '002937', '000252', '001648']"
vé rừng núi Ê Đê búp bê phát động,"['vé', 'rừng núi', 'Ê Đê', 'búp bê', 'phát động']","['001809', '000596', '002808', '001863', '000161']"
hướng dẫn đóng cửa mái hiên héc-tô-mét (hm) công sức,"['hướng dẫn', 'đóng cửa', 'mái hiên', 'héc-tô-mét (hm)', 'công sức']","['003084', '002729', '003337', '002975', '002434']"
cột điện khóc ngắn nhất máy in Cà Mau,"['cột điện', 'khóc', 'ngắn nhất', 'máy in', 'Cà Mau']","['002450', '003149', '003517', '003366', '001896']"
xả rác tổng thống thóc (gạo) đội trưởng cặp tóc,"['xả rác', 'tổng thống', 'thóc (gạo)', 'đội trưởng', 'cặp tóc']","['001944', '001398', '001086', '002741', '001964']"
gang tay email thế hệ quả bầu bản sao (chỉ người),"['gang tay', 'email', 'thế hệ', 'quả bầu', 'bản sao (chỉ người)']","['002823', '002807', '001039', '000306', '001361']"
bàn ghế gương mặt thiếp đi đèn pin bánh tráng,"['bàn ghế', 'gương mặt', 'thiếp đi', 'đèn pin', 'bánh tráng']","['001339', '002938', '001073', '002668', '000241']"
trói tay phá hót về 3 (đi về) kịch bản,"['trói tay', 'phá', 'hót', 'về 3 (đi về)', 'kịch bản']","['001488', '000140', '003047', '000362', '003187']"
khu vườn pha cà phê màu nâu chật chội con bê,"['khu vườn', 'pha cà phê', 'màu nâu', 'chật chội', 'con bê']","['003168', '000130', '003348', '002154', '002314']"
tách rụng tóc (đt) mở màn nhảy múa răng cưa,"['tách', 'rụng tóc (đt)', 'mở màn', 'nhảy múa', 'răng cưa']","['000815', '000576', '003452', '003618', '000533']"
gần gũi môn Tin học và Công nghệ chanh nóng nhào lộn đường cao,"['gần gũi', 'môn Tin học và Công nghệ', 'chanh nóng', 'nhào lộn', 'đường cao']","['002839', '003441', '000848', '003614', '002788']"
giải vô địch trà đá Hậu Giang động cơ mỳ ý,"['giải vô địch', 'trà đá', 'Hậu Giang', 'động cơ', 'mỳ ý']","['002871', '000852', '002969', '002768', '000187']"
thoăn thoắt trong khoảng Lâm Đồng bốt cảnh sát hòn đá,"['thoăn thoắt', 'trong khoảng', 'Lâm Đồng', 'bốt cảnh sát', 'hòn đá']","['000968', '000641', '003235', '001759', '003030']"
dầu hoả tủi thân tống tiền quả cam vun đắp,"['dầu hoả', 'tủi thân', 'tống tiền', 'quả cam', 'vun đắp']","['002549', '001628', '001402', '000314', '001912']"
lĩnh hội quả điều giàn khoan khóm dứa trụi lá,"['lĩnh hội', 'quả điều', 'giàn khoan', 'khóm dứa', 'trụi lá']","['003274', '002707', '002875', '003153', '001540']"
thành viên đầu xuôi đuôi lọt linh hồn mét (m) nói chuyện,"['thành viên', 'đầu xuôi đuôi lọt', 'linh hồn', 'mét (m)', 'nói chuyện']","['000975', '002651', '003273', '003397', '000033']"
trả lời thương mại trà sữa bụi tre sáng kiến,"['trả lời', 'thương mại', 'trà sữa', 'bụi tre', 'sáng kiến']","['001424', '000671', '000857', '003154', '000625']"
nỏ chanh muối hình bình hành vắn tắt Tết Âm,"['nỏ', 'chanh muối', 'hình bình hành', 'vắn tắt', 'Tết Âm']","['000029', '000850', '002996', '001774', '000899']"
nhăn mặt giầy ba ta bàn phím (máy vi tính) chú tễu mới,"['nhăn mặt', 'giầy ba ta', 'bàn phím (máy vi tính)', 'chú tễu', 'mới']","['003622', '002891', '001343', '002244', '003456']"
ngán dung tích phiền hà mẫu số chung đau mắt đỏ,"['ngán', 'dung tích', 'phiền hà', 'mẫu số chung', 'đau mắt đỏ']","['000816', '002775', '000474', '003394', '000949']"
nhanh nhẹn mở màn độc lập Hà Lan (nước Hà Lan) rút gọn phân số,"['nhanh nhẹn', 'mở màn', 'độc lập', 'Hà Lan (nước Hà Lan)', 'rút gọn phân số']","['003613', '003452', '002750', '002941', '000587']"
ăn bám lãng phí Cà Mau đối thoại quốc hội,"['ăn bám', 'lãng phí', 'Cà Mau', 'đối thoại', 'quốc hội']","['000735', '000690', '001896', '002751', '000456']"
khoan (khoan đã) quan tâm cây ăn quả hàng ngang diện tích,"['khoan (khoan đã)', 'quan tâm', 'cây ăn quả', 'hàng ngang', 'diện tích']","['003410', '000399', '002013', '002950', '002581']"
quả roi dân chủ buổi đêm cái bè bơi,"['quả roi', 'dân chủ', 'buổi đêm', 'cái bè', 'bơi']","['000378', '000253', '001830', '001902', '001781']"
hối lộ điện băng bó làm ruộng cổ truyền,"['hối lộ', 'điện', 'băng bó', 'làm ruộng', 'cổ truyền']","['003059', '002703', '001519', '003216', '002414']"
ẩm mốc toàn cầu chuyển đổi số đo địa điểm tổ trưởng,"['ẩm mốc', 'toàn cầu', 'chuyển đổi số đo', 'địa điểm', 'tổ trưởng']","['001282', '001370', '002284', '002699', '001388']"
giầy ba ta mặc quần áo cuống hoa lỗi lầm 1 000 000 000 (một tỉ),"['giầy ba ta', 'mặc quần áo', 'cuống hoa', 'lỗi lầm', '1 000 000 000 (một tỉ)']","['002891', '003372', '002477', '003288', '001191']"
hàng ngang mái nhà cặp tóc leo trèo kỹ năng,"['hàng ngang', 'mái nhà', 'cặp tóc', 'leo trèo', 'kỹ năng']","['002950', '003338', '001964', '003241', '000213']"
đá bóng chục Tết hàn thực yên lòng mây,"['đá bóng', 'chục', 'Tết hàn thực', 'yên lòng', 'mây']","['002604', '002261', '000102', '002096', '003396']"
muộn vé rơm rớm máy khâu danh từ riêng,"['muộn', 'vé', 'rơm rớm', 'máy khâu', 'danh từ riêng']","['003474', '001809', '002766', '003368', '002527']"
chiêng sĩ diện mặt đất vòng nguyệt quế danh nhân,"['chiêng', 'sĩ diện', 'mặt đất', 'vòng nguyệt quế', 'danh nhân']","['002191', '000679', '003379', '000493', '002524']"
xả rác chuyện trò thiên thần hòa bình tàu thuyền,"['xả rác', 'chuyện trò', 'thiên thần', 'hòa bình', 'tàu thuyền']","['001944', '002291', '001071', '003016', '000853']"
gieo xúc xắc nhiều hơn ấn tượng nhổ lông mày tưởng tượng,"['gieo xúc xắc', 'nhiều hơn', 'ấn tượng', 'nhổ lông mày', 'tưởng tượng']","['002905', '003645', '001296', '000616', '001694']"
sổ tay bốc thăm cục tẩy cuộn giấy vệ sinh cầu Thê Húc (Hồ Gươm),"['sổ tay', 'bốc thăm', 'cục tẩy', 'cuộn giấy vệ sinh', 'cầu Thê Húc (Hồ Gươm)']","['000720', '001743', '002488', '002495', '000746']"
thu thập sợi dây sinh hoạt số thập phân cười nhếch mép,"['thu thập', 'sợi dây', 'sinh hoạt', 'số thập phân', 'cười nhếch mép']","['001135', '000753', '000697', '000739', '000056']"
răng cưa nổ súng cướp giật bàn phím (máy vi tính) cây thân gỗ,"['răng cưa', 'nổ súng', 'cướp giật', 'bàn phím (máy vi tính)', 'cây thân gỗ']","['000533', '000047', '002511', '001343', '002045']"
đòi ria mép kỉ niệm bánh bột lọc xếp hàng ngang,"['đòi', 'ria mép', 'kỉ niệm', 'bánh bột lọc', 'xếp hàng ngang']","['000977', '000638', '003183', '001425', '002026']"
dầu khí lạc quan hình dáng mật khẩu học bổng,"['dầu khí', 'lạc quan', 'hình dáng', 'mật khẩu', 'học bổng']","['002550', '003212', '002999', '003390', '003032']"
lưỡi hăng hái Mặt trời lặn cặp tóc nhộn nhịp (đông người),"['lưỡi', 'hăng hái', 'Mặt trời lặn', 'cặp tóc', 'nhộn nhịp (đông người)']","['003320', '002966', '003417', '001964', '000660']"
dàn bài tóm tắt rơm rớm mỗi trong suốt,"['dàn bài', 'tóm tắt', 'rơm rớm', 'mỗi', 'trong suốt']","['002517', '001378', '002766', '003425', '001502']"
bát hương dịu dàng búp bê không hiểu xuyên Việt,"['bát hương', 'dịu dàng', 'búp bê', 'không hiểu', 'xuyên Việt']","['001489', '000930', '001863', '003164', '000465']"
trụi lá cao độ sân trường con trai (động vật) không khí,"['trụi lá', 'cao độ', 'sân trường', 'con trai (động vật)', 'không khí']","['001540', '001941', '000666', '002393', '003166']"
thân cây con ghẹ toa lét trong sáng cây nến,"['thân cây', 'con ghẹ', 'toa lét', 'trong sáng', 'cây nến']","['000997', '002347', '001352', '001492', '000928']"
bít tất ngày Nhà giáo Việt nam cứu khăn mặt Tết Thiếu nhi,"['bít tất', 'ngày Nhà giáo Việt nam', 'cứu', 'khăn mặt', 'Tết Thiếu nhi']","['001673', '003500', '002512', '003122', '000905']"
dầu hoả Tây Bắc chuyển động quay đau mắt đỏ bón phân,"['dầu hoả', 'Tây Bắc', 'chuyển động quay', 'đau mắt đỏ', 'bón phân']","['002549', '000889', '002287', '000949', '001699']"
gió Lào bồi thường buổi trưa thùng thuyền rồng,"['gió Lào', 'bồi thường', 'buổi trưa', 'thùng', 'thuyền rồng']","['002908', '001747', '001846', '001170', '001195']"
cái túi thân cây lưới chúng tôi (4 người) (đại từ) tò mò,"['cái túi', 'thân cây', 'lưới', 'chúng tôi (4 người) (đại từ)', 'tò mò']","['001911', '000999', '003322', '000277', '001348']"
hợp tác Hạ Long không nghe lời tha thứ băng bó,"['hợp tác', 'Hạ Long', 'không nghe lời', 'tha thứ', 'băng bó']","['003070', '002942', '000078', '000912', '001519']"
thuỷ thủ kính lão cấp cứu tưới cây danh hiệu,"['thuỷ thủ', 'kính lão', 'cấp cứu', 'tưới cây', 'danh hiệu']","['001182', '003202', '001969', '001682', '002521']"
cao tốc bắt quốc hội ăn ít xếp,"['cao tốc', 'bắt', 'quốc hội', 'ăn ít', 'xếp']","['001951', '001535', '000456', '000941', '002020']"
môn Âm nhạc viện bảo tàng xé rách móc áo lốc xoáy,"['môn Âm nhạc', 'viện bảo tàng', 'xé rách', 'móc áo', 'lốc xoáy']","['003426', '001829', '002012', '003411', '000916']"
thở dài trần nhà xinh xắn Ô-lim-píc ghen tị,"['thở dài', 'trần nhà', 'xinh xắn', 'Ô-lim-píc', 'ghen tị']","['001113', '001460', '002032', '000491', '000042']"
báo cáo giầy ba ta Hoàng tử làm ruộng nhổ râu,"['báo cáo', 'giầy ba ta', 'Hoàng tử', 'làm ruộng', 'nhổ râu']","['001481', '002891', '003023', '003216', '000614']"
phong kiến khoan gai số bé tự lập,"['phong kiến', 'khoan', 'gai', 'số bé', 'tự lập']","['000231', '003146', '002818', '000722', '001666']"
nón Dinh Độc Lập bít tết (bò) lâu thuê,"['nón', 'Dinh Độc Lập', 'bít tết (bò)', 'lâu', 'thuê']","['000039', '002587', '000173', '000381', '001166']"
dịu dàng cổng trường con chuột nhắt bệnh nhân quần âu,"['dịu dàng', 'cổng trường', 'con chuột nhắt', 'bệnh nhân', 'quần âu']","['000930', '002417', '002328', '001621', '000429']"
rìu chúc mừng Ninh Bình vận chuyển nhìn,"['rìu', 'chúc mừng', 'Ninh Bình', 'vận chuyển', 'nhìn']","['000553', '002257', '000024', '001792', '000000']"
bùng binh bắn cung tên gặm cỏ tưới cây ga tàu,"['bùng binh', 'bắn cung tên', 'gặm cỏ', 'tưới cây', 'ga tàu']","['001230', '000496', '002832', '001682', '002812']"
bắp ngô con đẻ vạch xuất phát phòng âm nhạc cực khổ,"['bắp ngô', 'con đẻ', 'vạch xuất phát', 'phòng âm nhạc', 'cực khổ']","['001533', '002341', '001742', '000237', '000219']"
e thẹn xảy ra đập chất độc rút gọn phân số,"['e thẹn', 'xảy ra', 'đập', 'chất độc', 'rút gọn phân số']","['002800', '000579', '002645', '002147', '000587']"
phim truyện tôm hùm Mặt trời lặn mâm cơm mơ ngủ,"['phim truyện', 'tôm hùm', 'Mặt trời lặn', 'mâm cơm', 'mơ ngủ']","['000223', '000819', '003417', '003383', '003447']"
ủy ban ủy quyền cống quan hệ từ 10,"['ủy ban', 'ủy quyền', 'cống', 'quan hệ từ', '10']","['001720', '001724', '002445', '000520', '001146']"
dòng sông chảy phố tàu ngầm gáy ăn vặt,"['dòng sông chảy', 'phố', 'tàu ngầm', 'gáy', 'ăn vặt']","['000934', '000264', '000851', '002831', '001274']"
sấm chớp rẽ phải bổ trợ góc bẹt siêu âm,"['sấm chớp', 'rẽ phải', 'bổ trợ', 'góc bẹt', 'siêu âm']","['000653', '000537', '001721', '002918', '000683']"
khách mời đào tạo tiêu cực bông hoa quan (chức vụ),"['khách mời', 'đào tạo', 'tiêu cực', 'bông hoa', 'quan (chức vụ)']","['003112', '002631', '001287', '001753', '000524']"
tỉ lệ danh sách đường cao ngừng lại tóm cổ,"['tỉ lệ', 'danh sách', 'đường cao', 'ngừng lại', 'tóm cổ']","['001238', '002525', '002788', '000413', '001374']"
điều phối vui tính con đẻ thiệp sinh nhật nghĩa đen,"['điều phối', 'vui tính', 'con đẻ', 'thiệp sinh nhật', 'nghĩa đen']","['002710', '001910', '002341', '000240', '003540']"
kiểm tra tàu hoả cạnh đáy Trung Quốc (nước Trung Quốc) bít tất,"['kiểm tra', 'tàu hoả', 'cạnh đáy', 'Trung Quốc (nước Trung Quốc)', 'bít tất']","['003188', '000849', '001927', '001552', '001673']"
không dám tập hợp rỗng xịt côn trùng góc học tập nước mắt,"['không dám', 'tập hợp rỗng', 'xịt côn trùng', 'góc học tập', 'nước mắt']","['000470', '000881', '002585', '002920', '000079']"
tình yêu chia cắt tài giỏi phổi bất khuất,"['tình yêu', 'chia cắt', 'tài giỏi', 'phổi', 'bất khuất']","['001324', '002180', '000823', '000270', '000534']"
củ đậu trụi lá ngón tay Võ Thị Sáu tôi yêu bạn,"['củ đậu', 'trụi lá', 'ngón tay', 'Võ Thị Sáu', 'tôi yêu bạn']","['002471', '001540', '003560', '000453', '002098']"
con khỉ rửa mặt hàng ngang chanh nóng cảnh giác,"['con khỉ', 'rửa mặt', 'hàng ngang', 'chanh nóng', 'cảnh giác']","['002351', '000593', '002950', '000848', '000570']"
bắt đền kiến trúc sư huân chương phản động quả roi,"['bắt đền', 'kiến trúc sư', 'huân chương', 'phản động', 'quả roi']","['001537', '003196', '003071', '000149', '000374']"
liều lĩnh đi học tiệc hỏi tấm vải,"['liều lĩnh', 'đi học', 'tiệc', 'hỏi', 'tấm vải']","['003271', '002694', '001257', '003040', '000875']"
"chú tễu leo trèo chị hai, chị cả bàn tay cổ họng","['chú tễu', 'leo trèo', 'chị hai, chị cả', 'bàn tay', 'cổ họng']","['002244', '003241', '000305', '001345', '002411']"
chàng trai Bắc Giang thợ thêu hành động con vượn,"['chàng trai', 'Bắc Giang', 'thợ thêu', 'hành động', 'con vượn']","['002073', '001501', '001123', '002956', '000954']"
chỉ giải quyết sách người nước ngoài chai nước,"['chỉ', 'giải quyết', 'sách', 'người nước ngoài', 'chai nước']","['002168', '002870', '000611', '000030', '002071']"
biến đổi áp phích bút màu bao la trả lời,"['biến đổi', 'áp phích', 'bút màu', 'bao la', 'trả lời']","['001639', '001266', '001869', '001457', '001424']"
học kém đổ nước ấm trà cá voi xe lu,"['học kém', 'đổ nước', 'ấm trà', 'cá voi', 'xe lu']","['003033', '002749', '001292', '000165', '002008']"
giá trị thị lực buồn thảm cơ bắp sổ tay,"['giá trị', 'thị lực', 'buồn thảm', 'cơ bắp', 'sổ tay']","['002863', '001053', '000135', '002455', '000720']"
nét mặt tổng (số) to lớn chữa bài Ninh Bình,"['nét mặt', 'tổng (số)', 'to lớn', 'chữa bài', 'Ninh Bình']","['003493', '001392', '001346', '002294', '000024']"
cong tự giác phẫu thuật chân tự trọng bổ trợ,"['cong', 'tự giác', 'phẫu thuật chân', 'tự trọng', 'bổ trợ']","['002398', '000098', '000786', '000731', '001721']"
Kon Tum nói leo thu nhỏ bút màu ấn tượng,"['Kon Tum', 'nói leo', 'thu nhỏ', 'bút màu', 'ấn tượng']","['003205', '000036', '001133', '001869', '001296']"
Hoãn may mắn xe khách Ninh Bình khoáng sản,"['Hoãn', 'may mắn', 'xe khách', 'Ninh Bình', 'khoáng sản']","['000764', '000221', '002004', '000024', '000668']"
tiêu cực từ bỏ bánh xe chất rắn củ cải trắng,"['tiêu cực', 'từ bỏ', 'bánh xe', 'chất rắn', 'củ cải trắng']","['001287', '001646', '001455', '002152', '002480']"
cửa sổ chó cắn mời tiếc nhân viên,"['cửa sổ', 'chó cắn', 'mời', 'tiếc', 'nhân viên']","['002503', '000516', '003455', '001251', '000010']"
cảng Hải Phòng ki-lô-gam thì thầm nghĩ mũi tên,"['cảng Hải Phòng', 'ki-lô-gam', 'thì thầm', 'nghĩ', 'mũi tên']","['000700', '003179', '000419', '003542', '000498']"
con muỗi xếp hàng ưu tiên sân thượng cửa sổ truyền thông,"['con muỗi', 'xếp hàng ưu tiên', 'sân thượng', 'cửa sổ', 'truyền thông']","['002361', '002028', '000664', '002503', '001578']"
bật lửa Trung Quốc (nước Trung Quốc) cột điện con cú mèo ngắt hoa,"['bật lửa', 'Trung Quốc (nước Trung Quốc)', 'cột điện', 'con cú mèo', 'ngắt hoa']","['001559', '001554', '002450', '002336', '003518']"
vải lụa vòng đời củ hành tây chuyện nhỏ Tuy Hoà,"['vải lụa', 'vòng đời', 'củ hành tây', 'chuyện nhỏ', 'Tuy Hoà']","['000711', '001856', '002482', '000532', '000035']"
dấu nhân trách nhiệm cá kho mái chèo ủng hộ,"['dấu nhân', 'trách nhiệm', 'cá kho', 'mái chèo', 'ủng hộ']","['002557', '001426', '001898', '003336', '001706']"
kết luận con người động cơ không thẳng hàng thủy chung,"['kết luận', 'con người', 'động cơ', 'không thẳng hàng', 'thủy chung']","['001012', '002367', '002768', '003160', '001186']"
đòi hành động quả lê chấm dứt Albania (nước Albania),"['đòi', 'hành động', 'quả lê', 'chấm dứt', 'Albania (nước Albania)']","['000977', '002956', '000355', '002140', '000028']"
mật ong quan hệ dây chun con sông đẩy,"['mật ong', 'quan hệ', 'dây chun', 'con sông', 'đẩy']","['003391', '000397', '002560', '002384', '002657']"
con nhím dập kết bạn trà con đẻ,"['con nhím', 'dập', 'kết bạn', 'trà', 'con đẻ']","['002371', '002546', '003103', '001420', '002341']"
không dám Trần Quốc Toản phủ nhận Bắc Ninh ngoại hình,"['không dám', 'Trần Quốc Toản', 'phủ nhận', 'Bắc Ninh', 'ngoại hình']","['000472', '000464', '000282', '001509', '003551']"
hãng máy bay cấy lúa xuất hiện hiếu thảo cái neo,"['hãng máy bay', 'cấy lúa', 'xuất hiện', 'hiếu thảo', 'cái neo']","['001407', '002057', '002052', '002994', '000986']"
tròn thổi cao quý vô lo vô nghĩ nhổ tóc,"['tròn', 'thổi', 'cao quý', 'vô lo vô nghĩ', 'nhổ tóc']","['001493', '001087', '001945', '001866', '000612']"
con gấu phô tô nội tiếp rơm rớm duyệt binh,"['con gấu', 'phô tô', 'nội tiếp', 'rơm rớm', 'duyệt binh']","['002346', '000259', '000064', '002766', '002599']"
chào xe container chiều tối cấy chọi gà,"['chào', 'xe container', 'chiều tối', 'cấy', 'chọi gà']","['002075', '000408', '002195', '002055', '002220']"
mặc pháo đài dấu chấm hỏi sâu bọ khói,"['mặc', 'pháo đài', 'dấu chấm hỏi', 'sâu bọ', 'khói']","['003370', '002605', '002551', '000677', '003152']"
ngày của Cha hoàn thành lũy tre lưới 5000 (năm nghìn),"['ngày của Cha', 'hoàn thành', 'lũy tre', 'lưới', '5000 (năm nghìn)']","['000113', '003019', '003312', '003322', '001173']"
ruột non đường sắt trung thành lơ lửng ngược đãi,"['ruột non', 'đường sắt', 'trung thành', 'lơ lửng', 'ngược đãi']","['000582', '002794', '001558', '003295', '003581']"
mắm nhận xét gặm cỏ cốc tự giác,"['mắm', 'nhận xét', 'gặm cỏ', 'cốc', 'tự giác']","['003373', '003634', '002832', '002423', '000098']"
xe lam Bình Phước ria mép học trò trống,"['xe lam', 'Bình Phước', 'ria mép', 'học trò', 'trống']","['002006', '001663', '000638', '003037', '001524']"
phô tô cạnh chia sẻ bật đèn kết hợp,"['phô tô', 'cạnh', 'chia sẻ', 'bật đèn', 'kết hợp']","['000259', '001923', '002184', '001557', '003104']"
biển hiệu cày trường THPT ( cấp 3) khổng lồ tin cậy,"['biển hiệu', 'cày', 'trường THPT ( cấp 3)', 'khổng lồ', 'tin cậy']","['001637', '001957', '001612', '003161', '001308']"
đánh trống đầu tiên đàn bầu máy chiếu ngà voi,"['đánh trống', 'đầu tiên', 'đàn bầu', 'máy chiếu', 'ngà voi']","['002629', '002650', '002617', '003364', '003497']"
Hoàng tử luật chơi da ngăm (nước da ngăm đen) sổ đầu bài hợp lí,"['Hoàng tử', 'luật chơi', 'da ngăm (nước da ngăm đen)', 'sổ đầu bài', 'hợp lí']","['003023', '003301', '000754', '000717', '003069']"
đàng trong bé trai 4 con dê bến xe,"['đàng trong', 'bé trai', '4', 'con dê', 'bến xe']","['002623', '001581', '001130', '002339', '001615']"
ai cho bờ rào chiều rộng bảng cộng hợp lí,"['ai cho', 'bờ rào', 'chiều rộng', 'bảng cộng', 'hợp lí']","['000080', '001777', '002194', '001397', '003069']"
bàn chải đánh răng i sương gió chuông nhà nhắm mắt,"['bàn chải đánh răng', 'i', 'sương gió', 'chuông nhà', 'nhắm mắt']","['001335', '001056', '000809', '002274', '000924']"
tóc xoăn xà phòng thân thiết dầu gội đầu hung ác,"['tóc xoăn', 'xà phòng', 'thân thiết', 'dầu gội đầu', 'hung ác']","['001372', '001932', '001002', '002548', '003072']"
thắng lợi trang trí danh từ riêng bước chân tống tiền,"['thắng lợi', 'trang trí', 'danh từ riêng', 'bước chân', 'tống tiền']","['000993', '001418', '002527', '001884', '001402']"
hòa bình đại sứ lọ hoa nhảy cao Thánh Gióng,"['hòa bình', 'đại sứ', 'lọ hoa', 'nhảy cao', 'Thánh Gióng']","['003016', '000569', '003280', '003616', '001006']"
xinh toà án áo cánh thâm quầng mắt đường chỉ tay,"['xinh', 'toà án', 'áo cánh', 'thâm quầng mắt', 'đường chỉ tay']","['002030', '001364', '001254', '000723', '002172']"
xung đột Âu Cơ vây bắt đường thuỷ từ ngữ,"['xung đột', 'Âu Cơ', 'vây bắt', 'đường thuỷ', 'từ ngữ']","['002062', '001298', '001803', '002796', '001650']"
người gửi 80 giải lao vợt cầu lông quả xoài,"['người gửi', '80', 'giải lao', 'vợt cầu lông', 'quả xoài']","['003584', '001163', '002869', '000953', '000392']"
hung thủ đan nhà vệ sinh khen tặng kết quả,"['hung thủ', 'đan', 'nhà vệ sinh', 'khen tặng', 'kết quả']","['003073', '002615', '001016', '003132', '003106']"
"vắt chanh sinh tố (bơ, dâu, đảo Hoàng Sa chất hữu cơ ăn xin","['vắt chanh', 'sinh tố (bơ, dâu,', 'đảo Hoàng Sa', 'chất hữu cơ', 'ăn xin']","['000842', '000840', '000843', '002149', '001276']"
răng tự (tự làm) đề tài dấu nặng môn Tin học và Công nghệ,"['răng', 'tự (tự làm)', 'đề tài', 'dấu nặng', 'môn Tin học và Công nghệ']","['000531', '001462', '002685', '001126', '003441']"
điều phối phóng viên ngoắc tay môn Tự nhiên và Xã hội mũ,"['điều phối', 'phóng viên', 'ngoắc tay', 'môn Tự nhiên và Xã hội', 'mũ']","['002709', '000988', '003554', '003443', '003471']"
bắn bi lưỡi câu chai chú hề máy in,"['bắn bi', 'lưỡi câu', 'chai', 'chú hề', 'máy in']","['001515', '003321', '002069', '002242', '003367']"
tăm múa rối khách sạn dòng sông mất trí,"['tăm', 'múa rối', 'khách sạn', 'dòng sông', 'mất trí']","['000867', '003470', '003113', '002594', '003387']"
mái chèo Ninh Bình buộc dây chục bắt tay,"['mái chèo', 'Ninh Bình', 'buộc dây', 'chục', 'bắt tay']","['003336', '000024', '001822', '002261', '001547']"
tôm hùm đau mắt đỏ tàu thủy Thái Nguyên đuôi,"['tôm hùm', 'đau mắt đỏ', 'tàu thủy', 'Thái Nguyên', 'đuôi']","['000819', '000949', '000855', '000929', '002784']"
tờ báo trúng thưởng thèm nghiên cứu Tết Âm,"['tờ báo', 'trúng thưởng', 'thèm', 'nghiên cứu', 'Tết Âm']","['001406', '001568', '000067', '003541', '000897']"
lễ bế giảng trục tung ngon giấc người lạ sổ đầu bài,"['lễ bế giảng', 'trục tung', 'ngon giấc', 'người lạ', 'sổ đầu bài']","['003242', '001534', '003556', '003588', '000717']"
khoan (khoan đã) nấu nướng bột màu khuôn hình đằng trước,"['khoan (khoan đã)', 'nấu nướng', 'bột màu', 'khuôn hình', 'đằng trước']","['003410', '000229', '001767', '003173', '002641']"
liều mình đường tròn trụi lá Vĩnh Phúc bảng màu,"['liều mình', 'đường tròn', 'trụi lá', 'Vĩnh Phúc', 'bảng màu']","['003272', '002797', '001540', '001837', '001409']"
ấm đun nước bổ ích lửa thân thiện nhân cách hoá,"['ấm đun nước', 'bổ ích', 'lửa', 'thân thiện', 'nhân cách hoá']","['001288', '001717', '003315', '001005', '003624']"
5000 (năm nghìn) sinh vật hội thoại giáo sĩ ngập ngừng,"['5000 (năm nghìn)', 'sinh vật', 'hội thoại', 'giáo sĩ', 'ngập ngừng']","['001173', '000708', '000650', '002884', '000448']"
chức vụ trúng thưởng đề tài đau tay sấm chớp,"['chức vụ', 'trúng thưởng', 'đề tài', 'đau tay', 'sấm chớp']","['002301', '001568', '002685', '000779', '000653']"
ghi nhớ khoe trung bình hoa sen d,"['ghi nhớ', 'khoe', 'trung bình', 'hoa sen', 'd']","['002850', '003150', '001546', '003015', '001034']"
mồ hôi hung thủ khoảng cách tóm cổ Trung Thu,"['mồ hôi', 'hung thủ', 'khoảng cách', 'tóm cổ', 'Trung Thu']","['003421', '003073', '003141', '001374', '001564']"
sao con cua môn Tự nhiên và Xã hội mở rộng tự giác,"['sao', 'con cua', 'môn Tự nhiên và Xã hội', 'mở rộng', 'tự giác']","['000631', '002335', '003443', '003453', '000098']"
tham quan ngược đãi chạy (động vật) hút nước rong biển,"['tham quan', 'ngược đãi', 'chạy (động vật)', 'hút nước', 'rong biển']","['000944', '003581', '000405', '003076', '000563']"
ẩm ướt chiếu phim giúp đỡ đông lạnh chai,"['ẩm ướt', 'chiếu phim', 'giúp đỡ', 'đông lạnh', 'chai']","['001284', '002199', '002915', '002757', '002069']"
trêu ruộng bậc thang cột đèn ban giám hiệu trứng,"['trêu', 'ruộng bậc thang', 'cột đèn', 'ban giám hiệu', 'trứng']","['001470', '000578', '002449', '001329', '001584']"
hi sinh nghiên cứu thực hiện nhà bác học cuộc sống,"['hi sinh', 'nghiên cứu', 'thực hiện', 'nhà bác học', 'cuộc sống']","['002983', '003541', '001218', '003601', '002493']"
Ê Đê Paris khoác áo nhảy dù giầy ba ta,"['Ê Đê', 'Paris', 'khoác áo', 'nhảy dù', 'giầy ba ta']","['002808', '002443', '003144', '003617', '002891']"
máy chiếu vắt cam đấu tranh quay cóp Hậu Giang,"['máy chiếu', 'vắt cam', 'đấu tranh', 'quay cóp', 'Hậu Giang']","['003364', '001784', '002652', '000414', '002969']"
tù giam quần yếm cầu tre khuyến khích xanh xao,"['tù giam', 'quần yếm', 'cầu tre', 'khuyến khích', 'xanh xao']","['001620', '000438', '002007', '000072', '001956']"
chật chội tự (tự làm) dầu khí ưu tiên bắn súng,"['chật chội', 'tự (tự làm)', 'dầu khí', 'ưu tiên', 'bắn súng']","['002154', '001462', '002550', '001732', '001517']"
củ cải trắng chanh đá nạn nhân lá thư sống sót,"['củ cải trắng', 'chanh đá', 'nạn nhân', 'lá thư', 'sống sót']","['002480', '000846', '003479', '003210', '000342']"
nói leo Đông Nam xóa bảng hàng trăm phòng chống,"['nói leo', 'Đông Nam', 'xóa bảng', 'hàng trăm', 'phòng chống']","['000036', '002743', '002034', '002952', '000242']"
thiên thần đuôi cá con sò nắn nót phở cuốn,"['thiên thần', 'đuôi cá', 'con sò', 'nắn nót', 'phở cuốn']","['001071', '000170', '002381', '003487', '000274']"
Mã Lai (nước Ma-lai-xi-a) khó tiêu tha thứ băng giá nén,"['Mã Lai (nước Ma-lai-xi-a)', 'khó tiêu', 'tha thứ', 'băng giá', 'nén']","['000502', '002166', '000914', '001525', '003492']"
bộ đội bạn gái Ma Cao lẫn lộn không có chi,"['bộ đội', 'bạn gái', 'Ma Cao', 'lẫn lộn', 'không có chi']","['001733', '001381', '000016', '003236', '000251']"
điều trị phương pháp lau khô Hung-ga-ri (nước Hung-ga-ri) vườn thú,"['điều trị', 'phương pháp', 'lau khô', 'Hung-ga-ri (nước Hung-ga-ri)', 'vườn thú']","['002716', '000298', '003230', '003074', '001924']"
sau ngữ điệu héc-ta (ha) nội dung sinh vật,"['sau', 'ngữ điệu', 'héc-ta (ha)', 'nội dung', 'sinh vật']","['000640', '003579', '002971', '000060', '000708']"
cưa (cái cưa) sa mạc mía phố cổ thèm,"['cưa (cái cưa)', 'sa mạc', 'mía', 'phố cổ', 'thèm']","['002499', '000433', '000844', '000266', '000067']"
cứu hộ cày con nuôi bạn ấy yêu tôi lưỡi,"['cứu hộ', 'cày', 'con nuôi', 'bạn ấy yêu tôi', 'lưỡi']","['002513', '001957', '002374', '000293', '003320']"
ăn vừa củ cà rốt thầy cúng thoát hiểm Đắk Lắk,"['ăn vừa', 'củ cà rốt', 'thầy cúng', 'thoát hiểm', 'Đắk Lắk']","['000939', '002479', '001021', '001085', '002637']"
nhổ tóc phóng viên vũ trụ đầy đủ ăn vú sữa,"['nhổ tóc', 'phóng viên', 'vũ trụ', 'đầy đủ', 'ăn vú sữa']","['000612', '000988', '001889', '002655', '000400']"
kể chuyện khu vườn vô lí cháy rừng số lẻ,"['kể chuyện', 'khu vườn', 'vô lí', 'cháy rừng', 'số lẻ']","['003102', '003168', '001864', '002107', '000730']"
nghiến răng đẹp đẽ (như đẹp) vẫy vùng (cá) tò mò khéo,"['nghiến răng', 'đẹp đẽ (như đẹp)', 'vẫy vùng (cá)', 'tò mò', 'khéo']","['003550', '002680', '001807', '001350', '003133']"
cháu ngoại bắn bi chảo cá voi nhà cửa,"['cháu ngoại', 'bắn bi', 'chảo', 'cá voi', 'nhà cửa']","['002093', '001511', '002077', '000165', '003602']"
nếm người máy tự vệ con nhím tổ trưởng,"['nếm', 'người máy', 'tự vệ', 'con nhím', 'tổ trưởng']","['003494', '003589', '001678', '002371', '001388']"
Do Thái vấn đề Ê-ti-ô-pi-a (nước Ê-ti-ô-pi-a) sữa bò chất độc,"['Do Thái', 'vấn đề', 'Ê-ti-ô-pi-a (nước Ê-ti-ô-pi-a)', 'sữa bò', 'chất độc']","['000018', '001786', '002810', '000776', '002147']"
tia chớp chia cắt quét nhà chủ nghĩa xã hội bằng phẳng,"['tia chớp', 'chia cắt', 'quét nhà', 'chủ nghĩa xã hội', 'bằng phẳng']","['001242', '002180', '000443', '002238', '001527']"
sừng bò hữu nghị trọng nam khinh nữ đòi nhặt rau,"['sừng bò', 'hữu nghị', 'trọng nam khinh nữ', 'đòi', 'nhặt rau']","['000805', '000494', '002309', '000977', '003623']"
hôi tưới cây rộng rãi nhà cửa bảo vệ môi trường,"['hôi', 'tưới cây', 'rộng rãi', 'nhà cửa', 'bảo vệ môi trường']","['000401', '001684', '000575', '003602', '001471']"
đứng nghiêm chức vụ quả bầu đầu xuôi đuôi lọt phức tạp,"['đứng nghiêm', 'chức vụ', 'quả bầu', 'đầu xuôi đuôi lọt', 'phức tạp']","['002787', '002301', '000306', '002651', '000294']"
không nghe lời bánh giò phẫu thuật mắt Nhật (nước Nhật) Võ Nguyên Giáp,"['không nghe lời', 'bánh giò', 'phẫu thuật mắt', 'Nhật (nước Nhật)', 'Võ Nguyên Giáp']","['000078', '001439', '000788', '003639', '001843']"
lão già lưới sĩ diện sơ đồ tự giác,"['lão già', 'lưới', 'sĩ diện', 'sơ đồ', 'tự giác']","['003228', '003322', '000679', '000745', '000098']"
con sâu phổi sóng thần một là vô ý thức,"['con sâu', 'phổi', 'sóng thần', 'một là', 'vô ý thức']","['002380', '000270', '000715', '000313', '001875']"
gà mái cầu thang cây cổ thụ phòng thư viện tri kỉ,"['gà mái', 'cầu thang', 'cây cổ thụ', 'phòng thư viện', 'tri kỉ']","['002814', '000946', '002021', '000255', '001040']"
trộm cắp khen tặng kẻ cắp xâm hại tình dục đòi hỏi,"['trộm cắp', 'khen tặng', 'kẻ cắp', 'xâm hại tình dục', 'đòi hỏi']","['001508', '003132', '003093', '003552', '000979']"
quan (chức vụ) nhặt rau bún chả xu (tiền) quả bầu hồ lô,"['quan (chức vụ)', 'nhặt rau', 'bún chả', 'xu (tiền)', 'quả bầu hồ lô']","['000524', '003623', '000193', '002048', '000312']"
Ê Đê cao thấp nổ lốp xe thành thạo rau cải,"['Ê Đê', 'cao thấp', 'nổ lốp xe', 'thành thạo', 'rau cải']","['002808', '001949', '000043', '000971', '000515']"
kẻ thù pha lê thuyền rồng từ chối nhận hàng,"['kẻ thù', 'pha lê', 'thuyền rồng', 'từ chối', 'nhận hàng']","['003095', '000134', '001195', '000228', '003631']"
mẫu số bé thần kì phục hồi thề phương pháp,"['mẫu số bé', 'thần kì', 'phục hồi', 'thề', 'phương pháp']","['003393', '001310', '000288', '001036', '000298']"
con ong biến đổi thủy chung phát biểu bàn là,"['con ong', 'biến đổi', 'thủy chung', 'phát biểu', 'bàn là']","['002375', '001639', '001186', '000159', '001341']"
cỗ bốc vác giàn khoan e thẹn thuận lợi,"['cỗ', 'bốc vác', 'giàn khoan', 'e thẹn', 'thuận lợi']","['002418', '001727', '002875', '002800', '001156']"
tay trái ê thợ rèn môn Giáo dục công dân chia rẽ,"['tay trái', 'ê', 'thợ rèn', 'môn Giáo dục công dân', 'chia rẽ']","['000863', '001045', '001121', '003430', '000728']"
"hành quân chị hai, chị cả danh dự trong sáng môn Khoa học","['hành quân', 'chị hai, chị cả', 'danh dự', 'trong sáng', 'môn Khoa học']","['002958', '000305', '002520', '001492', '003432']"
yên ngựa câu thơ ngày nay mái nhà bốc thăm,"['yên ngựa', 'câu thơ', 'ngày nay', 'mái nhà', 'bốc thăm']","['002505', '001987', '003507', '003338', '001743']"
gốm sứ điện thoại gieo xúc xắc phân số ư,"['gốm sứ', 'điện thoại', 'gieo xúc xắc', 'phân số', 'ư']","['002932', '002705', '002905', '000163', '001090']"
Tết Thiếu nhi đường hầm ruột già viện bảo tàng khoá (cái khóa),"['Tết Thiếu nhi', 'đường hầm', 'ruột già', 'viện bảo tàng', 'khoá (cái khóa)']","['000905', '002791', '000581', '001829', '003142']"
máy khâu tim xếp nhường nhịn lưới,"['máy khâu', 'tim', 'xếp', 'nhường nhịn', 'lưới']","['003368', '001297', '002020', '000020', '003322']"
chùm hoa yên bình cối giã phòng thư viện cờ,"['chùm hoa', 'yên bình', 'cối giã', 'phòng thư viện', 'cờ']","['002267', '002094', '002424', '000255', '002464']"
cao tầng cửa kính phở cuốn giải lao lục giác,"['cao tầng', 'cửa kính', 'phở cuốn', 'giải lao', 'lục giác']","['001947', '002502', '000272', '002869', '003309']"
khoác áo ngắt hoa đàn tơ-rưng nhiều vô cùng cơ sở,"['khoác áo', 'ngắt hoa', 'đàn tơ-rưng', 'nhiều vô cùng', 'cơ sở']","['003144', '003518', '002621', '001862', '002460']"
con gà xả rác cỏ tháng trung ương,"['con gà', 'xả rác', 'cỏ', 'tháng', 'trung ương']","['002344', '001944', '001806', '000952', '001566']"
thuộc địa mẫu số bé nạn nhân i hút thuốc lá,"['thuộc địa', 'mẫu số bé', 'nạn nhân', 'i', 'hút thuốc lá']","['000771', '003393', '003479', '001056', '003077']"
nhà văn hóa khát nước nhặt rau cái gương quên,"['nhà văn hóa', 'khát nước', 'nhặt rau', 'cái gương', 'quên']","['000992', '003119', '003623', '001906', '000451']"
pháo đài vua Hùng ống nhòm bể cá võ thuật,"['pháo đài', 'vua Hùng', 'ống nhòm', 'bể cá', 'võ thuật']","['002605', '001891', '000120', '001591', '001852']"
một tiếng dịch vụ toàn cầu suy nghĩ Hà Lan (nước Hà Lan),"['một tiếng', 'dịch vụ', 'toàn cầu', 'suy nghĩ', 'Hà Lan (nước Hà Lan)']","['000866', '002578', '001370', '000765', '002941']"
hình trụ lưỡi Cu ba (nước Cu ba) tháo gỡ Tây Ninh,"['hình trụ', 'lưỡi', 'Cu ba (nước Cu ba)', 'tháo gỡ', 'Tây Ninh']","['003006', '003320', '002470', '000978', '000893']"
công cụ giàn khoan nghênh nghênh (đầu) cố gắng giá trị phần trăm,"['công cụ', 'giàn khoan', 'nghênh nghênh (đầu)', 'cố gắng', 'giá trị phần trăm']","['002432', '002875', '000970', '002412', '002867']"
Châu Đại Dương tàu ngầm chục bật đèn cổ tích,"['Châu Đại Dương', 'tàu ngầm', 'chục', 'bật đèn', 'cổ tích']","['002156', '000851', '002261', '001557', '002421']"
ngược lại chuyền bóng thương yêu b thị giác,"['ngược lại', 'chuyền bóng', 'thương yêu', 'b', 'thị giác']","['003582', '002281', '001236', '001030', '001051']"
chấm dứt mẫu số bé tiến bộ phiền hà chợ nổi,"['chấm dứt', 'mẫu số bé', 'tiến bộ', 'phiền hà', 'chợ nổi']","['002140', '003393', '000693', '000474', '002227']"
bớt bê tông vun đắp thư giãn mồ côi cha mẹ,"['bớt', 'bê tông', 'vun đắp', 'thư giãn', 'mồ côi cha mẹ']","['001793', '001587', '001912', '001204', '003420']"
cơ hội chiếm đoạt rễ cọc Văn miếu Quốc Tử Giám Bà Rịa - Vũng Tàu,"['cơ hội', 'chiếm đoạt', 'rễ cọc', 'Văn miếu Quốc Tử Giám', 'Bà Rịa - Vũng Tàu']","['002458', '002190', '000543', '001766', '001303']"
cá voi dầu gội đầu dám làm nghỉ hè dòng sông chảy,"['cá voi', 'dầu gội đầu', 'dám làm', 'nghỉ hè', 'dòng sông chảy']","['000165', '002548', '000466', '003535', '000934']"
đàn xê lô đại vĩ cầm áo trong sáng cây đa cháu họ,"['đàn xê lô đại vĩ cầm', 'áo', 'trong sáng', 'cây đa', 'cháu họ']","['002616', '001250', '001492', '002027', '000337']"
sơn bạn trai bốt cảnh sát chính phủ lâu,"['sơn', 'bạn trai', 'bốt cảnh sát', 'chính phủ', 'lâu']","['000757', '001383', '001759', '002211', '000381']"
thủng chú rể gợi ý bút màu san sẻ,"['thủng', 'chú rể', 'gợi ý', 'bút màu', 'san sẻ']","['001172', '002243', '002933', '001869', '000619']"
thừa phân số thập phân Hạ Long xem xét Long An,"['thừa', 'phân số thập phân', 'Hạ Long', 'xem xét', 'Long An']","['001208', '000168', '002942', '002014', '003285']"
giải quyết rực rỡ dừng lại dấu gạch ngang con hươu,"['giải quyết', 'rực rỡ', 'dừng lại', 'dấu gạch ngang', 'con hươu']","['002870', '000234', '000415', '002554', '002350']"
đội trưởng ngữ pháp cù Tuy Hoà say sưa,"['đội trưởng', 'ngữ pháp', 'cù', 'Tuy Hoà', 'say sưa']","['002741', '001159', '002478', '000035', '000642']"
dàn bài giận dỗi thanh niên con chuột tình yêu,"['dàn bài', 'giận dỗi', 'thanh niên', 'con chuột', 'tình yêu']","['002517', '002888', '000956', '002327', '001324']"
từ đồng âm buổi sáng gấp quần áo thẳng tắp giỗ,"['từ đồng âm', 'buổi sáng', 'gấp quần áo', 'thẳng tắp', 'giỗ']","['001648', '001836', '002841', '000991', '000104']"
nông thôn em trai đường cao hữu nghị bảng đen,"['nông thôn', 'em trai', 'đường cao', 'hữu nghị', 'bảng đen']","['000068', '002805', '002788', '000494', '001405']"
bãi cát phòng máy tính chúng tôi (5 người) (đại từ) hoán vị quả mướp,"['bãi cát', 'phòng máy tính', 'chúng tôi (5 người) (đại từ)', 'hoán vị', 'quả mướp']","['001321', '000250', '000279', '003020', '000359']"
vào lá thư ông bà bồn hoa tàu hoả,"['vào', 'lá thư', 'ông bà', 'bồn hoa', 'tàu hoả']","['001758', '003210', '000320', '001749', '000849']"
thác tạo dáng tai nạn giao thông mặc quần áo nổi bật,"['thác', 'tạo dáng', 'tai nạn giao thông', 'mặc quần áo', 'nổi bật']","['000921', '000847', '001442', '003372', '000053']"
Tết Trung thu thi cử đăng nhập bớt đi quần yếm,"['Tết Trung thu', 'thi cử', 'đăng nhập', 'bớt đi', 'quần yếm']","['000909', '001049', '002639', '001795', '000438']"
mặc cứu hộ đi dạo máy bơm cung cấp,"['mặc', 'cứu hộ', 'đi dạo', 'máy bơm', 'cung cấp']","['003370', '002513', '000354', '003363', '000215']"
con lươn bán kính (hình tròn) chúng tôi (4 người) (đại từ) quả bầu hồ lô chuyển đồ,"['con lươn', 'bán kính (hình tròn)', 'chúng tôi (4 người) (đại từ)', 'quả bầu hồ lô', 'chuyển đồ']","['002358', '001369', '000277', '000312', '002283']"
phức tạp bò vòi nước chia hết đau tay,"['phức tạp', 'bò', 'vòi nước', 'chia hết', 'đau tay']","['000294', '001675', '001854', '002182', '000779']"
lãnh đạo cạnh tranh hợp đồng tiện nghi quan điểm,"['lãnh đạo', 'cạnh tranh', 'hợp đồng', 'tiện nghi', 'quan điểm']","['003222', '000982', '003067', '001265', '000396']"
tự lập góp tiền từ đồng âm răng cưa sách,"['tự lập', 'góp tiền', 'từ đồng âm', 'răng cưa', 'sách']","['001666', '000958', '001648', '000533', '000611']"
nhạy cảm hạt tiêu quả lê trong sáng giả mạo,"['nhạy cảm', 'hạt tiêu', 'quả lê', 'trong sáng', 'giả mạo']","['003620', '002965', '000355', '001492', '002853']"
gương mẫu nhạy cảm bún chả 9 đại sứ,"['gương mẫu', 'nhạy cảm', 'bún chả', '9', 'đại sứ']","['002939', '003620', '000193', '001144', '000569']"
bạn ấy yêu tôi cây ngô niềm vui chúc tết con nai,"['bạn ấy yêu tôi', 'cây ngô', 'niềm vui', 'chúc tết', 'con nai']","['000293', '002037', '000022', '002258', '002363']"
định vị phấn (viết bảng) xôi chén Bình Phước,"['định vị', 'phấn (viết bảng)', 'xôi', 'chén', 'Bình Phước']","['002717', '000180', '002044', '002161', '001663']"
cụ quan (chức vụ) vắt chanh hói đầu dê mẹ,"['cụ', 'quan (chức vụ)', 'vắt chanh', 'hói đầu', 'dê mẹ']","['002485', '000524', '000842', '000054', '002569']"
vật nuôi e thẹn tình huống ăn hối lộ bánh canh,"['vật nuôi', 'e thẹn', 'tình huống', 'ăn hối lộ', 'bánh canh']","['001800', '002800', '001316', '001270', '000834']"
Ê Đê bao la chùa cây ăn quả mẫu số lớn,"['Ê Đê', 'bao la', 'chùa', 'cây ăn quả', 'mẫu số lớn']","['002808', '001457', '002248', '002013', '003395']"
cá mập diều cứu sống con số bức tranh,"['cá mập', 'diều', 'cứu sống', 'con số', 'bức tranh']","['002200', '002586', '000696', '002385', '001876']"
áo cây xanh củ cải trắng Cao Bằng chợ Bến Thành,"['áo', 'cây xanh', 'củ cải trắng', 'Cao Bằng', 'chợ Bến Thành']","['001250', '002053', '002480', '001939', '002226']"
mái tóc e thẹn Ô-lim-píc quang hợp ca nô,"['mái tóc', 'e thẹn', 'Ô-lim-píc', 'quang hợp', 'ca nô']","['003339', '002800', '000491', '000403', '001894']"
Cô-lôm-bi-a (nước Cô-lôm-bi-a) chia ba phong toả vô tâm quả nhãn,"['Cô-lôm-bi-a (nước Cô-lôm-bi-a)', 'chia ba', 'phong toả', 'vô tâm', 'quả nhãn']","['002420', '000564', '000998', '001868', '000363']"
vật nuôi bến xe ác mộng chém xem,"['vật nuôi', 'bến xe', 'ác mộng', 'chém', 'xem']","['001798', '001615', '001196', '002158', '000435']"
liều lĩnh khổ thơ nghĩa đen hiện đại minh hoạ,"['liều lĩnh', 'khổ thơ', 'nghĩa đen', 'hiện đại', 'minh hoạ']","['003271', '003156', '003540', '002989', '003409']"
sách 1000 (một nghìn) sinh đẻ Albania (nước Albania) rau mùng tơi,"['sách', '1000 (một nghìn)', 'sinh đẻ', 'Albania (nước Albania)', 'rau mùng tơi']","['000611', '001169', '000692', '000028', '000521']"
hơi nước đánh bắt nổi nóng lựu cạnh,"['hơi nước', 'đánh bắt', 'nổi nóng', 'lựu', 'cạnh']","['003066', '002626', '000059', '003329', '001923']"
u tượng đường thẳng ông bà sấm sét,"['u', 'tượng', 'đường thẳng', 'ông bà', 'sấm sét']","['001088', '001696', '002795', '000320', '000655']"
rau ngót mặt dài Mặt trời lặn bay nhanh (máy bay) phản động,"['rau ngót', 'mặt dài', 'Mặt trời lặn', 'bay nhanh (máy bay)', 'phản động']","['000522', '003382', '003417', '000409', '000149']"
chiếu còng (cái còng) tóc dài mất ngủ hàng dọc,"['chiếu', 'còng (cái còng)', 'tóc dài', 'mất ngủ', 'hàng dọc']","['002196', '002399', '000908', '003386', '002948']"
ghé thăm lương thực tên riêng gửi rau cải thảo,"['ghé thăm', 'lương thực', 'tên riêng', 'gửi', 'rau cải thảo']","['002845', '003324', '000895', '002934', '000517']"
bộ đội chiếu phim ác độc cụ thể máy chiếu,"['bộ đội', 'chiếu phim', 'ác độc', 'cụ thể', 'máy chiếu']","['001733', '002199', '001194', '002474', '003364']"
đông lạnh báo thù ti hí mắt tóc dài yếm,"['đông lạnh', 'báo thù', 'ti hí mắt', 'tóc dài', 'yếm']","['002757', '001485', '000150', '000908', '002090']"
rửa tay h Ninh Bình viện nghiên cứu người bán hàng,"['rửa tay', 'h', 'Ninh Bình', 'viện nghiên cứu', 'người bán hàng']","['000594', '001054', '000024', '001831', '003583']"
luật lệ nóng tính không cần 7 dầu khí,"['luật lệ', 'nóng tính', 'không cần', '7', 'dầu khí']","['003304', '000263', '000088', '001140', '002550']"
lùi bước con ngựa chợ nổi con muỗi vênh váo,"['lùi bước', 'con ngựa', 'chợ nổi', 'con muỗi', 'vênh váo']","['003310', '002368', '002227', '002361', '001813']"
gà rừng câu đơn cõng cày cao tầng,"['gà rừng', 'câu đơn', 'cõng', 'cày', 'cao tầng']","['002815', '001983', '002401', '001957', '001947']"
chăm học căm thù dài tô màu đũa,"['chăm học', 'căm thù', 'dài', 'tô màu', 'đũa']","['002113', '000265', '002515', '001380', '002781']"
kỉ niệm khéo cười nhếch mép ung thư nhanh nhẹn,"['kỉ niệm', 'khéo', 'cười nhếch mép', 'ung thư', 'nhanh nhẹn']","['003181', '003133', '000056', '000483', '003613']"
tờ giấy bánh đúc gửi thư bảo vệ môi trường thích nghi,"['tờ giấy', 'bánh đúc', 'gửi thư', 'bảo vệ môi trường', 'thích nghi']","['001410', '001433', '002936', '001473', '002245']"
đội thiếu niên bàn chân công bằng số bé nẻ,"['đội thiếu niên', 'bàn chân', 'công bằng', 'số bé', 'nẻ']","['002754', '001337', '002429', '000722', '003491']"
chức năng chậm chạp cao (vật) bán kính (hình tròn) tô màu,"['chức năng', 'chậm chạp', 'cao (vật)', 'bán kính (hình tròn)', 'tô màu']","['002296', '000411', '001933', '001369', '001382']"
vạm vỡ đài sen bán kính (hình tròn) thích thú ma cà rồng,"['vạm vỡ', 'đài sen', 'bán kính (hình tròn)', 'thích thú', 'ma cà rồng']","['001752', '002606', '001369', '001062', '003332']"
giao thông thủ tướng quả su su mật ong ăn ít,"['giao thông', 'thủ tướng', 'quả su su', 'mật ong', 'ăn ít']","['002859', '001143', '000382', '003391', '000941']"
tôn thờ lễ bế giảng 80 gián tiếp tính,"['tôn thờ', 'lễ bế giảng', '80', 'gián tiếp', 'tính']","['001384', '003243', '001163', '002876', '002776']"
con chó xảy ra đạn Đông Timor (nước Đông Timor) thích nghi,"['con chó', 'xảy ra', 'đạn', 'Đông Timor (nước Đông Timor)', 'thích nghi']","['002323', '000579', '002630', '002758', '002245']"
mua bán củ khoai lang Cocacola làm được bát,"['mua bán', 'củ khoai lang', 'Cocacola', 'làm được', 'bát']","['003460', '002472', '000860', '000932', '001487']"
40 chọn lựa vái lạy cặp tóc kiến thức,"['40', 'chọn lựa', 'vái lạy', 'cặp tóc', 'kiến thức']","['001161', '002223', '001748', '001964', '003194']"
sóng biển thuộc lòng tấm lòng xô riêng biệt,"['sóng biển', 'thuộc lòng', 'tấm lòng', 'xô', 'riêng biệt']","['000712', '001174', '002700', '002042', '000547']"
bờ rào tô màu bảng màu cắt lông mũi sinh động,"['bờ rào', 'tô màu', 'bảng màu', 'cắt lông mũi', 'sinh động']","['001777', '001382', '001409', '000618', '000695']"
thủ tướng nhảy bao bố thị giác hi sinh sinh đẻ,"['thủ tướng', 'nhảy bao bố', 'thị giác', 'hi sinh', 'sinh đẻ']","['001143', '000644', '001051', '002984', '000692']"
cố định con hàu xăng-ti-mét-khối (cm3) tia chớp héc-tô-gam (hg),"['cố định', 'con hàu', 'xăng-ti-mét-khối (cm3)', 'tia chớp', 'héc-tô-gam (hg)']","['002419', '000822', '001974', '001242', '002974']"
cột điện dấu sắc phố thìa ôn luyện,"['cột điện', 'dấu sắc', 'phố', 'thìa', 'ôn luyện']","['002452', '001110', '000264', '001057', '000097']"
trăng gan dạ sa thải vật nuôi bánh gai,"['trăng', 'gan dạ', 'sa thải', 'vật nuôi', 'bánh gai']","['001450', '002821', '002785', '001801', '001435']"
sinh sống bé hơn đơn giản ăn ít bằng phẳng,"['sinh sống', 'bé hơn', 'đơn giản', 'ăn ít', 'bằng phẳng']","['000705', '001575', '002774', '000941', '001527']"
đoán con chó cây gỗ chọi gà khuy,"['đoán', 'con chó', 'cây gỗ', 'chọi gà', 'khuy']","['002722', '002324', '002029', '002220', '003174']"
trà nóng trộm cắp nhanh nhẹn tái phát bảng màu,"['trà nóng', 'trộm cắp', 'nhanh nhẹn', 'tái phát', 'bảng màu']","['000854', '001508', '003613', '000829', '001409']"
nổi bật củ khoai lang biểu thức bút máy thở,"['nổi bật', 'củ khoai lang', 'biểu thức', 'bút máy', 'thở']","['000053', '002472', '001651', '001871', '001117']"
gà tây lau chùi ai cho chăm sóc sức khỏe khen tặng,"['gà tây', 'lau chùi', 'ai cho', 'chăm sóc sức khỏe', 'khen tặng']","['002816', '003229', '000080', '002119', '003132']"
thăng bằng nghiêm túc bến xe lông viện bảo tàng,"['thăng bằng', 'nghiêm túc', 'bến xe', 'lông', 'viện bảo tàng']","['000987', '003549', '001615', '003290', '001829']"
tai nạn bóng bay cổ truyền chuyển hướng bẫy chuột (hành động),"['tai nạn', 'bóng bay', 'cổ truyền', 'chuyển hướng', 'bẫy chuột (hành động)']","['000821', '001707', '002414', '002289', '001563']"
nằm đoạn thơ quân đội đeo kính đồng hồ,"['nằm', 'đoạn thơ', 'quân đội', 'đeo kính', 'đồng hồ']","['003486', '002724', '000425', '002675', '002746']"
hi sinh ghi hình dầu hoả ăn ít lưỡi câu,"['hi sinh', 'ghi hình', 'dầu hoả', 'ăn ít', 'lưỡi câu']","['002984', '002849', '002549', '000941', '003321']"
đường tròn nỏ nóc nhà Tết Thiếu nhi Sóc Trăng,"['đường tròn', 'nỏ', 'nóc nhà', 'Tết Thiếu nhi', 'Sóc Trăng']","['002797', '000029', '000031', '000905', '000710']"
â súp lơ xưa quát mắng bản lề,"['â', 'súp lơ', 'xưa', 'quát mắng', 'bản lề']","['001029', '000176', '002068', '000410', '001357']"
phẫu thuật cổ phương tiện tiếp tân bọt xà phòng thẳng hàng (Toán học),"['phẫu thuật cổ', 'phương tiện', 'tiếp tân', 'bọt xà phòng', 'thẳng hàng (Toán học)']","['000792', '000300', '000009', '001713', '000989']"
hợp lí trà đá gấp ba mặt đất con chuột,"['hợp lí', 'trà đá', 'gấp ba', 'mặt đất', 'con chuột']","['003069', '000852', '000556', '003379', '002327']"
tán thành hỏng vẫy tay nghệ sĩ đàn bầu,"['tán thành', 'hỏng', 'vẫy tay', 'nghệ sĩ', 'đàn bầu']","['000845', '003044', '001805', '003527', '002617']"
trường THPT ( cấp 3) không cho Tết Âm đoàn tụ đôi dép,"['trường THPT ( cấp 3)', 'không cho', 'Tết Âm', 'đoàn tụ', 'đôi dép']","['001614', '000082', '000897', '002721', '002734']"
màu đen vào lớp trần nhà đường hàng không xóm làng,"['màu đen', 'vào lớp', 'trần nhà', 'đường hàng không', 'xóm làng']","['003346', '001760', '001460', '002790', '002040']"
xếp quần đùi e Thái Nguyên mỗi ngày,"['xếp', 'quần đùi', 'e', 'Thái Nguyên', 'mỗi ngày']","['002020', '000436', '001038', '000929', '000387']"
Âu Cơ anh rể mọc râu cung cấp ầm ĩ,"['Âu Cơ', 'anh rể', 'mọc râu', 'cung cấp', 'ầm ĩ']","['001298', '001231', '000630', '000215', '001280']"
xếp đua đòi bênh vực quang hợp xuất khẩu,"['xếp', 'đua đòi', 'bênh vực', 'quang hợp', 'xuất khẩu']","['002020', '000973', '001617', '000403', '002058']"
nghe thiên nhiên hàng chục bỏ qua biểu đồ hình quạt,"['nghe', 'thiên nhiên', 'hàng chục', 'bỏ qua', 'biểu đồ hình quạt']","['003522', '001068', '002945', '001685', '001647']"
địa điểm hiện nay góc bếp ngắn hi vọng,"['địa điểm', 'hiện nay', 'góc bếp', 'ngắn', 'hi vọng']","['002699', '002990', '002919', '003516', '002987']"
ăn hối lộ quả chuối quả dừa xiêm quả chanh bím tóc đuôi sam,"['ăn hối lộ', 'quả chuối', 'quả dừa xiêm', 'quả chanh', 'bím tóc đuôi sam']","['001270', '000319', '000334', '000316', '001653']"
trạm y tế cạnh đối diện chuyên cần nhảy cao khu vườn,"['trạm y tế', 'cạnh đối diện', 'chuyên cần', 'nhảy cao', 'khu vườn']","['001434', '001929', '002277', '003616', '003168']"
giơ tay thúc đẩy hoang mang móc áo làm quen,"['giơ tay', 'thúc đẩy', 'hoang mang', 'móc áo', 'làm quen']","['002911', '001162', '003115', '003411', '003215']"
nguyện vọng nổ súng kéo co miền Nam Việt Nam tôn thờ,"['nguyện vọng', 'nổ súng', 'kéo co', 'miền Nam Việt Nam', 'tôn thờ']","['003578', '000047', '000648', '003407', '001384']"
hội nghị quả hồng xông hơi làm ruộng thích thú,"['hội nghị', 'quả hồng', 'xông hơi', 'làm ruộng', 'thích thú']","['003060', '000345', '002046', '003216', '001061']"
duyệt binh tha thứ nhân hậu róc rách đồn công an,"['duyệt binh', 'tha thứ', 'nhân hậu', 'róc rách', 'đồn công an']","['002599', '000912', '003627', '000559', '002742']"
"gà nướng lu đăng nhập chị hai, chị cả phép tính nguội","['gà nướng lu', 'đăng nhập', 'chị hai, chị cả', 'phép tính', 'nguội']","['000828', '002639', '000309', '000194', '000814']"
con cọp cạnh bên (toán) gật đầu đèo cấy lúa,"['con cọp', 'cạnh bên (toán)', 'gật đầu', 'đèo', 'cấy lúa']","['002333', '001925', '002842', '002679', '002057']"
hành lang trung ương biểu thức khờ dại đất nước bị chia cắt (Việt Nam),"['hành lang', 'trung ương', 'biểu thức', 'khờ dại', 'đất nước bị chia cắt (Việt Nam)']","['002957', '001566', '001651', '000217', '000665']"
cục tẩy quyến luyến cất giấu chất lỏng mặc quần áo,"['cục tẩy', 'quyến luyến', 'cất giấu', 'chất lỏng', 'mặc quần áo']","['002488', '000373', '001973', '002150', '003372']"
Ô-lim-píc nháy mắt Tết Dương thắng lợi thường xuyên,"['Ô-lim-píc', 'nháy mắt', 'Tết Dương', 'thắng lợi', 'thường xuyên']","['000491', '003619', '000901', '000993', '000350']"
nói chuyện lược Dinh Độc Lập quần đùi cổng,"['nói chuyện', 'lược', 'Dinh Độc Lập', 'quần đùi', 'cổng']","['000033', '003316', '002587', '000436', '002444']"
gian khổ lý do sốt tương lai bạn yêu bạn ấy,"['gian khổ', 'lý do', 'sốt', 'tương lai', 'bạn yêu bạn ấy']","['002874', '000652', '000742', '000637', '000295']"
đuôi chuột anh rể chứng cớ xe lu vui sướng,"['đuôi chuột', 'anh rể', 'chứng cớ', 'xe lu', 'vui sướng']","['000172', '001233', '002302', '002008', '001907']"
lí do tam giác phong toả trứng ao chuôm,"['lí do', 'tam giác', 'phong toả', 'trứng', 'ao chuôm']","['003256', '000839', '000998', '001584', '001245']"
bập bênh không nghe lời mở cửa con muỗi liền trước,"['bập bênh', 'không nghe lời', 'mở cửa', 'con muỗi', 'liền trước']","['001551', '000074', '003450', '002361', '003269']"
đua thuyền đầy tớ tuyên ngôn mạch máu công sức,"['đua thuyền', 'đầy tớ', 'tuyên ngôn', 'mạch máu', 'công sức']","['002779', '002656', '001642', '003335', '002434']"
ý tưởng luật chơi chúc thọ tác dụng nhưng,"['ý tưởng', 'luật chơi', 'chúc thọ', 'tác dụng', 'nhưng']","['002088', '003302', '002259', '000813', '000536']"
bắt cốc e hoa vẫy vùng (cá),"['bắt', 'cốc', 'e', 'hoa', 'vẫy vùng (cá)']","['001535', '002423', '001038', '003009', '001807']"
giúp đỡ rút gọn phân số bắt buộc thận Ninh Bình,"['giúp đỡ', 'rút gọn phân số', 'bắt buộc', 'thận', 'Ninh Bình']","['002914', '000587', '002555', '001011', '000024']"
còng dân tộc Mông chuyện trò xinh xắn thợ rèn,"['còng', 'dân tộc Mông', 'chuyện trò', 'xinh xắn', 'thợ rèn']","['002400', '000686', '002291', '002032', '001121']"
quan (chức vụ) dịch vụ nước mắm máy chiếu bảng trừ,"['quan (chức vụ)', 'dịch vụ', 'nước mắm', 'máy chiếu', 'bảng trừ']","['000524', '002579', '000966', '003364', '001419']"
diệt chủng làm ruộng mặt vuông chợ Bến Thành giới hạn,"['diệt chủng', 'làm ruộng', 'mặt vuông', 'chợ Bến Thành', 'giới hạn']","['002584', '003216', '003380', '002226', '002912']"
diều vững chắc phủ nhận thấp hơn đồ ăn,"['diều', 'vững chắc', 'phủ nhận', 'thấp hơn', 'đồ ăn']","['002586', '001922', '000282', '001013', '000945']"
môn Lịch sử huyện long lanh (mắt) sinh sống đầu xuôi đuôi lọt,"['môn Lịch sử', 'huyện', 'long lanh (mắt)', 'sinh sống', 'đầu xuôi đuôi lọt']","['003436', '003082', '000598', '000705', '002651']"
Lượm ăn xin thân thiện sợi len con công,"['Lượm', 'ăn xin', 'thân thiện', 'sợi len', 'con công']","['000694', '001276', '001005', '000755', '002334']"
lau khô học nhóm số La Mã (Toán học) bất hiếu tập trung,"['lau khô', 'học nhóm', 'số La Mã (Toán học)', 'bất hiếu', 'tập trung']","['003230', '003034', '000507', '001555', '000885']"
trở thành cấy lúa giai đoạn đoàn cải lương quả chuối,"['trở thành', 'cấy lúa', 'giai đoạn', 'đoàn cải lương', 'quả chuối']","['001528', '002057', '002856', '002719', '000319']"
quả nho thổi hoảng sợ quả bầu hồ lô hải sản,"['quả nho', 'thổi', 'hoảng sợ', 'quả bầu hồ lô', 'hải sản']","['000370', '001087', '003024', '000312', '000824']"
kim cương biểu đồ cột khoá (cái khóa) tiếc tương ớt,"['kim cương', 'biểu đồ cột', 'khoá (cái khóa)', 'tiếc', 'tương ớt']","['000704', '001645', '003142', '001251', '000248']"
gián tiếp chuông quét dọn boong tàu côn trùng,"['gián tiếp', 'chuông', 'quét dọn', 'boong tàu', 'côn trùng']","['002876', '002273', '000441', '001709', '002428']"
tia số hơi nước viết lia lịa quả xoài trường tiểu học,"['tia số', 'hơi nước', 'viết lia lịa', 'quả xoài', 'trường tiểu học']","['001246', '003066', '001833', '000392', '001590']"
phở cuốn sân khấu ít hơn xe cứu hỏa ô,"['phở cuốn', 'sân khấu', 'ít hơn', 'xe cứu hỏa', 'ô']","['000274', '000661', '003090', '001996', '001067']"
tách đảo Trường Sa trọc đầu hút nước buổi tối,"['tách', 'đảo Trường Sa', 'trọc đầu', 'hút nước', 'buổi tối']","['000815', '000837', '001486', '003076', '001842']"
rổ thề chảo lo sợ phô tô,"['rổ', 'thề', 'chảo', 'lo sợ', 'phô tô']","['000571', '001036', '002079', '003278', '000259']"
kèn hậu quả bến tàu buổi chiều số bé,"['kèn', 'hậu quả', 'bến tàu', 'buổi chiều', 'số bé']","['003094', '002970', '001611', '001826', '000722']"
biểu thức con chuột nhắt con chồn chuyển động quay 40,"['biểu thức', 'con chuột nhắt', 'con chồn', 'chuyển động quay', '40']","['001651', '002328', '002326', '002287', '001161']"
lễ hội hóa trang liên quan thu thập cửa khẩu đạn,"['lễ hội hóa trang', 'liên quan', 'thu thập', 'cửa khẩu', 'đạn']","['003249', '003266', '001135', '002501', '002630']"
cuống lá mẫu số bé về 3 (đi về) dãy số con cua,"['cuống lá', 'mẫu số bé', 'về 3 (đi về)', 'dãy số', 'con cua']","['002496', '003393', '000362', '002532', '002335']"
Yên Bái khung cửa số xui xẻo con cá nhận,"['Yên Bái', 'khung cửa số', 'xui xẻo', 'con cá', 'nhận']","['002092', '003171', '000597', '002319', '003632']"
dập phẫu thuật mắt đất ruộng nhân hậu quả roi,"['dập', 'phẫu thuật mắt', 'đất ruộng', 'nhân hậu', 'quả roi']","['002546', '000788', '000258', '003627', '000378']"
bảng màu cái gương con chuột nhắt chia cắt chim gõ kiến,"['bảng màu', 'cái gương', 'con chuột nhắt', 'chia cắt', 'chim gõ kiến']","['001409', '001904', '002328', '002180', '002206']"
chuyển động quay Bình Dương kí tên lười học trung điểm,"['chuyển động quay', 'Bình Dương', 'kí tên', 'lười học', 'trung điểm']","['002287', '001661', '003185', '003319', '001548']"
ngập ngừng thổi kèn phòng máy tính sa thải năn nỉ,"['ngập ngừng', 'thổi kèn', 'phòng máy tính', 'sa thải', 'năn nỉ']","['000448', '001091', '000250', '002785', '000584']"
đối tượng ác mộng chia rẽ bịa đặt người xấu,"['đối tượng', 'ác mộng', 'chia rẽ', 'bịa đặt', 'người xấu']","['002737', '001196', '000728', '001631', '003592']"
đấu vật sáng chói nồi phấn (viết bảng) trộm cắp,"['đấu vật', 'sáng chói', 'nồi', 'phấn (viết bảng)', 'trộm cắp']","['002653', '000623', '000049', '000182', '001508']"
giá sách vòng nguyệt quế nghe Tây Bắc làm quen,"['giá sách', 'vòng nguyệt quế', 'nghe', 'Tây Bắc', 'làm quen']","['002855', '000493', '003522', '000889', '003215']"
1000 (một nghìn) lá cây Khánh Hòa dễ thương yếu,"['1000 (một nghìn)', 'lá cây', 'Khánh Hòa', 'dễ thương', 'yếu']","['001169', '003208', '003118', '002571', '002112']"
xe cảnh sát hung thủ quả thanh long khoan (khoan đã) chức năng,"['xe cảnh sát', 'hung thủ', 'quả thanh long', 'khoan (khoan đã)', 'chức năng']","['001994', '003073', '000388', '003410', '002296']"
ghi nhớ Ê Đê xếp Cô-lôm-bi-a (nước Cô-lôm-bi-a) Bãi biển Vũng Tàu,"['ghi nhớ', 'Ê Đê', 'xếp', 'Cô-lôm-bi-a (nước Cô-lôm-bi-a)', 'Bãi biển Vũng Tàu']","['002850', '002808', '002020', '002420', '001319']"
cao tốc khắc phục con khỉ con bướm từ bỏ,"['cao tốc', 'khắc phục', 'con khỉ', 'con bướm', 'từ bỏ']","['001951', '003121', '002351', '002318', '001646']"
trông nom nhiều hơn bức tường giám khảo cơ thể,"['trông nom', 'nhiều hơn', 'bức tường', 'giám khảo', 'cơ thể']","['001522', '003645', '001880', '002873', '002461']"
quyền lợi cuộn giấy vệ sinh chất đốt bài báo học bổng,"['quyền lợi', 'cuộn giấy vệ sinh', 'chất đốt', 'bài báo', 'học bổng']","['000476', '002495', '002146', '001309', '003032']"
trụi lá đầu xuôi đuôi lọt nghe trong ngoài đen đủi,"['trụi lá', 'đầu xuôi đuôi lọt', 'nghe', 'trong ngoài', 'đen đủi']","['001540', '002651', '003522', '001498', '000595']"
giám khảo cống nỏ vô lí 12,"['giám khảo', 'cống', 'nỏ', 'vô lí', '12']","['002873', '002445', '000029', '001864', '001154']"
Bắc Giang cây đa khóc con sư tử nông nghiệp,"['Bắc Giang', 'cây đa', 'khóc', 'con sư tử', 'nông nghiệp']","['001501', '002027', '003149', '002386', '000066']"
nhà tầng tự hào tôn trọng ngày thầy thuốc Việt Nam ra ngoài,"['nhà tầng', 'tự hào', 'tôn trọng', 'ngày thầy thuốc Việt Nam', 'ra ngoài']","['003604', '000725', '001390', '000119', '000506']"
nếm chú tễu cuống lá quả gấc Mặt trời lặn,"['nếm', 'chú tễu', 'cuống lá', 'quả gấc', 'Mặt trời lặn']","['003494', '002244', '002496', '000343', '003417']"
nhăn mặt xếp đạn thông báo tuyệt vọng,"['nhăn mặt', 'xếp', 'đạn', 'thông báo', 'tuyệt vọng']","['003622', '002020', '002630', '001093', '001644']"
bé hơn bé gái cuộc sống đô thị xe cẩu,"['bé hơn', 'bé gái', 'cuộc sống', 'đô thị', 'xe cẩu']","['001575', '001573', '002493', '002732', '002010']"
chợ nổi Cái Bè dãy số liệu anh dũng Bắc Ninh con gái,"['chợ nổi Cái Bè', 'dãy số liệu', 'anh dũng', 'Bắc Ninh', 'con gái']","['002228', '002533', '001217', '001509', '002345']"
hút thuốc lá hối lộ sau gian lận phát biểu,"['hút thuốc lá', 'hối lộ', 'sau', 'gian lận', 'phát biểu']","['003077', '003059', '000640', '002536', '000159']"
bên phải vỗ về bản sao (chỉ người) hoa nhiều hơn,"['bên phải', 'vỗ về', 'bản sao (chỉ người)', 'hoa', 'nhiều hơn']","['001601', '000529', '001361', '003011', '003645']"
mũ xăng-ti-mét (cm) tuần trăng mật cỗ ngày thầy thuốc Việt Nam,"['mũ', 'xăng-ti-mét (cm)', 'tuần trăng mật', 'cỗ', 'ngày thầy thuốc Việt Nam']","['003471', '001972', '000761', '002418', '000119']"
dầu gội đầu bản lề buổi sáng gói củ khoai lang,"['dầu gội đầu', 'bản lề', 'buổi sáng', 'gói', 'củ khoai lang']","['002548', '001357', '001838', '002926', '002472']"
dự trữ lúa thế hệ chép bài con ghẹ,"['dự trữ', 'lúa', 'thế hệ', 'chép bài', 'con ghẹ']","['003327', '003300', '001039', '002163', '002347']"
chức năng phố cổ Hội an kí duyệt khổ giới thiệu,"['chức năng', 'phố cổ Hội an', 'kí duyệt', 'khổ', 'giới thiệu']","['002296', '000268', '003178', '003167', '002913']"
hoàng hôn khâu vá mẫu số kí hiệu củ cà rốt,"['hoàng hôn', 'khâu vá', 'mẫu số', 'kí hiệu', 'củ cà rốt']","['003022', '003126', '003392', '003184', '002479']"
anh dũng lý do phương pháp cửa sổ uốn,"['anh dũng', 'lý do', 'phương pháp', 'cửa sổ', 'uốn']","['001219', '000652', '000298', '002503', '001710']"
nhanh nhẹn hi vọng vỡ Tây Bắc mía,"['nhanh nhẹn', 'hi vọng', 'vỡ', 'Tây Bắc', 'mía']","['003613', '002988', '001887', '000889', '000844']"
hạn hán xăng-ti-mét (cm) đặc điểm gọt bút chì môn Kĩ thuật,"['hạn hán', 'xăng-ti-mét (cm)', 'đặc điểm', 'gọt bút chì', 'môn Kĩ thuật']","['002944', '001972', '002636', '002928', '003433']"
ấm đun nước quả hồng sợi len quang hợp kí tên,"['ấm đun nước', 'quả hồng', 'sợi len', 'quang hợp', 'kí tên']","['001288', '000345', '000755', '000403', '003185']"
họ (đại từ) chim gõ kiến màu nâu internet về (Sài Gòn),"['họ (đại từ)', 'chim gõ kiến', 'màu nâu', 'internet', 'về (Sài Gòn)']","['000287', '002206', '003349', '001014', '000356']"
cửa sổ số đo hiếu thảo ruộng bậc thang con người,"['cửa sổ', 'số đo', 'hiếu thảo', 'ruộng bậc thang', 'con người']","['002503', '000729', '002994', '000578', '002366']"
xăng-ti-mét (cm) q móng chân trộn (đt) Võ Thị Sáu,"['xăng-ti-mét (cm)', 'q', 'móng chân', 'trộn (đt)', 'Võ Thị Sáu']","['001972', '001076', '003418', '001526', '000453']"
con sói lục giác quả bưởi hình trụ nhân chứng,"['con sói', 'lục giác', 'quả bưởi', 'hình trụ', 'nhân chứng']","['002383', '003309', '000311', '003006', '003625']"
cổ đại s dây xích đóng góp I-rắc (nước I-rắc),"['cổ đại', 's', 'dây xích', 'đóng góp', 'I-rắc (nước I-rắc)']","['002410', '001080', '002566', '002731', '003086']"
3 lượt đi ế ẩm tổng (số) thăm hỏi,"['3', 'lượt đi', 'ế ẩm', 'tổng (số)', 'thăm hỏi']","['001128', '000714', '002809', '001392', '000981']"
ngã ba tập hợp rỗng ghi chép 90 bồi thường,"['ngã ba', 'tập hợp rỗng', 'ghi chép', '90', 'bồi thường']","['003498', '000881', '002847', '001165', '001747']"
đỡ leo trèo ấm trà đặt phố cổ,"['đỡ', 'leo trèo', 'ấm trà', 'đặt', 'phố cổ']","['002777', '003241', '001292', '002644', '000266']"
áo cánh đuốc bắn bi gặm xương (con chó gặm xương) danh mục,"['áo cánh', 'đuốc', 'bắn bi', 'gặm xương (con chó gặm xương)', 'danh mục']","['001254', '002783', '001513', '002833', '002523']"
thề dấu nặng phun nước Thừa Thiên – Huế hình chiếu,"['thề', 'dấu nặng', 'phun nước', 'Thừa Thiên – Huế', 'hình chiếu']","['001036', '001126', '000291', '001212', '002998']"
sửa chữa toàn cầu trung bình quà Thừa Thiên – Huế,"['sửa chữa', 'toàn cầu', 'trung bình', 'quà', 'Thừa Thiên – Huế']","['000770', '001370', '001546', '000417', '001212']"
buổi chiều kiến trúc sư cốm ngày Nhà giáo Việt nam tác động,"['buổi chiều', 'kiến trúc sư', 'cốm', 'ngày Nhà giáo Việt nam', 'tác động']","['001826', '003196', '002427', '003500', '002769']"
ai thành lập an ninh thị giác cụ già,"['ai', 'thành lập', 'an ninh', 'thị giác', 'cụ già']","['001201', '000967', '001205', '001051', '002487']"
Lượm bước ông bà câu đố con dế,"['Lượm', 'bước', 'ông bà', 'câu đố', 'con dế']","['000694', '001882', '000320', '001979', '002340']"
đề nghị bát hương Bắc bộ p khuy,"['đề nghị', 'bát hương', 'Bắc bộ', 'p', 'khuy']","['002684', '001489', '001499', '001072', '003174']"
họp đóng dấu nhà vệ sinh lãnh đạo họp nhóm,"['họp', 'đóng dấu', 'nhà vệ sinh', 'lãnh đạo', 'họp nhóm']","['003046', '002730', '001016', '003222', '000962']"
mi-li-mét (mm) thừa trộm cắp chọn lọc quyền lợi,"['mi-li-mét (mm)', 'thừa', 'trộm cắp', 'chọn lọc', 'quyền lợi']","['003404', '001208', '001508', '002222', '000475']"
lễ phép khỏi bệnh leo trèo sinh đẻ ê,"['lễ phép', 'khỏi bệnh', 'leo trèo', 'sinh đẻ', 'ê']","['003250', '003151', '003241', '000691', '001043']"
Đông Dương cục tẩy giả sử cao (nhà) cơ quan,"['Đông Dương', 'cục tẩy', 'giả sử', 'cao (nhà)', 'cơ quan']","['002756', '002488', '002854', '001935', '002459']"
còng phấn đấu con cọp trở thành sáng kiến,"['còng', 'phấn đấu', 'con cọp', 'trở thành', 'sáng kiến']","['002400', '000184', '002331', '001528', '000625']"
cống xe container hiểu nói ngập ngừng cao (người),"['cống', 'xe container', 'hiểu', 'nói ngập ngừng', 'cao (người)']","['002445', '000408', '002991', '000450', '001931']"
mách quan hệ từ cộng (Toán học) môn Ngoại ngữ lĩnh hội,"['mách', 'quan hệ từ', 'cộng (Toán học)', 'môn Ngoại ngữ', 'lĩnh hội']","['000137', '000520', '002446', '003438', '003274']"
liền sau màu nhiệm chủ ngữ ngày sinh người quen,"['liền sau', 'màu nhiệm', 'chủ ngữ', 'ngày sinh', 'người quen']","['003268', '003351', '002239', '003512', '003590']"
góc học tập thân cây chọi trâu dây chun cây cối,"['góc học tập', 'thân cây', 'chọi trâu', 'dây chun', 'cây cối']","['002920', '000999', '002221', '002560', '002025']"
con tem ai cho la hét cây gỗ điều phối,"['con tem', 'ai cho', 'la hét', 'cây gỗ', 'điều phối']","['002388', '000080', '003207', '002029', '002709']"
ngữ pháp nguyên nhân vá quần áo chàng trai hằng đẳng thức,"['ngữ pháp', 'nguyên nhân', 'vá quần áo', 'chàng trai', 'hằng đẳng thức']","['001159', '003577', '002122', '002073', '002967']"
trông chờ cá kho pháo hoa đóng dấu danh nhân,"['trông chờ', 'cá kho', 'pháo hoa', 'đóng dấu', 'danh nhân']","['001518', '001898', '000156', '002730', '002524']"
đo Ê Đê côn trùng bổ ích cực khổ,"['đo', 'Ê Đê', 'côn trùng', 'bổ ích', 'cực khổ']","['002718', '002808', '002428', '001717', '000219']"
liền trước nhà nước sơn ngán tuyệt vọng,"['liền trước', 'nhà nước', 'sơn', 'ngán', 'tuyệt vọng']","['003269', '002600', '000757', '000816', '001644']"
sữa bột cây tre nghênh nghênh (đầu) vây bắt gương,"['sữa bột', 'cây tre', 'nghênh nghênh (đầu)', 'vây bắt', 'gương']","['000778', '002049', '000970', '001803', '002937']"
ngược lại trứng bơm xe phim tài liệu Đông Nam Á,"['ngược lại', 'trứng', 'bơm xe', 'phim tài liệu', 'Đông Nam Á']","['003582', '001584', '001789', '000220', '002744']"
đất nước bị chia cắt (Việt Nam) dây xích quan sát dấu huyền áo,"['đất nước bị chia cắt (Việt Nam)', 'dây xích', 'quan sát', 'dấu huyền', 'áo']","['000665', '002566', '000574', '001104', '001250']"
thêu tống tiền thợ thêu dễ thương an ninh,"['thêu', 'tống tiền', 'thợ thêu', 'dễ thương', 'an ninh']","['001042', '001402', '001123', '002571', '001205']"
chuyên cần vui sướng lái tàu hỏa môn Toán pháo đài,"['chuyên cần', 'vui sướng', 'lái tàu hỏa', 'môn Toán', 'pháo đài']","['002277', '001907', '003213', '003442', '002605']"
đề-xi-mét khối (dm3) niềm vui xăng-ti-mét (cm) thơm hóa đơn,"['đề-xi-mét khối (dm3)', 'niềm vui', 'xăng-ti-mét (cm)', 'thơm', 'hóa đơn']","['002687', '000022', '001972', '001127', '001633']"
trốn chạy con nai ông bà Đặng Văn Ngữ khăn quàng đỏ,"['trốn chạy', 'con nai', 'ông bà', 'Đặng Văn Ngữ', 'khăn quàng đỏ']","['001510', '002363', '000322', '002642', '003124']"
ý nghĩa cầu thủ đoạn văn vạch xuất phát đi,"['ý nghĩa', 'cầu thủ', 'đoạn văn', 'vạch xuất phát', 'đi']","['002082', '002005', '002725', '001742', '002693']"
môn Giáo dục thể chất giường con hoẵng cầu tre cứu hộ,"['môn Giáo dục thể chất', 'giường', 'con hoẵng', 'cầu tre', 'cứu hộ']","['003431', '002917', '002349', '002007', '002513']"
tuyên ngôn Bắc Giang hòa bình buổi sáng chủ động,"['tuyên ngôn', 'Bắc Giang', 'hòa bình', 'buổi sáng', 'chủ động']","['001642', '001501', '003016', '001838', '002237']"
mỳ tôm va li kì diệu thuyết phục nổi da gà,"['mỳ tôm', 'va li', 'kì diệu', 'thuyết phục', 'nổi da gà']","['000177', '001736', '003176', '001200', '000041']"
rau mùng tơi đồng bằng mọc ria mép cao (người) tiếng Anh,"['rau mùng tơi', 'đồng bằng', 'mọc ria mép', 'cao (người)', 'tiếng Anh']","['000521', '002745', '000632', '001931', '001267']"
thối liên lạc Bến Tre chia tay thủ tướng,"['thối', 'liên lạc', 'Bến Tre', 'chia tay', 'thủ tướng']","['000811', '003265', '001613', '002185', '001143']"
múa lũy tre bạn yêu bạn ấy bảo hiểm tuổi thơ ấu,"['múa', 'lũy tre', 'bạn yêu bạn ấy', 'bảo hiểm', 'tuổi thơ ấu']","['003472', '003312', '000295', '001459', '001109']"
Bạc Liêu công tắc An Giang đông lạnh tách lớp,"['Bạc Liêu', 'công tắc', 'An Giang', 'đông lạnh', 'tách lớp']","['001307', '002435', '001203', '002757', '000817']"
củ khoai lang làn sóng xui xẻo màu cam xe container,"['củ khoai lang', 'làn sóng', 'xui xẻo', 'màu cam', 'xe container']","['002472', '003219', '000597', '003345', '000408']"
lồng chim vỡ liều mình bốc thăm mía,"['lồng chim', 'vỡ', 'liều mình', 'bốc thăm', 'mía']","['003293', '001887', '003272', '001743', '000844']"
vĩ đại đại tá rửa mặt ca yếu tố,"['vĩ đại', 'đại tá', 'rửa mặt', 'ca', 'yếu tố']","['001821', '002612', '000870', '001892', '002118']"
cày khách sạn góc học tập hòn bi (giống viên bi) số thập phân,"['cày', 'khách sạn', 'góc học tập', 'hòn bi (giống viên bi)', 'số thập phân']","['001957', '003113', '002920', '003042', '000739']"
xe cảnh sát uốn b gật đầu nói leo,"['xe cảnh sát', 'uốn', 'b', 'gật đầu', 'nói leo']","['001994', '001710', '001030', '002842', '000036']"
dừng lại óc nghênh nghênh (đầu) chiêng vĩ đại,"['dừng lại', 'óc', 'nghênh nghênh (đầu)', 'chiêng', 'vĩ đại']","['000415', '000089', '000970', '002191', '001821']"
hơi nước đan e thẹn chè đỗ đỏ môi trường,"['hơi nước', 'đan', 'e thẹn', 'chè đỗ đỏ', 'môi trường']","['003066', '002615', '002799', '002157', '003424']"
Quy Nhơn cha mẹ kính hiển vi chiều rộng rau,"['Quy Nhơn', 'cha mẹ', 'kính hiển vi', 'chiều rộng', 'rau']","['000037', '002061', '003201', '002194', '000510']"
"anh hai, anh cả Tuy Hoà thiên thần hăng hái vẫy tay","['anh hai, anh cả', 'Tuy Hoà', 'thiên thần', 'hăng hái', 'vẫy tay']","['000301', '000035', '001071', '002966', '001805']"
cử chỉ điệu bộ quạt treo tường sấm sét giá trị tuyệt đối khung cửa số,"['cử chỉ điệu bộ', 'quạt treo tường', 'sấm sét', 'giá trị tuyệt đối', 'khung cửa số']","['002497', '000423', '000655', '002868', '003171']"
sinh đôi cửa hàng tri kỉ dân tộc Mường đổ nước,"['sinh đôi', 'cửa hàng', 'tri kỉ', 'dân tộc Mường', 'đổ nước']","['000902', '002500', '001040', '000680', '002749']"
khoá (cái khóa) Bắc Giang công tắc cái nhíp quyền lợi,"['khoá (cái khóa)', 'Bắc Giang', 'công tắc', 'cái nhíp', 'quyền lợi']","['003142', '001501', '002435', '001909', '000475']"
thối tấm lòng tương ứng dê con lượt về (trong thể thao),"['thối', 'tấm lòng', 'tương ứng', 'dê con', 'lượt về (trong thể thao)']","['000811', '002700', '001690', '002568', '000716']"
loạn thị gánh một mình tia chớp Tết hàn thực,"['loạn thị', 'gánh', 'một mình', 'tia chớp', 'Tết hàn thực']","['003283', '002824', '003446', '001242', '000102']"
quốc tế đồn công an ngày thành lập quân đội nhân dân Việt Nam bảng chỉ dẫn con ốc,"['quốc tế', 'đồn công an', 'ngày thành lập quân đội nhân dân Việt Nam', 'bảng chỉ dẫn', 'con ốc']","['000462', '002742', '000123', '001395', '002377']"
khoa học xoáy phô tô thói quen sợi dây,"['khoa học', 'xoáy', 'phô tô', 'thói quen', 'sợi dây']","['003137', '002038', '000259', '000069', '000753']"
quỳ Ba chân bốn cẳng Quảng Ninh ngón tay phương Tây,"['quỳ', 'Ba chân bốn cẳng', 'Quảng Ninh', 'ngón tay', 'phương Tây']","['000485', '001299', '000407', '003560', '000023']"
giật mình thăng bằng bộ đội nhảy dù thiếu niên,"['giật mình', 'thăng bằng', 'bộ đội', 'nhảy dù', 'thiếu niên']","['002890', '000987', '001733', '003617', '001081']"
ban giám hiệu bực mình tập hợp (Toán học) hôi kinh nghiệm,"['ban giám hiệu', 'bực mình', 'tập hợp (Toán học)', 'hôi', 'kinh nghiệm']","['001329', '000096', '000879', '000401', '003200']"
bán hàng email trông chờ đề phòng chim chuyền cành,"['bán hàng', 'email', 'trông chờ', 'đề phòng', 'chim chuyền cành']","['001363', '002807', '001518', '000461', '002282']"
bắn súng cơ thể bánh bột lọc cao tốc bàn là,"['bắn súng', 'cơ thể', 'bánh bột lọc', 'cao tốc', 'bàn là']","['001517', '002461', '001425', '001951', '001341']"
quả bầu Hung-ga-ri (nước Hung-ga-ri) quốc hội cháu trai nhà bác học,"['quả bầu', 'Hung-ga-ri (nước Hung-ga-ri)', 'quốc hội', 'cháu trai', 'nhà bác học']","['000306', '003074', '000456', '002103', '003601']"
bàn bạc xăng hành quân khóm dứa ác mộng,"['bàn bạc', 'xăng', 'hành quân', 'khóm dứa', 'ác mộng']","['001333', '001970', '002958', '003153', '001196']"
mâm cơm công sức phi tiêu núi lửa lốc xoáy,"['mâm cơm', 'công sức', 'phi tiêu', 'núi lửa', 'lốc xoáy']","['003383', '002434', '000198', '000077', '000916']"
bỏ phiếu gửi quà đẹp mê hồn Sóc Trăng tập hợp (Toán học),"['bỏ phiếu', 'gửi quà', 'đẹp mê hồn', 'Sóc Trăng', 'tập hợp (Toán học)']","['001683', '002935', '002681', '000710', '000879']"
trứng nước Việt nam theo dõi kim hội thoại,"['trứng', 'nước Việt nam', 'theo dõi', 'kim', 'hội thoại']","['001584', '000081', '001028', '003198', '000650']"
Điện Biên Phủ rau xui xẻo cướp dân tộc Mường,"['Điện Biên Phủ', 'rau', 'xui xẻo', 'cướp', 'dân tộc Mường']","['002704', '000510', '000597', '002507', '000680']"
thích nghi hòn đá hoạt hình trình độ hàng dọc,"['thích nghi', 'hòn đá', 'hoạt hình', 'trình độ', 'hàng dọc']","['002245', '003030', '003028', '001484', '002948']"
trưởng thành thực hành đăng nhập hăng hái hình học,"['trưởng thành', 'thực hành', 'đăng nhập', 'hăng hái', 'hình học']","['001198', '001216', '002639', '002966', '003001']"
xe lu 12 cấp cứu đường sắt kết bạn,"['xe lu', '12', 'cấp cứu', 'đường sắt', 'kết bạn']","['002008', '001154', '001969', '002794', '003103']"
diệt chủng đàng trong giầy ba ta vạch trần liều mình,"['diệt chủng', 'đàng trong', 'giầy ba ta', 'vạch trần', 'liều mình']","['002584', '002623', '002891', '001740', '003272']"
đuôi cá câu thơ kí tên quạt cây cha mẹ,"['đuôi cá', 'câu thơ', 'kí tên', 'quạt cây', 'cha mẹ']","['000170', '001991', '003185', '000412', '002061']"
bớt huân chương đón hăng hái ngăn chặn,"['bớt', 'huân chương', 'đón', 'hăng hái', 'ngăn chặn']","['001793', '003071', '002727', '002966', '003515']"
ngoắc tay cánh tay đăng ký chủ nhiệm nơ,"['ngoắc tay', 'cánh tay', 'đăng ký', 'chủ nhiệm', 'nơ']","['003554', '001921', '002638', '002240', '000073']"
ngăn chặn đường hàng không gánh tờ giấy quả thanh long,"['ngăn chặn', 'đường hàng không', 'gánh', 'tờ giấy', 'quả thanh long']","['003515', '002790', '002824', '001414', '000388']"
Albania (nước Albania) tiếp tục truyền thống tóc dựng đứng sinh đẻ,"['Albania (nước Albania)', 'tiếp tục', 'truyền thống', 'tóc dựng đứng', 'sinh đẻ']","['000028', '001279', '001580', '002050', '000691']"
"xuyên Việt đề phòng bẫy chuột (hành động) hai phân số bằng nhau chị hai, chị cả","['xuyên Việt', 'đề phòng', 'bẫy chuột (hành động)', 'hai phân số bằng nhau', 'chị hai, chị cả']","['000465', '000461', '001561', '000166', '000309']"
tự hào phân vân nhường nhịn xem nhập ngũ,"['tự hào', 'phân vân', 'nhường nhịn', 'xem', 'nhập ngũ']","['000725', '000512', '000020', '000435', '002740']"
khắc phục em trai lục địa chim chóc mít tinh,"['khắc phục', 'em trai', 'lục địa', 'chim chóc', 'mít tinh']","['003121', '002805', '003308', '002204', '000454']"
la bàn Đông Nam Á hình hộp chữ nhật chia phần khen,"['la bàn', 'Đông Nam Á', 'hình hộp chữ nhật', 'chia phần', 'khen']","['003206', '002744', '003002', '002183', '003131']"
chanh đá thâm quầng mắt công sức giơ tay héc-tô-mét (hm),"['chanh đá', 'thâm quầng mắt', 'công sức', 'giơ tay', 'héc-tô-mét (hm)']","['000846', '000723', '002434', '002911', '002975']"
yêu nước Việt Nam bốc vác Ba chân bốn cẳng lo sợ tay chân sạch sẽ,"['yêu nước Việt Nam', 'bốc vác', 'Ba chân bốn cẳng', 'lo sợ', 'tay chân sạch sẽ']","['000523', '001727', '001299', '003278', '000918']"
Võ Thị Sáu bún ốc tính toán thư giãn xe ben,"['Võ Thị Sáu', 'bún ốc', 'tính toán', 'thư giãn', 'xe ben']","['000453', '000197', '001342', '001204', '001990']"
củi thở thề góc vườn hình vuông,"['củi', 'thở', 'thề', 'góc vườn', 'hình vuông']","['002490', '001117', '001036', '002924', '001916']"
thân thiết giải vô địch góc bếp sinh tố đường cao,"['thân thiết', 'giải vô địch', 'góc bếp', 'sinh tố', 'đường cao']","['001002', '002871', '002919', '000707', '002788']"
bánh xe đau bụng xem xét tam giác phơi quần áo,"['bánh xe', 'đau bụng', 'xem xét', 'tam giác', 'phơi quần áo']","['001455', '000777', '002014', '000839', '000278']"
tính toán cổ chân tự giác mồ côi cha mẹ cười vỡ bụng,"['tính toán', 'cổ chân', 'tự giác', 'mồ côi cha mẹ', 'cười vỡ bụng']","['001342', '002409', '000098', '003420', '000058']"
chuyện nhỏ u ầm ĩ cây cọ cướp cờ,"['chuyện nhỏ', 'u', 'ầm ĩ', 'cây cọ', 'cướp cờ']","['000532', '001088', '001280', '000994', '002510']"
vắt cam lời nói râu sữa đặc thở,"['vắt cam', 'lời nói', 'râu', 'sữa đặc', 'thở']","['001784', '003297', '000535', '000785', '001117']"
mở đầu số liền sau con ngựa cuống hoa nhăn mặt,"['mở đầu', 'số liền sau', 'con ngựa', 'cuống hoa', 'nhăn mặt']","['003451', '000733', '002369', '002477', '003622']"
hoạt hình y tế áo cánh xe cảnh sát thím,"['hoạt hình', 'y tế', 'áo cánh', 'xe cảnh sát', 'thím']","['003026', '002076', '001254', '001994', '001083']"
hình chiếu báo thù anh vợ giá trị tuyệt đối thìa,"['hình chiếu', 'báo thù', 'anh vợ', 'giá trị tuyệt đối', 'thìa']","['002998', '001485', '001241', '002868', '001057']"
thu mua doanh trại mọc tóc tập trung ôn tập,"['thu mua', 'doanh trại', 'mọc tóc', 'tập trung', 'ôn tập']","['001131', '002590', '000628', '000885', '000099']"
băng dính giá sách rừng thưa luyện tập quả táo,"['băng dính', 'giá sách', 'rừng thưa', 'luyện tập', 'quả táo']","['001523', '002855', '000601', '003313', '000386']"
ăn vú sữa (bằng thìa) bờ biển bánh cốm chúc tết cù,"['ăn vú sữa (bằng thìa)', 'bờ biển', 'bánh cốm', 'chúc tết', 'cù']","['000398', '001775', '001427', '002258', '002478']"
điêu khắc con ong rửa bát nghĩa đen bụng,"['điêu khắc', 'con ong', 'rửa bát', 'nghĩa đen', 'bụng']","['002706', '002375', '000589', '003540', '001820']"
làm ruộng đặc điểm cột điện ngày nay chú ( người),"['làm ruộng', 'đặc điểm', 'cột điện', 'ngày nay', 'chú ( người)']","['003216', '002636', '002450', '003506', '002111']"
bến phà chuồng quyết tâm rạp chiếu phim thụ phấn (hoa),"['bến phà', 'chuồng', 'quyết tâm', 'rạp chiếu phim', 'thụ phấn (hoa)']","['001609', '002275', '000495', '000509', '001293']"
công nhận quả khế cháu nội buồn thảm tương ứng,"['công nhận', 'quả khế', 'cháu nội', 'buồn thảm', 'tương ứng']","['002433', '000349', '002095', '000135', '001690']"
sản xuất củ cải trắng Đông Timor (nước Đông Timor) khoác vai Do Thái,"['sản xuất', 'củ cải trắng', 'Đông Timor (nước Đông Timor)', 'khoác vai', 'Do Thái']","['000621', '002480', '002758', '003139', '000018']"
xây nhà trêu tức lục địa đề nghị thuận lợi,"['xây nhà', 'trêu tức', 'lục địa', 'đề nghị', 'thuận lợi']","['001986', '001472', '003308', '002683', '001156']"
thờ cúng hình gọt bút chì ngạc nhiên cử động,"['thờ cúng', 'hình', 'gọt bút chì', 'ngạc nhiên', 'cử động']","['001111', '002995', '002928', '003505', '002498']"
Đông Nam Á thùng khoang tàu mới gạo,"['Đông Nam Á', 'thùng', 'khoang tàu', 'mới', 'gạo']","['002744', '001170', '003147', '003458', '002827']"
khô héo h đoạn thơ gà mái quay phim,"['khô héo', 'h', 'đoạn thơ', 'gà mái', 'quay phim']","['003155', '001052', '002724', '002814', '000416']"
vái lạy thống nhất đất nước cổ vũ trúng tuyển đá bóng,"['vái lạy', 'thống nhất đất nước', 'cổ vũ', 'trúng tuyển', 'đá bóng']","['001748', '000667', '002415', '001570', '002604']"
tóm lược giám sát con bướm mùa thu tươi cười,"['tóm lược', 'giám sát', 'con bướm', 'mùa thu', 'tươi cười']","['001376', '000572', '002318', '003466', '001680']"
đau bụng mẫu số chung huỷ diệt la hét nhắm mắt,"['đau bụng', 'mẫu số chung', 'huỷ diệt', 'la hét', 'nhắm mắt']","['000777', '003394', '003079', '003207', '000924']"
lái tàu hỏa thở dài ăn đủ phong kiến hàng triệu,"['lái tàu hỏa', 'thở dài', 'ăn đủ', 'phong kiến', 'hàng triệu']","['003214', '001113', '000937', '000231', '002954']"
nước mắm 5 giẫm tán thành thợ kim hoàn,"['nước mắm', '5', 'giẫm', 'tán thành', 'thợ kim hoàn']","['000966', '001132', '002887', '000845', '001119']"
sáng chói phóng viên chát nón bánh đa,"['sáng chói', 'phóng viên', 'chát', 'nón', 'bánh đa']","['000623', '000988', '002081', '000039', '001431']"
tháng mục đích chấm điểm rửa mặt môn Tin học và Công nghệ,"['tháng', 'mục đích', 'chấm điểm', 'rửa mặt', 'môn Tin học và Công nghệ']","['000952', '001206', '002141', '000870', '003441']"
góc nhọn giao tiếp tiếp tục hành động dịch vụ,"['góc nhọn', 'giao tiếp', 'tiếp tục', 'hành động', 'dịch vụ']","['002921', '002882', '001275', '002956', '002579']"
sinh đẻ mâm cơm lắp ráp đàn xê lô đại vĩ cầm chiếu,"['sinh đẻ', 'mâm cơm', 'lắp ráp', 'đàn xê lô đại vĩ cầm', 'chiếu']","['000692', '003383', '003234', '002616', '002196']"
đoạn văn chất dẻo 12 ung dung 11,"['đoạn văn', 'chất dẻo', '12', 'ung dung', '11']","['002725', '002145', '001154', '001702', '001150']"
trao tặng phần trăm vững chắc chia ba chia,"['trao tặng', 'phần trăm', 'vững chắc', 'chia ba', 'chia']","['001446', '000175', '001922', '000566', '002179']"
danh mục vườn thú cố ý (như cố tình) thiên thần truyền thông,"['danh mục', 'vườn thú', 'cố ý (như cố tình)', 'thiên thần', 'truyền thông']","['002523', '001924', '002422', '001071', '001578']"
thiếu thốn thích nghi Dinh Độc Lập tuần trăng mật Hồ Chí Minh,"['thiếu thốn', 'thích nghi', 'Dinh Độc Lập', 'tuần trăng mật', 'Hồ Chí Minh']","['000459', '002245', '002587', '000761', '003049']"
chiếu phim máy ảnh nghe anh chị em Long An,"['chiếu phim', 'máy ảnh', 'nghe', 'anh chị em', 'Long An']","['002199', '003362', '003522', '001215', '003285']"
hàng triệu châm chọc thuyền chài khoe kinh ngạc,"['hàng triệu', 'châm chọc', 'thuyền chài', 'khoe', 'kinh ngạc']","['002954', '002139', '001193', '003150', '003199']"
chất lượng lắp ráp lưỡi câu số lẻ phản động,"['chất lượng', 'lắp ráp', 'lưỡi câu', 'số lẻ', 'phản động']","['002151', '003234', '003321', '000730', '000149']"
duyệt binh Đông Timor (nước Đông Timor) hút nước cộng (Toán học) trốn tìm,"['duyệt binh', 'Đông Timor (nước Đông Timor)', 'hút nước', 'cộng (Toán học)', 'trốn tìm']","['002599', '002758', '003076', '002448', '000643']"
ủy ban giao thừa nhảy lò cò vạch trần bàn phím (máy vi tính),"['ủy ban', 'giao thừa', 'nhảy lò cò', 'vạch trần', 'bàn phím (máy vi tính)']","['001720', '002879', '000646', '001740', '001343']"
về 4 (từ nơi khác về) số lẻ cụ già trang điểm hợp đồng,"['về 4 (từ nơi khác về)', 'số lẻ', 'cụ già', 'trang điểm', 'hợp đồng']","['000364', '000730', '002487', '000947', '003068']"
máy xúc z máy bơm cạnh đáy hướng dẫn,"['máy xúc', 'z', 'máy bơm', 'cạnh đáy', 'hướng dẫn']","['000698', '001095', '003363', '001927', '003084']"
củ sả mĩ thuật chim đại bàng dự trữ hăng hái,"['củ sả', 'mĩ thuật', 'chim đại bàng', 'dự trữ', 'hăng hái']","['002484', '003405', '002205', '003327', '002966']"
tung tăng tràn ngập (nước) nghỉ hè trốn chạy dân tộc,"['tung tăng', 'tràn ngập (nước)', 'nghỉ hè', 'trốn chạy', 'dân tộc']","['001632', '001436', '003535', '001510', '002539']"
hạn hán số lẻ băng dính xẻng cây ngô,"['hạn hán', 'số lẻ', 'băng dính', 'xẻng', 'cây ngô']","['002944', '000730', '001523', '002018', '002035']"
về 3 (đi về) thuận lợi tập trung phó hiệu trưởng chủ ngữ,"['về 3 (đi về)', 'thuận lợi', 'tập trung', 'phó hiệu trưởng', 'chủ ngữ']","['000362', '001156', '000885', '000486', '002239']"
lo sợ đợi vận chuyển cái neo năng khiếu,"['lo sợ', 'đợi', 'vận chuyển', 'cái neo', 'năng khiếu']","['003278', '002772', '001792', '000986', '003488']"
chim phượng hoàng đầu xuôi đuôi lọt quả bưởi bất hiếu nước mắm,"['chim phượng hoàng', 'đầu xuôi đuôi lọt', 'quả bưởi', 'bất hiếu', 'nước mắm']","['002207', '002651', '000310', '001555', '000966']"
đại số hỏi thăm 3 chấm điểm tiêu hoá,"['đại số', 'hỏi thăm', '3', 'chấm điểm', 'tiêu hoá']","['002611', '003041', '001128', '002141', '001291']"
10 giếng nước chiều dài Albania (nước Albania) môi,"['10', 'giếng nước', 'chiều dài', 'Albania (nước Albania)', 'môi']","['001146', '002906', '002193', '000028', '003423']"
chất đốt đường kính môn Địa lý mũi tên văn bản,"['chất đốt', 'đường kính', 'môn Địa lý', 'mũi tên', 'văn bản']","['002146', '002792', '002130', '000498', '001764']"
xe lu giận dữ chia rẽ chia ba hài hước,"['xe lu', 'giận dữ', 'chia rẽ', 'chia ba', 'hài hước']","['002008', '002889', '000728', '000564', '002943']"
ăn bám hoa sen hợp đồng bốc hơi thần kì,"['ăn bám', 'hoa sen', 'hợp đồng', 'bốc hơi', 'thần kì']","['000735', '003014', '003068', '001741', '001310']"
quả hồng xiêm cúc áo dầu gội đầu rắc rối sa mạc,"['quả hồng xiêm', 'cúc áo', 'dầu gội đầu', 'rắc rối', 'sa mạc']","['000347', '002475', '002548', '000588', '000433']"
cối xay lúa năm tới bài báo nhăn mặt con đường,"['cối xay lúa', 'năm tới', 'bài báo', 'nhăn mặt', 'con đường']","['002426', '000762', '001309', '003622', '002343']"
bờ ruộng bò tót chợ Bến Thành măng hòn đá,"['bờ ruộng', 'bò tót', 'chợ Bến Thành', 'măng', 'hòn đá']","['001779', '001679', '002226', '003374', '003030']"
phù hợp cái gương nhõng nhẽo chăm học tóm cổ,"['phù hợp', 'cái gương', 'nhõng nhẽo', 'chăm học', 'tóm cổ']","['000280', '001908', '000592', '002113', '001374']"
ý chí cất giấu nhường nhịn dân tộc Khơ me quan tâm,"['ý chí', 'cất giấu', 'nhường nhịn', 'dân tộc Khơ me', 'quan tâm']","['002078', '001973', '000020', '000682', '000399']"
v đề-xi-mét vuông (dm2) đều đặn thăm hỏi ghé thăm,"['v', 'đề-xi-mét vuông (dm2)', 'đều đặn', 'thăm hỏi', 'ghé thăm']","['001092', '002688', '002692', '000983', '002845']"
chuyển đổi số đo dừng lại hỏi thăm ma bánh pía,"['chuyển đổi số đo', 'dừng lại', 'hỏi thăm', 'ma', 'bánh pía']","['002284', '000415', '003041', '003331', '001451']"
nhà tù ngũ quả gửi quà cơm hộp Anh (nước Anh),"['nhà tù', 'ngũ quả', 'gửi quà', 'cơm hộp', 'Anh (nước Anh)']","['003609', '003572', '002935', '002463', '001211']"
bò sát cao tầng l sân vận động mét khối (m3),"['bò sát', 'cao tầng', 'l', 'sân vận động', 'mét khối (m3)']","['001677', '001947', '001060', '000673', '003398']"
kiếm (cái kiếm) tôn thờ môn Sinh học duyệt binh hướng dẫn,"['kiếm (cái kiếm)', 'tôn thờ', 'môn Sinh học', 'duyệt binh', 'hướng dẫn']","['003191', '001384', '003439', '002599', '003084']"
cuộn giấy vệ sinh chặt chẽ vết thương chống đối dễ chịu,"['cuộn giấy vệ sinh', 'chặt chẽ', 'vết thương', 'chống đối', 'dễ chịu']","['002495', '002138', '001815', '002225', '002570']"
lang thang cao quý dốt buổi tối cuống lá,"['lang thang', 'cao quý', 'dốt', 'buổi tối', 'cuống lá']","['003218', '001945', '002596', '001840', '002496']"
tài giỏi vĩ đại đỡ bụi tre điều tra,"['tài giỏi', 'vĩ đại', 'đỡ', 'bụi tre', 'điều tra']","['000823', '001821', '002777', '003154', '002715']"
rửa mặt 11 gà mái thiên thần khâu vá,"['rửa mặt', '11', 'gà mái', 'thiên thần', 'khâu vá']","['000870', '001152', '002814', '001071', '003126']"
tóc dài vàng (kim loại) kiếm (cái kiếm) kết quả đất ruộng,"['tóc dài', 'vàng (kim loại)', 'kiếm (cái kiếm)', 'kết quả', 'đất ruộng']","['000908', '001754', '003191', '003106', '000258']"
dân chài liên tục con trăn cái bè xe máy,"['dân chài', 'liên tục', 'con trăn', 'cái bè', 'xe máy']","['002535', '003267', '002394', '001902', '001992']"
chỉ huy con lươn đọc sách thâm quầng mắt tĩnh lặng,"['chỉ huy', 'con lươn', 'đọc sách', 'thâm quầng mắt', 'tĩnh lặng']","['002170', '002358', '002726', '000723', '001326']"
luyện tập cảng Sài Gòn xoá bỏ quả hồng mứt,"['luyện tập', 'cảng Sài Gòn', 'xoá bỏ', 'quả hồng', 'mứt']","['003313', '000702', '002036', '000345', '003476']"
bánh gối khéo tiện nghi gấp giấy quả bưởi,"['bánh gối', 'khéo', 'tiện nghi', 'gấp giấy', 'quả bưởi']","['001441', '003133', '001265', '002840', '000310']"
đường chỉ tay truyền thống bồi thường họ (2 người) (đại từ) nghẹn ngào,"['đường chỉ tay', 'truyền thống', 'bồi thường', 'họ (2 người) (đại từ)', 'nghẹn ngào']","['002172', '001580', '001747', '000285', '003526']"
vào lớp nghiêm khắc ngân hàng ngô cột nhà,"['vào lớp', 'nghiêm khắc', 'ngân hàng', 'ngô', 'cột nhà']","['001760', '003547', '003521', '003565', '002453']"
cõng Đông Nam Á cứu sống chùa Hương một tiếng,"['cõng', 'Đông Nam Á', 'cứu sống', 'chùa Hương', 'một tiếng']","['002401', '002744', '000696', '002250', '000866']"
kính lão giao hoán đau mắt bít tất lều trại,"['kính lão', 'giao hoán', 'đau mắt', 'bít tất', 'lều trại']","['003202', '002877', '000775', '001673', '003255']"
lẩu rơm rớm 40 danh từ quả chôm chôm,"['lẩu', 'rơm rớm', '40', 'danh từ', 'quả chôm chôm']","['000804', '002766', '001161', '002526', '000318']"
bạn ấy yêu tôi mũ Lâm Đồng Hoãn dốt,"['bạn ấy yêu tôi', 'mũ', 'Lâm Đồng', 'Hoãn', 'dốt']","['000293', '003471', '003235', '000764', '002596']"
nhân dân lợi ích sữa cầu tre cực khổ,"['nhân dân', 'lợi ích', 'sữa', 'cầu tre', 'cực khổ']","['003626', '003298', '000799', '002007', '000219']"
môn Tiếng Việt r bài báo buôn làng danh từ riêng,"['môn Tiếng Việt', 'r', 'bài báo', 'buôn làng', 'danh từ riêng']","['003440', '001078', '001309', '001851', '002527']"
xăng-ti-mét (cm) sáng tạo rằm trung thu chia tay đóng dấu,"['xăng-ti-mét (cm)', 'sáng tạo', 'rằm trung thu', 'chia tay', 'đóng dấu']","['001972', '000627', '000526', '002185', '002730']"
thông minh Văn miếu Quốc Tử Giám đánh trống tiêu diệt sờ,"['thông minh', 'Văn miếu Quốc Tử Giám', 'đánh trống', 'tiêu diệt', 'sờ']","['001097', '001766', '002629', '001289', '000926']"
giỗ lễ bế giảng bún ngan q rìu,"['giỗ', 'lễ bế giảng', 'bún ngan', 'q', 'rìu']","['000104', '003242', '000195', '001076', '000553']"
cao tốc Hồ Chí Minh hình dáng băng giá người lái xe (ô tô),"['cao tốc', 'Hồ Chí Minh', 'hình dáng', 'băng giá', 'người lái xe (ô tô)']","['001951', '003049', '002999', '001525', '003585']"
mềm mại không muốn chất thải xếp hàng nằm,"['mềm mại', 'không muốn', 'chất thải', 'xếp hàng', 'nằm']","['003402', '000426', '002153', '002022', '003486']"
hộp sữa bệnh tật phà đôi dép cờ ca rô,"['hộp sữa', 'bệnh tật', 'phà', 'đôi dép', 'cờ ca rô']","['003065', '001623', '000136', '002734', '002465']"
bánh giò hành động họa sỹ quần âu chủ đề,"['bánh giò', 'hành động', 'họa sỹ', 'quần âu', 'chủ đề']","['001439', '002956', '003018', '000429', '002236']"
Kon Tum ngô ý nghĩa trưởng thành xảy ra,"['Kon Tum', 'ngô', 'ý nghĩa', 'trưởng thành', 'xảy ra']","['003205', '003565', '002080', '001198', '000579']"
con nhím lớp đường Nguyễn Huệ thuận lợi đĩa,"['con nhím', 'lớp', 'đường Nguyễn Huệ', 'thuận lợi', 'đĩa']","['002371', '003299', '002793', '001156', '002695']"
bún ngan kẹo bơi lội nến 5,"['bún ngan', 'kẹo', 'bơi lội', 'nến', '5']","['000195', '003100', '001783', '003496', '001132']"
nhảy lò cò gậy của người già san hô quang hợp phê bình,"['nhảy lò cò', 'gậy của người già', 'san hô', 'quang hợp', 'phê bình']","['000646', '002844', '000617', '000403', '000196']"
bít tết (bò) bồi bàn thuộc địa Thái Nguyên cao (vật),"['bít tết (bò)', 'bồi bàn', 'thuộc địa', 'Thái Nguyên', 'cao (vật)']","['000173', '001745', '000771', '000929', '001933']"
ăn vụng ít hơn xảy ra cây khế hình bình hành,"['ăn vụng', 'ít hơn', 'xảy ra', 'cây khế', 'hình bình hành']","['000577', '003090', '000579', '002031', '002996']"
tiếc lùi bước bím tóc đuôi sam xoa đầu vui chơi,"['tiếc', 'lùi bước', 'bím tóc đuôi sam', 'xoa đầu', 'vui chơi']","['001255', '003310', '001653', '000232', '001895']"
Võ Thị Sáu đại dương môn Ngoại ngữ nghe rau mùng tơi,"['Võ Thị Sáu', 'đại dương', 'môn Ngoại ngữ', 'nghe', 'rau mùng tơi']","['000453', '002610', '003438', '003522', '000521']"
khung thành phim truyện không khí tay chân sạch sẽ chiếu phim,"['khung thành', 'phim truyện', 'không khí', 'tay chân sạch sẽ', 'chiếu phim']","['003172', '000222', '003166', '000920', '002199']"
tia chớp tên riêng đòi màu đỏ rèn sắt,"['tia chớp', 'tên riêng', 'đòi', 'màu đỏ', 'rèn sắt']","['001242', '000895', '000977', '003347', '000539']"
tìm hiểu dầu khí quan sát ổn định khách sạn,"['tìm hiểu', 'dầu khí', 'quan sát', 'ổn định', 'khách sạn']","['001304', '002550', '000574', '000101', '003113']"
đối xử xung đột thân cây 12 Ê Đê,"['đối xử', 'xung đột', 'thân cây', '12', 'Ê Đê']","['002752', '002062', '000999', '001154', '002808']"
sấm chớp diều vẫy vùng (cá) lên ngôi chân đất,"['sấm chớp', 'diều', 'vẫy vùng (cá)', 'lên ngôi', 'chân đất']","['000653', '002586', '001807', '003253', '002143']"
chuyển đồ màu đen bé hơn cày nổ mìn,"['chuyển đồ', 'màu đen', 'bé hơn', 'cày', 'nổ mìn']","['002283', '003346', '001575', '001957', '000045']"
đại tướng ê khoanh tay Bà Nà đường thuỷ,"['đại tướng', 'ê', 'khoanh tay', 'Bà Nà', 'đường thuỷ']","['002613', '001041', '003148', '001301', '002796']"
rau đằng trước Ba chân bốn cẳng Tết Âm bắc bán cầu,"['rau', 'đằng trước', 'Ba chân bốn cẳng', 'Tết Âm', 'bắc bán cầu']","['000510', '002641', '001299', '000897', '001497']"
giống nhau tự tin cứu giầy dép chặn,"['giống nhau', 'tự tin', 'cứu', 'giầy dép', 'chặn']","['002910', '001670', '002512', '002892', '002134']"
áo cát mái tóc bún chả kém,"['áo', 'cát', 'mái tóc', 'bún chả', 'kém']","['001250', '001953', '003339', '000193', '003098']"
miêu tả bể cá cao (vật) người lái xe (ô tô) túm tóc,"['miêu tả', 'bể cá', 'cao (vật)', 'người lái xe (ô tô)', 'túm tóc']","['003408', '001591', '001933', '003586', '001630']"
chất thải cây cối xăng-ti-mét-khối (cm3) bún mắm cướp giật,"['chất thải', 'cây cối', 'xăng-ti-mét-khối (cm3)', 'bún mắm', 'cướp giật']","['002153', '002025', '001974', '000191', '002511']"
đau chân bàn chân vẫy tay ngâm hạt hắt hơi,"['đau chân', 'bàn chân', 'vẫy tay', 'ngâm hạt', 'hắt hơi']","['000781', '001337', '001805', '003520', '002968']"
gốm sứ chín bánh mì chùa giống nhau,"['gốm sứ', 'chín', 'bánh mì', 'chùa', 'giống nhau']","['002932', '002210', '001445', '002249', '002910']"
ngộ độc Sóc Trăng rìu đánh bắt Hà Giang,"['ngộ độc', 'Sóc Trăng', 'rìu', 'đánh bắt', 'Hà Giang']","['003566', '000710', '000553', '002626', '002940']"
Ninh Bình thì thầm san sẻ danh lam thắng cảnh la hét,"['Ninh Bình', 'thì thầm', 'san sẻ', 'danh lam thắng cảnh', 'la hét']","['000024', '000419', '000619', '002522', '003207']"
lùi bước môn Mĩ thuật in (ấn) rừng rậm cảng Hải Phòng,"['lùi bước', 'môn Mĩ thuật', 'in (ấn)', 'rừng rậm', 'cảng Hải Phòng']","['003310', '003437', '003088', '000599', '000700']"
mũ hành lang hàng dọc chùm nho trường hợp,"['mũ', 'hành lang', 'hàng dọc', 'chùm nho', 'trường hợp']","['003471', '002957', '002948', '002269', '001598']"
vá quần áo trông nom ăn bám bốc vác gói,"['vá quần áo', 'trông nom', 'ăn bám', 'bốc vác', 'gói']","['002122', '001520', '000735', '001727', '002926']"
bánh xe đoàn tụ thi cử gửi thư ăn xin,"['bánh xe', 'đoàn tụ', 'thi cử', 'gửi thư', 'ăn xin']","['001455', '002721', '001049', '002936', '001276']"
sân chơi bó hoa không ngon xà phòng giặt rưỡi,"['sân chơi', 'bó hoa', 'không ngon', 'xà phòng giặt', 'rưỡi']","['000657', '001691', '000442', '001938', '000609']"
giai đoạn vắng cạnh tranh học bổng hành quân,"['giai đoạn', 'vắng', 'cạnh tranh', 'học bổng', 'hành quân']","['002856', '001776', '000982', '003032', '002959']"
bột giặt đèn điện ngán dân số quả na,"['bột giặt', 'đèn điện', 'ngán', 'dân số', 'quả na']","['001763', '002665', '000816', '002537', '000361']"
trong khoảng dốt ông ngoại con gấu hình,"['trong khoảng', 'dốt', 'ông ngoại', 'con gấu', 'hình']","['000641', '002596', '000106', '002346', '002995']"
thiên nhiên gánh xảy ra cuốn hãng tàu thuyền,"['thiên nhiên', 'gánh', 'xảy ra', 'cuốn', 'hãng tàu thuyền']","['001068', '002824', '000579', '002494', '001453']"
em rể Bến Tre phản động nhà bác học phích nước,"['em rể', 'Bến Tre', 'phản động', 'nhà bác học', 'phích nước']","['002803', '001613', '000149', '003601', '000200']"
cống bớt đi rơm rớm chín đoán,"['cống', 'bớt đi', 'rơm rớm', 'chín', 'đoán']","['002445', '001795', '002766', '002210', '002722']"
đặc điểm tổ trưởng tính quà chuyển đổi số đo,"['đặc điểm', 'tổ trưởng', 'tính', 'quà', 'chuyển đổi số đo']","['002636', '001388', '002776', '000417', '002284']"
cắm trại bướng bỉnh đan Quốc Tử Giám chọi trâu,"['cắm trại', 'bướng bỉnh', 'đan', 'Quốc Tử Giám', 'chọi trâu']","['000209', '001886', '002615', '000467', '002221']"
buôn làng cửa kính quốc gia cây khế lẩu,"['buôn làng', 'cửa kính', 'quốc gia', 'cây khế', 'lẩu']","['001851', '002502', '000455', '002031', '000804']"
sách thần chết vải lụa nghi ngờ con nuôi,"['sách', 'thần chết', 'vải lụa', 'nghi ngờ', 'con nuôi']","['000611', '001007', '000713', '003532', '002374']"
ngạc nhiên xe cảnh sát kỉ niệm bắt nạt bình sữa (em bé),"['ngạc nhiên', 'xe cảnh sát', 'kỉ niệm', 'bắt nạt', 'bình sữa (em bé)']","['003505', '001994', '003183', '001545', '000974']"
không hiểu cây bàng rõ ràng xếp hiếu thảo,"['không hiểu', 'cây bàng', 'rõ ràng', 'xếp', 'hiếu thảo']","['003164', '002017', '000555', '002020', '002994']"
hiện nay bồn hoa phân tích nghệ sĩ màu nhiệm,"['hiện nay', 'bồn hoa', 'phân tích', 'nghệ sĩ', 'màu nhiệm']","['002990', '001749', '000171', '003527', '003351']"
hoàn thành rau diếp cá tuổi thơ ấu bắt nạt phẫu thuật cổ,"['hoàn thành', 'rau diếp cá', 'tuổi thơ ấu', 'bắt nạt', 'phẫu thuật cổ']","['003019', '000718', '001109', '001545', '000792']"
răng Thái Nguyên phép mầu bên trái gai,"['răng', 'Thái Nguyên', 'phép mầu', 'bên trái', 'gai']","['000531', '000929', '000192', '001603', '002818']"
ăn đủ hung thủ vuốt tóc bọt biển chim chóc,"['ăn đủ', 'hung thủ', 'vuốt tóc', 'bọt biển', 'chim chóc']","['000937', '003073', '001918', '001711', '002204']"
vái tứ phương thu mua cấy lúa bát ngát bắt tay,"['vái tứ phương', 'thu mua', 'cấy lúa', 'bát ngát', 'bắt tay']","['001750', '001131', '002057', '001491', '001547']"
Socola ngày tháng hành lang con gái em gái,"['Socola', 'ngày tháng', 'hành lang', 'con gái', 'em gái']","['000858', '003502', '002957', '002345', '002802']"
môn Sinh học vạm vỡ gieo xúc xắc tụ tập không nghe lời,"['môn Sinh học', 'vạm vỡ', 'gieo xúc xắc', 'tụ tập', 'không nghe lời']","['003439', '001752', '002905', '001622', '000078']"
chậm chạp đường sắt rút gọn phân số ngân hàng miền Bắc Việt Nam,"['chậm chạp', 'đường sắt', 'rút gọn phân số', 'ngân hàng', 'miền Bắc Việt Nam']","['000411', '002794', '000587', '003521', '003406']"
đăng nhập danh mục vận chuyển tiêu hoá bánh xe,"['đăng nhập', 'danh mục', 'vận chuyển', 'tiêu hoá', 'bánh xe']","['002639', '002523', '001792', '001291', '001455']"
triệu phú â chim chuyền cành con sóc bánh đúc,"['triệu phú', 'â', 'chim chuyền cành', 'con sóc', 'bánh đúc']","['001305', '001029', '002282', '002382', '001433']"
"dấu nhân giàu có liên tục sinh tố (bơ, dâu, e","['dấu nhân', 'giàu có', 'liên tục', 'sinh tố (bơ, dâu,', 'e']","['002557', '002885', '003267', '000840', '001038']"
ga tàu tập thể dục xuyên Việt đĩa sổ điểm danh,"['ga tàu', 'tập thể dục', 'xuyên Việt', 'đĩa', 'sổ điểm danh']","['002812', '000883', '000465', '002695', '000719']"
người bán hàng Đông Timor (nước Đông Timor) con cừu lĩnh hội email,"['người bán hàng', 'Đông Timor (nước Đông Timor)', 'con cừu', 'lĩnh hội', 'email']","['003583', '002758', '002337', '003274', '002807']"
tiêu diệt tiếp tân quả điều ăn vú sữa (bằng thìa) Võ Nguyên Giáp,"['tiêu diệt', 'tiếp tân', 'quả điều', 'ăn vú sữa (bằng thìa)', 'Võ Nguyên Giáp']","['001289', '000009', '002707', '000398', '001843']"
cổ chân tia nắng quạt trần gan va li,"['cổ chân', 'tia nắng', 'quạt trần', 'gan', 'va li']","['002409', '001244', '001458', '002820', '001736']"
cây trồng phong kiến thung lũng chỉ dẫn rong chơi,"['cây trồng', 'phong kiến', 'thung lũng', 'chỉ dẫn', 'rong chơi']","['002051', '000231', '001000', '002169', '000568']"
nhổ râu ngước nhìn bảng đen thím nghỉ ngơi,"['nhổ râu', 'ngước nhìn', 'bảng đen', 'thím', 'nghỉ ngơi']","['000614', '003580', '001403', '001083', '003539']"
đầu tiên hình trụ tính chính tả Hà Lan (nước Hà Lan),"['đầu tiên', 'hình trụ', 'tính', 'chính tả', 'Hà Lan (nước Hà Lan)']","['002650', '003006', '002776', '002214', '002941']"
Thánh Gióng lưu ý quê hót hoàng hôn,"['Thánh Gióng', 'lưu ý', 'quê', 'hót', 'hoàng hôn']","['001006', '003328', '000445', '003047', '003022']"
tranh luận chuông đáng quý quả bầu hồ lô lung tung,"['tranh luận', 'chuông', 'đáng quý', 'quả bầu hồ lô', 'lung tung']","['001440', '002273', '002624', '000312', '000052']"
môi trường vũ trụ củ cà rốt ca thiên nhiên,"['môi trường', 'vũ trụ', 'củ cà rốt', 'ca', 'thiên nhiên']","['003424', '001889', '002479', '001892', '001068']"
hoảng sợ liền trước xà phòng giặt đăng nhập nẻ,"['hoảng sợ', 'liền trước', 'xà phòng giặt', 'đăng nhập', 'nẻ']","['003024', '003269', '001938', '002639', '003491']"
đầy đủ sinh hoạt phương Tây con chồn tháo gỡ,"['đầy đủ', 'sinh hoạt', 'phương Tây', 'con chồn', 'tháo gỡ']","['002655', '000697', '000023', '002326', '000978']"
nhường nhịn ngày tháng hòn bi (giống viên bi) đảo Hoàng Sa trường PTCS (cấp 2),"['nhường nhịn', 'ngày tháng', 'hòn bi (giống viên bi)', 'đảo Hoàng Sa', 'trường PTCS (cấp 2)']","['000020', '003503', '003042', '000843', '001610']"
thân hình chum yên bình đau tay con vượn,"['thân hình', 'chum', 'yên bình', 'đau tay', 'con vượn']","['001001', '002266', '002094', '000779', '000954']"
vô lí Hà Lan (nước Hà Lan) buồn thảm tính chất kết hợp chăn nuôi,"['vô lí', 'Hà Lan (nước Hà Lan)', 'buồn thảm', 'tính chất kết hợp', 'chăn nuôi']","['001864', '002941', '000135', '001338', '002129']"
Cu ba (nước Cu ba) mít tinh tuần này phản động ngon miệng,"['Cu ba (nước Cu ba)', 'mít tinh', 'tuần này', 'phản động', 'ngon miệng']","['002470', '000454', '000874', '000149', '003557']"
năng lực mất ngủ tự lập dự trữ mây,"['năng lực', 'mất ngủ', 'tự lập', 'dự trữ', 'mây']","['003489', '003386', '001662', '003327', '003396']"
sợi len cắm trại vòng nguyệt quế thích nghi cấy,"['sợi len', 'cắm trại', 'vòng nguyệt quế', 'thích nghi', 'cấy']","['000755', '000209', '000493', '002245', '002055']"
khoan sóng biển chơi mạch lạc cố ý (như cố tình),"['khoan', 'sóng biển', 'chơi', 'mạch lạc', 'cố ý (như cố tình)']","['003146', '000712', '002233', '003334', '002422']"
khẩu trang hạn hán khéo học nhóm góp tiền,"['khẩu trang', 'hạn hán', 'khéo', 'học nhóm', 'góp tiền']","['003128', '002944', '003133', '003034', '000958']"
bánh mì Đu Bai (nước Đu Bai) khô héo đổ nước mồ côi,"['bánh mì', 'Đu Bai (nước Đu Bai)', 'khô héo', 'đổ nước', 'mồ côi']","['001445', '000027', '003155', '002749', '003419']"
Hung-ga-ri (nước Hung-ga-ri) ăn xin ngạc nhiên Tết hàn thực p,"['Hung-ga-ri (nước Hung-ga-ri)', 'ăn xin', 'ngạc nhiên', 'Tết hàn thực', 'p']","['003074', '001276', '003505', '000102', '001072']"
đường cao cạnh đối diện tự giác bùng binh răng cưa,"['đường cao', 'cạnh đối diện', 'tự giác', 'bùng binh', 'răng cưa']","['002788', '001929', '000098', '001230', '000533']"
rộng rãi lưu ý sâu chu vi chặn,"['rộng rãi', 'lưu ý', 'sâu', 'chu vi', 'chặn']","['000575', '003328', '000675', '002235', '002134']"
tai phòng chống đấu vật nhược điểm ý chí,"['tai', 'phòng chống', 'đấu vật', 'nhược điểm', 'ý chí']","['000818', '000242', '002653', '000019', '002078']"
cử động đoán Âu Cơ tấm lòng chia ba,"['cử động', 'đoán', 'Âu Cơ', 'tấm lòng', 'chia ba']","['002498', '002722', '001298', '002700', '000566']"
tổng hợp anh chị em khoan (cái khoan) vẫy tay định vị,"['tổng hợp', 'anh chị em', 'khoan (cái khoan)', 'vẫy tay', 'định vị']","['001394', '001215', '003140', '001805', '002717']"
phun nước giúp đỡ tranh luận chất thải lặn,"['phun nước', 'giúp đỡ', 'tranh luận', 'chất thải', 'lặn']","['000291', '002914', '001440', '002153', '003232']"
máy khâu da trắng khách nơ Ê Đê,"['máy khâu', 'da trắng', 'khách', 'nơ', 'Ê Đê']","['003368', '000750', '003111', '000073', '002808']"
không có bằng phẳng công việc bánh đúc mất trí,"['không có', 'bằng phẳng', 'công việc', 'bánh đúc', 'mất trí']","['000249', '001527', '002442', '001433', '003387']"
từ trái nghĩa năm ngoái rằm trung thu góc bẹt đá bóng,"['từ trái nghĩa', 'năm ngoái', 'rằm trung thu', 'góc bẹt', 'đá bóng']","['001656', '003485', '000526', '002918', '002604']"
nổi dậy xây nhà hót rác (cái hót rác) dẫn chứng dê con,"['nổi dậy', 'xây nhà', 'hót rác (cái hót rác)', 'dẫn chứng', 'dê con']","['000055', '001986', '003048', '002545', '002568']"
mía ngắt hoa quạt cây quê Vĩnh Phúc,"['mía', 'ngắt hoa', 'quạt cây', 'quê', 'Vĩnh Phúc']","['000844', '003519', '000412', '000445', '001837']"
tù giam vỏ diện tích ngăn chặn quàng khăn,"['tù giam', 'vỏ', 'diện tích', 'ngăn chặn', 'quàng khăn']","['001620', '001850', '002581', '003515', '000406']"
quả hồng xiêm mắc áo hành động bồ kết mở đầu,"['quả hồng xiêm', 'mắc áo', 'hành động', 'bồ kết', 'mở đầu']","['000347', '003369', '002956', '001715', '003451']"
biểu thị cầu giao đều đặn dệt như hình với bóng,"['biểu thị', 'cầu giao', 'đều đặn', 'dệt', 'như hình với bóng']","['001649', '001999', '002692', '002572', '000017']"
cốc Y-Éc-Xanh con ghẹ chia tia chớp,"['cốc', 'Y-Éc-Xanh', 'con ghẹ', 'chia', 'tia chớp']","['002423', '002074', '002347', '002179', '001242']"
tiếp tục Đu Bai (nước Đu Bai) tiêu diệt gang tay ao chuôm,"['tiếp tục', 'Đu Bai (nước Đu Bai)', 'tiêu diệt', 'gang tay', 'ao chuôm']","['001275', '000027', '001289', '002823', '001245']"
"chim gõ kiến sáng kiêu (kiêu căng, kiêu xa) hi vọng xịt côn trùng","['chim gõ kiến', 'sáng', 'kiêu (kiêu căng, kiêu xa)', 'hi vọng', 'xịt côn trùng']","['002206', '001243', '003197', '002988', '002585']"
sừng vạch xuất phát trí thức để (đặt) bãi tắm,"['sừng', 'vạch xuất phát', 'trí thức', 'để (đặt)', 'bãi tắm']","['000803', '001742', '001476', '002682', '001327']"
mềm mại âm thanh hút thuốc lá lễ vật bút,"['mềm mại', 'âm thanh', 'hút thuốc lá', 'lễ vật', 'bút']","['003402', '001278', '003077', '003251', '001865']"
"hàng dọc anh hai, anh cả cởi áo chủ động thắng lợi","['hàng dọc', 'anh hai, anh cả', 'cởi áo', 'chủ động', 'thắng lợi']","['002948', '000301', '002462', '002237', '000993']"
không gian phương hướng nấm mênh mông bánh hamburger,"['không gian', 'phương hướng', 'nấm', 'mênh mông', 'bánh hamburger']","['003159', '000296', '003490', '003403', '000830']"
thực sự chỉnh sửa hoa hậu mộc nhĩ số chẵn,"['thực sự', 'chỉnh sửa', 'hoa hậu', 'mộc nhĩ', 'số chẵn']","['001222', '002209', '000984', '003422', '000724']"
cổ chân khâm phục tre chuyển hướng sao,"['cổ chân', 'khâm phục', 'tre', 'chuyển hướng', 'sao']","['002409', '003125', '001464', '002289', '000631']"
đại tướng linh hồn phố lưỡi câu chỉ,"['đại tướng', 'linh hồn', 'phố', 'lưỡi câu', 'chỉ']","['002613', '003273', '000264', '003321', '002168']"
xếp hàng ngang cướp chống đối kính lão súp lơ,"['xếp hàng ngang', 'cướp', 'chống đối', 'kính lão', 'súp lơ']","['002026', '002506', '002225', '003202', '000176']"
địa điểm từ trái nghĩa ria mép hàng xóm co giật,"['địa điểm', 'từ trái nghĩa', 'ria mép', 'hàng xóm', 'co giật']","['002699', '001654', '000638', '002955', '002306']"
giáo sĩ thẳng tắp liên quan đầu tư lau chùi,"['giáo sĩ', 'thẳng tắp', 'liên quan', 'đầu tư', 'lau chùi']","['002884', '000991', '003266', '000583', '003229']"
trăng Châu Đại Dương dầu ăn tâm thần khổ thơ,"['trăng', 'Châu Đại Dương', 'dầu ăn', 'tâm thần', 'khổ thơ']","['001448', '002156', '002547', '000869', '003156']"
lầu (tầng) minh hoạ nhạy cảm nỏ chiêng,"['lầu (tầng)', 'minh hoạ', 'nhạy cảm', 'nỏ', 'chiêng']","['003237', '003409', '003620', '000029', '002191']"
bạn xe container Socola nhận xét chuyển vế,"['bạn', 'xe container', 'Socola', 'nhận xét', 'chuyển vế']","['001371', '000408', '000858', '003634', '002290']"
Ê Đê kính trọng tranh luận quả dừa xiêm giống nhau,"['Ê Đê', 'kính trọng', 'tranh luận', 'quả dừa xiêm', 'giống nhau']","['002808', '003204', '001440', '000338', '002910']"
khuyên tai thuyết trình phòng bệnh vạch xuất phát bưu tá,"['khuyên tai', 'thuyết trình', 'phòng bệnh', 'vạch xuất phát', 'bưu tá']","['003175', '001202', '000239', '001742', '001890']"
cột đèn co giật giao hoán màu nhiệm đường thẳng,"['cột đèn', 'co giật', 'giao hoán', 'màu nhiệm', 'đường thẳng']","['002449', '002306', '002877', '003351', '002795']"
học bổng chùa nỏ bệnh thủy đậu em rể,"['học bổng', 'chùa', 'nỏ', 'bệnh thủy đậu', 'em rể']","['003032', '002249', '000029', '001619', '002804']"
nhìn súp lơ taxi nhãn vở cuốn,"['nhìn', 'súp lơ', 'taxi', 'nhãn vở', 'cuốn']","['000000', '000176', '000856', '003612', '002494']"
rừng rậm cứu thừa ngón chân bọt xà phòng,"['rừng rậm', 'cứu', 'thừa', 'ngón chân', 'bọt xà phòng']","['000599', '002512', '001208', '003559', '001713']"
vượt trội quan trọng bập bênh bên trong hăng hái,"['vượt trội', 'quan trọng', 'bập bênh', 'bên trong', 'hăng hái']","['001926', '000402', '001551', '001607', '002966']"
tìm hiểu thực tế sinh động đất nước bị chia cắt (Việt Nam) ít nhất,"['tìm hiểu', 'thực tế', 'sinh động', 'đất nước bị chia cắt (Việt Nam)', 'ít nhất']","['001304', '001224', '000695', '000665', '003091']"
ti hí mắt một tiếng bé hơn lá cây chị,"['ti hí mắt', 'một tiếng', 'bé hơn', 'lá cây', 'chị']","['000150', '000868', '001575', '003209', '002173']"
phân số tối giản khóm dứa đợi vắn tắt câu ghép,"['phân số tối giản', 'khóm dứa', 'đợi', 'vắn tắt', 'câu ghép']","['000169', '003153', '002772', '001774', '001985']"
con bê tham lam dễ chịu phụ huynh trà sữa,"['con bê', 'tham lam', 'dễ chịu', 'phụ huynh', 'trà sữa']","['002314', '000938', '002570', '000286', '000857']"
em út múa gỗ người máy đầu tiên,"['em út', 'múa', 'gỗ', 'người máy', 'đầu tiên']","['002806', '003472', '002930', '003589', '002650']"
hoa giấy dàn bài xóa bảng UNICEF danh sách,"['hoa giấy', 'dàn bài', 'xóa bảng', 'UNICEF', 'danh sách']","['001008', '002517', '002034', '001708', '002525']"
khẩu trang gợi ý thầy giáo nội tiếp cháy rừng,"['khẩu trang', 'gợi ý', 'thầy giáo', 'nội tiếp', 'cháy rừng']","['003128', '002933', '001024', '000064', '002107']"
tập thể dục tuân lệnh chật chội sổ đầu bài chim đại bàng,"['tập thể dục', 'tuân lệnh', 'chật chội', 'sổ đầu bài', 'chim đại bàng']","['000883', '001624', '002154', '000717', '002205']"
cuộn giấy vệ sinh lùi bước Bạc Liêu lý do 5,"['cuộn giấy vệ sinh', 'lùi bước', 'Bạc Liêu', 'lý do', '5']","['002495', '003310', '001307', '000652', '001132']"
khe cửa kém tải về ống nghe An Giang,"['khe cửa', 'kém', 'tải về', 'ống nghe', 'An Giang']","['003129', '003096', '000591', '000118', '001203']"
lọng đối diện ngọn cây con bướm hành lang,"['lọng', 'đối diện', 'ngọn cây', 'con bướm', 'hành lang']","['003286', '002736', '003561', '002318', '002957']"
nổi da gà An Giang gửi thư quốc khánh tiết kiệm,"['nổi da gà', 'An Giang', 'gửi thư', 'quốc khánh', 'tiết kiệm']","['000041', '001203', '002936', '000458', '001285']"
tuổi thơ ấu dọc tàu hoả trống (không có gì) ghen tị,"['tuổi thơ ấu', 'dọc', 'tàu hoả', 'trống (không có gì)', 'ghen tị']","['001109', '002591', '000849', '002755', '000044']"
bút vỏ chúng tôi (2 người) (đại từ) khoác áo trục xuất,"['bút', 'vỏ', 'chúng tôi (2 người) (đại từ)', 'khoác áo', 'trục xuất']","['001865', '001850', '000273', '003144', '001536']"
"tiệc khổ con sâu rau anh hai, anh cả","['tiệc', 'khổ', 'con sâu', 'rau', 'anh hai, anh cả']","['001257', '003167', '002380', '000510', '000299']"
chục Hoàng tử trưởng nhóm phim hoạt hình riêng tư,"['chục', 'Hoàng tử', 'trưởng nhóm', 'phim hoạt hình', 'riêng tư']","['002261', '003023', '001618', '000218', '000548']"
để (đặt) mở cửa Bà Rịa - Vũng Tàu quyết tâm bốc hơi,"['để (đặt)', 'mở cửa', 'Bà Rịa - Vũng Tàu', 'quyết tâm', 'bốc hơi']","['002682', '003450', '001303', '000497', '001741']"
mệt mỏi màu trắng thuộc lòng mở rộng vật nuôi,"['mệt mỏi', 'màu trắng', 'thuộc lòng', 'mở rộng', 'vật nuôi']","['000800', '003352', '001174', '003453', '001800']"
vườn thú l ngữ điệu hoạt động miêu tả,"['vườn thú', 'l', 'ngữ điệu', 'hoạt động', 'miêu tả']","['001924', '001060', '003579', '003025', '003408']"
phát động tiếp tục nhiều vô cùng trọng tài không cần,"['phát động', 'tiếp tục', 'nhiều vô cùng', 'trọng tài', 'không cần']","['000161', '001275', '001862', '001504', '000088']"
xoáy tỉ lệ thuộc địa hiếu thảo kiểm tra,"['xoáy', 'tỉ lệ', 'thuộc địa', 'hiếu thảo', 'kiểm tra']","['002038', '001238', '000771', '002994', '003188']"
vắt chanh móng chân người lái xe (ô tô) có ích dây điện,"['vắt chanh', 'móng chân', 'người lái xe (ô tô)', 'có ích', 'dây điện']","['000842', '003418', '003585', '002308', '002563']"
thói quen công thức xu (tiền) sách ý tưởng,"['thói quen', 'công thức', 'xu (tiền)', 'sách', 'ý tưởng']","['000071', '002436', '002048', '000611', '002088']"
tuần trước cộng (Toán học) hình elip phong kiến Đắk Lắk,"['tuần trước', 'cộng (Toán học)', 'hình elip', 'phong kiến', 'Đắk Lắk']","['000888', '002446', '003000', '000231', '002637']"
Mặt trời lặn phục hồi dây điện chúi đầu Cà Mau,"['Mặt trời lặn', 'phục hồi', 'dây điện', 'chúi đầu', 'Cà Mau']","['003417', '000288', '002561', '002265', '001896']"
phê bình dấu phẩy hót rác khen theo dõi,"['phê bình', 'dấu phẩy', 'hót rác', 'khen', 'theo dõi']","['000196', '002558', '003031', '003131', '001028']"
đằng trước taxi Bắc bộ vòng nguyệt quế da ngăm (nước da ngăm đen),"['đằng trước', 'taxi', 'Bắc bộ', 'vòng nguyệt quế', 'da ngăm (nước da ngăm đen)']","['002641', '000856', '001499', '000493', '000758']"
muốn bình thường mời đẩy bảng chia,"['muốn', 'bình thường', 'mời', 'đẩy', 'bảng chia']","['003416', '001667', '003455', '002657', '001391']"
câu chuyện để (đặt) mi-li-mét (mm) dầu ăn hồi hộp,"['câu chuyện', 'để (đặt)', 'mi-li-mét (mm)', 'dầu ăn', 'hồi hộp']","['001977', '002682', '003404', '002547', '003055']"
hàng đơn vị kêu gọi cối xay gió 9 vào lớp,"['hàng đơn vị', 'kêu gọi', 'cối xay gió', '9', 'vào lớp']","['002949', '003109', '002425', '001144', '001760']"
đôi dép đau mắt dấu hỏi Do Thái gà mái,"['đôi dép', 'đau mắt', 'dấu hỏi', 'Do Thái', 'gà mái']","['002734', '000775', '001114', '000018', '002814']"
thét sáng tạo bóc vỏ vênh váo 9,"['thét', 'sáng tạo', 'bóc vỏ', 'vênh váo', '9']","['001035', '000627', '001695', '001813', '001144']"
phân số tối giản hi sinh suỵt loa chong chóng,"['phân số tối giản', 'hi sinh', 'suỵt', 'loa', 'chong chóng']","['000169', '002985', '000158', '003282', '002224']"
va li chai Mặt trời lặn má hồng hoa lay ơn,"['va li', 'chai', 'Mặt trời lặn', 'má hồng', 'hoa lay ơn']","['001736', '002069', '003417', '000446', '003012']"
kim nổi giận anh chị lên đường câu văn,"['kim', 'nổi giận', 'anh chị', 'lên đường', 'câu văn']","['003198', '000057', '001213', '003252', '001993']"
đánh nhập trường hỏi dân chủ tỉnh,"['đánh', 'nhập trường', 'hỏi', 'dân chủ', 'tỉnh']","['002625', '003638', '003040', '000253', '000007']"
chỉ khâu bản sao (chỉ người) hàng trăm màu trắng không khí,"['chỉ khâu', 'bản sao (chỉ người)', 'hàng trăm', 'màu trắng', 'không khí']","['002171', '001361', '002952', '003354', '003166']"
vắt cam mơ ngủ chó xù tai bênh vực,"['vắt cam', 'mơ ngủ', 'chó xù', 'tai', 'bênh vực']","['001784', '003447', '002219', '000818', '001617']"
u ám ( trời u ám) điều hòa Yên Bái chém ban ngày,"['u ám ( trời u ám)', 'điều hòa', 'Yên Bái', 'chém', 'ban ngày']","['001700', '002711', '002092', '002158', '001331']"
đèn vàng theo dõi tổng hợp hàng ngày công thức,"['đèn vàng', 'theo dõi', 'tổng hợp', 'hàng ngày', 'công thức']","['002669', '001028', '001394', '000395', '002436']"
phương pháp nét mặt môn Tiếng Việt đuôi chuột trông chờ,"['phương pháp', 'nét mặt', 'môn Tiếng Việt', 'đuôi chuột', 'trông chờ']","['000298', '003493', '003440', '000172', '001518']"
quả ổi chuyện trò giết phẫu thuật tay Bắc Giang,"['quả ổi', 'chuyện trò', 'giết', 'phẫu thuật tay', 'Bắc Giang']","['000372', '002291', '002907', '000784', '001501']"
ác độc thiu chuyển giao dập quả dưa hấu,"['ác độc', 'thiu', 'chuyển giao', 'dập', 'quả dưa hấu']","['001194', '000812', '002288', '002546', '000321']"
bênh vực bảo hiểm nấm bóc vỏ ngõ,"['bênh vực', 'bảo hiểm', 'nấm', 'bóc vỏ', 'ngõ']","['001617', '001459', '003490', '001695', '003558']"
quả bưởi gạo chia tay con bướm học kém,"['quả bưởi', 'gạo', 'chia tay', 'con bướm', 'học kém']","['000310', '002826', '002185', '002318', '003033']"
ngắn nhất cụm từ năm tới hỏi han con sò,"['ngắn nhất', 'cụm từ', 'năm tới', 'hỏi han', 'con sò']","['003517', '002491', '000762', '003029', '002381']"
phương tiện bím tóc đuôi sam hệ bài tiết giám sát bài báo,"['phương tiện', 'bím tóc đuôi sam', 'hệ bài tiết', 'giám sát', 'bài báo']","['000300', '001653', '001317', '000572', '001309']"
một đôi bắt tay thẻ máy in bọt biển,"['một đôi', 'bắt tay', 'thẻ', 'máy in', 'bọt biển']","['003445', '001547', '001033', '003367', '001711']"
đi dạo đồng hồ nghĩ dấu nặng lặn,"['đi dạo', 'đồng hồ', 'nghĩ', 'dấu nặng', 'lặn']","['000354', '002746', '003542', '001126', '003232']"
thổi kèn con vượn từ bỏ con lươn đường sắt,"['thổi kèn', 'con vượn', 'từ bỏ', 'con lươn', 'đường sắt']","['001091', '000954', '001646', '002358', '002794']"
hàng triệu tác động vác chuyển giao con sói,"['hàng triệu', 'tác động', 'vác', 'chuyển giao', 'con sói']","['002954', '002769', '001738', '002288', '002383']"
bánh cốm phun nước muốn tiết kiệm màu xanh da trời,"['bánh cốm', 'phun nước', 'muốn', 'tiết kiệm', 'màu xanh da trời']","['001427', '000291', '003416', '001285', '003355']"
nhà trường danh bạ bờm tóc con thỏ bài báo,"['nhà trường', 'danh bạ', 'bờm tóc', 'con thỏ', 'bài báo']","['003607', '002519', '001791', '002389', '001309']"
bê tông trang điểm phê bình con cóc quả bầu,"['bê tông', 'trang điểm', 'phê bình', 'con cóc', 'quả bầu']","['001587', '000947', '000196', '002330', '000306']"
hình elip trong suốt quả nhãn dự án đợi,"['hình elip', 'trong suốt', 'quả nhãn', 'dự án', 'đợi']","['003000', '001502', '000363', '000580', '002771']"
trông chờ kì diệu siêu âm biện pháp cầu tre,"['trông chờ', 'kì diệu', 'siêu âm', 'biện pháp', 'cầu tre']","['001516', '003176', '000683', '001641', '002007']"
chân dung đại sứ máy xúc mặt nạ răng,"['chân dung', 'đại sứ', 'máy xúc', 'mặt nạ', 'răng']","['002142', '000569', '000698', '003381', '000531']"
sữa dê thuộc lòng chỉnh sửa vật nuôi làm việc,"['sữa dê', 'thuộc lòng', 'chỉnh sửa', 'vật nuôi', 'làm việc']","['000780', '001174', '002209', '001800', '003217']"
phim tài liệu sữa hộp dám làm khố tính chất bằng nhau,"['phim tài liệu', 'sữa hộp', 'dám làm', 'khố', 'tính chất bằng nhau']","['000220', '000791', '000466', '003162', '001332']"
mâm ngũ quả Hùng Vương sách chỉnh sửa nghĩa đen,"['mâm ngũ quả', 'Hùng Vương', 'sách', 'chỉnh sửa', 'nghĩa đen']","['003384', '003075', '000611', '002209', '003540']"
mời xe cảnh sát góp tiền mũm mĩm vật,"['mời', 'xe cảnh sát', 'góp tiền', 'mũm mĩm', 'vật']","['003455', '001994', '000958', '000906', '001796']"
bồi thường quên thống nhất đất nước bổ trợ tập hợp rỗng,"['bồi thường', 'quên', 'thống nhất đất nước', 'bổ trợ', 'tập hợp rỗng']","['001747', '000451', '000667', '001721', '000881']"
Đông Dương giấy tờ dân tộc mặt đất xử lý,"['Đông Dương', 'giấy tờ', 'dân tộc', 'mặt đất', 'xử lý']","['002756', '002903', '002540', '003379', '000256']"
vào lớp tròn phong bì yêu mến (yêu quí) rong biển,"['vào lớp', 'tròn', 'phong bì', 'yêu mến (yêu quí)', 'rong biển']","['001760', '001493', '000227', '002110', '000563']"
bắt nạt sương gió bước chân hợp lí bãi cỏ,"['bắt nạt', 'sương gió', 'bước chân', 'hợp lí', 'bãi cỏ']","['001545', '000809', '001884', '003069', '001323']"
tin cậy lĩnh vực Tây Nguyên đặt đũa,"['tin cậy', 'lĩnh vực', 'Tây Nguyên', 'đặt', 'đũa']","['001308', '003276', '000891', '002644', '002781']"
chất hữu cơ mỗi chú hề vô duyên thụ phấn (hoa),"['chất hữu cơ', 'mỗi', 'chú hề', 'vô duyên', 'thụ phấn (hoa)']","['002149', '003425', '002242', '000146', '001293']"
vua Hùng đỡ kêu phẫu thuật tay lửa,"['vua Hùng', 'đỡ', 'kêu', 'phẫu thuật tay', 'lửa']","['001891', '002777', '003108', '000784', '003315']"
sửa chữa bốc thăm đoạn thơ thành thạo bên trên,"['sửa chữa', 'bốc thăm', 'đoạn thơ', 'thành thạo', 'bên trên']","['000770', '001743', '002724', '000971', '001605']"
hài lòng cục tẩy võ thuật nhụy hoa taxi,"['hài lòng', 'cục tẩy', 'võ thuật', 'nhụy hoa', 'taxi']","['000444', '002488', '001852', '000015', '000856']"
gốm sứ ích lợi dám làm bốc hơi đường chỉ tay,"['gốm sứ', 'ích lợi', 'dám làm', 'bốc hơi', 'đường chỉ tay']","['002932', '003087', '000466', '001741', '002172']"
chữa bài e Đông Timor (nước Đông Timor) 10 nổi nóng,"['chữa bài', 'e', 'Đông Timor (nước Đông Timor)', '10', 'nổi nóng']","['002294', '001038', '002758', '001146', '000059']"
giải lao cháy rừng ít buộc dây sâu bọ,"['giải lao', 'cháy rừng', 'ít', 'buộc dây', 'sâu bọ']","['002869', '002107', '003089', '001822', '000677']"
cây cổ thụ cây xanh tươi cột đèn 5000 (năm nghìn) thiên nhiên,"['cây cổ thụ', 'cây xanh tươi', 'cột đèn', '5000 (năm nghìn)', 'thiên nhiên']","['002019', '001961', '002449', '001173', '001068']"
giới thiệu dép quai hậu mệt mỏi dê con bến xe,"['giới thiệu', 'dép quai hậu', 'mệt mỏi', 'dê con', 'bến xe']","['002913', '002567', '000800', '002568', '001615']"
xung đột chuyên gia chất đốt thiếu thốn bụi phấn,"['xung đột', 'chuyên gia', 'chất đốt', 'thiếu thốn', 'bụi phấn']","['002062', '002279', '002146', '000463', '001812']"
tham khảo chăm học không nên tạo dáng bất hiếu,"['tham khảo', 'chăm học', 'không nên', 'tạo dáng', 'bất hiếu']","['000936', '002113', '000090', '000847', '001555']"
thèm hàng trăm góc tù tập trung mất ngủ,"['thèm', 'hàng trăm', 'góc tù', 'tập trung', 'mất ngủ']","['000067', '002952', '002922', '000885', '003386']"
chủ ngữ xịt côn trùng bạn yêu bạn ấy nghị lực báo cáo,"['chủ ngữ', 'xịt côn trùng', 'bạn yêu bạn ấy', 'nghị lực', 'báo cáo']","['002239', '002585', '000295', '003543', '001481']"
trà sữa chúi đầu nhạy cảm hội thoại tham dự,"['trà sữa', 'chúi đầu', 'nhạy cảm', 'hội thoại', 'tham dự']","['000857', '002265', '003620', '000650', '000931']"
con ốc uốn cong rừng rậm bánh đúc lồng tiếng,"['con ốc', 'uốn cong', 'rừng rậm', 'bánh đúc', 'lồng tiếng']","['002377', '001712', '000599', '001433', '003294']"
đèo Hải Vân chăn nuôi tiến sĩ tưởng tượng bông hoa,"['đèo Hải Vân', 'chăn nuôi', 'tiến sĩ', 'tưởng tượng', 'bông hoa']","['002677', '002129', '001263', '001694', '001757']"
nền nhà từ chối siêu thị ăn xin Tết hàn thực,"['nền nhà', 'từ chối', 'siêu thị', 'ăn xin', 'Tết hàn thực']","['003495', '000226', '000685', '001276', '000102']"
chum thét gậy của người già lầu (tầng) thóc (gạo),"['chum', 'thét', 'gậy của người già', 'lầu (tầng)', 'thóc (gạo)']","['002266', '001035', '002844', '003237', '001086']"
chia ba lo sợ kết luận xe cẩu thần chết,"['chia ba', 'lo sợ', 'kết luận', 'xe cẩu', 'thần chết']","['000564', '003278', '001012', '002010', '001007']"
dòng sông trang điểm tinh trùng ngán cầu thủ,"['dòng sông', 'trang điểm', 'tinh trùng', 'ngán', 'cầu thủ']","['002594', '000947', '001184', '000816', '002005']"
vào phục vụ lớn hơn 2 (Toán học) chữa bệnh đau tai,"['vào', 'phục vụ', 'lớn hơn 2 (Toán học)', 'chữa bệnh', 'đau tai']","['001758', '000290', '000656', '002300', '000783']"
rế quả bầu chữa bài cây tre nhảy cao,"['rế', 'quả bầu', 'chữa bài', 'cây tre', 'nhảy cao']","['000545', '000306', '002293', '002049', '003616']"
bún ốc tiết kiệm hòn đá trở thành bụi phấn,"['bún ốc', 'tiết kiệm', 'hòn đá', 'trở thành', 'bụi phấn']","['000197', '001283', '003030', '001528', '001810']"
răng khểnh giãn cách xã hội móng chân cây cối cạnh đáy,"['răng khểnh', 'giãn cách xã hội', 'móng chân', 'cây cối', 'cạnh đáy']","['000624', '000634', '003418', '002025', '001927']"
tập viết trung thành cửa sổ con nai đưa đón,"['tập viết', 'trung thành', 'cửa sổ', 'con nai', 'đưa đón']","['000887', '001558', '002503', '002363', '002786']"
khó khăn thông cảm sổ tay hành động đóng góp,"['khó khăn', 'thông cảm', 'sổ tay', 'hành động', 'đóng góp']","['003135', '001094', '000720', '002956', '002731']"
thù lao trong khoảng vuông góc võ thuật mặt,"['thù lao', 'trong khoảng', 'vuông góc', 'võ thuật', 'mặt']","['001137', '000641', '001920', '001852', '003378']"
thiu triệu phú kí hiệu vun đắp cờ ca rô,"['thiu', 'triệu phú', 'kí hiệu', 'vun đắp', 'cờ ca rô']","['000812', '001305', '003184', '001912', '002465']"
đồ uống loạn thị gặm xương (con chó gặm xương) quan (chức vụ) tẩy chay,"['đồ uống', 'loạn thị', 'gặm xương (con chó gặm xương)', 'quan (chức vụ)', 'tẩy chay']","['000943', '003283', '002833', '000524', '000773']"
bướng bỉnh dân chài lau miệng điều hòa cùi chỏ,"['bướng bỉnh', 'dân chài', 'lau miệng', 'điều hòa', 'cùi chỏ']","['001886', '002535', '000514', '002712', '002489']"
giãn cách xã hội rụng tóc (đt) thẳng tắp gieo xúc xắc cầu cứu,"['giãn cách xã hội', 'rụng tóc (đt)', 'thẳng tắp', 'gieo xúc xắc', 'cầu cứu']","['000634', '000576', '000991', '002905', '001997']"
xinh em gái bốc vác phẫu thuật cổ dân tộc Mông,"['xinh', 'em gái', 'bốc vác', 'phẫu thuật cổ', 'dân tộc Mông']","['002030', '002802', '001727', '000792', '000686']"
Bun-ga-ri (nước Bun-ga-ri) số lớn hoang mang hơi nước hình chiếu,"['Bun-ga-ri (nước Bun-ga-ri)', 'số lớn', 'hoang mang', 'hơi nước', 'hình chiếu']","['001816', '000736', '003115', '003066', '002998']"
khóa quần liên kết xà phòng giặt dây buộc tóc thở dài,"['khóa quần', 'liên kết', 'xà phòng giặt', 'dây buộc tóc', 'thở dài']","['003138', '003263', '001938', '002559', '001113']"
không cần chăn (cái chăn) hoa giấy tàu hoả nạp điện,"['không cần', 'chăn (cái chăn)', 'hoa giấy', 'tàu hoả', 'nạp điện']","['000088', '002123', '001008', '000849', '003482']"
ngâm hạt cái gương thù lao rắc rối pha cà phê,"['ngâm hạt', 'cái gương', 'thù lao', 'rắc rối', 'pha cà phê']","['003520', '001908', '001137', '000588', '000130']"
hai là con chồn giá trị phần trăm cụ đồ danh mục,"['hai là', 'con chồn', 'giá trị phần trăm', 'cụ đồ', 'danh mục']","['000315', '002326', '002866', '002486', '002523']"
không có cha mẹ hộp bắn súng nhảy dù,"['không có', 'cha mẹ', 'hộp', 'bắn súng', 'nhảy dù']","['000249', '002061', '003063', '001517', '003617']"
vô lí bánh hamburger kêu gọi đàng trong con đường,"['vô lí', 'bánh hamburger', 'kêu gọi', 'đàng trong', 'con đường']","['001864', '000830', '003109', '002623', '002343']"
đuôi cá bước kính lão câu đối quần yếm,"['đuôi cá', 'bước', 'kính lão', 'câu đối', 'quần yếm']","['000170', '001882', '003202', '001981', '000438']"
thuyền chài cấy củ đậu ngõ ca,"['thuyền chài', 'cấy', 'củ đậu', 'ngõ', 'ca']","['001193', '002055', '002471', '003558', '001892']"
đều đặn báo thù to lớn tự vệ con chuột,"['đều đặn', 'báo thù', 'to lớn', 'tự vệ', 'con chuột']","['002692', '001485', '001346', '001678', '002327']"
lông gà Bà Rịa - Vũng Tàu cao quý nội tiếp tím tái,"['lông gà', 'Bà Rịa - Vũng Tàu', 'cao quý', 'nội tiếp', 'tím tái']","['003291', '001303', '001945', '000064', '001306']"
bánh hamburger bắt giữ vực sâu người nước ngoài chăm học,"['bánh hamburger', 'bắt giữ', 'vực sâu', 'người nước ngoài', 'chăm học']","['000830', '001543', '003169', '000030', '002113']"
ác mộng dài con gián vun đắp dầu ăn,"['ác mộng', 'dài', 'con gián', 'vun đắp', 'dầu ăn']","['001196', '002515', '002348', '001912', '002547']"
công cộng mặt phổi danh từ riêng găng tay,"['công cộng', 'mặt', 'phổi', 'danh từ riêng', 'găng tay']","['002431', '003378', '000270', '002527', '002835']"
xâm hại tình dục nhân hậu găng tay quả dưa hấu bỏ rơi,"['xâm hại tình dục', 'nhân hậu', 'găng tay', 'quả dưa hấu', 'bỏ rơi']","['003552', '003629', '002835', '000321', '001687']"
pha chế sĩ diện nhụy hoa sợi chỉ cổng,"['pha chế', 'sĩ diện', 'nhụy hoa', 'sợi chỉ', 'cổng']","['000132', '000679', '000015', '000751', '002444']"
a ngũ quả tải về rèn luyện bốt cảnh sát,"['a', 'ngũ quả', 'tải về', 'rèn luyện', 'bốt cảnh sát']","['001022', '003572', '000591', '000541', '001759']"
cá mập nguyên nhân tròn trịa (mặt) củ cà rốt gậy của người già,"['cá mập', 'nguyên nhân', 'tròn trịa (mặt)', 'củ cà rốt', 'gậy của người già']","['002200', '003577', '001490', '002479', '002844']"
phi tiêu quyển vở liệt (liệt tay chân) giả bộ (giống giả vờ) thuyền rồng,"['phi tiêu', 'quyển vở', 'liệt (liệt tay chân)', 'giả bộ (giống giả vờ)', 'thuyền rồng']","['000198', '000490', '003270', '002852', '001195']"
trúng tuyển cháu trai trình độ lau nhà ấm đun nước,"['trúng tuyển', 'cháu trai', 'trình độ', 'lau nhà', 'ấm đun nước']","['001574', '002103', '001484', '003231', '001288']"
đánh giá ở ngoài mĩ thuật cháu trai nghệ sĩ,"['đánh giá', 'ở ngoài', 'mĩ thuật', 'cháu trai', 'nghệ sĩ']","['002627', '000124', '003405', '002101', '003527']"
cầu Long Biên trống đào tạo chăm học tô màu,"['cầu Long Biên', 'trống', 'đào tạo', 'chăm học', 'tô màu']","['003157', '001524', '002631', '002113', '001382']"
ngồi ngà voi mặt cột nhà khát vọng,"['ngồi', 'ngà voi', 'mặt', 'cột nhà', 'khát vọng']","['003569', '003497', '003378', '002453', '003120']"
con bướm hốt hoảng thối trí khôn giận dỗi,"['con bướm', 'hốt hoảng', 'thối', 'trí khôn', 'giận dỗi']","['002318', '000530', '000811', '001474', '002888']"
ma Long An cây nến hàng chục triệu ngoặc đơn,"['ma', 'Long An', 'cây nến', 'hàng chục triệu', 'ngoặc đơn']","['003331', '003285', '000928', '002947', '003555']"
hình dáng cao thấp ấm trà hàng chục nghìn ngược đãi,"['hình dáng', 'cao thấp', 'ấm trà', 'hàng chục nghìn', 'ngược đãi']","['002999', '001949', '001292', '002946', '003581']"
râu con hoẵng di chuyển cười nhếch mép nhà tù,"['râu', 'con hoẵng', 'di chuyển', 'cười nhếch mép', 'nhà tù']","['000535', '002349', '002573', '000056', '003609']"
đô thị thẳng tắp môn Khoa học đằng trước dầu hoả,"['đô thị', 'thẳng tắp', 'môn Khoa học', 'đằng trước', 'dầu hoả']","['002732', '000991', '003432', '002641', '002549']"
tên riêng khung cửa số nấm cưa (cái cưa) thiệp sinh nhật,"['tên riêng', 'khung cửa số', 'nấm', 'cưa (cái cưa)', 'thiệp sinh nhật']","['000895', '003171', '003490', '002499', '000238']"
mục tiêu trụi lá mũm mĩm rễ cọc trái nghĩa,"['mục tiêu', 'trụi lá', 'mũm mĩm', 'rễ cọc', 'trái nghĩa']","['000898', '001538', '000906', '000543', '001428']"
xăng-ti-mét-khối (cm3) phản động liên kết cử động thổi bóng,"['xăng-ti-mét-khối (cm3)', 'phản động', 'liên kết', 'cử động', 'thổi bóng']","['001974', '000149', '003263', '002498', '001089']"
"bậc thang chọi gà quay cóp sinh tố (bơ, dâu, cảnh vật","['bậc thang', 'chọi gà', 'quay cóp', 'sinh tố (bơ, dâu,', 'cảnh vật']","['001549', '002220', '000414', '000840', '001919']"
cày tri kỉ bệnh Đao - Down quét dọn suối,"['cày', 'tri kỉ', 'bệnh Đao - Down', 'quét dọn', 'suối']","['001957', '001040', '000798', '000441', '000763']"
hàng xóm nhà kho bụi đời phong kiến làng xóm,"['hàng xóm', 'nhà kho', 'bụi đời', 'phong kiến', 'làng xóm']","['002955', '000806', '001808', '000231', '003220']"
gãy tay hạt cườm xăng hốt hoảng dai,"['gãy tay', 'hạt cườm', 'xăng', 'hốt hoảng', 'dai']","['002830', '002962', '001970', '000530', '002514']"
má cổ tay nhổ răng con sâu cau có,"['má', 'cổ tay', 'nhổ răng', 'con sâu', 'cau có']","['003361', '002413', '000620', '002380', '001955']"
tên riêng đôi dép da trắng nghé đếm,"['tên riêng', 'đôi dép', 'da trắng', 'nghé', 'đếm']","['000895', '002734', '000752', '003525', '002689']"
đợi ruộng bậc thang thông minh học trò lơ lửng,"['đợi', 'ruộng bậc thang', 'thông minh', 'học trò', 'lơ lửng']","['002772', '000578', '001097', '003037', '003295']"
tràn ngập (nước) bản lề điều hòa quà bật đèn,"['tràn ngập (nước)', 'bản lề', 'điều hòa', 'quà', 'bật đèn']","['001436', '001357', '002712', '000417', '001557']"
đơn giản hóa đơn trắng muốt gãy tay vịnh,"['đơn giản', 'hóa đơn', 'trắng muốt', 'gãy tay', 'vịnh']","['002774', '001633', '001452', '002830', '001839']"
đếm duyệt binh kết luận thông qua quốc tế,"['đếm', 'duyệt binh', 'kết luận', 'thông qua', 'quốc tế']","['002689', '002599', '001012', '001103', '000462']"
bố trí sữa đặc bơi lội bùn Mexico (nước Mexico),"['bố trí', 'sữa đặc', 'bơi lội', 'bùn', 'Mexico (nước Mexico)']","['001723', '000785', '001783', '001818', '003400']"
con ngựa Võ Nguyên Giáp găng tay gặp gỡ thả mồi,"['con ngựa', 'Võ Nguyên Giáp', 'găng tay', 'gặp gỡ', 'thả mồi']","['002368', '001843', '002835', '002837', '000919']"
bảng chia phẫu thuật cổ củ gừng quả mướp bát hương,"['bảng chia', 'phẫu thuật cổ', 'củ gừng', 'quả mướp', 'bát hương']","['001391', '000792', '002481', '000359', '001489']"
lớn hơn 2 (Toán học) phát biểu báo thù bàn bạc quy định,"['lớn hơn 2 (Toán học)', 'phát biểu', 'báo thù', 'bàn bạc', 'quy định']","['000656', '000159', '001485', '001333', '000469']"
mơ ước tù giam công thức nhi đồng học kém,"['mơ ước', 'tù giam', 'công thức', 'nhi đồng', 'học kém']","['003448', '001620', '002436', '003641', '003033']"
hậu quả tinh trùng bản nhạc đặt quyến luyến,"['hậu quả', 'tinh trùng', 'bản nhạc', 'đặt', 'quyến luyến']","['002970', '001184', '001359', '002644', '000373']"
chuồng tiêu diệt tai trở thành chứng kiến,"['chuồng', 'tiêu diệt', 'tai', 'trở thành', 'chứng kiến']","['002275', '001289', '000818', '001528', '002297']"
quả dừa xiêm con tôm chiếm đoạt khẩu trang lũy tre,"['quả dừa xiêm', 'con tôm', 'chiếm đoạt', 'khẩu trang', 'lũy tre']","['000334', '002390', '002190', '003128', '003312']"
bộ đội thùng lão già vỗ về chất độc màu da cam,"['bộ đội', 'thùng', 'lão già', 'vỗ về', 'chất độc màu da cam']","['001733', '001170', '003228', '000529', '002148']"
chậm chạp kính trọng nốt ruồi buồn nôn phóng viên,"['chậm chạp', 'kính trọng', 'nốt ruồi', 'buồn nôn', 'phóng viên']","['000411', '003204', '000070', '001853', '000988']"
công ước rộng rãi bánh pía bất khuất con chó,"['công ước', 'rộng rãi', 'bánh pía', 'bất khuất', 'con chó']","['002438', '000575', '001451', '000534', '002325']"
Bình Thuận kì lạ xem xét cầu Long Biên khoác tay,"['Bình Thuận', 'kì lạ', 'xem xét', 'cầu Long Biên', 'khoác tay']","['001665', '003177', '002014', '003157', '003145']"
nghiến răng thị lực dấu chấm hỏi cuộc đời khởi nghiệp,"['nghiến răng', 'thị lực', 'dấu chấm hỏi', 'cuộc đời', 'khởi nghiệp']","['003550', '001053', '002551', '002492', '000706']"
dầu hoả sóng thần múa rối hành quân đan,"['dầu hoả', 'sóng thần', 'múa rối', 'hành quân', 'đan']","['002549', '000715', '003470', '002960', '002615']"
vắng lặng Do Thái phủ nhận khoác tay vườn thú,"['vắng lặng', 'Do Thái', 'phủ nhận', 'khoác tay', 'vườn thú']","['001782', '000018', '000282', '003145', '001924']"
môi trường đại diện g tóm tắt động viên,"['môi trường', 'đại diện', 'g', 'tóm tắt', 'động viên']","['003424', '002608', '001046', '001378', '002770']"
thích thú lý do khoan cốm trúng thưởng,"['thích thú', 'lý do', 'khoan', 'cốm', 'trúng thưởng']","['001062', '000652', '003146', '002427', '001568']"
đài sen khắc phục bước chân dân tộc Mường email,"['đài sen', 'khắc phục', 'bước chân', 'dân tộc Mường', 'email']","['002606', '003121', '001884', '000680', '002807']"
vuốt tóc chày hình bình hành phổi thề,"['vuốt tóc', 'chày', 'hình bình hành', 'phổi', 'thề']","['001918', '002105', '002996', '000270', '001036']"
dọc đầy tớ lao phổi giá trị chui,"['dọc', 'đầy tớ', 'lao phổi', 'giá trị', 'chui']","['002591', '002656', '003224', '002862', '002264']"
phản xạ Quy Nhơn từ trái nghĩa â củ gừng,"['phản xạ', 'Quy Nhơn', 'từ trái nghĩa', 'â', 'củ gừng']","['000152', '000037', '001654', '001029', '002481']"
ấn tượng cát gà trống sơ đồ sừng bò,"['ấn tượng', 'cát', 'gà trống', 'sơ đồ', 'sừng bò']","['001296', '001953', '002817', '000745', '000805']"
hoa hậu tuổi thơ nhổ răng quả dừa quả đu đủ,"['hoa hậu', 'tuổi thơ', 'nhổ răng', 'quả dừa', 'quả đu đủ']","['000984', '001634', '000620', '000330', '000340']"
đua thuyền cối xay lúa thông thường vàng (kim loại) lễ bế giảng,"['đua thuyền', 'cối xay lúa', 'thông thường', 'vàng (kim loại)', 'lễ bế giảng']","['002779', '002426', '001105', '001754', '003242']"
hoảng sợ nổ súng sa thải bỏ phiếu lá cây,"['hoảng sợ', 'nổ súng', 'sa thải', 'bỏ phiếu', 'lá cây']","['003024', '000047', '002785', '001683', '003209']"
cày con nai bờ biển con cừu khoang tàu,"['cày', 'con nai', 'bờ biển', 'con cừu', 'khoang tàu']","['001957', '002363', '001775', '002337', '003147']"
hoa mai bánh sandwich đun nấu hài lòng lãnh đạo,"['hoa mai', 'bánh sandwich', 'đun nấu', 'hài lòng', 'lãnh đạo']","['001020', '000832', '002782', '000444', '003222']"
mái tóc phà bắt chùm vải quạt treo tường,"['mái tóc', 'phà', 'bắt', 'chùm vải', 'quạt treo tường']","['003339', '000136', '001535', '002270', '000423']"
tách ủy ban nước ép trái cây diệt chủng gà tây,"['tách', 'ủy ban', 'nước ép trái cây', 'diệt chủng', 'gà tây']","['000815', '001720', '000836', '002584', '002816']"
hứa số La Mã (Toán học) vái lạy hoa dâm bụt sóng thần,"['hứa', 'số La Mã (Toán học)', 'vái lạy', 'hoa dâm bụt', 'sóng thần']","['000375', '000507', '001748', '001010', '000715']"
nghĩa bóng sắp xếp về (Sài Gòn) cặp sách bồn rửa bát,"['nghĩa bóng', 'sắp xếp', 'về (Sài Gòn)', 'cặp sách', 'bồn rửa bát']","['003544', '000645', '000356', '001962', '001751']"
cô đơn đoàn cải lương cạnh phòng chống hải sản,"['cô đơn', 'đoàn cải lương', 'cạnh', 'phòng chống', 'hải sản']","['002403', '002719', '001923', '000242', '000824']"
đập tóc ngắn dê mẹ trường hợp tuần trăng mật,"['đập', 'tóc ngắn', 'dê mẹ', 'trường hợp', 'tuần trăng mật']","['002645', '000915', '002569', '001598', '000761']"
chim chào mào an ninh không dám vuốt tóc bột giặt,"['chim chào mào', 'an ninh', 'không dám', 'vuốt tóc', 'bột giặt']","['002202', '001205', '000470', '001918', '001763']"
vô tư chung kết con người con tôm vua Hùng,"['vô tư', 'chung kết', 'con người', 'con tôm', 'vua Hùng']","['001872', '002271', '002367', '002392', '001891']"
ơ giá sách đồng hồ yêu cầu bên phải,"['ơ', 'giá sách', 'đồng hồ', 'yêu cầu', 'bên phải']","['001069', '002855', '002746', '002104', '001601']"
thầy giáo 4 dân tộc Khơ me môn Sinh học tia chớp,"['thầy giáo', '4', 'dân tộc Khơ me', 'môn Sinh học', 'tia chớp']","['001026', '001130', '000682', '003439', '001242']"
chim chào mào tôm hùm chó xù nghĩ phiên dịch,"['chim chào mào', 'tôm hùm', 'chó xù', 'nghĩ', 'phiên dịch']","['002202', '000819', '002219', '003542', '000201']"
học phí khắc phục nhân cách hoá ai bảo kính lúp,"['học phí', 'khắc phục', 'nhân cách hoá', 'ai bảo', 'kính lúp']","['003035', '003121', '003624', '002133', '003203']"
ngũ quả xếp hàng ưu tiên ban giám hiệu vạch trần Hoàng tử,"['ngũ quả', 'xếp hàng ưu tiên', 'ban giám hiệu', 'vạch trần', 'Hoàng tử']","['003572', '002028', '001329', '001740', '003023']"
băng dính giật mình cố gắng yêu cầu kim,"['băng dính', 'giật mình', 'cố gắng', 'yêu cầu', 'kim']","['001523', '002890', '002412', '002102', '003198']"
phương tiện cơ hội bỏ qua cấp dưỡng kim,"['phương tiện', 'cơ hội', 'bỏ qua', 'cấp dưỡng', 'kim']","['000300', '002456', '001685', '001971', '003198']"
nằm chị chồng sân thượng Hưng Yên tôm hùm,"['nằm', 'chị chồng', 'sân thượng', 'Hưng Yên', 'tôm hùm']","['003486', '002174', '000664', '003083', '000819']"
