sentence,keys,id
tuân lệnh cúc áo ,"['tuân lệnh', 'cúc áo']","['001624', '002475']"
trong suốt nghĩa bóng ,"['trong suốt', 'nghĩa bóng']","['001502', '003544']"
đuôi cá tổ tiên ,"['đuôi cá', 'tổ tiên']","['000170', '001386']"
ăn vừa góc vuông ,"['ăn vừa', 'góc vuông']","['000939', '002923']"
dài bát hương ,"['dài', 'bát hương']","['002515', '001489']"
bạn yêu tôi giống nhau ,"['bạn yêu tôi', 'giống nhau']","['000289', '002910']"
trục tung giàu có ,"['trục tung', 'giàu có']","['001534', '002885']"
cụm từ bún ngan ,"['cụm từ', 'bún ngan']","['002491', '000195']"
cống gợi ý ,"['cống', 'gợi ý']","['002445', '002933']"
hốt hoảng gậy của người già ,"['hốt hoảng', 'gậy của người già']","['000530', '002844']"
để (đặt) mỗi ngày ,"['để (đặt)', 'mỗi ngày']","['002682', '000387']"
Thăng Long hàng trăm ,"['Thăng Long', 'hàng trăm']","['000549', '002952']"
giỏi Lâm Đồng ,"['giỏi', 'Lâm Đồng']","['002909', '003235']"
giá trị tuyệt đối trường hợp ,"['giá trị tuyệt đối', 'trường hợp']","['002868', '001598']"
nghĩa đen dán ,"['nghĩa đen', 'dán']","['003540', '002528']"
tuần lễ người Điếc thế giới ngày Quốc tế Lao động ,"['tuần lễ người Điếc thế giới', 'ngày Quốc tế Lao động']","['000105', '003508']"
ngôn ngữ thèm ,"['ngôn ngữ', 'thèm']","['003571', '000067']"
súp lơ ông ngoại ,"['súp lơ', 'ông ngoại']","['000176', '000110']"
gợi ý luyện tập ,"['gợi ý', 'luyện tập']","['002933', '003313']"
đầy tớ bảo tàng ,"['đầy tớ', 'bảo tàng']","['002656', '001463']"
hạn hán áo ấm ,"['hạn hán', 'áo ấm']","['002944', '001252']"
lục giác diệt chủng ,"['lục giác', 'diệt chủng']","['003309', '002584']"
xã hội giận dữ ,"['xã hội', 'giận dữ']","['001946', '002889']"
gọt bút chì (cái) nốt ruồi ,"['gọt bút chì (cái)', 'nốt ruồi']","['002927', '000070']"
chủ ngữ giới hạn ,"['chủ ngữ', 'giới hạn']","['002239', '002912']"
cướp biển trông chờ ,"['cướp biển', 'trông chờ']","['002509', '001516']"
gửi trục hoành ,"['gửi', 'trục hoành']","['002934', '001532']"
chó xù bản làng ,"['chó xù', 'bản làng']","['002219', '001355']"
muộn mứt ,"['muộn', 'mứt']","['003474', '003476']"
ki-lô-gam cánh tay ,"['ki-lô-gam', 'cánh tay']","['003179', '001921']"
trộn (đt) đường chỉ tay ,"['trộn (đt)', 'đường chỉ tay']","['001526', '002172']"
suỵt kịch bản ,"['suỵt', 'kịch bản']","['000158', '003187']"
buồn thảm Long Vương ,"['buồn thảm', 'Long Vương']","['000135', '000508']"
gù lưng cao quý ,"['gù lưng', 'cao quý']","['002132', '001945']"
chọi gà chiêng ,"['chọi gà', 'chiêng']","['002220', '002191']"
anh chị trường THPT ( cấp 3) ,"['anh chị', 'trường THPT ( cấp 3)']","['001213', '001612']"
giải quyết về 3 (đi về) ,"['giải quyết', 'về 3 (đi về)']","['002870', '000362']"
bập bênh ngồi ,"['bập bênh', 'ngồi']","['001551', '003568']"
lặn trung thành ,"['lặn', 'trung thành']","['003232', '001558']"
liên kết ngộ nghĩnh ,"['liên kết', 'ngộ nghĩnh']","['003263', '003567']"
bệnh tật bưu tá ,"['bệnh tật', 'bưu tá']","['001623', '001890']"
chị họ lớp ,"['chị họ', 'lớp']","['000327', '003299']"
bổ trợ củ đậu ,"['bổ trợ', 'củ đậu']","['001721', '002471']"
danh từ khờ dại ,"['danh từ', 'khờ dại']","['002526', '000217']"
trung thành tò mò ,"['trung thành', 'tò mò']","['001558', '001348']"
chiều dài các bạn (2 người) ,"['chiều dài', 'các bạn (2 người)']","['002193', '000283']"
bảo thủ chỉ ,"['bảo thủ', 'chỉ']","['001465', '002168']"
toà án về (Sài Gòn) ,"['toà án', 'về (Sài Gòn)']","['001364', '000356']"
xôi gấc ngày thầy thuốc Việt Nam ,"['xôi gấc', 'ngày thầy thuốc Việt Nam']","['000202', '000117']"
bắn súng bụng ,"['bắn súng', 'bụng']","['001517', '001820']"
ngôn ngữ giẫm ,"['ngôn ngữ', 'giẫm']","['003571', '002887']"
cao thấp bán kính (hình tròn) ,"['cao thấp', 'bán kính (hình tròn)']","['001949', '001369']"
nguồn gốc lau miệng ,"['nguồn gốc', 'lau miệng']","['003573', '000514']"
nấm truyền dịch ,"['nấm', 'truyền dịch']","['003490', '001576']"
đen láy (như đen nhánh) lẫn lộn ,"['đen láy (như đen nhánh)', 'lẫn lộn']","['002658', '003236']"
bập bênh mô tả ,"['bập bênh', 'mô tả']","['001551', '000904']"
luật chơi lau miệng ,"['luật chơi', 'lau miệng']","['003303', '000514']"
nước tới chân mới nhảy củ đậu ,"['nước tới chân mới nhảy', 'củ đậu']","['002241', '002471']"
chiều rộng nước tới chân mới nhảy ,"['chiều rộng', 'nước tới chân mới nhảy']","['002194', '002241']"
trung bình chủ ngữ ,"['trung bình', 'chủ ngữ']","['001546', '002239']"
lung tung mỳ ý ,"['lung tung', 'mỳ ý']","['000048', '000189']"
xa vô tận cột sống ,"['xa vô tận', 'cột sống']","['001870', '002454']"
chia đều bàn tay ,"['chia đều', 'bàn tay']","['002181', '001345']"
ăn uống Đông Dương ,"['ăn uống', 'Đông Dương']","['001272', '002756']"
tuyên ngôn ngày của Cha ,"['tuyên ngôn', 'ngày của Cha']","['001642', '000113']"
ngày thầy thuốc Việt Nam Bắc bộ ,"['ngày thầy thuốc Việt Nam', 'Bắc bộ']","['000117', '001499']"
chủ đề ghi nhớ ,"['chủ đề', 'ghi nhớ']","['002236', '002850']"
nghiên cứu hàng chục triệu ,"['nghiên cứu', 'hàng chục triệu']","['003541', '002947']"
hậu quả chim bồ câu ,"['hậu quả', 'chim bồ câu']","['002970', '002201']"
trọng tài cuốn ,"['trọng tài', 'cuốn']","['001504', '002494']"
Do Thái nghĩa trang ,"['Do Thái', 'nghĩa trang']","['000018', '003545']"
may mắn chả cá ,"['may mắn', 'chả cá']","['000221', '002063']"
cháu họ bao la ,"['cháu họ', 'bao la']","['000335', '001457']"
lễ hội nước tương (xì dầu) ,"['lễ hội', 'nước tương (xì dầu)']","['003246', '001688']"
luật lệ cái bè ,"['luật lệ', 'cái bè']","['003304', '001902']"
nước tương (xì dầu) ông ngoại ,"['nước tương (xì dầu)', 'ông ngoại']","['001688', '000110']"
Cà Mau ngày thầy thuốc Việt Nam ,"['Cà Mau', 'ngày thầy thuốc Việt Nam']","['001896', '000119']"
dẫn chứng danh từ ,"['dẫn chứng', 'danh từ']","['002545', '002526']"
dòng sông chảy tươi cười ,"['dòng sông chảy', 'tươi cười']","['000934', '001680']"
dàn bài bắn bi ,"['dàn bài', 'bắn bi']","['002517', '001511']"
suýt buổi chiều ,"['suýt', 'buổi chiều']","['000160', '001826']"
cột nhà chỉ dẫn ,"['cột nhà', 'chỉ dẫn']","['002453', '002169']"
luật lệ dai ,"['luật lệ', 'dai']","['003304', '002514']"
trong ngoài ngày Quốc tế Lao động ,"['trong ngoài', 'ngày Quốc tế Lao động']","['001496', '003508']"
giết khó khăn ,"['giết', 'khó khăn']","['002907', '003135']"
giao lưu tương ớt ,"['giao lưu', 'tương ớt']","['002878', '000248']"
chị họ xôi gấc ,"['chị họ', 'xôi gấc']","['000323', '000202']"
bút máy bộ đội ,"['bút máy', 'bộ đội']","['001871', '001733']"
mắng trường PTCS (cấp 2) ,"['mắng', 'trường PTCS (cấp 2)']","['003375', '001606']"
danh lam thắng cảnh nước tương (xì dầu) ,"['danh lam thắng cảnh', 'nước tương (xì dầu)']","['002522', '001688']"
lồng chim về 3 (đi về) ,"['lồng chim', 'về 3 (đi về)']","['003293', '000362']"
đồ uống giai đoạn ,"['đồ uống', 'giai đoạn']","['000943', '002856']"
cơ thể cá kho ,"['cơ thể', 'cá kho']","['002461', '001898']"
chú rể giỗ ,"['chú rể', 'giỗ']","['002243', '000104']"
ông ngoại tự giác ,"['ông ngoại', 'tự giác']","['000110', '000098']"
sống sót Lào (nước Lào) ,"['sống sót', 'Lào (nước Lào)']","['000342', '003227']"
béo mui xe ,"['béo', 'mui xe']","['001585', '003473']"
chim đại bàng cúc áo ,"['chim đại bàng', 'cúc áo']","['002205', '002475']"
chia cắt hẹn ,"['chia cắt', 'hẹn']","['002180', '000371']"
giải lao củ đậu ,"['giải lao', 'củ đậu']","['002869', '002471']"
đi dạo truyền dịch giáo dục ,"['đi dạo', 'truyền dịch', 'giáo dục']","['000354', '001576', '002883']"
trung thành quan hệ từ xa vô tận ,"['trung thành', 'quan hệ từ', 'xa vô tận']","['001558', '000520', '001870']"
giận dỗi linh hồn nghĩa đen ,"['giận dỗi', 'linh hồn', 'nghĩa đen']","['002888', '003273', '003540']"
trở thành ghé thăm trước ,"['trở thành', 'ghé thăm', 'trước']","['001528', '002845', '001596']"
cơ quan ngăn cản cơ thể ,"['cơ quan', 'ngăn cản', 'cơ thể']","['002459', '003514', '002461']"
củi chợ nổi làm quen ,"['củi', 'chợ nổi', 'làm quen']","['002490', '002227', '003215']"
danh từ riêng trở thành chim gõ kiến ,"['danh từ riêng', 'trở thành', 'chim gõ kiến']","['002527', '001528', '002206']"
nén Quy Nhơn bồ kết ,"['nén', 'Quy Nhơn', 'bồ kết']","['003492', '000037', '001715']"
trực nhật hợp đồng từ chối ,"['trực nhật', 'hợp đồng', 'từ chối']","['001582', '003067', '000226']"
xã hội Đông Dương trung bình ,"['xã hội', 'Đông Dương', 'trung bình']","['001946', '002756', '001546']"
Mexico (nước Mexico) leo trèo nhãn vở ,"['Mexico (nước Mexico)', 'leo trèo', 'nhãn vở']","['003400', '003241', '003610']"
kí hiệu giường cười nhếch mép ,"['kí hiệu', 'giường', 'cười nhếch mép']","['003184', '002917', '000056']"
ghi nhớ chim đại bàng bảo tàng ,"['ghi nhớ', 'chim đại bàng', 'bảo tàng']","['002850', '002205', '001463']"
hàng đơn vị lựu đạn lưỡi ,"['hàng đơn vị', 'lựu đạn', 'lưỡi']","['002949', '003330', '003320']"
đèo đen láy (như đen nhánh) Bà Rịa - Vũng Tàu ,"['đèo', 'đen láy (như đen nhánh)', 'Bà Rịa - Vũng Tàu']","['002679', '002658', '001303']"
lẫn lộn ngày thầy thuốc Việt Nam Đông Dương ,"['lẫn lộn', 'ngày thầy thuốc Việt Nam', 'Đông Dương']","['003236', '000119', '002756']"
chính quyền bất khuất củ cải trắng ,"['chính quyền', 'bất khuất', 'củ cải trắng']","['002213', '000534', '002480']"
giường lẫn lộn giầy ba ta ,"['giường', 'lẫn lộn', 'giầy ba ta']","['002917', '003236', '002891']"
lười học nghỉ ngơi bụi phấn ,"['lười học', 'nghỉ ngơi', 'bụi phấn']","['003317', '003539', '001810']"
hẹn ngã ba khỏi bệnh ,"['hẹn', 'ngã ba', 'khỏi bệnh']","['000369', '003498', '003151']"
tò mò thói quen xịt côn trùng ,"['tò mò', 'thói quen', 'xịt côn trùng']","['001350', '000071', '002585']"
kính lúp từ chối lốc xoáy ,"['kính lúp', 'từ chối', 'lốc xoáy']","['003203', '000226', '000916']"
nổi da gà chặt bất động ,"['nổi da gà', 'chặt', 'bất động']","['000041', '002135', '001553']"
cao thấp hứa Cao Bằng ,"['cao thấp', 'hứa', 'Cao Bằng']","['001949', '000379', '001939']"
kiếm (cái kiếm) anh chị xà phòng ,"['kiếm (cái kiếm)', 'anh chị', 'xà phòng']","['003191', '001213', '001932']"
con nuôi lười học giao thừa ,"['con nuôi', 'lười học', 'giao thừa']","['002372', '003317', '002879']"
chim chào mào nhãn vở nghiêm khắc ,"['chim chào mào', 'nhãn vở', 'nghiêm khắc']","['002202', '003610', '003546']"
liên tục lễ hội phá ,"['liên tục', 'lễ hội', 'phá']","['003267', '003246', '000138']"
lá cây sống sót cúc áo ,"['lá cây', 'sống sót', 'cúc áo']","['003208', '000344', '002475']"
ao chuôm danh sách trúng tuyển ,"['ao chuôm', 'danh sách', 'trúng tuyển']","['001245', '002525', '001570']"
hành động chỉnh sửa củ hành tây ,"['hành động', 'chỉnh sửa', 'củ hành tây']","['002956', '002209', '002482']"
vắng bất động quanh năm ,"['vắng', 'bất động', 'quanh năm']","['001776', '001553', '000552']"
chia phần củi trưởng nhóm ,"['chia phần', 'củi', 'trưởng nhóm']","['002183', '002490', '001618']"
cướp cờ tuyệt vọng in (ấn) ,"['cướp cờ', 'tuyệt vọng', 'in (ấn)']","['002510', '001644', '003088']"
luyện từ và câu nguyên nhân lẫn lộn ,"['luyện từ và câu', 'nguyên nhân', 'lẫn lộn']","['003314', '003577', '003236']"
khỏi bệnh gửi quà mùa xuân ,"['khỏi bệnh', 'gửi quà', 'mùa xuân']","['003151', '002935', '003467']"
kiến thức bao la giao hoán ,"['kiến thức', 'bao la', 'giao hoán']","['003194', '001457', '002877']"
chọi gà nhắm mắt toà án ,"['chọi gà', 'nhắm mắt', 'toà án']","['002220', '000924', '001360']"
tròn danh lam thắng cảnh bằng phẳng ,"['tròn', 'danh lam thắng cảnh', 'bằng phẳng']","['001493', '002522', '001527']"
ấn tượng trộn (đt) luyện tập ,"['ấn tượng', 'trộn (đt)', 'luyện tập']","['001296', '001526', '003313']"
bắn bi la hét ao chuôm ,"['bắn bi', 'la hét', 'ao chuôm']","['001511', '003207', '001245']"
kiểm tra la hét chợ Bến Thành ,"['kiểm tra', 'la hét', 'chợ Bến Thành']","['003188', '003207', '002226']"
trung tâm chính quyền hóa đơn ,"['trung tâm', 'chính quyền', 'hóa đơn']","['001556', '002213', '001633']"
danh nhân mật khẩu lẫn lộn ,"['danh nhân', 'mật khẩu', 'lẫn lộn']","['002524', '003388', '003236']"
trói tay trốn chạy chúng tôi (đại từ) ,"['trói tay', 'trốn chạy', 'chúng tôi (đại từ)']","['001488', '001510', '000281']"
diều in (ấn) cửa kính ,"['diều', 'in (ấn)', 'cửa kính']","['002586', '003088', '002502']"
bụi đời bữa cơm nền nhà ,"['bụi đời', 'bữa cơm', 'nền nhà']","['001808', '001873', '003495']"
bệnh tật lửa mui xe ,"['bệnh tật', 'lửa', 'mui xe']","['001623', '003315', '003473']"
về 5 (về nhà) bắn súng ông ngoại ,"['về 5 (về nhà)', 'bắn súng', 'ông ngoại']","['000366', '001517', '000106']"
trốn chạy lão già đuôi cá ,"['trốn chạy', 'lão già', 'đuôi cá']","['001510', '003228', '000170']"
tuân lệnh châm chọc hàng đơn vị ,"['tuân lệnh', 'châm chọc', 'hàng đơn vị']","['001624', '002139', '002949']"
bánh giầy Long An chín ,"['bánh giầy', 'Long An', 'chín']","['001437', '003285', '002210']"
ăn hối lộ ác mộng ngày xưa ,"['ăn hối lộ', 'ác mộng', 'ngày xưa']","['001270', '001196', '003513']"
cuống lá báo động danh từ ,"['cuống lá', 'báo động', 'danh từ']","['002496', '001483', '002526']"
"kiêu (kiêu căng, kiêu xa) trình độ sống sót ","['kiêu (kiêu căng, kiêu xa)', 'trình độ', 'sống sót']","['003197', '001484', '000342']"
từ chối giẫm lĩnh hội ,"['từ chối', 'giẫm', 'lĩnh hội']","['000224', '002887', '003274']"
em rể bàn phím (máy vi tính) tò mò ,"['em rể', 'bàn phím (máy vi tính)', 'tò mò']","['002803', '001343', '001350']"
ngày thầy thuốc Việt Nam hằng đẳng thức cục tẩy ,"['ngày thầy thuốc Việt Nam', 'hằng đẳng thức', 'cục tẩy']","['000117', '002967', '002488']"
Ba chân bốn cẳng gói bãi cỏ ,"['Ba chân bốn cẳng', 'gói', 'bãi cỏ']","['001299', '002926', '001323']"
ngày thành lập quân đội nhân dân Việt Nam phiên dịch cao độ ,"['ngày thành lập quân đội nhân dân Việt Nam', 'phiên dịch', 'cao độ']","['000121', '000206', '001941']"
truyền thống lau nhà chim chích chòe ,"['truyền thống', 'lau nhà', 'chim chích chòe']","['001580', '003231', '002203']"
phiên dịch khỏi bệnh luyện tập ,"['phiên dịch', 'khỏi bệnh', 'luyện tập']","['000206', '003151', '003313']"
sống sót nhân viên dai ,"['sống sót', 'nhân viên', 'dai']","['000342', '000010', '002514']"
Long Vương cạnh hàng chục nghìn ,"['Long Vương', 'cạnh', 'hàng chục nghìn']","['000508', '001923', '002946']"
chim phượng hoàng chim yến hạn hán ,"['chim phượng hoàng', 'chim yến', 'hạn hán']","['002207', '002208', '002944']"
đồ ăn lơ lửng trốn chạy ,"['đồ ăn', 'lơ lửng', 'trốn chạy']","['000945', '003295', '001510']"
bẫy chuột (dụng cụ) trọng tài gương mặt ,"['bẫy chuột (dụng cụ)', 'trọng tài', 'gương mặt']","['001565', '001504', '002938']"
nhầm lúng túng mỳ ý ,"['nhầm', 'lúng túng', 'mỳ ý']","['000133', '003311', '000187']"
hàng chục diều bãi cát ,"['hàng chục', 'diều', 'bãi cát']","['002945', '002586', '001321']"
cuộc đời liều mình lây nhiễm ,"['cuộc đời', 'liều mình', 'lây nhiễm']","['002492', '003272', '003239']"
ngoại hình bực mình gấp ba ,"['ngoại hình', 'bực mình', 'gấp ba']","['003551', '000096', '000556']"
cao tầng nghệ thuật ruột già ,"['cao tầng', 'nghệ thuật', 'ruột già']","['001947', '003528', '000581']"
không cần nghé bước ,"['không cần', 'nghé', 'bước']","['000088', '003523', '001882']"
màu đen chủ động cuối tuần ,"['màu đen', 'chủ động', 'cuối tuần']","['003346', '002237', '000892']"
lọng nhãn vở trông chờ ,"['lọng', 'nhãn vở', 'trông chờ']","['003286', '003610', '001516']"
nhiệt kế bực mình Ả Rập (nước Ả Rập) ,"['nhiệt kế', 'bực mình', 'Ả Rập (nước Ả Rập)']","['003644', '000096', '000021']"
bằng phẳng dãy số giảm ,"['bằng phẳng', 'dãy số', 'giảm']","['001527', '002532', '002858']"
cực khổ bể bơi Bắc Kạn ,"['cực khổ', 'bể bơi', 'Bắc Kạn']","['000219', '001589', '001503']"
chị dâu gợi ý cửa kính ,"['chị dâu', 'gợi ý', 'cửa kính']","['002175', '002933', '002502']"
củ cải trắng chu vi cháu họ ,"['củ cải trắng', 'chu vi', 'cháu họ']","['002480', '002235', '000335']"
ngoan ngoãn cột nhà chiều tối ,"['ngoan ngoãn', 'cột nhà', 'chiều tối']","['003553', '002453', '002195']"
bát sờ nạp điện ,"['bát', 'sờ', 'nạp điện']","['001487', '000926', '003482']"
xoa đầu truyền thống quan hệ từ ,"['xoa đầu', 'truyền thống', 'quan hệ từ']","['000232', '001580', '000520']"
lên xe chia hết Hà Giang ,"['lên xe', 'chia hết', 'Hà Giang']","['003254', '002182', '002940']"
bánh giò lặn cuối tuần ,"['bánh giò', 'lặn', 'cuối tuần']","['001439', '003232', '000892']"
người nước ngoài liền sau trường hợp ,"['người nước ngoài', 'liền sau', 'trường hợp']","['000030', '003268', '001598']"
màu xanh da trời trống dãy số ,"['màu xanh da trời', 'trống', 'dãy số']","['003355', '001524', '002532']"
hợp đồng lời giải sờ ,"['hợp đồng', 'lời giải', 'sờ']","['003068', '003296', '000926']"
gấp ba giao lưu ngõ ,"['gấp ba', 'giao lưu', 'ngõ']","['000556', '002878', '003558']"
gọt bút chì (cái) cánh tay ngày sinh ,"['gọt bút chì (cái)', 'cánh tay', 'ngày sinh']","['002927', '001921', '003510']"
cầu tre củ đậu truyền dịch ,"['cầu tre', 'củ đậu', 'truyền dịch']","['002007', '002471', '001576']"
phấn (viết bảng) Cà Mau hằng đẳng thức ,"['phấn (viết bảng)', 'Cà Mau', 'hằng đẳng thức']","['000182', '001896', '002967']"
bún đậu đánh răng đi dạo ,"['bún đậu', 'đánh răng', 'đi dạo']","['000199', '000873', '000354']"
chim yến trúng thưởng bán kính (hình tròn) ,"['chim yến', 'trúng thưởng', 'bán kính (hình tròn)']","['002208', '001568', '001369']"
Miến Điện (nước Mi-an-ma) bánh pía bùn ,"['Miến Điện (nước Mi-an-ma)', 'bánh pía', 'bùn']","['000012', '001451', '001818']"
bàn bạc chép bài lông gà ,"['bàn bạc', 'chép bài', 'lông gà']","['001333', '002163', '003291']"
bảo thủ truyền thông trục hoành ,"['bảo thủ', 'truyền thông', 'trục hoành']","['001465', '001578', '001532']"
đội thiếu niên lây nhiễm xịt côn trùng ,"['đội thiếu niên', 'lây nhiễm', 'xịt côn trùng']","['002754', '003239', '002585']"
phương Đông bánh pía hàng chục triệu ,"['phương Đông', 'bánh pía', 'hàng chục triệu']","['000025', '001451', '002947']"
bình thường kiến thức bàn bạc ,"['bình thường', 'kiến thức', 'bàn bạc']","['001667', '003194', '001333']"
phá hạt tiêu tương ớt chiều cao ,"['phá', 'hạt tiêu', 'tương ớt', 'chiều cao']","['000138', '002965', '000248', '002192']"
bắt nạt lau miệng cánh tay ki-lô-mét vuông (km2) ,"['bắt nạt', 'lau miệng', 'cánh tay', 'ki-lô-mét vuông (km2)']","['001545', '000514', '001921', '003180']"
cống la bàn lũy tre bậc thang ,"['cống', 'la bàn', 'lũy tre', 'bậc thang']","['002445', '003206', '003312', '001549']"
kiểm tra tương ớt gọt bút chì (cái) trống ,"['kiểm tra', 'tương ớt', 'gọt bút chì (cái)', 'trống']","['003188', '000246', '002927', '001524']"
bọt biển giàu có ấm áp ẩm mốc ,"['bọt biển', 'giàu có', 'ấm áp', 'ẩm mốc']","['001711', '002885', '001286', '001282']"
em họ chỉnh sửa mỗi ngày chị dâu ,"['em họ', 'chỉnh sửa', 'mỗi ngày', 'chị dâu']","['000333', '002209', '000385', '002175']"
Long An giải lao bộ đội cao quý ,"['Long An', 'giải lao', 'bộ đội', 'cao quý']","['003285', '002869', '001733', '001945']"
kính trọng cứu hộ chim chào mào lời giải ,"['kính trọng', 'cứu hộ', 'chim chào mào', 'lời giải']","['003204', '002513', '002202', '003296']"
cuộn giấy vệ sinh mùa hè hạt ngày Quốc tế Lao động ,"['cuộn giấy vệ sinh', 'mùa hè', 'hạt', 'ngày Quốc tế Lao động']","['002495', '003463', '002961', '003508']"
ầm ĩ luật chơi toà án khó khăn ,"['ầm ĩ', 'luật chơi', 'toà án', 'khó khăn']","['001280', '003301', '001364', '003135']"
lồng bàn ghi hình nhập trường màu đen ,"['lồng bàn', 'ghi hình', 'nhập trường', 'màu đen']","['003292', '002849', '003636', '003346']"
súp lơ củ hành tây chép bài cụ ,"['súp lơ', 'củ hành tây', 'chép bài', 'cụ']","['000176', '002482', '002163', '002485']"
la bàn tự vệ cá kiếm dán ,"['la bàn', 'tự vệ', 'cá kiếm', 'dán']","['003206', '001674', '000167', '002528']"
nấu nướng phá ngăn cản cướp giật ,"['nấu nướng', 'phá', 'ngăn cản', 'cướp giật']","['000229', '000138', '003514', '002511']"
cột sống An Giang xịt côn trùng cuốn ,"['cột sống', 'An Giang', 'xịt côn trùng', 'cuốn']","['002454', '001203', '002585', '002494']"
hứa quan (chức vụ) truyền dịch ngon giấc ,"['hứa', 'quan (chức vụ)', 'truyền dịch', 'ngon giấc']","['000375', '000524', '001576', '003556']"
cúi châm chọc tương ớt khó khăn ,"['cúi', 'châm chọc', 'tương ớt', 'khó khăn']","['002476', '002139', '000244', '003135']"
anh rể lau nhà Đông Dương chợ Bến Thành ,"['anh rể', 'lau nhà', 'Đông Dương', 'chợ Bến Thành']","['001229', '003231', '002756', '002226']"
bún mắm cởi áo chèo thuyền nạp điện ,"['bún mắm', 'cởi áo', 'chèo thuyền', 'nạp điện']","['000191', '002462', '002162', '003482']"
ngày thành lập quân đội nhân dân Việt Nam đường chỉ tay em họ cơm ,"['ngày thành lập quân đội nhân dân Việt Nam', 'đường chỉ tay', 'em họ', 'cơm']","['000125', '002172', '000331', '002466']"
cao quý chia cắt dán nhầm ,"['cao quý', 'chia cắt', 'dán', 'nhầm']","['001945', '002180', '002528', '000131']"
danh mục chìa khóa hậu quả mứt ,"['danh mục', 'chìa khóa', 'hậu quả', 'mứt']","['002523', '002186', '002970', '003476']"
trung bình lây nhiễm ghen tị bức tường ,"['trung bình', 'lây nhiễm', 'ghen tị', 'bức tường']","['001546', '003239', '000046', '001880']"
bánh đa nét mặt tỉnh loạn thị ,"['bánh đa', 'nét mặt', 'tỉnh', 'loạn thị']","['001431', '003493', '000007', '003283']"
ầm ĩ đèo suỵt ông ngoại ,"['ầm ĩ', 'đèo', 'suỵt', 'ông ngoại']","['001280', '002679', '000158', '000110']"
xe khách tụ tập kính lúp mách ,"['xe khách', 'tụ tập', 'kính lúp', 'mách']","['002000', '001622', '003203', '000141']"
cưa (cái cưa) buồn thảm ti hí mắt chim chích chòe ,"['cưa (cái cưa)', 'buồn thảm', 'ti hí mắt', 'chim chích chòe']","['002499', '000135', '000150', '002203']"
thói quen trộm cắp cạnh đáy sân chơi ,"['thói quen', 'trộm cắp', 'cạnh đáy', 'sân chơi']","['000071', '001508', '001927', '000658']"
lúng túng cháu họ lục địa gợi ý ,"['lúng túng', 'cháu họ', 'lục địa', 'gợi ý']","['003311', '000337', '003308', '002933']"
lễ phép gương mặt cây xanh tươi văn nghệ ,"['lễ phép', 'gương mặt', 'cây xanh tươi', 'văn nghệ']","['003250', '002938', '001961', '001768']"
Bun-ga-ri (nước Bun-ga-ri) chi tiết người xấu vấn đề ,"['Bun-ga-ri (nước Bun-ga-ri)', 'chi tiết', 'người xấu', 'vấn đề']","['001816', '002167', '003591', '001786']"
văn nghệ bít tết (bò) khu vườn hàng xóm ,"['văn nghệ', 'bít tết (bò)', 'khu vườn', 'hàng xóm']","['001772', '000173', '003168', '002955']"
Nhật (nước Nhật) cử chỉ điệu bộ em họ hàng chục triệu ,"['Nhật (nước Nhật)', 'cử chỉ điệu bộ', 'em họ', 'hàng chục triệu']","['003639', '002497', '000333', '002947']"
ngộ độc bịa đặt tương ớt giãn cách xã hội ,"['ngộ độc', 'bịa đặt', 'tương ớt', 'giãn cách xã hội']","['003566', '001631', '000248', '000634']"
cuộn giấy vệ sinh xa vô tận cụ đồ ông bà ,"['cuộn giấy vệ sinh', 'xa vô tận', 'cụ đồ', 'ông bà']","['002495', '001870', '002486', '000322']"
lễ Nô-en ấm no ngân hàng tỉnh ,"['lễ Nô-en', 'ấm no', 'ngân hàng', 'tỉnh']","['003247', '001290', '003521', '000007']"
lơ lửng lung tung bằng phẳng chiếm đoạt ,"['lơ lửng', 'lung tung', 'bằng phẳng', 'chiếm đoạt']","['003295', '000048', '001527', '002190']"
hợp đồng lặng lẽ cửa sổ cầu kì ,"['hợp đồng', 'lặng lẽ', 'cửa sổ', 'cầu kì']","['003067', '003233', '002503', '002001']"
cùi chỏ bụi đời ngã tình cờ ,"['cùi chỏ', 'bụi đời', 'ngã', 'tình cờ']","['002489', '001808', '003504', '001314']"
toà án chia sẻ tuân lệnh mít tinh ,"['toà án', 'chia sẻ', 'tuân lệnh', 'mít tinh']","['001364', '002184', '001624', '000454']"
tròn trịa (mặt) mục tiêu nhiệt kế leo trèo ,"['tròn trịa (mặt)', 'mục tiêu', 'nhiệt kế', 'leo trèo']","['001490', '000898', '003642', '003241']"
lúc nào xoa đầu thói quen nạp điện ,"['lúc nào', 'xoa đầu', 'thói quen', 'nạp điện']","['003305', '000232', '000071', '003482']"
hàng triệu xanh xao giàu có lục địa ,"['hàng triệu', 'xanh xao', 'giàu có', 'lục địa']","['002954', '001954', '002885', '003308']"
Tuy Hoà bàn tay anh vợ vô duyên ,"['Tuy Hoà', 'bàn tay', 'anh vợ', 'vô duyên']","['000035', '001345', '001241', '000146']"
cơm rang ghi chép không nghe lời chép bài ,"['cơm rang', 'ghi chép', 'không nghe lời', 'chép bài']","['000207', '002847', '000074', '002163']"
Gia Lai hậu quả la bàn nhãn vở ,"['Gia Lai', 'hậu quả', 'la bàn', 'nhãn vở']","['002851', '002970', '003206', '003610']"
ngày của Cha bản làng lĩnh hội ngày của Cha ,"['ngày của Cha', 'bản làng', 'lĩnh hội', 'ngày của Cha']","['000113', '001355', '003274', '000109']"
cá kho môn Địa lý bãi đỗ xe (ô tô) cử chỉ điệu bộ ,"['cá kho', 'môn Địa lý', 'bãi đỗ xe (ô tô)', 'cử chỉ điệu bộ']","['001898', '002128', '001325', '002497']"
âm thanh lồng bàn ngôn ngữ lưỡi ,"['âm thanh', 'lồng bàn', 'ngôn ngữ', 'lưỡi']","['001278', '003292', '003571', '003320']"
con cá sấu đi dạo cột đèn trông chờ ,"['con cá sấu', 'đi dạo', 'cột đèn', 'trông chờ']","['000127', '000354', '002449', '001516']"
bãi đỗ xe (ô tô) nén lều trại dốt ,"['bãi đỗ xe (ô tô)', 'nén', 'lều trại', 'dốt']","['001325', '003492', '003255', '002596']"
trung thành đen láy (như đen nhánh) Gia Lai lửa ,"['trung thành', 'đen láy (như đen nhánh)', 'Gia Lai', 'lửa']","['001558', '002658', '002851', '003315']"
hậu quả nền nhà bẫy chuột (dụng cụ) bàn chân ,"['hậu quả', 'nền nhà', 'bẫy chuột (dụng cụ)', 'bàn chân']","['002970', '003495', '001565', '001337']"
trục hoành nhiệt kế về 2 (Miền Bắc) hàng triệu ,"['trục hoành', 'nhiệt kế', 'về 2 (Miền Bắc)', 'hàng triệu']","['001532', '003644', '000360', '002954']"
cuống hoa ấm áp cao độ bắp ngô ,"['cuống hoa', 'ấm áp', 'cao độ', 'bắp ngô']","['002477', '001286', '001941', '001529']"
bát hương mách danh hiệu gật đầu ,"['bát hương', 'mách', 'danh hiệu', 'gật đầu']","['001489', '000137', '002521', '002842']"
liên lạc gấp ba giơ tay kết quả ,"['liên lạc', 'gấp ba', 'giơ tay', 'kết quả']","['003264', '000556', '002911', '003105']"
cầu tre danh dự chủ động ông nội ,"['cầu tre', 'danh dự', 'chủ động', 'ông nội']","['002007', '002520', '002237', '000112']"
tụ tập gửi quà Hậu Giang bụi phấn ,"['tụ tập', 'gửi quà', 'Hậu Giang', 'bụi phấn']","['001622', '002935', '002969', '001814']"
ma quỷ củ gừng trung thành kim ,"['ma quỷ', 'củ gừng', 'trung thành', 'kim']","['003333', '002481', '001558', '003198']"
xã hội cạnh đáy hẹn bắp ngô ,"['xã hội', 'cạnh đáy', 'hẹn', 'bắp ngô']","['001946', '001927', '000371', '001529']"
vắng sữa lồng bàn cuộn giấy vệ sinh ,"['vắng', 'sữa', 'lồng bàn', 'cuộn giấy vệ sinh']","['001776', '000799', '003292', '002495']"
chim chóc bàn tay nghiêm túc ấn tượng ,"['chim chóc', 'bàn tay', 'nghiêm túc', 'ấn tượng']","['002204', '001345', '003549', '001296']"
bắp ngô ngón tay lạc quan về 3 (đi về) ,"['bắp ngô', 'ngón tay', 'lạc quan', 'về 3 (đi về)']","['001529', '003560', '003212', '000362']"
mưa phùn chiếm đoạt nhầm danh từ ,"['mưa phùn', 'chiếm đoạt', 'nhầm', 'danh từ']","['003475', '002190', '000131', '002526']"
Cao Bằng xã hội danh hiệu cụ già ,"['Cao Bằng', 'xã hội', 'danh hiệu', 'cụ già']","['001939', '001946', '002521', '002487']"
cháu họ buồn nôn tò mò bánh đúc ,"['cháu họ', 'buồn nôn', 'tò mò', 'bánh đúc']","['000335', '001853', '001350', '001433']"
anh chị truyền thống gương mẫu đuôi cá ,"['anh chị', 'truyền thống', 'gương mẫu', 'đuôi cá']","['001213', '001580', '002939', '000170']"
chỉ nghĩa trang bổ trợ bún chả ,"['chỉ', 'nghĩa trang', 'bổ trợ', 'bún chả']","['002168', '003545', '001721', '000193']"
cuộc sống lấy ngăn chặn lốc xoáy ,"['cuộc sống', 'lấy', 'ngăn chặn', 'lốc xoáy']","['002493', '003240', '003515', '000916']"
ngày thầy thuốc Việt Nam báo (con báo) vấn đề hợp đồng ,"['ngày thầy thuốc Việt Nam', 'báo (con báo)', 'vấn đề', 'hợp đồng']","['000119', '001475', '001786', '003067']"
giá trị tuyệt đối giảm mù chữ nhập trường ,"['giá trị tuyệt đối', 'giảm', 'mù chữ', 'nhập trường']","['002868', '002858', '000100', '003636']"
suỵt cuối năm mui xe lúa ,"['suỵt', 'cuối năm', 'mui xe', 'lúa']","['000158', '000896', '003473', '003300']"
Ê Đê lấy Hậu Giang danh mục ,"['Ê Đê', 'lấy', 'Hậu Giang', 'danh mục']","['002808', '003240', '002969', '002523']"
âm thanh chín ảo thuật người xấu ,"['âm thanh', 'chín', 'ảo thuật', 'người xấu']","['001278', '002210', '001248', '003591']"
trứng trục tung nhập khẩu áo cánh ,"['trứng', 'trục tung', 'nhập khẩu', 'áo cánh']","['001584', '001534', '000032', '001254']"
mô tả lĩnh vực tương ớt lon bia ,"['mô tả', 'lĩnh vực', 'tương ớt', 'lon bia']","['000904', '003275', '000246', '003284']"
"lồng bàn chín tò mò kiêu (kiêu căng, kiêu xa) ","['lồng bàn', 'chín', 'tò mò', 'kiêu (kiêu căng, kiêu xa)']","['003292', '002210', '001350', '003197']"
giã la bàn anh hùng bước ,"['giã', 'la bàn', 'anh hùng', 'bước']","['002861', '003206', '001227', '001882']"
bàn phím (máy vi tính) dài hạn trung ương lưỡi ,"['bàn phím (máy vi tính)', 'dài hạn', 'trung ương', 'lưỡi']","['001343', '002516', '001566', '003320']"
Bắc Giang bụi phấn chiều dài cụm từ ,"['Bắc Giang', 'bụi phấn', 'chiều dài', 'cụm từ']","['001501', '001810', '002193', '002491']"
Hà Lan (nước Hà Lan) Bình Thuận trung bình bánh pía ,"['Hà Lan (nước Hà Lan)', 'Bình Thuận', 'trung bình', 'bánh pía']","['002941', '001665', '001546', '001451']"
bình thường cơm chủ ngữ chiều dài ,"['bình thường', 'cơm', 'chủ ngữ', 'chiều dài']","['001667', '002466', '002239', '002193']"
xôi gà mùa xuân lây bệnh chiếu phim ,"['xôi gà', 'mùa xuân', 'lây bệnh', 'chiếu phim']","['000204', '003467', '003238', '002199']"
lúa nghỉ hè bật lửa anh chị ,"['lúa', 'nghỉ hè', 'bật lửa', 'anh chị']","['003300', '003534', '001559', '001213']"
bổ trợ bập bênh cao độ ông ngoại ,"['bổ trợ', 'bập bênh', 'cao độ', 'ông ngoại']","['001721', '001551', '001941', '000110']"
danh từ riêng ngôn ngữ ấm áp lĩnh vực ,"['danh từ riêng', 'ngôn ngữ', 'ấm áp', 'lĩnh vực']","['002527', '003571', '001286', '003275']"
về 5 (về nhà) Tuy Hoà bánh pía dàn bài ,"['về 5 (về nhà)', 'Tuy Hoà', 'bánh pía', 'dàn bài']","['000366', '000035', '001451', '002517']"
Đông Timor (nước Đông Timor) đẹp mê hồn Lâm Đồng cao tầng ,"['Đông Timor (nước Đông Timor)', 'đẹp mê hồn', 'Lâm Đồng', 'cao tầng']","['002758', '002681', '003235', '001947']"
trống mỗi ngày ăn đủ truyền thông ,"['trống', 'mỗi ngày', 'ăn đủ', 'truyền thông']","['001524', '000385', '000937', '001578']"
tình cờ bụi đời dẫn chứng ngâm hạt ,"['tình cờ', 'bụi đời', 'dẫn chứng', 'ngâm hạt']","['001314', '001808', '002545', '003520']"
bản nhạc chú hề dai hàng dọc ,"['bản nhạc', 'chú hề', 'dai', 'hàng dọc']","['001359', '002242', '002514', '002948']"
ki-lô-gam trường hợp bánh giò luật chơi ,"['ki-lô-gam', 'trường hợp', 'bánh giò', 'luật chơi']","['003179', '001598', '001439', '003303']"
ngã ba chợ Bến Thành lây nhiễm gửi ,"['ngã ba', 'chợ Bến Thành', 'lây nhiễm', 'gửi']","['003498', '002226', '003239', '002934']"
linh hồn chợ nổi Cái Bè chia sẻ hốt hoảng ,"['linh hồn', 'chợ nổi Cái Bè', 'chia sẻ', 'hốt hoảng']","['003273', '002228', '002184', '000530']"
Liên Bang Nga (nước Nga) mật khẩu tuyên bố chuyện nhỏ ,"['Liên Bang Nga (nước Nga)', 'mật khẩu', 'tuyên bố', 'chuyện nhỏ']","['003257', '003388', '001640', '000532']"
đi dạo Lâm Đồng cướp cờ chợ Bến Thành ,"['đi dạo', 'Lâm Đồng', 'cướp cờ', 'chợ Bến Thành']","['000354', '003235', '002510', '002226']"
sữa cửa khẩu gửi nhầm ,"['sữa', 'cửa khẩu', 'gửi', 'nhầm']","['000799', '002501', '002934', '000133']"
củ cải trắng không nghe lời nghỉ hè nghĩa trang ,"['củ cải trắng', 'không nghe lời', 'nghỉ hè', 'nghĩa trang']","['002480', '000074', '003534', '003545']"
suýt nếm hăng hái ngày của Cha ,"['suýt', 'nếm', 'hăng hái', 'ngày của Cha']","['000162', '003494', '002966', '000113']"
luật lệ Miến Điện (nước Mi-an-ma) Cao Bằng sống sót nghĩa đen ,"['luật lệ', 'Miến Điện (nước Mi-an-ma)', 'Cao Bằng', 'sống sót', 'nghĩa đen']","['003304', '000012', '001939', '000342', '003540']"
góc bẹt Bãi biển Vũng Tàu vô duyên lạc quan hứa ,"['góc bẹt', 'Bãi biển Vũng Tàu', 'vô duyên', 'lạc quan', 'hứa']","['002918', '001319', '000148', '003212', '000377']"
Ả Rập (nước Ả Rập) ầm ĩ cột sống Chi-lê (nước Chi-lê) bộ đội ,"['Ả Rập (nước Ả Rập)', 'ầm ĩ', 'cột sống', 'Chi-lê (nước Chi-lê)', 'bộ đội']","['000021', '001280', '002454', '002176', '001733']"
buồn thảm giận dữ gói hạt lúa giận dỗi ,"['buồn thảm', 'giận dữ', 'gói', 'hạt lúa', 'giận dỗi']","['000135', '002889', '002926', '002964', '002888']"
chó xù hàng trăm nghìn chong chóng Tuy Hoà Miến Điện (nước Mi-an-ma) ,"['chó xù', 'hàng trăm nghìn', 'chong chóng', 'Tuy Hoà', 'Miến Điện (nước Mi-an-ma)']","['002219', '002953', '002224', '000035', '000012']"
cùi chỏ dài xà phòng giặt Đu Bai (nước Đu Bai) Quy Nhơn ,"['cùi chỏ', 'dài', 'xà phòng giặt', 'Đu Bai (nước Đu Bai)', 'Quy Nhơn']","['002489', '002515', '001938', '000027', '000037']"
cụ già lây bệnh bát hương cuộc sống trộm cắp ,"['cụ già', 'lây bệnh', 'bát hương', 'cuộc sống', 'trộm cắp']","['002487', '003238', '001489', '002493', '001508']"
Quy Nhơn cống năng lực kinh ngạc hợp đồng ,"['Quy Nhơn', 'cống', 'năng lực', 'kinh ngạc', 'hợp đồng']","['000037', '002445', '003489', '003199', '003068']"
xuất hiện mưa phùn sân chơi cực khổ phiên dịch ,"['xuất hiện', 'mưa phùn', 'sân chơi', 'cực khổ', 'phiên dịch']","['002052', '003475', '000657', '000219', '000201']"
củ cải trắng hẹn bàn tay nhắm mắt giầy ba ta ,"['củ cải trắng', 'hẹn', 'bàn tay', 'nhắm mắt', 'giầy ba ta']","['002480', '000371', '001345', '000924', '002891']"
củ tỏi tờ báo nẻ tuyệt vọng bảo thủ ,"['củ tỏi', 'tờ báo', 'nẻ', 'tuyệt vọng', 'bảo thủ']","['002483', '001404', '003491', '001644', '001465']"
mật khẩu bước đuôi cá bộ đội cánh tay ,"['mật khẩu', 'bước', 'đuôi cá', 'bộ đội', 'cánh tay']","['003388', '001882', '000170', '001733', '001921']"
chia phần dao toa xe kim Ba chân bốn cẳng ,"['chia phần', 'dao', 'toa xe', 'kim', 'Ba chân bốn cẳng']","['002183', '002529', '001354', '003198', '001299']"
bắp ngô kí duyệt ngày xưa nghiêm khắc bít tết (bò) ,"['bắp ngô', 'kí duyệt', 'ngày xưa', 'nghiêm khắc', 'bít tết (bò)']","['001529', '003178', '003513', '003546', '000173']"
hàng chục triệu ngón tay hài hước lợi ích thói quen ,"['hàng chục triệu', 'ngón tay', 'hài hước', 'lợi ích', 'thói quen']","['002947', '003560', '002943', '003298', '000071']"
bún ngan cánh tay bụi đời vấn đề dài hạn ,"['bún ngan', 'cánh tay', 'bụi đời', 'vấn đề', 'dài hạn']","['000195', '001921', '001808', '001786', '002516']"
chim phượng hoàng con cá sấu gói (đgt) Ả Rập (nước Ả Rập) Kon Tum ,"['chim phượng hoàng', 'con cá sấu', 'gói (đgt)', 'Ả Rập (nước Ả Rập)', 'Kon Tum']","['002207', '000127', '002925', '000021', '003205']"
Thăng Long mỳ tôm chú hề nghị lực ý nghĩa ,"['Thăng Long', 'mỳ tôm', 'chú hề', 'nghị lực', 'ý nghĩa']","['000549', '000177', '002242', '003543', '002080']"
gương ma cà rồng trực nhật dãy nhà ngón tay ,"['gương', 'ma cà rồng', 'trực nhật', 'dãy nhà', 'ngón tay']","['002937', '003332', '001582', '002530', '003560']"
bún đậu cụ ông ngoại tình cờ áo cánh ,"['bún đậu', 'cụ', 'ông ngoại', 'tình cờ', 'áo cánh']","['000199', '002485', '000106', '001314', '001254']"
nguyên nhân Kiên Giang dãy núi chim gõ kiến báo động ,"['nguyên nhân', 'Kiên Giang', 'dãy núi', 'chim gõ kiến', 'báo động']","['003577', '003192', '002531', '002206', '001483']"
ngày của Cha suýt kí duyệt bắc bán cầu cửa kính ,"['ngày của Cha', 'suýt', 'kí duyệt', 'bắc bán cầu', 'cửa kính']","['000111', '000162', '003178', '001497', '002502']"
dán hàng nghìn khuyến khích sân chơi ngoại hình ,"['dán', 'hàng nghìn', 'khuyến khích', 'sân chơi', 'ngoại hình']","['002528', '002951', '000072', '000657', '003551']"
Trung Quốc (nước Trung Quốc) Tuy Hoà ao chuôm Ê Đê về 3 (đi về) ,"['Trung Quốc (nước Trung Quốc)', 'Tuy Hoà', 'ao chuôm', 'Ê Đê', 'về 3 (đi về)']","['001554', '000035', '001245', '002808', '000362']"
lông ngà voi Lào (nước Lào) bước chân cá voi ,"['lông', 'ngà voi', 'Lào (nước Lào)', 'bước chân', 'cá voi']","['003290', '003497', '003225', '001884', '000165']"
trở thành quan hệ từ dán bàn tay dãy núi ,"['trở thành', 'quan hệ từ', 'dán', 'bàn tay', 'dãy núi']","['001528', '000520', '002528', '001345', '002531']"
ngân hàng nghiêm túc buông màn kém cử động ,"['ngân hàng', 'nghiêm túc', 'buông màn', 'kém', 'cử động']","['003521', '003549', '001855', '003096', '002498']"
trực nhật bụng lồng chim linh hồn đi dạo ,"['trực nhật', 'bụng', 'lồng chim', 'linh hồn', 'đi dạo']","['001582', '001820', '003293', '003273', '000354']"
màu xanh da trời kịch bản lấy đuôi cá chú rể ,"['màu xanh da trời', 'kịch bản', 'lấy', 'đuôi cá', 'chú rể']","['003355', '003187', '003240', '000170', '002243']"
loạn thị tuân lệnh ngày thành lập quân đội nhân dân Việt Nam xôi gà yếu ,"['loạn thị', 'tuân lệnh', 'ngày thành lập quân đội nhân dân Việt Nam', 'xôi gà', 'yếu']","['003283', '001624', '000123', '000204', '002112']"
bãi cát nghi ngờ suýt trường THPT ( cấp 3) giá trị tuyệt đối ,"['bãi cát', 'nghi ngờ', 'suýt', 'trường THPT ( cấp 3)', 'giá trị tuyệt đối']","['001321', '003531', '000164', '001612', '002868']"
lúng túng giáo sĩ ghi chú bước lược ,"['lúng túng', 'giáo sĩ', 'ghi chú', 'bước', 'lược']","['003311', '002884', '002848', '001882', '003316']"
bé hơn thói quen góc tù bát ma ,"['bé hơn', 'thói quen', 'góc tù', 'bát', 'ma']","['001575', '000069', '002922', '001487', '003331']"
chỉ dẫn chợ nổi Cái Bè Bà Rịa - Vũng Tàu bình an dàn bài ,"['chỉ dẫn', 'chợ nổi Cái Bè', 'Bà Rịa - Vũng Tàu', 'bình an', 'dàn bài']","['002169', '002228', '001303', '001655', '002517']"
văn nghệ xưa cuối tuần khó khăn đồng tiền ,"['văn nghệ', 'xưa', 'cuối tuần', 'khó khăn', 'đồng tiền']","['001772', '002066', '000892', '003135', '002765']"
hàng triệu bụi phấn mỳ tôm luyện từ và câu giật mình ,"['hàng triệu', 'bụi phấn', 'mỳ tôm', 'luyện từ và câu', 'giật mình']","['002954', '001810', '000181', '003314', '002890']"
trống môn Đạo đức toà án Lào (nước Lào) suýt ,"['trống', 'môn Đạo đức', 'toà án', 'Lào (nước Lào)', 'suýt']","['001524', '003427', '001360', '003227', '000160']"
mỳ tôm báo (con báo) mỗi ngày bụi phấn lao phổi ,"['mỳ tôm', 'báo (con báo)', 'mỗi ngày', 'bụi phấn', 'lao phổi']","['000177', '001475', '000387', '001810', '003224']"
ma góc tù mỗi ngày linh hồn buông màn ,"['ma', 'góc tù', 'mỗi ngày', 'linh hồn', 'buông màn']","['003331', '002922', '000387', '003273', '001855']"
trung tâm tự tin cực khổ bún mắm nhân viên ,"['trung tâm', 'tự tin', 'cực khổ', 'bún mắm', 'nhân viên']","['001556', '001668', '000219', '000191', '000010']"
trung bình chèn ép bình thường lúa trình bày ,"['trung bình', 'chèn ép', 'bình thường', 'lúa', 'trình bày']","['001546', '002160', '001667', '003300', '001482']"
cắm trại em họ mỳ vằn thắn cuối tháng chả cá ,"['cắm trại', 'em họ', 'mỳ vằn thắn', 'cuối tháng', 'chả cá']","['000209', '000331', '000183', '000894', '002063']"
chi tiết danh hiệu danh bạ cờ cạnh bên (toán) ,"['chi tiết', 'danh hiệu', 'danh bạ', 'cờ', 'cạnh bên (toán)']","['002167', '002521', '002519', '002464', '001925']"
khả năng hói đầu mỳ ý tuyệt vọng dàn nhạc ,"['khả năng', 'hói đầu', 'mỳ ý', 'tuyệt vọng', 'dàn nhạc']","['000211', '000054', '000187', '001644', '002518']"
bún ngan ghi nhớ Gia Lai ma cà rồng trúng tuyển ,"['bún ngan', 'ghi nhớ', 'Gia Lai', 'ma cà rồng', 'trúng tuyển']","['000195', '002850', '002851', '003332', '001570']"
ngôn ngữ buộc dây Đu Bai (nước Đu Bai) băng bó cao độ ,"['ngôn ngữ', 'buộc dây', 'Đu Bai (nước Đu Bai)', 'băng bó', 'cao độ']","['003571', '001822', '000027', '001519', '001941']"
buồn nôn lương thực mỳ tôm leo trèo danh mục ,"['buồn nôn', 'lương thực', 'mỳ tôm', 'leo trèo', 'danh mục']","['001853', '003324', '000179', '003241', '002523']"
tò mò diệt chủng cuống hoa chuyện nhỏ ki-lô-gam ,"['tò mò', 'diệt chủng', 'cuống hoa', 'chuyện nhỏ', 'ki-lô-gam']","['001350', '002584', '002477', '000532', '003179']"
bụi phấn chuyện nhỏ sống sót báo cáo trú mưa ,"['bụi phấn', 'chuyện nhỏ', 'sống sót', 'báo cáo', 'trú mưa']","['001810', '000532', '000346', '001481', '001530']"
báo (con báo) chớp mắt về 5 (về nhà) mách vỗ về ,"['báo (con báo)', 'chớp mắt', 'về 5 (về nhà)', 'mách', 'vỗ về']","['001475', '002234', '000366', '000139', '000529']"
yêu cầu tròn trịa (mặt) xây trở thành chọi gà ,"['yêu cầu', 'tròn trịa (mặt)', 'xây', 'trở thành', 'chọi gà']","['002100', '001490', '001980', '001528', '002220']"
lựu đạn cá voi tự tin tổng thống toà án ,"['lựu đạn', 'cá voi', 'tự tin', 'tổng thống', 'toà án']","['003330', '000165', '001668', '001396', '001360']"
lẫn lộn giống nhau chủ động ghi chép giận dỗi ,"['lẫn lộn', 'giống nhau', 'chủ động', 'ghi chép', 'giận dỗi']","['003236', '002910', '002237', '002847', '002888']"
ăn đủ chia đều cực khổ cháu họ bắt ,"['ăn đủ', 'chia đều', 'cực khổ', 'cháu họ', 'bắt']","['000937', '002181', '000219', '000337', '001535']"
Miến Điện (nước Mi-an-ma) bức tường trứng nghỉ ngơi giầy dép ,"['Miến Điện (nước Mi-an-ma)', 'bức tường', 'trứng', 'nghỉ ngơi', 'giầy dép']","['000012', '001880', '001584', '003539', '002892']"
bụi phấn mui xe ngồi truyền thông gù lưng ,"['bụi phấn', 'mui xe', 'ngồi', 'truyền thông', 'gù lưng']","['001810', '003473', '003568', '001578', '002132']"
bê tông xuất hiện nén ngã ngộ độc ,"['bê tông', 'xuất hiện', 'nén', 'ngã', 'ngộ độc']","['001587', '002052', '003492', '003504', '003566']"
hạn hán ghi chép cháu họ bắp ngô bẫy chuột (dụng cụ) ,"['hạn hán', 'ghi chép', 'cháu họ', 'bắp ngô', 'bẫy chuột (dụng cụ)']","['002944', '002847', '000339', '001529', '001565']"
giảm kiến trúc sư ác độc chín bất động ,"['giảm', 'kiến trúc sư', 'ác độc', 'chín', 'bất động']","['002858', '003196', '001194', '002210', '001553']"
ruột non bước chân trung thành băng bó liên lạc ,"['ruột non', 'bước chân', 'trung thành', 'băng bó', 'liên lạc']","['000582', '001884', '001558', '001519', '003264']"
kiến trúc sư góc nhọn chợ nổi Cái Bè dốt lựu ,"['kiến trúc sư', 'góc nhọn', 'chợ nổi Cái Bè', 'dốt', 'lựu']","['003196', '002921', '002228', '002596', '003329']"
tò mò bé gái vắng bắc bán cầu nét mặt ,"['tò mò', 'bé gái', 'vắng', 'bắc bán cầu', 'nét mặt']","['001350', '001573', '001776', '001497', '003493']"
ma quỷ xa vô tận bỏ rơi thiệp sinh nhật dán ,"['ma quỷ', 'xa vô tận', 'bỏ rơi', 'thiệp sinh nhật', 'dán']","['003333', '001870', '001687', '000236', '002528']"
đồ ăn gậy của người già cướp biển sân chơi không hiểu ,"['đồ ăn', 'gậy của người già', 'cướp biển', 'sân chơi', 'không hiểu']","['000945', '002844', '002509', '000658', '003163']"
lùi bước dai cười nhếch mép lễ hội chia tay ,"['lùi bước', 'dai', 'cười nhếch mép', 'lễ hội', 'chia tay']","['003310', '002514', '000056', '003246', '002185']"
làm quen áo chăm sóc sức khỏe muốn băng bó ,"['làm quen', 'áo', 'chăm sóc sức khỏe', 'muốn', 'băng bó']","['003215', '001250', '002115', '003414', '001519']"
ngắn nhất kiến thức ti hí mắt nền nhà nghiêm khắc ,"['ngắn nhất', 'kiến thức', 'ti hí mắt', 'nền nhà', 'nghiêm khắc']","['003517', '003194', '000150', '003495', '003546']"
mật khẩu cạnh đáy hợp đồng chú hề sống sót ,"['mật khẩu', 'cạnh đáy', 'hợp đồng', 'chú hề', 'sống sót']","['003388', '001927', '003067', '002242', '000346']"
góc nhọn trục tung tò mò tờ báo hàng trăm ,"['góc nhọn', 'trục tung', 'tò mò', 'tờ báo', 'hàng trăm']","['002921', '001534', '001348', '001404', '002952']"
mỗi ngày lau chùi xe khách màu trắng vấn đề ,"['mỗi ngày', 'lau chùi', 'xe khách', 'màu trắng', 'vấn đề']","['000387', '003229', '002000', '003352', '001786']"
suýt chi tiết Gia Lai chín đội thiếu niên ,"['suýt', 'chi tiết', 'Gia Lai', 'chín', 'đội thiếu niên']","['000160', '002167', '002851', '002210', '002754']"
Cà Mau cuộc đời cơ bắp người xấu Kiên Giang ,"['Cà Mau', 'cuộc đời', 'cơ bắp', 'người xấu', 'Kiên Giang']","['001896', '002492', '002455', '003591', '003192']"
cao thấp cửa kính không cần màu xanh da trời bình thường ,"['cao thấp', 'cửa kính', 'không cần', 'màu xanh da trời', 'bình thường']","['001949', '002502', '000088', '003355', '001667']"
kính trọng năng khiếu cuốn ghi chép gói ,"['kính trọng', 'năng khiếu', 'cuốn', 'ghi chép', 'gói']","['003204', '003488', '002494', '002847', '002926']"
mỳ tôm từ chối lúng túng bán kính (hình tròn) hàng nghìn ,"['mỳ tôm', 'từ chối', 'lúng túng', 'bán kính (hình tròn)', 'hàng nghìn']","['000181', '000224', '003311', '001369', '002951']"
hạt từ trái nghĩa đi tuần gương mẫu giáo dục ,"['hạt', 'từ trái nghĩa', 'đi tuần', 'gương mẫu', 'giáo dục']","['002961', '001654', '000527', '002939', '002883']"
ngày của Cha danh từ riêng gương kém gương mẫu ,"['ngày của Cha', 'danh từ riêng', 'gương', 'kém', 'gương mẫu']","['000109', '002527', '002937', '003096', '002939']"
ca lông trực nhật Mexico (nước Mexico) xuất hiện ,"['ca', 'lông', 'trực nhật', 'Mexico (nước Mexico)', 'xuất hiện']","['001892', '003290', '001582', '003400', '002052']"
khờ dại phương Tây xôi gà bánh gối ấm đun nước ,"['khờ dại', 'phương Tây', 'xôi gà', 'bánh gối', 'ấm đun nước']","['000217', '000023', '000204', '001441', '001288']"
cởi áo lon bia cúc áo danh lam thắng cảnh để (đặt) ,"['cởi áo', 'lon bia', 'cúc áo', 'danh lam thắng cảnh', 'để (đặt)']","['002462', '003284', '002475', '002522', '002682']"
kí hiệu dốt ấm áp chèo thuyền văn nghệ ,"['kí hiệu', 'dốt', 'ấm áp', 'chèo thuyền', 'văn nghệ']","['003184', '002596', '001286', '002162', '001768']"
bút chiếm đoạt luyện từ và câu kết quả găng tay ,"['bút', 'chiếm đoạt', 'luyện từ và câu', 'kết quả', 'găng tay']","['001865', '002190', '003314', '003105', '002835']"
kiếm (cái kiếm) chú rể hứa bệnh tật lung tung ,"['kiếm (cái kiếm)', 'chú rể', 'hứa', 'bệnh tật', 'lung tung']","['003191', '002243', '000377', '001623', '000052']"
chó xù cung cấp trống cao quý mỳ tôm ,"['chó xù', 'cung cấp', 'trống', 'cao quý', 'mỳ tôm']","['002219', '000215', '001524', '001945', '000181']"
thiệp sinh nhật ngắn nhất lên ngôi về 2 (Miền Bắc) bịa đặt ,"['thiệp sinh nhật', 'ngắn nhất', 'lên ngôi', 'về 2 (Miền Bắc)', 'bịa đặt']","['000240', '003517', '003253', '000358', '001631']"
Trung Quốc (nước Trung Quốc) tù giam Chi-lê (nước Chi-lê) ma cà rồng anh vợ ,"['Trung Quốc (nước Trung Quốc)', 'tù giam', 'Chi-lê (nước Chi-lê)', 'ma cà rồng', 'anh vợ']","['001550', '001620', '002176', '003332', '001241']"
cuống hoa chó xù bịa đặt chim phượng hoàng xôi gấc ,"['cuống hoa', 'chó xù', 'bịa đặt', 'chim phượng hoàng', 'xôi gấc']","['002477', '002219', '001631', '002207', '000202']"
chăm sóc sức khỏe lây bệnh kim chỉ khâu trung thành ,"['chăm sóc sức khỏe', 'lây bệnh', 'kim', 'chỉ khâu', 'trung thành']","['002115', '003238', '003198', '002171', '001558']"
vô duyên bắp ngô ngày của Cha năm ngoái lãnh đạo ,"['vô duyên', 'bắp ngô', 'ngày của Cha', 'năm ngoái', 'lãnh đạo']","['000146', '001529', '000109', '003485', '003222']"
thiệp sinh nhật lung tung nghiêm túc tù giam Hà Giang ,"['thiệp sinh nhật', 'lung tung', 'nghiêm túc', 'tù giam', 'Hà Giang']","['000238', '000048', '003549', '001620', '002940']"
từ chối kém môn Kĩ thuật quan (chức vụ) lĩnh hội ,"['từ chối', 'kém', 'môn Kĩ thuật', 'quan (chức vụ)', 'lĩnh hội']","['000224', '003096', '003434', '000524', '003274']"
toa xe củ khoai lang gấp đôi dài hạn lau miệng ,"['toa xe', 'củ khoai lang', 'gấp đôi', 'dài hạn', 'lau miệng']","['001354', '002472', '000554', '002516', '000514']"
truyền thống danh nhân cầu thủ chìa khóa bãi cát ,"['truyền thống', 'danh nhân', 'cầu thủ', 'chìa khóa', 'bãi cát']","['001580', '002524', '002005', '002186', '001321']"
muốn cảnh vật giường sữa cuối tuần ,"['muốn', 'cảnh vật', 'giường', 'sữa', 'cuối tuần']","['003414', '001919', '002917', '000799', '000892']"
gọt bút chì hàng nghìn xưa bức tường thèm ,"['gọt bút chì', 'hàng nghìn', 'xưa', 'bức tường', 'thèm']","['002928', '002951', '002066', '001880', '000067']"
liền trước giáo sĩ ăn ít chỉ gậy của người già ,"['liền trước', 'giáo sĩ', 'ăn ít', 'chỉ', 'gậy của người già']","['003269', '002884', '000941', '002168', '002844']"
cây phượng buông màn tiếp tân la hét ăn hối lộ ,"['cây phượng', 'buông màn', 'tiếp tân', 'la hét', 'ăn hối lộ']","['002039', '001855', '000009', '003207', '001270']"
anh rể tròn lông la bàn nạp điện ,"['anh rể', 'tròn', 'lông', 'la bàn', 'nạp điện']","['001229', '001493', '003290', '003206', '003482']"
Mexico (nước Mexico) mách đen láy (như đen nhánh) cắm trại môn Đạo đức ,"['Mexico (nước Mexico)', 'mách', 'đen láy (như đen nhánh)', 'cắm trại', 'môn Đạo đức']","['003400', '000139', '002658', '000209', '003429']"
người yêu cuốn cuối tháng nước tương (xì dầu) bé gái ,"['người yêu', 'cuốn', 'cuối tháng', 'nước tương (xì dầu)', 'bé gái']","['003597', '002494', '000894', '001688', '001573']"
quên không nên ,"['quên', 'không nên']","['000451', '000094']"
thiếp mời xem ,"['thiếp mời', 'xem']","['001075', '000437']"
rửa chân đau chân ,"['rửa chân', 'đau chân']","['000590', '000781']"
nhổ tóc xảy ra ,"['nhổ tóc', 'xảy ra']","['000612', '000579']"
ă bắt đền ,"['ă', 'bắt đền']","['001025', '001537']"
con kiến sợi chỉ ,"['con kiến', 'sợi chỉ']","['002352', '000751']"
tòa soạn tương lai ,"['tòa soạn', 'tương lai']","['001366', '000637']"
trong khoảng Bru-nây (nước Bru-nây) ,"['trong khoảng', 'Bru-nây (nước Bru-nây)']","['000641', '001797']"
bài thơ phản động ,"['bài thơ', 'phản động']","['001311', '000149']"
công nghiệp chăn nuôi ,"['công nghiệp', 'chăn nuôi']","['000672', '002127']"
bé trai tiếng Anh ,"['bé trai', 'tiếng Anh']","['001583', '001267']"
nỏ sóng biển ,"['nỏ', 'sóng biển']","['000029', '000712']"
lãng phí một tiết học ,"['lãng phí', 'một tiết học']","['000690', '000864']"
phục vụ thì thầm ,"['phục vụ', 'thì thầm']","['000290', '000419']"
say sưa thuê ,"['say sưa', 'thuê']","['000642', '001168']"
thận thương mại ,"['thận', 'thương mại']","['001011', '000671']"
chúc tết ngập ngừng ,"['chúc tết', 'ngập ngừng']","['002258', '000448']"
tài trợ gian khổ ,"['tài trợ', 'gian khổ']","['000826', '002874']"
thăm hỏi tiện nghi ,"['thăm hỏi', 'tiện nghi']","['000981', '001265']"
ân hận ngập ngừng ,"['ân hận', 'ngập ngừng']","['001294', '000448']"
thổi kèn thông tin ,"['thổi kèn', 'thông tin']","['001091', '001107']"
chúc tết liếc nhìn ,"['chúc tết', 'liếc nhìn']","['002258', '000608']"
dịu dàng quyến luyến ,"['dịu dàng', 'quyến luyến']","['000930', '000373']"
bắn cung tên thăm hỏi ,"['bắn cung tên', 'thăm hỏi']","['000496', '000981']"
quốc khánh huỷ ,"['quốc khánh', 'huỷ']","['000458', '000766']"
họp nhóm quốc hội ,"['họp nhóm', 'quốc hội']","['000960', '000456']"
mọc râu ai ,"['mọc râu', 'ai']","['000630', '001197']"
răng lồng tiếng ,"['răng', 'lồng tiếng']","['000531', '003294']"
tiện nghi trách nhiệm ,"['tiện nghi', 'trách nhiệm']","['001265', '001426']"
đàng hoàng tia số ,"['đàng hoàng', 'tia số']","['000511', '001246']"
bảo vệ môi trường sau ,"['bảo vệ môi trường', 'sau']","['001469', '000640']"
e thẹn rưỡi ,"['e thẹn', 'rưỡi']","['002798', '000609']"
đen đủi gian khổ ,"['đen đủi', 'gian khổ']","['000595', '002874']"
tuần trước rau mùng tơi ,"['tuần trước', 'rau mùng tơi']","['000890', '000521']"
trốn tìm thăm hỏi ,"['trốn tìm', 'thăm hỏi']","['000643', '000985']"
chia nóng tính ,"['chia', 'nóng tính']","['002177', '000263']"
thu thập nồi cơm điện ,"['thu thập', 'nồi cơm điện']","['001135', '000051']"
đồng phục Mã Lai (nước Ma-lai-xi-a) ,"['đồng phục', 'Mã Lai (nước Ma-lai-xi-a)']","['002761', '000504']"
đất nước bị chia cắt (Việt Nam) tích (số) ,"['đất nước bị chia cắt (Việt Nam)', 'tích (số)']","['000665', '001247']"
thổ dân hi sinh ,"['thổ dân', 'hi sinh']","['003223', '002983']"
tóm tắt giúp đỡ ,"['tóm tắt', 'giúp đỡ']","['001378', '002914']"
tờ tiền cất giấu ,"['tờ tiền', 'cất giấu']","['001416', '001973']"
giá trị rừng núi ,"['giá trị', 'rừng núi']","['002862', '000596']"
quả na pháo sáng ,"['quả na', 'pháo sáng']","['000361', '000157']"
số chẵn tóc dài ,"['số chẵn', 'tóc dài']","['000724', '000908']"
phân số taxi ,"['phân số', 'taxi']","['000163', '000856']"
ăn bám tuần trước ,"['ăn bám', 'tuần trước']","['000735', '000890']"
long lanh (mắt) chúc mừng ,"['long lanh (mắt)', 'chúc mừng']","['000598', '002255']"
hi vọng lồng tiếng ,"['hi vọng', 'lồng tiếng']","['002986', '003294']"
quê ngập ngừng ,"['quê', 'ngập ngừng']","['000445', '000448']"
"sinh tố (bơ, dâu, thủng ","['sinh tố (bơ, dâu,', 'thủng']","['000840', '001172']"
phim truyện cao (vật) ,"['phim truyện', 'cao (vật)']","['000222', '001933']"
sổ tay trí thức ,"['sổ tay', 'trí thức']","['000720', '001476']"
hoặc sữa hộp ,"['hoặc', 'sữa hộp']","['000420', '000791']"
dịu dàng phân số ,"['dịu dàng', 'phân số']","['000930', '000163']"
chị vịt quay ,"['chị', 'vịt quay']","['002173', '000827']"
thông báo lâu ,"['thông báo', 'lâu']","['001093', '000383']"
cái túi sụp đổ ,"['cái túi', 'sụp đổ']","['001911', '000457']"
năm tới cảng Hải Phòng ,"['năm tới', 'cảng Hải Phòng']","['000762', '000700']"
thông thường bắt đền ,"['thông thường', 'bắt đền']","['001105', '001541']"
rửa mặt rau cải thảo ,"['rửa mặt', 'rau cải thảo']","['000593', '000517']"
Lượm phơi quần áo ,"['Lượm', 'phơi quần áo']","['000694', '000278']"
thông thường tâm thần ,"['thông thường', 'tâm thần']","['001105', '000869']"
long lanh (mắt) thân thiện ,"['long lanh (mắt)', 'thân thiện']","['000598', '001005']"
tóc ngắn Tây Nguyên ,"['tóc ngắn', 'Tây Nguyên']","['000910', '000891']"
tam giác nhi đồng ,"['tam giác', 'nhi đồng']","['000839', '003641']"
quàng khăn ra lệnh ,"['quàng khăn', 'ra lệnh']","['000406', '000501']"
tổng (số) phơi quần áo ,"['tổng (số)', 'phơi quần áo']","['001392', '000278']"
tay phải quyết định ,"['tay phải', 'quyết định']","['000861', '000478']"
vòng nguyệt quế bệnh Đao - Down ,"['vòng nguyệt quế', 'bệnh Đao - Down']","['000493', '000798']"
rễ cọc thân thiết ,"['rễ cọc', 'thân thiết']","['000543', '001002']"
sữa hộp tiểu học ,"['sữa hộp', 'tiểu học']","['000791', '001295']"
gian khổ râu ,"['gian khổ', 'râu']","['002874', '000535']"
vắt chanh bảng màu ,"['vắt chanh', 'bảng màu']","['000842', '001409']"
Anh (nước Anh) chiếu ,"['Anh (nước Anh)', 'chiếu']","['001207', '002197']"
quả chuối hôi ,"['quả chuối', 'hôi']","['000319', '000401']"
to lớn tay trái ,"['to lớn', 'tay trái']","['001346', '000863']"
thuỷ điện chơi ,"['thuỷ điện', 'chơi']","['001178', '002233']"
giao thông internet ,"['giao thông', 'internet']","['002859', '001014']"
như hình với bóng hôi ,"['như hình với bóng', 'hôi']","['000017', '000401']"
chuyên gia thu nhỏ ,"['chuyên gia', 'thu nhỏ']","['002278', '001133']"
phun nước tình yêu ,"['phun nước', 'tình yêu']","['000291', '001324']"
sổ điểm danh bé trai ,"['sổ điểm danh', 'bé trai']","['000719', '001583']"
khởi nghiệp hi sinh ,"['khởi nghiệp', 'hi sinh']","['000706', '002983']"
tạm biệt Kim Đồng ,"['tạm biệt', 'Kim Đồng']","['000841', '001004']"
tuần này thìa ,"['tuần này', 'thìa']","['000876', '001055']"
quý hiếm đợi ,"['quý hiếm', 'đợi']","['000487', '002771']"
thiệt thòi phòng mĩ thuật ,"['thiệt thòi', 'phòng mĩ thuật']","['001077', '000252']"
phòng chống quay cóp ,"['phòng chống', 'quay cóp']","['000242', '000414']"
con bò không nghe lời ,"['con bò', 'không nghe lời']","['002315', '000076']"
quy đồng mẫu số quan sát ,"['quy đồng mẫu số', 'quan sát']","['000471', '000574']"
cao (vật) chuẩn bị ,"['cao (vật)', 'chuẩn bị']","['001933', '002253']"
nhọn hoắt bắt đền ,"['nhọn hoắt', 'bắt đền']","['000011', '001541']"
siêu âm Ô-lim-píc ,"['siêu âm', 'Ô-lim-píc']","['000683', '000491']"
cái vợt cá ăn vụng ,"['cái vợt cá', 'ăn vụng']","['000950', '000577']"
tàu thủy quan trọng ,"['tàu thủy', 'quan trọng']","['000855', '000402']"
thủ công mệt mỏi ,"['thủ công', 'mệt mỏi']","['001141', '000800']"
quả mướp Thủy Điện Hòa Bình ,"['quả mướp', 'Thủy Điện Hòa Bình']","['000359', '001192']"
nhõng nhẽo tinh mắt ,"['nhõng nhẽo', 'tinh mắt']","['000592', '000260']"
tình cảm họp nhóm ,"['tình cảm', 'họp nhóm']","['001312', '000960']"
da ngăm (nước da ngăm đen) bé trai hàng ngày ,"['da ngăm (nước da ngăm đen)', 'bé trai', 'hàng ngày']","['000756', '001583', '000395']"
chạy (động vật) nhổ củ cải Sóc Trăng ,"['chạy (động vật)', 'nhổ củ cải', 'Sóc Trăng']","['000405', '000013', '000710']"
pháo đài quả gấc vòng nguyệt quế ,"['pháo đài', 'quả gấc', 'vòng nguyệt quế']","['002605', '000343', '000493']"
ham chơi cây ăn quả nồi cơm điện ,"['ham chơi', 'cây ăn quả', 'nồi cơm điện']","['000738', '002009', '000051']"
nổ mìn thiệt thòi thiếu thốn ,"['nổ mìn', 'thiệt thòi', 'thiếu thốn']","['000045', '001077', '000463']"
tránh thai Ô-lim-píc đại diện ,"['tránh thai', 'Ô-lim-píc', 'đại diện']","['001444', '000491', '002609']"
quả bưởi đánh cầu lông tia nắng ,"['quả bưởi', 'đánh cầu lông', 'tia nắng']","['000308', '000743', '001244']"
quả vải hoặc hoặc ,"['quả vải', 'hoặc', 'hoặc']","['000390', '000420', '000422']"
thăm hỏi thuộc lòng tham khảo ,"['thăm hỏi', 'thuộc lòng', 'tham khảo']","['000981', '001174', '000936']"
rạp chiếu phim tia chớp hữu nghị ,"['rạp chiếu phim', 'tia chớp', 'hữu nghị']","['000509', '001242', '000494']"
nhưng phương tiện giao thông nổ súng ,"['nhưng', 'phương tiện giao thông', 'nổ súng']","['000536', '000302', '000047']"
rửa chân Cam-pu-chia (nước Cam-pu-chia) dấu huyền ,"['rửa chân', 'Cam-pu-chia (nước Cam-pu-chia)', 'dấu huyền']","['000590', '001917', '001106']"
vải lụa chia đôi tổng hợp ,"['vải lụa', 'chia đôi', 'tổng hợp']","['000709', '000560', '001394']"
cao tốc sổ đầu bài quả su su ,"['cao tốc', 'sổ đầu bài', 'quả su su']","['001951', '000717', '000382']"
quay phim rau dền quy định ,"['quay phim', 'rau dền', 'quy định']","['000416', '000519', '000469']"
tích (số) dấu huyền bé trai ,"['tích (số)', 'dấu huyền', 'bé trai']","['001247', '001106', '001583']"
thăm hỏi rau dền phẫu thuật cổ ,"['thăm hỏi', 'rau dền', 'phẫu thuật cổ']","['000985', '000519', '000792']"
tay phải quả ổi sữa rửa mặt ,"['tay phải', 'quả ổi', 'sữa rửa mặt']","['000861', '000372', '000793']"
tuần sau ống nhòm đau mắt đỏ ,"['tuần sau', 'ống nhòm', 'đau mắt đỏ']","['000882', '000120', '000949']"
sinh đẻ liên hoan sắt ,"['sinh đẻ', 'liên hoan', 'sắt']","['000689', '003260', '000647']"
tiêu hoá thác phố cổ ,"['tiêu hoá', 'thác', 'phố cổ']","['001291', '000921', '000266']"
sự thật hi sinh áo đồng phục ,"['sự thật', 'hi sinh', 'áo đồng phục']","['000769', '002983', '001256']"
hài lòng sữa bò hỏi thăm ,"['hài lòng', 'sữa bò', 'hỏi thăm']","['000444', '000772', '003041']"
quả bưởi tham ăn thú dữ ,"['quả bưởi', 'tham ăn', 'thú dữ']","['000308', '000061', '001145']"
thẳng hàng (Toán học) Ô-lim-píc tiêm ,"['thẳng hàng (Toán học)', 'Ô-lim-píc', 'tiêm']","['000989', '000491', '001259']"
trang phục thuê liếc nhìn ,"['trang phục', 'thuê', 'liếc nhìn']","['001438', '001164', '000608']"
cơ hội quả cam núi lửa ,"['cơ hội', 'quả cam', 'núi lửa']","['002456', '000314', '000077']"
phương tiện tham ăn tài năng ,"['phương tiện', 'tham ăn', 'tài năng']","['000300', '000065', '000825']"
lượt đi Phi-líp-pin (nước Phi-líp-pin) phù hợp ,"['lượt đi', 'Phi-líp-pin (nước Phi-líp-pin)', 'phù hợp']","['000714', '000208', '000280']"
tĩnh lặng lễ bế giảng tập trung ,"['tĩnh lặng', 'lễ bế giảng', 'tập trung']","['001326', '003242', '000885']"
hỏng bảng nhân trêu ,"['hỏng', 'bảng nhân', 'trêu']","['003045', '001415', '001470']"
tính toán quả mướp chia đôi ,"['tính toán', 'quả mướp', 'chia đôi']","['001342', '000359', '000562']"
7up quả nho thành thị ,"['7up', 'quả nho', 'thành thị']","['000862', '000370', '000972']"
quả hồng xiêm mâm ngũ quả siêu thị ,"['quả hồng xiêm', 'mâm ngũ quả', 'siêu thị']","['000347', '003384', '000685']"
đại sứ thấp hơn tiêu cực ,"['đại sứ', 'thấp hơn', 'tiêu cực']","['000569', '001013', '001287']"
bạn ấy yêu bạn đua đòi búp bê ,"['bạn ấy yêu bạn', 'đua đòi', 'búp bê']","['000297', '000973', '001863']"
huỷ chúng tôi (2 người) (đại từ) đau tai ,"['huỷ', 'chúng tôi (2 người) (đại từ)', 'đau tai']","['000766', '000273', '000783']"
lâu buổi sáng Võ Thị Sáu ,"['lâu', 'buổi sáng', 'Võ Thị Sáu']","['000381', '001834', '000453']"
chính xác không đẹp nghênh nghênh (đầu) ,"['chính xác', 'không đẹp', 'nghênh nghênh (đầu)']","['002215', '000267', '000970']"
nhổ râu đề phòng nội quy ,"['nhổ râu', 'đề phòng', 'nội quy']","['000614', '000461', '000062']"
rau nổi nóng rửa bát ,"['rau', 'nổi nóng', 'rửa bát']","['000510', '000059', '000589']"
hiểu thổi tôm hùm ,"['hiểu', 'thổi', 'tôm hùm']","['002991', '001087', '000819']"
đen đủi Thủy Điện Hòa Bình quyết định ,"['đen đủi', 'Thủy Điện Hòa Bình', 'quyết định']","['000595', '001192', '000478']"
vắt chanh quốc khánh phản xạ ,"['vắt chanh', 'quốc khánh', 'phản xạ']","['000842', '000458', '000152']"
g bé trai chanh muối ,"['g', 'bé trai', 'chanh muối']","['001046', '001583', '000850']"
tôi yêu bạn ấy vịt quay quả dừa ,"['tôi yêu bạn ấy', 'vịt quay', 'quả dừa']","['000292', '000827', '000328']"
hiểu chùa lồng tiếng ,"['hiểu', 'chùa', 'lồng tiếng']","['002991', '002247', '003294']"
thủ công phố cổ Hội an hỏi thăm ,"['thủ công', 'phố cổ Hội an', 'hỏi thăm']","['001139', '000268', '003041']"
đen đủi 10 000 (mười nghìn) rộng lớn ,"['đen đủi', '10 000 (mười nghìn)', 'rộng lớn']","['000595', '001175', '000573']"
thối Quảng Trị quốc ca ,"['thối', 'Quảng Trị', 'quốc ca']","['000811', '000421', '000452']"
sốt lí do như hình với bóng ,"['sốt', 'lí do', 'như hình với bóng']","['000742', '003256', '000017']"
rực rỡ nội quy đau tai ,"['rực rỡ', 'nội quy', 'đau tai']","['000234', '000062', '000783']"
phòng chống cửa hàng 23 ,"['phòng chống', 'cửa hàng', '23']","['000242', '002500', '001158']"
tia nắng rõ ràng sản xuất ,"['tia nắng', 'rõ ràng', 'sản xuất']","['001244', '000555', '000621']"
phần trăm trạm xe buýt gian dối ,"['phần trăm', 'trạm xe buýt', 'gian dối']","['000175', '001432', '000732']"
thân thiết sữa rửa mặt trang trí ,"['thân thiết', 'sữa rửa mặt', 'trang trí']","['001002', '000793', '001418']"
khu vực cách ly chanh nóng quả gấc ,"['khu vực cách ly', 'chanh nóng', 'quả gấc']","['000996', '000848', '000343']"
thuyền rồng đề phòng hồi hộp ,"['thuyền rồng', 'đề phòng', 'hồi hộp']","['001195', '000461', '003053']"
kia răng hô số lẻ ,"['kia', 'răng hô', 'số lẻ']","['000261', '000622', '000730']"
"phòng chống tính chất kết hợp anh hai, anh cả ","['phòng chống', 'tính chất kết hợp', 'anh hai, anh cả']","['000242', '001338', '000303']"
con người tuần này bình sữa (em bé) ,"['con người', 'tuần này', 'bình sữa (em bé)']","['002367', '000874', '000974']"
internet lâu chuẩn bị ,"['internet', 'lâu', 'chuẩn bị']","['001014', '000381', '002254']"
nổ mìn thuỷ điện dân tộc Chăm ,"['nổ mìn', 'thuỷ điện', 'dân tộc Chăm']","['000045', '001178', '000678']"
Tết Trung thu thanh niên đau bụng ,"['Tết Trung thu', 'thanh niên', 'đau bụng']","['000907', '000956', '000777']"
con muỗi thuỷ điện héc-ta (ha) ,"['con muỗi', 'thuỷ điện', 'héc-ta (ha)']","['002361', '001176', '002971']"
sân trường phẫu thuật chân rõ ràng ,"['sân trường', 'phẫu thuật chân', 'rõ ràng']","['000666', '000786', '000557']"
nón tôn thờ ôn luyện ,"['nón', 'tôn thờ', 'ôn luyện']","['000039', '001384', '000097']"
da ngăm (nước da ngăm đen) thóc (gạo) nồi cơm điện ,"['da ngăm (nước da ngăm đen)', 'thóc (gạo)', 'nồi cơm điện']","['000754', '001086', '000051']"
g nhổ củ cải thực hành ,"['g', 'nhổ củ cải', 'thực hành']","['001046', '000013', '001216']"
thành lập quạt treo tường sinh đẻ ,"['thành lập', 'quạt treo tường', 'sinh đẻ']","['000965', '000423', '000689']"
Hoãn trạm y tế giúp đỡ ,"['Hoãn', 'trạm y tế', 'giúp đỡ']","['000764', '001434', '002914']"
chúng tôi (5 người) (đại từ) râu tăm ,"['chúng tôi (5 người) (đại từ)', 'râu', 'tăm']","['000279', '000535', '000867']"
hôi phong trào sợi chỉ ,"['hôi', 'phong trào', 'sợi chỉ']","['000401', '000233', '000751']"
bảng đen thuyền chài chuyên gia ,"['bảng đen', 'thuyền chài', 'chuyên gia']","['001401', '001193', '002278']"
quyến luyến quàng khăn thổ dân ,"['quyến luyến', 'quàng khăn', 'thổ dân']","['000373', '000406', '003223']"
quyết tâm tìm hiểu quả chôm chôm ,"['quyết tâm', 'tìm hiểu', 'quả chôm chôm']","['000495', '001304', '000318']"
phục hồi buổi tối quý hiếm ,"['phục hồi', 'buổi tối', 'quý hiếm']","['000288', '001840', '000487']"
tuần trăng mật Tết Trung thu tài giỏi ,"['tuần trăng mật', 'Tết Trung thu', 'tài giỏi']","['000761', '000907', '000823']"
cái neo tiểu học kết luận ,"['cái neo', 'tiểu học', 'kết luận']","['000986', '001295', '001012']"
nhà văn hóa chính phủ tàu hoả ,"['nhà văn hóa', 'chính phủ', 'tàu hoả']","['000992', '002211', '000849']"
sợi len ba là dân tộc Thái ,"['sợi len', 'ba là', 'dân tộc Thái']","['000755', '000317', '000684']"
Mã Lai (nước Ma-lai-xi-a) xem đại sứ ,"['Mã Lai (nước Ma-lai-xi-a)', 'xem', 'đại sứ']","['000502', '000437', '000569']"
không muốn rửa chân chăn nuôi ,"['không muốn', 'rửa chân', 'chăn nuôi']","['000428', '000590', '002127']"
con tôm thăm hỏi bạn ,"['con tôm', 'thăm hỏi', 'bạn']","['002390', '000983', '001371']"
Trần Quốc Toản thu nhỏ cứu sống ,"['Trần Quốc Toản', 'thu nhỏ', 'cứu sống']","['000464', '001133', '000696']"
chiếu thoăn thoắt con lợn (con heo) ,"['chiếu', 'thoăn thoắt', 'con lợn (con heo)']","['002197', '000968', '002355']"
bánh sandwich quốc tế hàng ngày ,"['bánh sandwich', 'quốc tế', 'hàng ngày']","['000832', '000462', '000393']"
rộng lớn thắp đèn Phi-líp-pin (nước Phi-líp-pin) ,"['rộng lớn', 'thắp đèn', 'Phi-líp-pin (nước Phi-líp-pin)']","['000573', '000957', '000212']"
vải lụa thầy cô riêng biệt ,"['vải lụa', 'thầy cô', 'riêng biệt']","['000713', '001015', '000547']"
hàng ngày sữa rửa mặt dấu ngã ,"['hàng ngày', 'sữa rửa mặt', 'dấu ngã']","['000395', '000793', '001120']"
tình cảm nhân hậu phòng thí nghiệm ,"['tình cảm', 'nhân hậu', 'phòng thí nghiệm']","['001312', '003627', '000254']"
tham khảo tai nạn sách ,"['tham khảo', 'tai nạn', 'sách']","['000936', '000821', '000611']"
pháo sáng bán hàng chiếu ,"['pháo sáng', 'bán hàng', 'chiếu']","['000157', '001363', '002198']"
bệnh Đao - Down trông nhà con kiến ,"['bệnh Đao - Down', 'trông nhà', 'con kiến']","['000798', '000404', '002352']"
thì thầm rau dền xuyên Việt ,"['thì thầm', 'rau dền', 'xuyên Việt']","['000419', '000519', '000465']"
tham ăn phụ huynh chia rẽ ,"['tham ăn', 'phụ huynh', 'chia rẽ']","['000061', '000286', '000728']"
quý hiếm sân vận động tính chất giao hoán ,"['quý hiếm', 'sân vận động', 'tính chất giao hoán']","['000487', '000673', '001336']"
thuyền chài quả ổi tôm hùm ,"['thuyền chài', 'quả ổi', 'tôm hùm']","['001193', '000372', '000819']"
quả chôm chôm không nên phức tạp ,"['quả chôm chôm', 'không nên', 'phức tạp']","['000318', '000092', '000294']"
công nghiệp cặp tóc ung thư ,"['công nghiệp', 'cặp tóc', 'ung thư']","['000672', '001964', '000483']"
ăn vú sữa (bằng thìa) theo đuổi Quốc Tử Giám phong bì ,"['ăn vú sữa (bằng thìa)', 'theo đuổi', 'Quốc Tử Giám', 'phong bì']","['000398', '001031', '000467', '000227']"
con chó phòng y tế long lanh (mắt) buộc tóc ,"['con chó', 'phòng y tế', 'long lanh (mắt)', 'buộc tóc']","['002323', '000257', '000598', '001824']"
tím tái hiểu phản xạ tia chớp ,"['tím tái', 'hiểu', 'phản xạ', 'tia chớp']","['001306', '002991', '000152', '001242']"
bắt đền liếc nhìn dấu hỏi sóng biển ,"['bắt đền', 'liếc nhìn', 'dấu hỏi', 'sóng biển']","['001537', '000608', '001114', '000712']"
trốn tìm trà sữa tăm cây ngô ,"['trốn tìm', 'trà sữa', 'tăm', 'cây ngô']","['000643', '000857', '000867', '002033']"
riêng tư phân tích sữa hộp tay chân sạch sẽ ,"['riêng tư', 'phân tích', 'sữa hộp', 'tay chân sạch sẽ']","['000548', '000171', '000787', '000920']"
hoạt hình tổng hợp đèn điện phủ nhận ,"['hoạt hình', 'tổng hợp', 'đèn điện', 'phủ nhận']","['003026', '001394', '002664', '000282']"
quả táo một tiếng tia nắng rau ,"['quả táo', 'một tiếng', 'tia nắng', 'rau']","['000384', '000866', '001244', '000510']"
trạm xe buýt công nghiệp hội chứng Đao - Down không cho ,"['trạm xe buýt', 'công nghiệp', 'hội chứng Đao - Down', 'không cho']","['001432', '000676', '000796', '000086']"
tia chớp thu thập đèn pin đồng phục ,"['tia chớp', 'thu thập', 'đèn pin', 'đồng phục']","['001242', '001135', '002666', '002761']"
thiếu nhi hồi hộp thân hình tiện nghi ,"['thiếu nhi', 'hồi hộp', 'thân hình', 'tiện nghi']","['001079', '003053', '001001', '001265']"
tán thành sáng chói ống nghe cây cọ ,"['tán thành', 'sáng chói', 'ống nghe', 'cây cọ']","['000845', '000623', '000118', '000994']"
thao thức phản xạ tâm thần chúng tôi (3 người) (đại từ) ,"['thao thức', 'phản xạ', 'tâm thần', 'chúng tôi (3 người) (đại từ)']","['000721', '000152', '000869', '000275']"
cửa hàng thu mua sợi dây ruộng bậc thang ,"['cửa hàng', 'thu mua', 'sợi dây', 'ruộng bậc thang']","['002500', '001131', '000753', '000578']"
quay phim phẫu thuật cổ sữa bò đảo Trường Sa ,"['quay phim', 'phẫu thuật cổ', 'sữa bò', 'đảo Trường Sa']","['000416', '000792', '000772', '000837']"
không đẹp số bé tiện nghi thở ,"['không đẹp', 'số bé', 'tiện nghi', 'thở']","['000269', '000722', '001265', '001117']"
liếc nhìn sách toán tuần trăng mật nhà văn hóa ,"['liếc nhìn', 'sách toán', 'tuần trăng mật', 'nhà văn hóa']","['000610', '000615', '000761', '000992']"
6 pha chế thông tin râu ,"['6', 'pha chế', 'thông tin', 'râu']","['001134', '000132', '001107', '000535']"
nhảy lò cò gỗ thành lập nhổ râu ,"['nhảy lò cò', 'gỗ', 'thành lập', 'nhổ râu']","['000646', '002929', '000969', '000614']"
giấy ăn phép mầu quả xoài phổi ,"['giấy ăn', 'phép mầu', 'quả xoài', 'phổi']","['002894', '000192', '000392', '000270']"
sợi dây thao thức Oa-sinh-tơn đại diện ,"['sợi dây', 'thao thức', 'Oa-sinh-tơn', 'đại diện']","['000753', '000721', '000087', '002609']"
nhọn hoắt theo đuổi siêng năng quý hiếm ,"['nhọn hoắt', 'theo đuổi', 'siêng năng', 'quý hiếm']","['000011', '001031', '000681', '000487']"
thích thú cắt lông mũi thân thiện phơi quần áo ,"['thích thú', 'cắt lông mũi', 'thân thiện', 'phơi quần áo']","['001064', '000618', '001005', '000278']"
không nên hay là (hoặc là) răng cưa quét dọn ,"['không nên', 'hay là (hoặc là)', 'răng cưa', 'quét dọn']","['000092', '000546', '000533', '000441']"
80 một là thuyết phục bài thơ ,"['80', 'một là', 'thuyết phục', 'bài thơ']","['001163', '000313', '001200', '001311']"
quà thị giác cái vợt cá địa hình ,"['quà', 'thị giác', 'cái vợt cá', 'địa hình']","['000417', '001051', '000950', '001003']"
Mã Lai (nước Ma-lai-xi-a) rộng lớn buồng trứng ga tàu ,"['Mã Lai (nước Ma-lai-xi-a)', 'rộng lớn', 'buồng trứng', 'ga tàu']","['000504', '000573', '001861', '002811']"
nhà văn hóa sách thợ thêu số lẻ ,"['nhà văn hóa', 'sách', 'thợ thêu', 'số lẻ']","['000990', '000611', '001123', '000730']"
nhổ râu anh em họp nhóm tay chân sạch sẽ ,"['nhổ râu', 'anh em', 'họp nhóm', 'tay chân sạch sẽ']","['000614', '001223', '000964', '000918']"
ung thư cắt lông mũi nhu cầu tiêu diệt ,"['ung thư', 'cắt lông mũi', 'nhu cầu', 'tiêu diệt']","['000479', '000618', '000014', '001289']"
phân số sáng tạo nhà văn hóa tự hào ,"['phân số', 'sáng tạo', 'nhà văn hóa', 'tự hào']","['000163', '000627', '000992', '000725']"
hoặc hiểu rau ngót theo dõi ,"['hoặc', 'hiểu', 'rau ngót', 'theo dõi']","['000424', '002991', '000522', '001028']"
quả gấc Hoãn thổi thân cây ,"['quả gấc', 'Hoãn', 'thổi', 'thân cây']","['000343', '000764', '001087', '000995']"
xui xẻo mỗi ngày thi cử cây thân gỗ ,"['xui xẻo', 'mỗi ngày', 'thi cử', 'cây thân gỗ']","['000597', '000389', '001049', '002043']"
nổi nóng bánh canh cảng Hải Phòng bệnh Đao - Down ,"['nổi nóng', 'bánh canh', 'cảng Hải Phòng', 'bệnh Đao - Down']","['000059', '000834', '000700', '000798']"
phương tiện thông qua nguội xem ,"['phương tiện', 'thông qua', 'nguội', 'xem']","['000300', '001103', '000814', '000435']"
nhổ củ cải không có áo đồng phục ca nô ,"['nhổ củ cải', 'không có', 'áo đồng phục', 'ca nô']","['000013', '000249', '001256', '001894']"
trạm y tế rửa tay bảng đen hành quân ,"['trạm y tế', 'rửa tay', 'bảng đen', 'hành quân']","['001434', '000594', '001405', '002958']"
thực tế dấu huyền Anh (nước Anh) Quảng Nam ,"['thực tế', 'dấu huyền', 'Anh (nước Anh)', 'Quảng Nam']","['001224', '001106', '001207', '000418']"
đèn điện số lớn rút gọn phân số chiếc gối ,"['đèn điện', 'số lớn', 'rút gọn phân số', 'chiếc gối']","['002664', '000736', '000587', '002187']"
hai là phân số thập phân tay chân sạch sẽ óc ,"['hai là', 'phân số thập phân', 'tay chân sạch sẽ', 'óc']","['000315', '000168', '000918', '000089']"
thắng lợi tài giỏi quân đội quả chanh ,"['thắng lợi', 'tài giỏi', 'quân đội', 'quả chanh']","['000993', '000823', '000425', '000316']"
thiên thần dỗi Anh (nước Anh) đầu tư ,"['thiên thần', 'dỗi', 'Anh (nước Anh)', 'đầu tư']","['001071', '000602', '001207', '000583']"
quả chôm chôm hôi thìa quả điều ,"['quả chôm chôm', 'hôi', 'thìa', 'quả điều']","['000318', '000401', '001057', '002708']"
pháo sáng bốt cảnh sát tải về buổi sáng ,"['pháo sáng', 'bốt cảnh sát', 'tải về', 'buổi sáng']","['000157', '001759', '000591', '001834']"
giám sát nóng tính Quảng Nam theo dõi ,"['giám sát', 'nóng tính', 'Quảng Nam', 'theo dõi']","['000572', '000263', '000418', '001028']"
sinh đẻ lý do bạn trai bánh canh ,"['sinh đẻ', 'lý do', 'bạn trai', 'bánh canh']","['000689', '000652', '001383', '000834']"
rửa mặt dịu dàng suối Quảng Ninh ,"['rửa mặt', 'dịu dàng', 'suối', 'Quảng Ninh']","['000870', '000930', '000763', '000407']"
phòng thư viện tiểu học giấy màu chia ba ,"['phòng thư viện', 'tiểu học', 'giấy màu', 'chia ba']","['000255', '001295', '002897', '000564']"
phố cổ thủ công niềm vui bắt đền ,"['phố cổ', 'thủ công', 'niềm vui', 'bắt đền']","['000266', '001141', '000022', '001539']"
quả táo tay chân sạch sẽ đèn vàng công nghiệp ,"['quả táo', 'tay chân sạch sẽ', 'đèn vàng', 'công nghiệp']","['000384', '000918', '002669', '000676']"
bay nhanh (máy bay) ông già Lượm rước đèn ,"['bay nhanh (máy bay)', 'ông già', 'Lượm', 'rước đèn']","['000409', '000103', '000694', '000603']"
Tết Trung thu quả mít dân tộc thiểu số quốc ca ,"['Tết Trung thu', 'quả mít', 'dân tộc thiểu số', 'quốc ca']","['000907', '000357', '002541', '000452']"
thoăn thoắt tình yêu cơ hội giá trị phần trăm ,"['thoăn thoắt', 'tình yêu', 'cơ hội', 'giá trị phần trăm']","['000968', '001324', '002456', '002865']"
bánh sandwich hàng ngày Tiền Giang ria mép ,"['bánh sandwich', 'hàng ngày', 'Tiền Giang', 'ria mép']","['000832', '000395', '001261', '000638']"
Thủy Điện Hòa Bình tỉ lệ thuỷ điện say sưa ,"['Thủy Điện Hòa Bình', 'tỉ lệ', 'thuỷ điện', 'say sưa']","['001188', '001238', '001180', '000642']"
cây cổ thụ phòng âm nhạc gà nướng lu Cam-pu-chia (nước Cam-pu-chia) ,"['cây cổ thụ', 'phòng âm nhạc', 'gà nướng lu', 'Cam-pu-chia (nước Cam-pu-chia)']","['002019', '000237', '000828', '001913']"
con người gà nướng lu ham chơi vắt chanh ,"['con người', 'gà nướng lu', 'ham chơi', 'vắt chanh']","['002367', '000828', '000738', '000842']"
phụ huynh chia đôi bay nhanh (máy bay) quả sầu riêng ,"['phụ huynh', 'chia đôi', 'bay nhanh (máy bay)', 'quả sầu riêng']","['000286', '000558', '000409', '000380']"
thiếu nhi bảng đen ham chơi phủ nhận ,"['thiếu nhi', 'bảng đen', 'ham chơi', 'phủ nhận']","['001079', '001405', '000740', '000282']"
tiêm bánh cuốn di truyền súc miệng ,"['tiêm', 'bánh cuốn', 'di truyền', 'súc miệng']","['001259', '001429', '002574', '000759']"
nhà nước tham khảo quả hồng xiêm tím tái ,"['nhà nước', 'tham khảo', 'quả hồng xiêm', 'tím tái']","['002600', '000936', '000347', '001306']"
giữ nguyên hồi hộp rế thiếu thốn ,"['giữ nguyên', 'hồi hộp', 'rế', 'thiếu thốn']","['000174', '003053', '000545', '000463']"
chăn (cái chăn) rưỡi rừng núi khởi nghiệp ,"['chăn (cái chăn)', 'rưỡi', 'rừng núi', 'khởi nghiệp']","['002121', '000609', '000596', '000706']"
tỉnh táo đèn ông sao phong bì trêu ,"['tỉnh táo', 'đèn ông sao', 'phong bì', 'trêu']","['000659', '000477', '000227', '001470']"
quả hồng buổi trưa dân tộc Khơ me hay là (hoặc là) ,"['quả hồng', 'buổi trưa', 'dân tộc Khơ me', 'hay là (hoặc là)']","['000345', '001846', '000682', '000546']"
"tách lớp thân cây anh hai, anh cả lâu ","['tách lớp', 'thân cây', 'anh hai, anh cả', 'lâu']","['000817', '000995', '000299', '000383']"
tiến sĩ thương yêu thận tay ,"['tiến sĩ', 'thương yêu', 'thận', 'tay']","['001263', '001318', '001011', '000859']"
chuyên gia nội quy trạm y tế hài lòng ,"['chuyên gia', 'nội quy', 'trạm y tế', 'hài lòng']","['002278', '000062', '001434', '000444']"
bảng màu rìu riêng biệt quay phim ,"['bảng màu', 'rìu', 'riêng biệt', 'quay phim']","['001409', '000553', '000547', '000416']"
không muốn quà tuần sau thiếu nhi ,"['không muốn', 'quà', 'tuần sau', 'thiếu nhi']","['000428', '000417', '000884', '001079']"
tôn trọng bánh hamburger tia nắng đợi ,"['tôn trọng', 'bánh hamburger', 'tia nắng', 'đợi']","['001390', '000830', '001244', '002773']"
dân tộc phật (tượng) liếc nhìn Socola ,"['dân tộc', 'phật (tượng)', 'liếc nhìn', 'Socola']","['002538', '000190', '000606', '000858']"
to lớn nhưng tính nhẩm phê bình ,"['to lớn', 'nhưng', 'tính nhẩm', 'phê bình']","['001346', '000538', '001340', '000196']"
bài thơ theo dõi suối phòng thí nghiệm ,"['bài thơ', 'theo dõi', 'suối', 'phòng thí nghiệm']","['001311', '001028', '000763', '000254']"
dịch vụ vắt chanh thuyền chài óc ,"['dịch vụ', 'vắt chanh', 'thuyền chài', 'óc']","['002577', '000842', '001193', '000089']"
thìa con vượn bình sữa (em bé) một tiếng ,"['thìa', 'con vượn', 'bình sữa (em bé)', 'một tiếng']","['001055', '000954', '000974', '000868']"
giấy nháp quạt cây sông Hồng mũi tên ,"['giấy nháp', 'quạt cây', 'sông Hồng', 'mũi tên']","['002900', '000412', '000741', '000498']"
trang điểm cau có thân cây đảo Hoàng Sa ,"['trang điểm', 'cau có', 'thân cây', 'đảo Hoàng Sa']","['000947', '001955', '000999', '000843']"
bảng trừ quả vải nhảy bao bố cao (nhà) ,"['bảng trừ', 'quả vải', 'nhảy bao bố', 'cao (nhà)']","['001419', '000390', '000644', '001935']"
sinh sống tóc xoăn đồng phục thuyết phục ,"['sinh sống', 'tóc xoăn', 'đồng phục', 'thuyết phục']","['000705', '001372', '002761', '001200']"
phổi ăn vụng phương hướng đòi ,"['phổi', 'ăn vụng', 'phương hướng', 'đòi']","['000270', '000577', '000296', '000977']"
lễ bế giảng bản đồ Việt Nam ra lệnh phản động ,"['lễ bế giảng', 'bản đồ Việt Nam', 'ra lệnh', 'phản động']","['003242', '001349', '000501', '000149']"
liếc nhìn tỉnh táo dân tộc Mường chúng tôi (2 người) (đại từ) ,"['liếc nhìn', 'tỉnh táo', 'dân tộc Mường', 'chúng tôi (2 người) (đại từ)']","['000610', '000659', '000680', '000273']"
hội chứng Đao - Down hai phân số bằng nhau chuẩn bị phòng y tế ,"['hội chứng Đao - Down', 'hai phân số bằng nhau', 'chuẩn bị', 'phòng y tế']","['000796', '000166', '002253', '000257']"
thủ công sâu tàu thủy thuỷ điện ,"['thủ công', 'sâu', 'tàu thủy', 'thuỷ điện']","['001141', '000675', '000855', '001176']"
con muỗi làm ruộng tình huống không dám ,"['con muỗi', 'làm ruộng', 'tình huống', 'không dám']","['002361', '003216', '001316', '000470']"
pháo hoa đau mắt thuyền chài giá trị phần trăm ,"['pháo hoa', 'đau mắt', 'thuyền chài', 'giá trị phần trăm']","['000156', '000775', '001193', '002865']"
cây ngô cắt lông mũi dép quai hậu dấu huyền ,"['cây ngô', 'cắt lông mũi', 'dép quai hậu', 'dấu huyền']","['002033', '000618', '002567', '001102']"
thiếu niên rắc rối tai hàng ngày ,"['thiếu niên', 'rắc rối', 'tai', 'hàng ngày']","['001081', '000588', '000818', '000393']"
tuần sau pha cà phê tiệc phòng thư viện ,"['tuần sau', 'pha cà phê', 'tiệc', 'phòng thư viện']","['000882', '000130', '001257', '000255']"
rút gọn phân số vải lụa quyên góp số lớn ,"['rút gọn phân số', 'vải lụa', 'quyên góp', 'số lớn']","['000587', '000711', '000726', '000736']"
Lượm đảo Hoàng Sa bạn trai nhân hậu ,"['Lượm', 'đảo Hoàng Sa', 'bạn trai', 'nhân hậu']","['000694', '000843', '001383', '003627']"
óc nồi dây điện Ô-lim-píc ,"['óc', 'nồi', 'dây điện', 'Ô-lim-píc']","['000089', '000049', '002561', '000491']"
rưỡi nổ súng tự trọng lẩu ,"['rưỡi', 'nổ súng', 'tự trọng', 'lẩu']","['000609', '000047', '000731', '000804']"
họp nhóm trà sữa trêu anh dũng ,"['họp nhóm', 'trà sữa', 'trêu', 'anh dũng']","['000960', '000857', '001470', '001217']"
thông cảm con bê lẩu sổ điểm danh ,"['thông cảm', 'con bê', 'lẩu', 'sổ điểm danh']","['001094', '002312', '000804', '000719']"
con voi cái vợt cá thương yêu hoặc ,"['con voi', 'cái vợt cá', 'thương yêu', 'hoặc']","['002395', '000950', '001318', '000420']"
nổ lốp xe mâm ngũ quả thuyết trình tuần này ,"['nổ lốp xe', 'mâm ngũ quả', 'thuyết trình', 'tuần này']","['000043', '003384', '001202', '000874']"
làm được xem điện tôi yêu bạn ấy ,"['làm được', 'xem', 'điện', 'tôi yêu bạn ấy']","['000932', '000435', '002701', '000292']"
h Cocacola hoa giấy tay phải tài giỏi ,"['h', 'Cocacola', 'hoa giấy', 'tay phải', 'tài giỏi']","['001050', '000860', '001008', '000861', '000823']"
làm được nhảy lò cò rõ ràng thuộc địa không đẹp ,"['làm được', 'nhảy lò cò', 'rõ ràng', 'thuộc địa', 'không đẹp']","['000932', '000646', '000555', '000771', '000271']"
toa lét thân cây rau dền ông già hoa ,"['toa lét', 'thân cây', 'rau dền', 'ông già', 'hoa']","['001352', '000995', '000519', '000103', '003011']"
thác cua đồng bánh cuốn bán hàng tiện nghi ,"['thác', 'cua đồng', 'bánh cuốn', 'bán hàng', 'tiện nghi']","['000921', '000820', '001429', '001363', '001265']"
phần trăm hội thoại thiếp mời chia rẽ duyên dáng ,"['phần trăm', 'hội thoại', 'thiếp mời', 'chia rẽ', 'duyên dáng']","['000175', '000650', '001075', '000728', '002598']"
6 lễ bế giảng tham quan dỗi sáng kiến ,"['6', 'lễ bế giảng', 'tham quan', 'dỗi', 'sáng kiến']","['001134', '003243', '000940', '000602', '000625']"
tóc ngắn quát mắng cơ hội quyết định tai ,"['tóc ngắn', 'quát mắng', 'cơ hội', 'quyết định', 'tai']","['000915', '000410', '002456', '000482', '000818']"
mọc râu thi cử quả vải chia rẽ thợ kim hoàn ,"['mọc râu', 'thi cử', 'quả vải', 'chia rẽ', 'thợ kim hoàn']","['000630', '001049', '000390', '000728', '001119']"
số lẻ họp nhóm trang phục theo dõi Thủy Điện Hòa Bình ,"['số lẻ', 'họp nhóm', 'trang phục', 'theo dõi', 'Thủy Điện Hòa Bình']","['000730', '000964', '001438', '001028', '001192']"
con hàu thả diều con mèo quốc khánh cột điện ,"['con hàu', 'thả diều', 'con mèo', 'quốc khánh', 'cột điện']","['000822', '000917', '002359', '000458', '002450']"
nóng tính quả bưởi cướp sân thượng hòn bi (giống viên bi) ,"['nóng tính', 'quả bưởi', 'cướp', 'sân thượng', 'hòn bi (giống viên bi)']","['000263', '000308', '002506', '000664', '003042']"
quốc tế tỉ lệ làm được tống tiền căm thù ,"['quốc tế', 'tỉ lệ', 'làm được', 'tống tiền', 'căm thù']","['000462', '001238', '000932', '001402', '000265']"
rõ ràng rau dân tộc Chăm thiếp đi bạn trai ,"['rõ ràng', 'rau', 'dân tộc Chăm', 'thiếp đi', 'bạn trai']","['000557', '000510', '000678', '001073', '001383']"
chúc tết rẽ phải phóng viên răng khểnh thường xuyên ,"['chúc tết', 'rẽ phải', 'phóng viên', 'răng khểnh', 'thường xuyên']","['002258', '000537', '000988', '000624', '000352']"
gạo thét san hô thăm hỏi chúng tôi (2 người) (đại từ) ,"['gạo', 'thét', 'san hô', 'thăm hỏi', 'chúng tôi (2 người) (đại từ)']","['002825', '001035', '000617', '000981', '000273']"
nỏ chiếu trà nóng sinh sản rừng rậm ,"['nỏ', 'chiếu', 'trà nóng', 'sinh sản', 'rừng rậm']","['000029', '002197', '000854', '000699', '000599']"
rộng rãi gian khổ quả thanh long quỳ buổi đêm ,"['rộng rãi', 'gian khổ', 'quả thanh long', 'quỳ', 'buổi đêm']","['000575', '002874', '000388', '000485', '001828']"
bé trai bản đồ Việt Nam bé trai đại diện tia số ,"['bé trai', 'bản đồ Việt Nam', 'bé trai', 'đại diện', 'tia số']","['001583', '001349', '001579', '002607', '001246']"
nỏ phép mầu công nghiệp ai tham ăn ,"['nỏ', 'phép mầu', 'công nghiệp', 'ai', 'tham ăn']","['000029', '000192', '000676', '001197', '000065']"
thân thiết sấm chớp nước mắt Ninh Bình phẫu thuật bụng ,"['thân thiết', 'sấm chớp', 'nước mắt', 'Ninh Bình', 'phẫu thuật bụng']","['001002', '000653', '000079', '000024', '000794']"
ham chơi thiếu niên đòi hỏi phó hiệu trưởng Quảng Trị ,"['ham chơi', 'thiếu niên', 'đòi hỏi', 'phó hiệu trưởng', 'Quảng Trị']","['000738', '001081', '000979', '000484', '000421']"
tia số hối hận thành công rừng núi bạn yêu bạn ấy ,"['tia số', 'hối hận', 'thành công', 'rừng núi', 'bạn yêu bạn ấy']","['001246', '003056', '000961', '000596', '000295']"
bánh tráng tham dự sinh đôi chuẩn bị thìa ,"['bánh tráng', 'tham dự', 'sinh đôi', 'chuẩn bị', 'thìa']","['000241', '000931', '000902', '002252', '001055']"
buổi đêm bắn cung tên thiếp đi giao tiếp thu thập ,"['buổi đêm', 'bắn cung tên', 'thiếp đi', 'giao tiếp', 'thu thập']","['001828', '000496', '001073', '002880', '001135']"
nhảy lò cò tải về bản đồ Việt Nam không cho sốt ,"['nhảy lò cò', 'tải về', 'bản đồ Việt Nam', 'không cho', 'sốt']","['000646', '000591', '001349', '000086', '000742']"
gian dối phó hiệu trưởng sinh sống không nên lái tàu hỏa ,"['gian dối', 'phó hiệu trưởng', 'sinh sống', 'không nên', 'lái tàu hỏa']","['000732', '000488', '000705', '000092', '003213']"
dỗi quy định thùng phật (tượng) Anh (nước Anh) ,"['dỗi', 'quy định', 'thùng', 'phật (tượng)', 'Anh (nước Anh)']","['000600', '000469', '001170', '000190', '001207']"
thiu phòng mĩ thuật không có xem Oa-sinh-tơn ,"['thiu', 'phòng mĩ thuật', 'không có', 'xem', 'Oa-sinh-tơn']","['000812', '000252', '000249', '000435', '000087']"
không có Võ Thị Sáu bảng trừ cất giấu thương yêu ,"['không có', 'Võ Thị Sáu', 'bảng trừ', 'cất giấu', 'thương yêu']","['000249', '000453', '001419', '001973', '001232']"
không dám nhà kho dép quai hậu rong biển sinh đẻ ,"['không dám', 'nhà kho', 'dép quai hậu', 'rong biển', 'sinh đẻ']","['000470', '000806', '002567', '000563', '000689']"
nồi cơm điện tháng trang phục quà mía ,"['nồi cơm điện', 'tháng', 'trang phục', 'quà', 'mía']","['000051', '000948', '001438', '000417', '000844']"
rạp chiếu phim bánh cuốn quân đội mâm ngũ quả quốc khánh ,"['rạp chiếu phim', 'bánh cuốn', 'quân đội', 'mâm ngũ quả', 'quốc khánh']","['000509', '001429', '000425', '003384', '000458']"
tuần này ngập ngừng quần âu hoa sen công nghiệp ,"['tuần này', 'ngập ngừng', 'quần âu', 'hoa sen', 'công nghiệp']","['000874', '000448', '000429', '003013', '000674']"
sâu bọ vịt quay dân tộc Khơ me thu nhỏ tôn thờ ,"['sâu bọ', 'vịt quay', 'dân tộc Khơ me', 'thu nhỏ', 'tôn thờ']","['000677', '000827', '000682', '001133', '001384']"
tay chân sạch sẽ dự án phi tiêu hiểu cứu sống ,"['tay chân sạch sẽ', 'dự án', 'phi tiêu', 'hiểu', 'cứu sống']","['000920', '000580', '000198', '002991', '000696']"
đèn xanh ă sơn như hình với bóng tham ăn ,"['đèn xanh', 'ă', 'sơn', 'như hình với bóng', 'tham ăn']","['002672', '001025', '000757', '000017', '000063']"
quả vải mồ hôi nhễ nhại héc-tô-gam (hg) rình mò quả xoài ,"['quả vải', 'mồ hôi nhễ nhại', 'héc-tô-gam (hg)', 'rình mò', 'quả xoài']","['000390', '000440', '002972', '000551', '000392']"
mâm ngũ quả quả chôm chôm Quảng Nam tác dụng da trắng ,"['mâm ngũ quả', 'quả chôm chôm', 'Quảng Nam', 'tác dụng', 'da trắng']","['003384', '000318', '000418', '000813', '000750']"
chuẩn bị tay chân sạch sẽ bánh hamburger con muỗi xử lý ,"['chuẩn bị', 'tay chân sạch sẽ', 'bánh hamburger', 'con muỗi', 'xử lý']","['002254', '000922', '000830', '002361', '000256']"
dừng lại nhổ tóc phi tiêu sinh đôi thủ công ,"['dừng lại', 'nhổ tóc', 'phi tiêu', 'sinh đôi', 'thủ công']","['000415', '000612', '000198', '000902', '001139']"
duy nhất triều đình Võ Thị Sáu chạy (động vật) bánh tráng ,"['duy nhất', 'triều đình', 'Võ Thị Sáu', 'chạy (động vật)', 'bánh tráng']","['000980', '001480', '000453', '000405', '000241']"
nồi cơm điện rau bắp cải rước đèn đi vệ sinh thu mua ,"['nồi cơm điện', 'rau bắp cải', 'rước đèn', 'đi vệ sinh', 'thu mua']","['000051', '000513', '000603', '001019', '001131']"
bức tranh tạm biệt hôi thuyền rồng thiếp đi ,"['bức tranh', 'tạm biệt', 'hôi', 'thuyền rồng', 'thiếp đi']","['001878', '000841', '000401', '001195', '001073']"
mọc râu ngập ngừng tính chất giao hoán tính chất cơ bản của phân số chuẩn bị ,"['mọc râu', 'ngập ngừng', 'tính chất giao hoán', 'tính chất cơ bản của phân số', 'chuẩn bị']","['000630', '000448', '001336', '001334', '002253']"
tàu hoả tiếc đặc biệt bánh mì đen đủi ,"['tàu hoả', 'tiếc', 'đặc biệt', 'bánh mì', 'đen đủi']","['000849', '001255', '002633', '001443', '000595']"
quê vòng nguyệt quế chúng tôi (4 người) (đại từ) ruộng bậc thang quạt treo tường ,"['quê', 'vòng nguyệt quế', 'chúng tôi (4 người) (đại từ)', 'ruộng bậc thang', 'quạt treo tường']","['000445', '000493', '000277', '000578', '000423']"
trang trí quả điều ca nô kháu khỉnh thương (số) ,"['trang trí', 'quả điều', 'ca nô', 'kháu khỉnh', 'thương (số)']","['001418', '002708', '001894', '000626', '001228']"
6 phản động quý hiếm điều phối giao thông ,"['6', 'phản động', 'quý hiếm', 'điều phối', 'giao thông']","['001134', '000149', '000487', '002709', '002859']"
quê tổng (số) cao (người) phòng chống phun nước ,"['quê', 'tổng (số)', 'cao (người)', 'phòng chống', 'phun nước']","['000445', '001392', '001931', '000242', '000291']"
hải sản thăm hỏi nội quy tự trọng thìa ,"['hải sản', 'thăm hỏi', 'nội quy', 'tự trọng', 'thìa']","['000824', '000983', '000062', '000731', '001057']"
quàng khăn cỏ phẫu thuật bụng điện thoát hiểm ,"['quàng khăn', 'cỏ', 'phẫu thuật bụng', 'điện', 'thoát hiểm']","['000406', '001802', '000794', '002701', '001085']"
tiếc riêng tư phố cổ nổi nóng giám sát ,"['tiếc', 'riêng tư', 'phố cổ', 'nổi nóng', 'giám sát']","['001251', '000548', '000266', '000059', '000572']"
thổ dân cộng (Toán học) hi vọng nhõng nhẽo quả chôm chôm ,"['thổ dân', 'cộng (Toán học)', 'hi vọng', 'nhõng nhẽo', 'quả chôm chôm']","['003223', '002446', '002988', '000592', '000318']"
giấy nháp thân cây sữa bò ă tay trái ,"['giấy nháp', 'thân cây', 'sữa bò', 'ă', 'tay trái']","['002900', '000997', '000772', '001025', '000863']"
phòng y tế lễ bế giảng số đo thực tế to lớn ,"['phòng y tế', 'lễ bế giảng', 'số đo', 'thực tế', 'to lớn']","['000257', '003243', '000729', '001224', '001346']"
da ngăm (nước da ngăm đen) quả hồng xiêm con bê cất giấu cháu nội ,"['da ngăm (nước da ngăm đen)', 'quả hồng xiêm', 'con bê', 'cất giấu', 'cháu nội']","['000758', '000347', '002312', '001973', '002095']"
quả thanh long hoạt động cháu gái phóng viên thiếu thốn ,"['quả thanh long', 'hoạt động', 'cháu gái', 'phóng viên', 'thiếu thốn']","['000388', '003025', '002083', '000988', '000460']"
hoa nước mắt Quảng Trị bản đồ Việt Nam bảng cộng ,"['hoa', 'nước mắt', 'Quảng Trị', 'bản đồ Việt Nam', 'bảng cộng']","['003011', '000079', '000421', '001349', '001397']"
phấn đấu nhọn hàng ngày thắp đèn lên đường ,"['phấn đấu', 'nhọn', 'hàng ngày', 'thắp đèn', 'lên đường']","['000184', '000008', '000395', '000957', '003252']"
Lượm chuẩn bị thiên nhiên ngữ pháp phố cổ ,"['Lượm', 'chuẩn bị', 'thiên nhiên', 'ngữ pháp', 'phố cổ']","['000694', '002253', '001068', '001157', '000266']"
số đo chơi theo đuổi dân tộc ngữ pháp ,"['số đo', 'chơi', 'theo đuổi', 'dân tộc', 'ngữ pháp']","['000729', '002232', '001031', '002538', '001157']"
chiếu ngập ngừng quát mắng số chín nhụy hoa ,"['chiếu', 'ngập ngừng', 'quát mắng', 'số chín', 'nhụy hoa']","['002198', '000448', '000410', '000727', '000015']"
p thợ kim hoàn Tết Trung thu thuyết phục quần âu ,"['p', 'thợ kim hoàn', 'Tết Trung thu', 'thuyết phục', 'quần âu']","['001070', '001119', '000907', '001200', '000429']"
bánh tráng rửa chân gỗ rau mùng tơi bạn trai ,"['bánh tráng', 'rửa chân', 'gỗ', 'rau mùng tơi', 'bạn trai']","['000241', '000590', '002929', '000521', '001383']"
quần bò sương gió thống nhất đất nước nhảy bao bố Trần Quốc Toản ,"['quần bò', 'sương gió', 'thống nhất đất nước', 'nhảy bao bố', 'Trần Quốc Toản']","['000431', '000809', '000667', '000644', '000464']"
tiểu học lượt đi chúc mừng sấm chớp thìa ,"['tiểu học', 'lượt đi', 'chúc mừng', 'sấm chớp', 'thìa']","['001295', '000714', '002255', '000653', '001057']"
sa mạc bảng màu phòng chức năng quy định chị chồng ,"['sa mạc', 'bảng màu', 'phòng chức năng', 'quy định', 'chị chồng']","['000433', '001409', '000243', '000469', '002174']"
chúc mừng khổ mũi tên hoạt hình Ninh Bình ,"['chúc mừng', 'khổ', 'mũi tên', 'hoạt hình', 'Ninh Bình']","['002255', '003167', '000498', '003026', '000024']"
phòng mĩ thuật cỏ điều phối lên đường san hô ,"['phòng mĩ thuật', 'cỏ', 'điều phối', 'lên đường', 'san hô']","['000252', '001802', '002709', '003252', '000617']"
liếc nhìn quyết định quạt treo tường Tiền Giang thân thiết ,"['liếc nhìn', 'quyết định', 'quạt treo tường', 'Tiền Giang', 'thân thiết']","['000610', '000482', '000423', '001261', '001002']"
khổ tích cực bánh cuốn sữa rửa mặt trà nóng ,"['khổ', 'tích cực', 'bánh cuốn', 'sữa rửa mặt', 'trà nóng']","['003167', '001249', '001429', '000793', '000854']"
tình yêu thiếp mời thả diều chính phủ quyết tâm ,"['tình yêu', 'thiếp mời', 'thả diều', 'chính phủ', 'quyết tâm']","['001324', '001075', '000917', '002211', '000495']"
đàng hoàng bảng đen nghệ sĩ tham khảo cạnh tranh ,"['đàng hoàng', 'bảng đen', 'nghệ sĩ', 'tham khảo', 'cạnh tranh']","['000511', '001401', '003527', '000936', '000982']"
rau diếp cá dân tộc Mường cảng Hải Phòng sinh đôi thím ,"['rau diếp cá', 'dân tộc Mường', 'cảng Hải Phòng', 'sinh đôi', 'thím']","['000718', '000680', '000700', '000902', '001083']"
vòng nguyệt quế san sẻ hội nghị địa hình quốc ca ,"['vòng nguyệt quế', 'san sẻ', 'hội nghị', 'địa hình', 'quốc ca']","['000493', '000619', '003060', '001003', '000452']"
dấu sắc đèn vàng bảng trừ tuần sau trao tặng ,"['dấu sắc', 'đèn vàng', 'bảng trừ', 'tuần sau', 'trao tặng']","['001108', '002669', '001423', '000884', '001446']"
tham ăn không muốn Tết hàn thực thương yêu rèn luyện ,"['tham ăn', 'không muốn', 'Tết hàn thực', 'thương yêu', 'rèn luyện']","['000063', '000430', '000102', '001236', '000541']"
phổ biến phổi sâu bọ nước ép trái cây đầu tư ,"['phổ biến', 'phổi', 'sâu bọ', 'nước ép trái cây', 'đầu tư']","['000262', '000270', '000677', '000838', '000583']"
tập trung sức khỏe rễ cọc phục hồi tay chân sạch sẽ ,"['tập trung', 'sức khỏe', 'rễ cọc', 'phục hồi', 'tay chân sạch sẽ']","['000885', '000801', '000543', '000288', '000920']"
dân tộc Mông phân số 6 chiếu hoặc ,"['dân tộc Mông', 'phân số', '6', 'chiếu', 'hoặc']","['000686', '000163', '001134', '002198', '000420']"
gian dối tiếng Anh suối lồng tiếng tuần trước ,"['gian dối', 'tiếng Anh', 'suối', 'lồng tiếng', 'tuần trước']","['000732', '001267', '000763', '003294', '000888']"
phòng đa năng tỉ lệ Tiền Giang bảng trừ duy nhất ,"['phòng đa năng', 'tỉ lệ', 'Tiền Giang', 'bảng trừ', 'duy nhất']","['000245', '001238', '001261', '001419', '000980']"
căm thù tham ăn cả ngày dân tộc Thái cau có ,"['căm thù', 'tham ăn', 'cả ngày', 'dân tộc Thái', 'cau có']","['000265', '000063', '000802', '000684', '001955']"
số lớn 10 000 (mười nghìn) khoáng sản sân nhà thả diều ,"['số lớn', '10 000 (mười nghìn)', 'khoáng sản', 'sân nhà', 'thả diều']","['000736', '001175', '000668', '000662', '000917']"
chăn (cái chăn) cắt lông mũi ba là say sưa liếc nhìn ,"['chăn (cái chăn)', 'cắt lông mũi', 'ba là', 'say sưa', 'liếc nhìn']","['002121', '000618', '000317', '000642', '000610']"
nhận đề phòng thực hiện phim hoạt hình Trung Thu ,"['nhận', 'đề phòng', 'thực hiện', 'phim hoạt hình', 'Trung Thu']","['003632', '000461', '001218', '000214', '001560']"
tặc lưỡi tái phạm phó hiệu trưởng đầu tư thối ,"['tặc lưỡi', 'tái phạm', 'phó hiệu trưởng', 'đầu tư', 'thối']","['000865', '000831', '000486', '000583', '000811']"
nói chuyện thầy giáo con voi rong chơi Phi-líp-pin (nước Phi-líp-pin) ,"['nói chuyện', 'thầy giáo', 'con voi', 'rong chơi', 'Phi-líp-pin (nước Phi-líp-pin)']","['000033', '001023', '002395', '000568', '000208']"
chia ba địa hình đất ruộng tháng giấy ăn ,"['chia ba', 'địa hình', 'đất ruộng', 'tháng', 'giấy ăn']","['000564', '001003', '000258', '000948', '002894']"
thu nhỏ quả cam thẳng tắp thâm quầng mắt đỏ thắm ,"['thu nhỏ', 'quả cam', 'thẳng tắp', 'thâm quầng mắt', 'đỏ thắm']","['001133', '000314', '000991', '000723', '000635']"
"anh hai, anh cả làm ruộng ruộng bậc thang tờ tiền bản đồ Việt Nam ","['anh hai, anh cả', 'làm ruộng', 'ruộng bậc thang', 'tờ tiền', 'bản đồ Việt Nam']","['000301', '003216', '000578', '001416', '001349']"
ăn vú sữa (bằng thìa) thông minh quyên góp vải lụa theo đuổi ,"['ăn vú sữa (bằng thìa)', 'thông minh', 'quyên góp', 'vải lụa', 'theo đuổi']","['000398', '001097', '000726', '000709', '001031']"
theo dõi thủ công tóc ngắn sổ tay di truyền ,"['theo dõi', 'thủ công', 'tóc ngắn', 'sổ tay', 'di truyền']","['001028', '001141', '000915', '000720', '002574']"
nồi nói ngập ngừng thoát hiểm cây cổ thụ thuộc địa ,"['nồi', 'nói ngập ngừng', 'thoát hiểm', 'cây cổ thụ', 'thuộc địa']","['000049', '000450', '001085', '002019', '000771']"
đau chân Phi-líp-pin (nước Phi-líp-pin) thân cây tỉ lệ má hồng ,"['đau chân', 'Phi-líp-pin (nước Phi-líp-pin)', 'thân cây', 'tỉ lệ', 'má hồng']","['000781', '000208', '000999', '001238', '000446']"
áo đồng phục nguội tấm vải ổn định thư giãn ,"['áo đồng phục', 'nguội', 'tấm vải', 'ổn định', 'thư giãn']","['001256', '000814', '000875', '000101', '001204']"
nhi đồng lên đường cây cổ thụ e thẹn phong trào ,"['nhi đồng', 'lên đường', 'cây cổ thụ', 'e thẹn', 'phong trào']","['003641', '003252', '002019', '002798', '000233']"
thái độ tỉnh táo thân cây nhận quả mướp ,"['thái độ', 'tỉnh táo', 'thân cây', 'nhận', 'quả mướp']","['000923', '000659', '000997', '003632', '000359']"
Quảng Ninh rừng núi nổ lốp xe phương hướng kim cương ,"['Quảng Ninh', 'rừng núi', 'nổ lốp xe', 'phương hướng', 'kim cương']","['000407', '000596', '000043', '000296', '000704']"
vải lụa trêu tức quạt treo tường lãng phí buổi trưa ,"['vải lụa', 'trêu tức', 'quạt treo tường', 'lãng phí', 'buổi trưa']","['000709', '001472', '000423', '000690', '001846']"
héc-tô-mét (hm) mõm ,"['héc-tô-mét (hm)', 'mõm']","['002977', '003413']"
tái phạm Lào (nước Lào) ,"['tái phạm', 'Lào (nước Lào)']","['000833', '003226']"
học bổng bảng cửu chương ,"['học bổng', 'bảng cửu chương']","['003032', '001399']"
quả bưởi con sói ,"['quả bưởi', 'con sói']","['000311', '002383']"
huyện chảo ,"['huyện', 'chảo']","['003081', '002077']"
quân đội thái độ ,"['quân đội', 'thái độ']","['000427', '000927']"
tàu ngầm sắt ,"['tàu ngầm', 'sắt']","['000851', '000649']"
tre mâm cơm ,"['tre', 'mâm cơm']","['001467', '003383']"
bờm tóc đèo Hải Vân ,"['bờm tóc', 'đèo Hải Vân']","['001791', '002678']"
sừng bò điện ,"['sừng bò', 'điện']","['000805', '002703']"
mồ côi cha mẹ bình thường ,"['mồ côi cha mẹ', 'bình thường']","['003420', '001671']"
nhân dân buổi sáng ,"['nhân dân', 'buổi sáng']","['003626', '001836']"
trọng nam khinh nữ chủ nhiệm ,"['trọng nam khinh nữ', 'chủ nhiệm']","['002309', '002240']"
con nuôi giao tiếp ,"['con nuôi', 'giao tiếp']","['002373', '002881']"
chức vụ con gái ,"['chức vụ', 'con gái']","['002301', '002345']"
cây phượng phim truyện ,"['cây phượng', 'phim truyện']","['002041', '000223']"
chú tễu hòa nhập ,"['chú tễu', 'hòa nhập']","['002244', '003017']"
anh rể đại úy ,"['anh rể', 'đại úy']","['001233', '002614']"
nước Việt nam gỗ ,"['nước Việt nam', 'gỗ']","['000085', '002930']"
kẹo gà mái ,"['kẹo', 'gà mái']","['003100', '002814']"
suy nghĩ lọ hoa ,"['suy nghĩ', 'lọ hoa']","['000765', '003280']"
lá cây đoàn tụ ,"['lá cây', 'đoàn tụ']","['003209', '002721']"
quyết tâm hối hận ,"['quyết tâm', 'hối hận']","['000499', '003057']"
mở đầu tái phạm ,"['mở đầu', 'tái phạm']","['003451', '000835']"
chấm dứt công nhận ,"['chấm dứt', 'công nhận']","['002140', '002433']"
thi cử vui sướng ,"['thi cử', 'vui sướng']","['001047', '001907']"
mặc học bổng ,"['mặc', 'học bổng']","['003370', '003032']"
xây Đồng Nai ,"['xây', 'Đồng Nai']","['001982', '002747']"
thái độ vội vã ,"['thái độ', 'vội vã']","['000925', '001883']"
mái hiên con hươu ,"['mái hiên', 'con hươu']","['003337', '002350']"
chiếu chúc thọ ,"['chiếu', 'chúc thọ']","['002196', '002259']"
mồ côi cha mẹ hình elip ,"['mồ côi cha mẹ', 'hình elip']","['003420', '003000']"
quả khế cô dâu ,"['quả khế', 'cô dâu']","['000351', '002402']"
tờ báo đại tá ,"['tờ báo', 'đại tá']","['001406', '002612']"
từ phải sang trái bản đồ Việt Nam ,"['từ phải sang trái', 'bản đồ Việt Nam']","['001652', '001353']"
Lào (nước Lào) chùa ,"['Lào (nước Lào)', 'chùa']","['003226', '002248']"
mất trí mật khẩu ,"['mất trí', 'mật khẩu']","['003387', '003389']"
mở màn đầy ,"['mở màn', 'đầy']","['003452', '002654']"
xã hội giấy ăn ,"['xã hội', 'giấy ăn']","['001950', '002896']"
bạn gái cây xanh tươi ,"['bạn gái', 'cây xanh tươi']","['001379', '001963']"
hoàng đế nguy hiểm ,"['hoàng đế', 'nguy hiểm']","['003021', '003575']"
nhận xét mất ngủ ,"['nhận xét', 'mất ngủ']","['003634', '003386']"
ngày Nhà giáo Việt nam bụi tre ,"['ngày Nhà giáo Việt nam', 'bụi tre']","['003500', '003154']"
héo chè đỗ đỏ ,"['héo', 'chè đỗ đỏ']","['002978', '002157']"
phá đèn pin ,"['phá', 'đèn pin']","['000140', '002667']"
nghệ thuật đèn xanh ,"['nghệ thuật', 'đèn xanh']","['003529', '002673']"
toà án áo đồng phục ,"['toà án', 'áo đồng phục']","['001362', '001260']"
quyết định nước Việt nam ,"['quyết định', 'nước Việt nam']","['000480', '000083']"
địa đạo Củ Chi đồ chơi ,"['địa đạo Củ Chi', 'đồ chơi']","['002698', '002733']"
chúc mừng đặc biệt ,"['chúc mừng', 'đặc biệt']","['002257', '002634']"
đẩy thả mồi ,"['đẩy', 'thả mồi']","['002657', '000919']"
câu văn bên cạnh ,"['câu văn', 'bên cạnh']","['001993', '001597']"
lễ Nô-en kí tên ,"['lễ Nô-en', 'kí tên']","['003248', '003185']"
người yêu khóc ,"['người yêu', 'khóc']","['003598', '003149']"
chú ( người) trường mầm non ,"['chú ( người)', 'trường mầm non']","['002111', '001602']"
con chim nhà trường ,"['con chim', 'nhà trường']","['002322', '003608']"
héc-tô-mét (hm) mớ rau ,"['héc-tô-mét (hm)', 'mớ rau']","['002976', '003454']"
cột điện bán hàng ,"['cột điện', 'bán hàng']","['002451', '001365']"
bảng nhân báo thù ,"['bảng nhân', 'báo thù']","['001413', '001485']"
từ trái nghĩa ga tàu ,"['từ trái nghĩa', 'ga tàu']","['001656', '002812']"
môn Mĩ thuật vận chuyển ,"['môn Mĩ thuật', 'vận chuyển']","['003437', '001792']"
bắn bi anh dũng ,"['bắn bi', 'anh dũng']","['001513', '001219']"
bảo vệ môi trường hoa sen ,"['bảo vệ môi trường', 'hoa sen']","['001473', '003014']"
mật ong đều đặn ,"['mật ong', 'đều đặn']","['003391', '002692']"
mời sắt ,"['mời', 'sắt']","['003455', '000649']"
mớ rau liên quan ,"['mớ rau', 'liên quan']","['003454', '003266']"
đen láy (như đen nhánh) con số ,"['đen láy (như đen nhánh)', 'con số']","['002660', '002385']"
héc-tô-gam (hg) đen láy (như đen nhánh) ,"['héc-tô-gam (hg)', 'đen láy (như đen nhánh)']","['002974', '002660']"
tái phạm cái gương ,"['tái phạm', 'cái gương']","['000835', '001908']"
hoa sen sữa dê ,"['hoa sen', 'sữa dê']","['003014', '000782']"
vấn đề phong toả ,"['vấn đề', 'phong toả']","['001790', '000998']"
băng chuyền khóc ,"['băng chuyền', 'khóc']","['001521', '003149']"
điều tra cổng trường ,"['điều tra', 'cổng trường']","['002715', '002417']"
chào chặt chẽ ,"['chào', 'chặt chẽ']","['002075', '002138']"
bài thơ hoa sen ,"['bài thơ', 'hoa sen']","['001313', '003014']"
hiện nay uốn dẻo ,"['hiện nay', 'uốn dẻo']","['002990', '001714']"
thần kinh bướng bỉnh ,"['thần kinh', 'bướng bỉnh']","['001009', '001888']"
gà tây sữa ,"['gà tây', 'sữa']","['002816', '000797']"
người quen bắn bi ,"['người quen', 'bắn bi']","['003590', '001513']"
cây tre cổng trường ,"['cây tre', 'cổng trường']","['002049', '002416']"
con nuôi chai nước ,"['con nuôi', 'chai nước']","['002373', '002071']"
ga tàu hình bình hành ,"['ga tàu', 'hình bình hành']","['002812', '002996']"
xe cứu hỏa hỏng ,"['xe cứu hỏa', 'hỏng']","['001996', '003044']"
đoàn thanh niên tổng thống ,"['đoàn thanh niên', 'tổng thống']","['002720', '001398']"
Đền Hùng đều đặn ,"['Đền Hùng', 'đều đặn']","['002691', '002692']"
chất độc màu da cam Mexico (nước Mexico) ,"['chất độc màu da cam', 'Mexico (nước Mexico)']","['002148', '003401']"
cây phượng con dế ,"['cây phượng', 'con dế']","['002041', '002340']"
bánh gai nội dung ,"['bánh gai', 'nội dung']","['001435', '000060']"
cây khế bột ngọt ,"['cây khế', 'bột ngọt']","['002031', '001773']"
máy khâu từ trái nghĩa ,"['máy khâu', 'từ trái nghĩa']","['003368', '001656']"
Hung-ga-ri (nước Hung-ga-ri) kỉ niệm ,"['Hung-ga-ri (nước Hung-ga-ri)', 'kỉ niệm']","['003074', '003182']"
gỗ con gián ,"['gỗ', 'con gián']","['002930', '002348']"
vô ý thức môn Tự nhiên và Xã hội ,"['vô ý thức', 'môn Tự nhiên và Xã hội']","['001875', '003443']"
chân dung bàn tán ,"['chân dung', 'bàn tán']","['002142', '001347']"
Hoàng tử không gian ,"['Hoàng tử', 'không gian']","['003023', '003159']"
chảo nghi ngờ ,"['chảo', 'nghi ngờ']","['002077', '003533']"
cổ đại con sư tử ,"['cổ đại', 'con sư tử']","['002410', '002386']"
con ngỗng chấm điểm ,"['con ngỗng', 'chấm điểm']","['002364', '002141']"
màu nhiệm câu văn ,"['màu nhiệm', 'câu văn']","['003351', '001993']"
cổng trường đèn báo giao thông ,"['cổng trường', 'đèn báo giao thông']","['002417', '002663']"
ai bảo hiểm héc-tô-mét (hm) ,"['ai', 'bảo hiểm', 'héc-tô-mét (hm)']","['001199', '001459', '002976']"
Đồng Nai Tết Thiếu nhi một cặp ,"['Đồng Nai', 'Tết Thiếu nhi', 'một cặp']","['002747', '000905', '003444']"
vỗ tay mùa hè môn Âm nhạc ,"['vỗ tay', 'mùa hè', 'môn Âm nhạc']","['001881', '003464', '003426']"
bản sao (chỉ người) ngước nhìn đặc biệt ,"['bản sao (chỉ người)', 'ngước nhìn', 'đặc biệt']","['001361', '003580', '002635']"
trông chờ vòi voi không thẳng hàng ,"['trông chờ', 'vòi voi', 'không thẳng hàng']","['001518', '001845', '003160']"
ngồi giá trị phần trăm tập hợp (Toán học) ,"['ngồi', 'giá trị phần trăm', 'tập hợp (Toán học)']","['003569', '002866', '000879']"
khói tấn công ngược đãi ,"['khói', 'tấn công', 'ngược đãi']","['003152', '000877', '003581']"
phố mở màn công viên ,"['phố', 'mở màn', 'công viên']","['000264', '003452', '002440']"
giao tiếp quả khế miền Bắc Việt Nam ,"['giao tiếp', 'quả khế', 'miền Bắc Việt Nam']","['002882', '000351', '003406']"
điều trị điều khiển chức vụ ,"['điều trị', 'điều khiển', 'chức vụ']","['002716', '002713', '002301']"
mạng lưới đọc sách trường mầm non ,"['mạng lưới', 'đọc sách', 'trường mầm non']","['003343', '002726', '001604']"
nhãn vở quả táo đèn báo giao thông ,"['nhãn vở', 'quả táo', 'đèn báo giao thông']","['003611', '000386', '002663']"
buổi tối đấu tranh người bán hàng ,"['buổi tối', 'đấu tranh', 'người bán hàng']","['001842', '002652', '003583']"
Đặng Văn Ngữ còng hi vọng ,"['Đặng Văn Ngữ', 'còng', 'hi vọng']","['002642', '002400', '002987']"
màu nhiệm bảng học sinh chất hữu cơ ,"['màu nhiệm', 'bảng học sinh', 'chất hữu cơ']","['003351', '001389', '002149']"
chùa Hương từ trái nghĩa ngước nhìn ,"['chùa Hương', 'từ trái nghĩa', 'ngước nhìn']","['002250', '001658', '003580']"
màu đỏ đoạn văn không gian ,"['màu đỏ', 'đoạn văn', 'không gian']","['003347', '002725', '003159']"
mua vé cái gương bàn tán ,"['mua vé', 'cái gương', 'bàn tán']","['003461', '001908', '001347']"
con thỏ công cụ cổng ,"['con thỏ', 'công cụ', 'cổng']","['002389', '002432', '002444']"
tham quan chuỗi hạt chất độc ,"['tham quan', 'chuỗi hạt', 'chất độc']","['000942', '002272', '002147']"
công nhận ở ngoài hình hộp chữ nhật ,"['công nhận', 'ở ngoài', 'hình hộp chữ nhật']","['002433', '000128', '003002']"
vai mở đầu mét khối (m3) ,"['vai', 'mở đầu', 'mét khối (m3)']","['001744', '003451', '003398']"
đợi hòn đá bánh cốm ,"['đợi', 'hòn đá', 'bánh cốm']","['002772', '003030', '001427']"
luật chơi cơ hội bản sao (chỉ người) ,"['luật chơi', 'cơ hội', 'bản sao (chỉ người)']","['003302', '002457', '001361']"
con ngỗng tờ giấy tồn tại ,"['con ngỗng', 'tờ giấy', 'tồn tại']","['002364', '001412', '001468']"
Đền Hùng hình bình hành nghé ,"['Đền Hùng', 'hình bình hành', 'nghé']","['002691', '002996', '003524']"
tô màu không hiểu cầu Long Biên ,"['tô màu', 'không hiểu', 'cầu Long Biên']","['001382', '003164', '003157']"
cổ truyền chấm điểm quyền lợi ,"['cổ truyền', 'chấm điểm', 'quyền lợi']","['002414', '002141', '000475']"
từ ngữ lười học cỗ ,"['từ ngữ', 'lười học', 'cỗ']","['001650', '003319', '002418']"
tưới cây suy nghĩ vòng đeo tay ,"['tưới cây', 'suy nghĩ', 'vòng đeo tay']","['001686', '000765', '001847']"
chất thải ung dung quyển vở ,"['chất thải', 'ung dung', 'quyển vở']","['002153', '001702', '000490']"
hình vẽ trứng củ sả ,"['hình vẽ', 'trứng', 'củ sả']","['003008', '001586', '002484']"
nháy mắt mặt chân tay ,"['nháy mắt', 'mặt', 'chân tay']","['003619', '003378', '002144']"
chủ nhiệm con voi nhập trường ,"['chủ nhiệm', 'con voi', 'nhập trường']","['002240', '002396', '003638']"
con ruồi nghiêm khắc rằm trung thu ,"['con ruồi', 'nghiêm khắc', 'rằm trung thu']","['002378', '003548', '000526']"
quê hét (giống la) cấy lúa ,"['quê', 'hét (giống la)', 'cấy lúa']","['000449', '002979', '002057']"
thầy giáo hội thảo cướp ,"['thầy giáo', 'hội thảo', 'cướp']","['001024', '003062', '002507']"
giấy ăn môn Giáo dục thể chất vô tâm ,"['giấy ăn', 'môn Giáo dục thể chất', 'vô tâm']","['002895', '003431', '001868']"
môn Mĩ thuật kí tên vòi voi ,"['môn Mĩ thuật', 'kí tên', 'vòi voi']","['003437', '003185', '001845']"
điều khiển đấu vật đĩa ,"['điều khiển', 'đấu vật', 'đĩa']","['002713', '002653', '002695']"
bánh xe tạo thành hi vọng ,"['bánh xe', 'tạo thành', 'hi vọng']","['001455', '002164', '002987']"
chia chất hữu cơ đoạn thẳng ,"['chia', 'chất hữu cơ', 'đoạn thẳng']","['002178', '002149', '002723']"
hi vọng người lạ môn Ngoại ngữ ,"['hi vọng', 'người lạ', 'môn Ngoại ngữ']","['002987', '003588', '003438']"
tập hợp rỗng cơm bình dân bờm tóc ,"['tập hợp rỗng', 'cơm bình dân', 'bờm tóc']","['000881', '002468', '001791']"
tạo thành nháy mắt từ trái nghĩa ,"['tạo thành', 'nháy mắt', 'từ trái nghĩa']","['002164', '003619', '001658']"
cờ ca rô chứng nhận ai bảo ,"['cờ ca rô', 'chứng nhận', 'ai bảo']","['002465', '002304', '002133']"
mõm ngày tháng chăm học ,"['mõm', 'ngày tháng', 'chăm học']","['003413', '003502', '002113']"
cổng trường mặt đất cố gắng ,"['cổng trường', 'mặt đất', 'cố gắng']","['002417', '003379', '002412']"
nguy hiểm Đông Nam Á nước Việt nam ,"['nguy hiểm', 'Đông Nam Á', 'nước Việt nam']","['003575', '002744', '000085']"
công cụ ngọn cây toa xe ,"['công cụ', 'ngọn cây', 'toa xe']","['002432', '003562', '001358']"
con kiến bánh cốm tự vệ ,"['con kiến', 'bánh cốm', 'tự vệ']","['002353', '001427', '001676']"
tập hợp (Toán học) cơ hội hành quân ,"['tập hợp (Toán học)', 'cơ hội', 'hành quân']","['000879', '002457', '002959']"
vỗ tay trường mầm non bảng chia ,"['vỗ tay', 'trường mầm non', 'bảng chia']","['001881', '001602', '001391']"
bay liệng (bay lượn) hãng máy bay chất dẻo ,"['bay liệng (bay lượn)', 'hãng máy bay', 'chất dẻo']","['001495', '001407', '002145']"
đồn công an huyện mõm ,"['đồn công an', 'huyện', 'mõm']","['002742', '003081', '003413']"
anh rể hình elip tự vệ ,"['anh rể', 'hình elip', 'tự vệ']","['001233', '003000', '001676']"
con chó mi-li-mét (mm) chào ,"['con chó', 'mi-li-mét (mm)', 'chào']","['002325', '003404', '002075']"
kẹo anh chị em cố gắng ,"['kẹo', 'anh chị em', 'cố gắng']","['003100', '001215', '002412']"
hoàn thành cổ chân bên cạnh ,"['hoàn thành', 'cổ chân', 'bên cạnh']","['003019', '002409', '001597']"
đọc sách tờ giấy héc-tô-mét (hm) ,"['đọc sách', 'tờ giấy', 'héc-tô-mét (hm)']","['002726', '001414', '002977']"
môn Lịch sử con bò phương tiện giao thông ,"['môn Lịch sử', 'con bò', 'phương tiện giao thông']","['003436', '002317', '000304']"
bột màu quyển vở bài báo ,"['bột màu', 'quyển vở', 'bài báo']","['001769', '000492', '001309']"
điện đóng cửa bảng nhân ,"['điện', 'đóng cửa', 'bảng nhân']","['002702', '002729', '001413']"
bàn tán gián tiếp cột điện ,"['bàn tán', 'gián tiếp', 'cột điện']","['001347', '002876', '002451']"
quê ngước nhìn địa đạo Củ Chi ,"['quê', 'ngước nhìn', 'địa đạo Củ Chi']","['000449', '003580', '002698']"
bạn trai sân trường trái nghĩa ,"['bạn trai', 'sân trường', 'trái nghĩa']","['001385', '000669', '001428']"
buổi sáng bảo vệ môi trường cơm bình dân ,"['buổi sáng', 'bảo vệ môi trường', 'cơm bình dân']","['001836', '001471', '002468']"
chứng nhận đối diện đề-xi-mét vuông (dm2) ,"['chứng nhận', 'đối diện', 'đề-xi-mét vuông (dm2)']","['002304', '002736', '002688']"
giấy nháp phố nghỉ hè ,"['giấy nháp', 'phố', 'nghỉ hè']","['002901', '000264', '003535']"
kém khóm dứa hình học ,"['kém', 'khóm dứa', 'hình học']","['003097', '003153', '003001']"
mồ côi cha mẹ bướng bỉnh thả mồi ,"['mồ côi cha mẹ', 'bướng bỉnh', 'thả mồi']","['003420', '001886', '000919']"
trường THPT ( cấp 3) con ngựa Đồng Nai ,"['trường THPT ( cấp 3)', 'con ngựa', 'Đồng Nai']","['001616', '002370', '002747']"
còng (cái còng) ngày tháng cố gắng ,"['còng (cái còng)', 'ngày tháng', 'cố gắng']","['002399', '003502', '002412']"
bánh mì từ ngữ môn Khoa học ,"['bánh mì', 'từ ngữ', 'môn Khoa học']","['001447', '001650', '003432']"
con bò đội trưởng bán hàng ,"['con bò', 'đội trưởng', 'bán hàng']","['002317', '002741', '001367']"
mâm cơm đo mồ côi ,"['mâm cơm', 'đo', 'mồ côi']","['003383', '002718', '003419']"
mái tóc báo (con báo) giao thông ,"['mái tóc', 'báo (con báo)', 'giao thông']","['003339', '001477', '002860']"
hình bình hành cộng (Toán học) vòng đeo tay ,"['hình bình hành', 'cộng (Toán học)', 'vòng đeo tay']","['002996', '002447', '001847']"
trái nghĩa hoang mang học bổng ,"['trái nghĩa', 'hoang mang', 'học bổng']","['001430', '003115', '003032']"
cháy rừng con ốc đồ chơi ,"['cháy rừng', 'con ốc', 'đồ chơi']","['002107', '002377', '002733']"
đọc sách sữa hộp tự vệ ,"['đọc sách', 'sữa hộp', 'tự vệ']","['002726', '000789', '001676']"
chia chính xác ban ngày ,"['chia', 'chính xác', 'ban ngày']","['002178', '002217', '001331']"
ai phim hoạt hình bẻ ngô ,"['ai', 'phim hoạt hình', 'bẻ ngô']","['001199', '000216', '001571']"
gian lận mùa thu nhân chứng ,"['gian lận', 'mùa thu', 'nhân chứng']","['002536', '003466', '003625']"
công tắc hòn đá con cóc ,"['công tắc', 'hòn đá', 'con cóc']","['002435', '003030', '002330']"
môn Âm nhạc bảng chia đồng hồ ,"['môn Âm nhạc', 'bảng chia', 'đồng hồ']","['003426', '001391', '002746']"
thành viên tre cô giáo ,"['thành viên', 'tre', 'cô giáo']","['000975', '001466', '002405']"
người xấu em rể đối tượng ,"['người xấu', 'em rể', 'đối tượng']","['003593', '002804', '002737']"
quê nghi ngờ máy in ,"['quê', 'nghi ngờ', 'máy in']","['000447', '003533', '003366']"
diện tích toàn phần công sức liều lĩnh ,"['diện tích toàn phần', 'công sức', 'liều lĩnh']","['002582', '002434', '003271']"
anh rể tháng cố gắng ,"['anh rể', 'tháng', 'cố gắng']","['001231', '000952', '002412']"
hình bình hành hệ bài tiết người xấu ,"['hình bình hành', 'hệ bài tiết', 'người xấu']","['002996', '001317', '003593']"
Đông Nam Đặng Văn Ngữ môn Đạo đức ,"['Đông Nam', 'Đặng Văn Ngữ', 'môn Đạo đức']","['002743', '002642', '003428']"
nhỏ hơn người lái xe (ô tô) màu nhiệm ,"['nhỏ hơn', 'người lái xe (ô tô)', 'màu nhiệm']","['000002', '003587', '003351']"
hoàng hôn hét (giống la) con đường ,"['hoàng hôn', 'hét (giống la)', 'con đường']","['003022', '002979', '002343']"
cướp con cọp chật chội ,"['cướp', 'con cọp', 'chật chội']","['002508', '002332', '002154']"
nghệ thuật quyển vở hồ dán ,"['nghệ thuật', 'quyển vở', 'hồ dán']","['003529', '000492', '003050']"
di truyền con đẻ tự tin ,"['di truyền', 'con đẻ', 'tự tin']","['002575', '002341', '001672']"
mẫu số chung cố gắng măng ,"['mẫu số chung', 'cố gắng', 'măng']","['003394', '002412', '003374']"
mạng lưới chiếu trả thù ,"['mạng lưới', 'chiếu', 'trả thù']","['003343', '002196', '002126']"
đoạn văn mây kí tên nháy mắt ,"['đoạn văn', 'mây', 'kí tên', 'nháy mắt']","['002725', '003396', '003185', '003619']"
lười học môn Tiếng Việt Hồ Chí Minh Điện Biên Phủ ,"['lười học', 'môn Tiếng Việt', 'Hồ Chí Minh', 'Điện Biên Phủ']","['003319', '003440', '003049', '002704']"
phong toả con cừu bàn tán vật nuôi ,"['phong toả', 'con cừu', 'bàn tán', 'vật nuôi']","['000998', '002337', '001347', '001800']"
cổ mái nhà u ám ( trời u ám) nhân chứng ,"['cổ', 'mái nhà', 'u ám ( trời u ám)', 'nhân chứng']","['002407', '003338', '001700', '003625']"
mùa hè Tết Trung thu bướng bỉnh đổi ,"['mùa hè', 'Tết Trung thu', 'bướng bỉnh', 'đổi']","['003464', '000911', '001886', '002735']"
nghi ngờ đấu tranh con bê vi khuẩn ,"['nghi ngờ', 'đấu tranh', 'con bê', 'vi khuẩn']","['003532', '002652', '002313', '001817']"
trong ngoài nước Việt nam hợp tác kiểm tra ,"['trong ngoài', 'nước Việt nam', 'hợp tác', 'kiểm tra']","['001500', '000083', '003070', '003189']"
măng ông ngoại điêu khắc gian lận ,"['măng', 'ông ngoại', 'điêu khắc', 'gian lận']","['003374', '000108', '002706', '002536']"
anh rể yên ngựa ông ngoại chén ,"['anh rể', 'yên ngựa', 'ông ngoại', 'chén']","['001231', '002505', '000108', '002161']"
hiện đại bé trai học nhóm mây ,"['hiện đại', 'bé trai', 'học nhóm', 'mây']","['002989', '001581', '003034', '003396']"
cây phượng con bê chất dẻo thông minh ,"['cây phượng', 'con bê', 'chất dẻo', 'thông minh']","['002041', '002313', '002145', '001099']"
tổng thống con dâu hệ thống đoàn tụ ,"['tổng thống', 'con dâu', 'hệ thống', 'đoàn tụ']","['001400', '002338', '002982', '002721']"
Bru-nây (nước Bru-nây) Võ Nguyên Giáp mũ lưỡi trai đàn bầu ,"['Bru-nây (nước Bru-nây)', 'Võ Nguyên Giáp', 'mũ lưỡi trai', 'đàn bầu']","['001799', '001843', '003459', '002617']"
con cua đền chất hữu cơ đồng phục ,"['con cua', 'đền', 'chất hữu cơ', 'đồng phục']","['002335', '002690', '002149', '002762']"
vô tư hoảng sợ chuỗi hạt lò xo ,"['vô tư', 'hoảng sợ', 'chuỗi hạt', 'lò xo']","['001872', '003024', '002272', '003279']"
trúng tuyển con chó đèn điện máy in ,"['trúng tuyển', 'con chó', 'đèn điện', 'máy in']","['001572', '002324', '002665', '003366']"
đèo Hải Vân cổ tay tồn tại chật chội ,"['đèo Hải Vân', 'cổ tay', 'tồn tại', 'chật chội']","['002677', '002413', '001468', '002154']"
đẹp đẽ (như đẹp) đèn xanh cổ truyền Bru-nây (nước Bru-nây) ,"['đẹp đẽ (như đẹp)', 'đèn xanh', 'cổ truyền', 'Bru-nây (nước Bru-nây)']","['002680', '002673', '002414', '001799']"
xe khách điêu khắc chú ( người) màu nâu ,"['xe khách', 'điêu khắc', 'chú ( người)', 'màu nâu']","['002002', '002706', '002111', '003350']"
hộp bút chuyên biệt không hiểu bản lề ,"['hộp bút', 'chuyên biệt', 'không hiểu', 'bản lề']","['003064', '002276', '003164', '001357']"
mũ lưỡi trai mũ hình bình hành anh rể ,"['mũ lưỡi trai', 'mũ', 'hình bình hành', 'anh rể']","['003459', '003471', '002996', '001233']"
lễ hội tự vệ con người máy chiếu ,"['lễ hội', 'tự vệ', 'con người', 'máy chiếu']","['003245', '001676', '002366', '003364']"
hồi hộp tờ giấy thần kinh trường PTCS (cấp 2) ,"['hồi hộp', 'tờ giấy', 'thần kinh', 'trường PTCS (cấp 2)']","['003054', '001414', '001009', '001610']"
công viên chuyên gia máy khâu yêu cầu ,"['công viên', 'chuyên gia', 'máy khâu', 'yêu cầu']","['002441', '002280', '003368', '002102']"
mẫu số bé đèn báo giao thông đợi Hồ Chí Minh ,"['mẫu số bé', 'đèn báo giao thông', 'đợi', 'Hồ Chí Minh']","['003393', '002662', '002772', '003049']"
hòn đá hộp sữa sao bảng nhân ,"['hòn đá', 'hộp sữa', 'sao', 'bảng nhân']","['003030', '003065', '000631', '001413']"
chú tễu giấy màu nước Việt nam mây ,"['chú tễu', 'giấy màu', 'nước Việt nam', 'mây']","['002244', '002899', '000083', '003396']"
tham quan mộc nhĩ bạn gái còng (cái còng) ,"['tham quan', 'mộc nhĩ', 'bạn gái', 'còng (cái còng)']","['000944', '003422', '001381', '002399']"
đối tượng con ghẹ tham dự sữa bò ,"['đối tượng', 'con ghẹ', 'tham dự', 'sữa bò']","['002737', '002347', '000933', '000774']"
vòi voi bình an chật chội Tết Âm ,"['vòi voi', 'bình an', 'chật chội', 'Tết Âm']","['001845', '001657', '002154', '000897']"
độc lập quân đội hoang mang chính xác ,"['độc lập', 'quân đội', 'hoang mang', 'chính xác']","['002750', '000427', '003115', '002216']"
chuyên gia đợi hiện nay cướp ,"['chuyên gia', 'đợi', 'hiện nay', 'cướp']","['002280', '002772', '002990', '002507']"
cá kho hung ác đôi dép sân trường ,"['cá kho', 'hung ác', 'đôi dép', 'sân trường']","['001900', '003072', '002734', '000670']"
màu nâu móng chân bảo hiểm giúp đỡ ,"['màu nâu', 'móng chân', 'bảo hiểm', 'giúp đỡ']","['003350', '003418', '001459', '002916']"
cối xay gió con khỉ ở ngoài bẻ ngô ,"['cối xay gió', 'con khỉ', 'ở ngoài', 'bẻ ngô']","['002425', '002351', '000128', '001569']"
mở rộng hiểu mây củ sả ,"['mở rộng', 'hiểu', 'mây', 'củ sả']","['003453', '002992', '003396', '002484']"
vui chơi trốn chạy quả nhãn máy in ,"['vui chơi', 'trốn chạy', 'quả nhãn', 'máy in']","['001895', '001514', '000368', '003366']"
đối diện cổng cờ ca rô hồ nước ,"['đối diện', 'cổng', 'cờ ca rô', 'hồ nước']","['002736', '002444', '002465', '003052']"
tưới cây em rể bánh mì họa sỹ ,"['tưới cây', 'em rể', 'bánh mì', 'họa sỹ']","['001686', '002804', '001445', '003018']"
quả roi chân dung vai hiện đại ,"['quả roi', 'chân dung', 'vai', 'hiện đại']","['000378', '002142', '001744', '002989']"
nhìn hãng máy bay thái độ vô tư ,"['nhìn', 'hãng máy bay', 'thái độ', 'vô tư']","['000000', '001407', '000925', '001872']"
má chuyên gia ai bảo hoa ,"['má', 'chuyên gia', 'ai bảo', 'hoa']","['003361', '002279', '002133', '003010']"
chúc thọ chứng nhận đoán Trung Thu ,"['chúc thọ', 'chứng nhận', 'đoán', 'Trung Thu']","['002259', '002304', '002722', '001564']"
củ sả Phi-líp-pin (nước Phi-líp-pin) không hiểu hội thảo ,"['củ sả', 'Phi-líp-pin (nước Phi-líp-pin)', 'không hiểu', 'hội thảo']","['002484', '000210', '003165', '003062']"
sữa hộp nhiệt kế tham quan đen láy (như đen nhánh) ,"['sữa hộp', 'nhiệt kế', 'tham quan', 'đen láy (như đen nhánh)']","['000789', '003643', '000942', '002660']"
bướng bỉnh khóc môn Giáo dục thể chất đẹp đẽ (như đẹp) ,"['bướng bỉnh', 'khóc', 'môn Giáo dục thể chất', 'đẹp đẽ (như đẹp)']","['001888', '003149', '003431', '002680']"
nhận xét đo hoan hô chăn (cái chăn) ,"['nhận xét', 'đo', 'hoan hô', 'chăn (cái chăn)']","['003634', '002718', '002124', '002123']"
móc áo vô ý thức bình thường đồng hồ ,"['móc áo', 'vô ý thức', 'bình thường', 'đồng hồ']","['003411', '001875', '001669', '002746']"
trốn chạy con ruồi chữa bài điện ,"['trốn chạy', 'con ruồi', 'chữa bài', 'điện']","['001514', '002378', '002293', '002703']"
nội dung Võ Nguyên Giáp bảo hiểm cỏ may ,"['nội dung', 'Võ Nguyên Giáp', 'bảo hiểm', 'cỏ may']","['000060', '001843', '001459', '002307']"
công ước thông minh đẹp đẽ (như đẹp) tái phạm ,"['công ước', 'thông minh', 'đẹp đẽ (như đẹp)', 'tái phạm']","['002438', '001099', '002680', '000835']"
công sức xã hội yêu cầu anh em ,"['công sức', 'xã hội', 'yêu cầu', 'anh em']","['002434', '001948', '002104', '001225']"
mẫu số lớn cột điện vi khuẩn nghi ngờ ,"['mẫu số lớn', 'cột điện', 'vi khuẩn', 'nghi ngờ']","['003395', '002452', '001817', '003532']"
đặc biệt miền Bắc Việt Nam mặt nạ điện ,"['đặc biệt', 'miền Bắc Việt Nam', 'mặt nạ', 'điện']","['002634', '003406', '003381', '002703']"
vấn đề hỏng con mèo khó tiêu ,"['vấn đề', 'hỏng', 'con mèo', 'khó tiêu']","['001790', '003044', '002360', '002166']"
đề-xi-mét khối (dm3) cổ truyền mạnh mẽ bột màu ,"['đề-xi-mét khối (dm3)', 'cổ truyền', 'mạnh mẽ', 'bột màu']","['002687', '002414', '003344', '001769']"
luật chơi cháu trai màu trắng con sóc ,"['luật chơi', 'cháu trai', 'màu trắng', 'con sóc']","['003302', '002103', '003353', '002382']"
hoạt hình con sông người lái xe (ô tô) đoán ,"['hoạt hình', 'con sông', 'người lái xe (ô tô)', 'đoán']","['003027', '002384', '003587', '002722']"
mùa xuân quả dừa xiêm cố gắng anh em ,"['mùa xuân', 'quả dừa xiêm', 'cố gắng', 'anh em']","['003469', '000336', '002412', '001225']"
buổi sáng sữa đặc cá mập giấy ăn ,"['buổi sáng', 'sữa đặc', 'cá mập', 'giấy ăn']","['001836', '000785', '002200', '002895']"
mắm từ phải sang trái hoàng đế hối lộ ,"['mắm', 'từ phải sang trái', 'hoàng đế', 'hối lộ']","['003373', '001652', '003021', '003059']"
tự vệ mẫu số cây phượng con chim ,"['tự vệ', 'mẫu số', 'cây phượng', 'con chim']","['001676', '003392', '002041', '002322']"
ai bảo cờ ca rô đàn bầu ở ngoài ,"['ai bảo', 'cờ ca rô', 'đàn bầu', 'ở ngoài']","['002133', '002465', '002617', '000126']"
hối hận môn Kĩ thuật vòi voi vắng lặng ,"['hối hận', 'môn Kĩ thuật', 'vòi voi', 'vắng lặng']","['003057', '003435', '001845', '001782']"
vui mừng tháng chuyên cần hòa nhập ,"['vui mừng', 'tháng', 'chuyên cần', 'hòa nhập']","['001901', '000952', '002277', '003017']"
lễ Nô-en mồ côi cháy rừng tấn công ,"['lễ Nô-en', 'mồ côi', 'cháy rừng', 'tấn công']","['003248', '003419', '002107', '000877']"
đèn vàng tre cô giáo cây ngô ,"['đèn vàng', 'tre', 'cô giáo', 'cây ngô']","['002670', '001467', '002405', '002035']"
chặn từ đồng âm người bán hàng điện ,"['chặn', 'từ đồng âm', 'người bán hàng', 'điện']","['002134', '001648', '003583', '002702']"
vòng đời báo (con báo) Lào (nước Lào) hỏi han ,"['vòng đời', 'báo (con báo)', 'Lào (nước Lào)', 'hỏi han']","['001856', '001479', '003226', '003029']"
nhân chứng bắc nam công bằng không hiểu ,"['nhân chứng', 'bắc nam', 'công bằng', 'không hiểu']","['003625', '001505', '002429', '003165']"
Trung Thu uốn dẻo không hiểu bông hoa ,"['Trung Thu', 'uốn dẻo', 'không hiểu', 'bông hoa']","['001562', '001714', '003164', '001757']"
nghé buổi trưa trứng tự tin ,"['nghé', 'buổi trưa', 'trứng', 'tự tin']","['003524', '001848', '001586', '001672']"
bẻ ngô môn Mĩ thuật vấn đề môn Sinh học ,"['bẻ ngô', 'môn Mĩ thuật', 'vấn đề', 'môn Sinh học']","['001571', '003437', '001788', '003439']"
gà mái chặt bảng đen màu xanh lá cây ,"['gà mái', 'chặt', 'bảng đen', 'màu xanh lá cây']","['002814', '002137', '001403', '003359']"
thông minh anh ruột nhiều hơn tên riêng ,"['thông minh', 'anh ruột', 'nhiều hơn', 'tên riêng']","['001099', '001237', '003645', '000895']"
hoán vị hình lập phương cốc đợi ,"['hoán vị', 'hình lập phương', 'cốc', 'đợi']","['003020', '003003', '002423', '002772']"
nước Việt nam mái chèo mua vé đầu tiên ,"['nước Việt nam', 'mái chèo', 'mua vé', 'đầu tiên']","['000085', '003336', '003461', '002650']"
quyển vở mở đầu cố gắng Châu Á Thái Bình Dương ,"['quyển vở', 'mở đầu', 'cố gắng', 'Châu Á Thái Bình Dương']","['000490', '003451', '002412', '002155']"
gan dạ cây ngô cốc người lạ ,"['gan dạ', 'cây ngô', 'cốc', 'người lạ']","['002821', '002037', '002423', '003588']"
nghiêm khắc người lái xe (ô tô) điện ngày nay ,"['nghiêm khắc', 'người lái xe (ô tô)', 'điện', 'ngày nay']","['003548', '003587', '002703', '003506']"
bút màu cổ tích báo (con báo) mái chèo ,"['bút màu', 'cổ tích', 'báo (con báo)', 'mái chèo']","['001869', '002421', '001479', '003336']"
nhấp nháy cộng (Toán học) vỗ cánh chuyên biệt ,"['nhấp nháy', 'cộng (Toán học)', 'vỗ cánh', 'chuyên biệt']","['003635', '002447', '001879', '002276']"
bình an liên lạc điện thoại bài thơ ,"['bình an', 'liên lạc', 'điện thoại', 'bài thơ']","['001657', '003265', '002705', '001313']"
sắt dân tộc thiểu số mật ong con cua ,"['sắt', 'dân tộc thiểu số', 'mật ong', 'con cua']","['000649', '002542', '003391', '002335']"
cổ áo đầu tàu quả nhãn công nhận ,"['cổ áo', 'đầu tàu', 'quả nhãn', 'công nhận']","['002408', '002649', '000365', '002433']"
chăn (cái chăn) chúc mừng mùa xuân học bổng ,"['chăn (cái chăn)', 'chúc mừng', 'mùa xuân', 'học bổng']","['002123', '002257', '003468', '003032']"
màu trắng bánh xe con sò anh ruột ,"['màu trắng', 'bánh xe', 'con sò', 'anh ruột']","['003353', '001455', '002381', '001239']"
hồ nước củ sả con sông cây phượng ,"['hồ nước', 'củ sả', 'con sông', 'cây phượng']","['003052', '002484', '002384', '002041']"
học phí ông nội phá họa sỹ ,"['học phí', 'ông nội', 'phá', 'họa sỹ']","['003035', '000114', '000142', '003018']"
bên cạnh chia điều tra thầy cô ,"['bên cạnh', 'chia', 'điều tra', 'thầy cô']","['001597', '002179', '002715', '001017']"
cha mẹ chất dẻo đồng phục mùa xuân ,"['cha mẹ', 'chất dẻo', 'đồng phục', 'mùa xuân']","['002061', '002145', '002763', '003469']"
buổi sáng bay liệng (bay lượn) đen láy (như đen nhánh) vòi voi ,"['buổi sáng', 'bay liệng (bay lượn)', 'đen láy (như đen nhánh)', 'vòi voi']","['001838', '001495', '002659', '001845']"
ưu tiên vòng đời còng (cái còng) đồng phục ,"['ưu tiên', 'vòng đời', 'còng (cái còng)', 'đồng phục']","['001730', '001856', '002399', '002763']"
chạy chất hữu cơ báo thù công bằng ,"['chạy', 'chất hữu cơ', 'báo thù', 'công bằng']","['002109', '002149', '001485', '002429']"
con cú mèo bên cạnh con cóc hối hận ,"['con cú mèo', 'bên cạnh', 'con cóc', 'hối hận']","['002336', '001597', '002330', '003057']"
liều lĩnh Châu Đại Dương chất độc màu da cam mới ,"['liều lĩnh', 'Châu Đại Dương', 'chất độc màu da cam', 'mới']","['003271', '002156', '002148', '003458']"
chuyên gia vỗ cánh con nuôi bảo vệ môi trường ,"['chuyên gia', 'vỗ cánh', 'con nuôi', 'bảo vệ môi trường']","['002280', '001879', '002373', '001471']"
địa cầu bãi tắm Điện Biên Phủ học bổng ,"['địa cầu', 'bãi tắm', 'Điện Biên Phủ', 'học bổng']","['002697', '001327', '002704', '003032']"
tự tin miền Nam Việt Nam thần kinh kết quả ,"['tự tin', 'miền Nam Việt Nam', 'thần kinh', 'kết quả']","['001672', '003407', '001009', '003106']"
vòng tròn mây ủy quyền đèn xanh ,"['vòng tròn', 'mây', 'ủy quyền', 'đèn xanh']","['001858', '003396', '001726', '002673']"
con gà mua bán chiếu bắn bi tô màu ,"['con gà', 'mua bán', 'chiếu', 'bắn bi', 'tô màu']","['002344', '003460', '002196', '001515', '001382']"
mẫu số khuôn hình bảng chia cõng mét khối (m3) ,"['mẫu số', 'khuôn hình', 'bảng chia', 'cõng', 'mét khối (m3)']","['003392', '003173', '001391', '002401', '003398']"
ở ngoài lưu con cọp công chúa bàn tán ,"['ở ngoài', 'lưu', 'con cọp', 'công chúa', 'bàn tán']","['000126', '001461', '002333', '002430', '001347']"
ngược lại mở màn giao tiếp cơm bình dân đại tá ,"['ngược lại', 'mở màn', 'giao tiếp', 'cơm bình dân', 'đại tá']","['003582', '003452', '002881', '002468', '002612']"
kẹo cây phượng máy khâu cổng trường câu đối ,"['kẹo', 'cây phượng', 'máy khâu', 'cổng trường', 'câu đối']","['003100', '002041', '003368', '002417', '001981']"
vấn đề đề-xi-mét (dm) mùa hè đi rằm trung thu ,"['vấn đề', 'đề-xi-mét (dm)', 'mùa hè', 'đi', 'rằm trung thu']","['001790', '002686', '003464', '002693', '000528']"
chuyên biệt thung lũng học trò bảng trừ sinh sản ,"['chuyên biệt', 'thung lũng', 'học trò', 'bảng trừ', 'sinh sản']","['002276', '001000', '003037', '001421', '000701']"
trường THPT ( cấp 3) miền Nam Việt Nam vật nuôi cô giáo môn Toán ,"['trường THPT ( cấp 3)', 'miền Nam Việt Nam', 'vật nuôi', 'cô giáo', 'môn Toán']","['001614', '003407', '001800', '002405', '003442']"
gián tiếp thành viên con nhím kiểm tra cháu gái ,"['gián tiếp', 'thành viên', 'con nhím', 'kiểm tra', 'cháu gái']","['002876', '000975', '002371', '003190', '002085']"
buổi tối chân tay chân dung đề nghị đèo Hải Vân ,"['buổi tối', 'chân tay', 'chân dung', 'đề nghị', 'đèo Hải Vân']","['001842', '002144', '002142', '002683', '002677']"
mênh mông vi khuẩn chú ( người) phở cuốn con cá ,"['mênh mông', 'vi khuẩn', 'chú ( người)', 'phở cuốn', 'con cá']","['003403', '001817', '002111', '000274', '002320']"
sáng chăn nuôi ngày tháng Hoàng tử đồng hồ ,"['sáng', 'chăn nuôi', 'ngày tháng', 'Hoàng tử', 'đồng hồ']","['001243', '002129', '003502', '003023', '002746']"
Trung Quốc (nước Trung Quốc) điện thoại Điện Biên Phủ hệ thống hét (giống la) ,"['Trung Quốc (nước Trung Quốc)', 'điện thoại', 'Điện Biên Phủ', 'hệ thống', 'hét (giống la)']","['001552', '002705', '002704', '002980', '002979']"
đặc biệt bánh xe máy ảnh bướng bỉnh chặt ,"['đặc biệt', 'bánh xe', 'máy ảnh', 'bướng bỉnh', 'chặt']","['002635', '001455', '003362', '001888', '002136']"
cha hòa nhập cổng cỗ màu nhiệm ,"['cha', 'hòa nhập', 'cổng', 'cỗ', 'màu nhiệm']","['002059', '003017', '002444', '002418', '003351']"
không hiểu con người nguyện vọng tên riêng chiếu ,"['không hiểu', 'con người', 'nguyện vọng', 'tên riêng', 'chiếu']","['003165', '002366', '003578', '000895', '002196']"
đợi cá kho con tem giao tiếp bạn gái ,"['đợi', 'cá kho', 'con tem', 'giao tiếp', 'bạn gái']","['002772', '001900', '002388', '002882', '001381']"
ngày nay trái nghĩa giúp đỡ Mexico (nước Mexico) cháu nội ,"['ngày nay', 'trái nghĩa', 'giúp đỡ', 'Mexico (nước Mexico)', 'cháu nội']","['003506', '001430', '002916', '003401', '002097']"
con cọp giao tiếp đồng phục địa cầu chức vụ ,"['con cọp', 'giao tiếp', 'đồng phục', 'địa cầu', 'chức vụ']","['002333', '002882', '002763', '002697', '002301']"
mở màn nhãn vở tái phạm Tết Âm tờ giấy ,"['mở màn', 'nhãn vở', 'tái phạm', 'Tết Âm', 'tờ giấy']","['003452', '003611', '000833', '000897', '001414']"
chạy bình thường cây ngô xu (tiền) hi sinh ,"['chạy', 'bình thường', 'cây ngô', 'xu (tiền)', 'hi sinh']","['002109', '001671', '002035', '002048', '002984']"
Cam-pu-chia (nước Cam-pu-chia) huân chương võ thuật đồng bằng héc-tô-gam (hg) ,"['Cam-pu-chia (nước Cam-pu-chia)', 'huân chương', 'võ thuật', 'đồng bằng', 'héc-tô-gam (hg)']","['001915', '003071', '001852', '002745', '002974']"
chúc thọ võng (cái võng) nguy hiểm con nai máy ảnh ,"['chúc thọ', 'võng (cái võng)', 'nguy hiểm', 'con nai', 'máy ảnh']","['002259', '001860', '003575', '002363', '003362']"
múa rối chất đốt lễ hội đoạn thẳng cướp ,"['múa rối', 'chất đốt', 'lễ hội', 'đoạn thẳng', 'cướp']","['003470', '002146', '003245', '002723', '002507']"
con nuôi con chó trái nghĩa báo thù mới ,"['con nuôi', 'con chó', 'trái nghĩa', 'báo thù', 'mới']","['002373', '002324', '001430', '001485', '003458']"
quả bưởi Âu Cơ khóm dứa uốn dẻo hình học ,"['quả bưởi', 'Âu Cơ', 'khóm dứa', 'uốn dẻo', 'hình học']","['000310', '001298', '003153', '001714', '003001']"
bờm tóc kiểm tra hối hận Liên Bang Nga (nước Nga) Tết Âm ,"['bờm tóc', 'kiểm tra', 'hối hận', 'Liên Bang Nga (nước Nga)', 'Tết Âm']","['001791', '003189', '003057', '003258', '000897']"
bên cạnh trái nghĩa chuỗi hạt thầy giáo thành lập ,"['bên cạnh', 'trái nghĩa', 'chuỗi hạt', 'thầy giáo', 'thành lập']","['001597', '001428', '002272', '001024', '000967']"
sữa bò nghỉ hè cõng đen láy (như đen nhánh) sắt ,"['sữa bò', 'nghỉ hè', 'cõng', 'đen láy (như đen nhánh)', 'sắt']","['000774', '003535', '002401', '002659', '000649']"
quả dừa màu cam chuỗi hạt dân tộc mái hiên ,"['quả dừa', 'màu cam', 'chuỗi hạt', 'dân tộc', 'mái hiên']","['000330', '003345', '002272', '002539', '003337']"
Tết Trung thu thầy giáo buổi tối ga tàu bảng đen ,"['Tết Trung thu', 'thầy giáo', 'buổi tối', 'ga tàu', 'bảng đen']","['000911', '001026', '001844', '002813', '001403']"
tha thứ hiện đại ngô thích nghi cây ăn quả ,"['tha thứ', 'hiện đại', 'ngô', 'thích nghi', 'cây ăn quả']","['000912', '002989', '003565', '002245', '002013']"
tự tin vắng vực sâu bướng bỉnh con mèo ,"['tự tin', 'vắng', 'vực sâu', 'bướng bỉnh', 'con mèo']","['001672', '001778', '003169', '001886', '002360']"
giá trị phần trăm triệu phú bãi tắm dân tộc thiểu số môn Tin học và Công nghệ ,"['giá trị phần trăm', 'triệu phú', 'bãi tắm', 'dân tộc thiểu số', 'môn Tin học và Công nghệ']","['002866', '001305', '001327', '002543', '003441']"
bánh mì quả dừa xiêm quả roi hình lập phương chặt chẽ ,"['bánh mì', 'quả dừa xiêm', 'quả roi', 'hình lập phương', 'chặt chẽ']","['001447', '000338', '000376', '003003', '002138']"
mùa xuân nhấp nháy cha mẹ mũ cô giáo ,"['mùa xuân', 'nhấp nháy', 'cha mẹ', 'mũ', 'cô giáo']","['003468', '003635', '002061', '003471', '002405']"
con trai (động vật) ngày sinh đầu tàu vô lí đen láy (như đen nhánh) ,"['con trai (động vật)', 'ngày sinh', 'đầu tàu', 'vô lí', 'đen láy (như đen nhánh)']","['002393', '003511', '002649', '001864', '002659']"
con nai bản đồ Việt Nam hồ dán Đặng Văn Ngữ tre ,"['con nai', 'bản đồ Việt Nam', 'hồ dán', 'Đặng Văn Ngữ', 'tre']","['002363', '001351', '003050', '002642', '001466']"
đón đôi dép con sâu giao tiếp lễ Nô-en ,"['đón', 'đôi dép', 'con sâu', 'giao tiếp', 'lễ Nô-en']","['002727', '002734', '002380', '002882', '003248']"
giấy màu nghi ngờ đề-xi-mét vuông (dm2) con ghẹ dân tộc ,"['giấy màu', 'nghi ngờ', 'đề-xi-mét vuông (dm2)', 'con ghẹ', 'dân tộc']","['002899', '003533', '002688', '002347', '002539']"
giúp đỡ giúp đỡ đại tá cây cối nhặt rau ,"['giúp đỡ', 'giúp đỡ', 'đại tá', 'cây cối', 'nhặt rau']","['002916', '002915', '002612', '002025', '003623']"
chăn (cái chăn) cố gắng Đặng Văn Ngữ tự tin mét (m) ,"['chăn (cái chăn)', 'cố gắng', 'Đặng Văn Ngữ', 'tự tin', 'mét (m)']","['002123', '002412', '002642', '001670', '003397']"
tham dự con lươn cây ăn quả chất hữu cơ con chim ,"['tham dự', 'con lươn', 'cây ăn quả', 'chất hữu cơ', 'con chim']","['000935', '002358', '002011', '002149', '002322']"
buổi tối bảng đen câu thơ ở ngoài nhìn ,"['buổi tối', 'bảng đen', 'câu thơ', 'ở ngoài', 'nhìn']","['001842', '001403', '001989', '000128', '000000']"
gian lận minh hoạ lúc nào mở đầu bản đồ Việt Nam ,"['gian lận', 'minh hoạ', 'lúc nào', 'mở đầu', 'bản đồ Việt Nam']","['002536', '003409', '003306', '003451', '001353']"
chú ( người) cá kho con voi đại úy ông nội ,"['chú ( người)', 'cá kho', 'con voi', 'đại úy', 'ông nội']","['002111', '001900', '002396', '002614', '000114']"
học nhóm cố ý (như cố tình) lò xo cổ cây xanh tươi ,"['học nhóm', 'cố ý (như cố tình)', 'lò xo', 'cổ', 'cây xanh tươi']","['003034', '002422', '003279', '002407', '001965']"
ở ngoài mái nhà con đom đóm mật khẩu xà phòng ,"['ở ngoài', 'mái nhà', 'con đom đóm', 'mật khẩu', 'xà phòng']","['000126', '003338', '002342', '003390', '001934']"
đôi dép tưới cây mất trí ông ngoại đen láy (như đen nhánh) ,"['đôi dép', 'tưới cây', 'mất trí', 'ông ngoại', 'đen láy (như đen nhánh)']","['002734', '001684', '003387', '000108', '002659']"
chè đỗ đỏ trong ngoài con cá ngọn cây đề nghị ,"['chè đỗ đỏ', 'trong ngoài', 'con cá', 'ngọn cây', 'đề nghị']","['002157', '001500', '002320', '003562', '002684']"
con hoẵng chúc thọ vấn đề bảng trừ huy hiệu ,"['con hoẵng', 'chúc thọ', 'vấn đề', 'bảng trừ', 'huy hiệu']","['002349', '002259', '001788', '001421', '003078']"
không hiểu héc-tô-mét (hm) thích nghi môn Giáo dục công dân chia ,"['không hiểu', 'héc-tô-mét (hm)', 'thích nghi', 'môn Giáo dục công dân', 'chia']","['003165', '002976', '002245', '003430', '002178']"
từ phải sang trái vòi voi Tết Âm con công giá trị ,"['từ phải sang trái', 'vòi voi', 'Tết Âm', 'con công', 'giá trị']","['001652', '001845', '000897', '002334', '002864']"
vạm vỡ cơm bình dân mái chèo mẫu số nhân chứng ,"['vạm vỡ', 'cơm bình dân', 'mái chèo', 'mẫu số', 'nhân chứng']","['001752', '002468', '003336', '003392', '003625']"
đồng phục mét vuông (m2) hỏng hót rác vô lí ,"['đồng phục', 'mét vuông (m2)', 'hỏng', 'hót rác', 'vô lí']","['002763', '003399', '003044', '003031', '001864']"
bướng bỉnh hét (giống la) kí tên diện tích toàn phần mềm mại ,"['bướng bỉnh', 'hét (giống la)', 'kí tên', 'diện tích toàn phần', 'mềm mại']","['001888', '002979', '003186', '002582', '003402']"
vòng đời con chim trong ngoài mới sữa hộp ,"['vòng đời', 'con chim', 'trong ngoài', 'mới', 'sữa hộp']","['001856', '002322', '001498', '003457', '000789']"
báo (con báo) bản đồ Việt Nam vui sướng an ninh giấy nháp ,"['báo (con báo)', 'bản đồ Việt Nam', 'vui sướng', 'an ninh', 'giấy nháp']","['001477', '001353', '001907', '001205', '002901']"
con rùa ga tàu con ong vô lí hối hận ,"['con rùa', 'ga tàu', 'con ong', 'vô lí', 'hối hận']","['002379', '002813', '002376', '001864', '003057']"
gạo cố ý (như cố tình) trong ngoài xuất hiện phố ,"['gạo', 'cố ý (như cố tình)', 'trong ngoài', 'xuất hiện', 'phố']","['002827', '002422', '001498', '002054', '000264']"
bảng chỉ dẫn rong chơi đại úy phương tiện giao thông xì hơi (đánh rắm) ,"['bảng chỉ dẫn', 'rong chơi', 'đại úy', 'phương tiện giao thông', 'xì hơi (đánh rắm)']","['001395', '000567', '002614', '000304', '001494']"
thầy cô vội vã vòng đời Âu Cơ huy hiệu ,"['thầy cô', 'vội vã', 'vòng đời', 'Âu Cơ', 'huy hiệu']","['001018', '001883', '001856', '001298', '003078']"
con hươu khói ông nội u ám ( trời u ám) tham quan ,"['con hươu', 'khói', 'ông nội', 'u ám ( trời u ám)', 'tham quan']","['002350', '003152', '000114', '001700', '000942']"
bảng chia Phi-líp-pin (nước Phi-líp-pin) cối giã biến đổi cháy rừng ,"['bảng chia', 'Phi-líp-pin (nước Phi-líp-pin)', 'cối giã', 'biến đổi', 'cháy rừng']","['001393', '000210', '002424', '001639', '002107']"
con cọp cây gỗ máy khâu mật ong công bằng ,"['con cọp', 'cây gỗ', 'máy khâu', 'mật ong', 'công bằng']","['002332', '002029', '003368', '003391', '002429']"
Châu Á Thái Bình Dương con tem Hồ Chí Minh mặt quả khế ,"['Châu Á Thái Bình Dương', 'con tem', 'Hồ Chí Minh', 'mặt', 'quả khế']","['002155', '002388', '003049', '003378', '000353']"
chào Tết Dương một mình liên lạc tô màu ,"['chào', 'Tết Dương', 'một mình', 'liên lạc', 'tô màu']","['002075', '000901', '003446', '003265', '001382']"
sân trường vỏ màu trắng chùa Hương tái phạm ,"['sân trường', 'vỏ', 'màu trắng', 'chùa Hương', 'tái phạm']","['000669', '001850', '003353', '002250', '000833']"
đấu tranh cong bảo vệ môi trường Bắc Ninh người lái xe (ô tô) ,"['đấu tranh', 'cong', 'bảo vệ môi trường', 'Bắc Ninh', 'người lái xe (ô tô)']","['002652', '002398', '001473', '001509', '003586']"
một cặp vấn đề mõm chiếu môn Giáo dục công dân ,"['một cặp', 'vấn đề', 'mõm', 'chiếu', 'môn Giáo dục công dân']","['003444', '001790', '003413', '002196', '003430']"
phá sáng màn hút thuốc lá vắng lặng ,"['phá', 'sáng', 'màn', 'hút thuốc lá', 'vắng lặng']","['000142', '001243', '003341', '003077', '001782']"
chính xác màu cam con mèo vắng vực sâu ,"['chính xác', 'màu cam', 'con mèo', 'vắng', 'vực sâu']","['002217', '003345', '002360', '001778', '003169']"
quả nhãn Trung Quốc (nước Trung Quốc) con sông khổng lồ màu cam ,"['quả nhãn', 'Trung Quốc (nước Trung Quốc)', 'con sông', 'khổng lồ', 'màu cam']","['000368', '001552', '002384', '003161', '003345']"
thành lập cướp hình thang trường tiểu học cõng ,"['thành lập', 'cướp', 'hình thang', 'trường tiểu học', 'cõng']","['000963', '002507', '003005', '001592', '002401']"
chú tễu hoạt hình cây gỗ xuất hiện tờ báo ,"['chú tễu', 'hoạt hình', 'cây gỗ', 'xuất hiện', 'tờ báo']","['002244', '003027', '002029', '002056', '001408']"
gián tiếp khóm dứa quyển vở kiểm tra đen láy (như đen nhánh) ,"['gián tiếp', 'khóm dứa', 'quyển vở', 'kiểm tra', 'đen láy (như đen nhánh)']","['002876', '003153', '000490', '003190', '002660']"
cướp áo đồng phục Bru-nây (nước Bru-nây) cổ họng giấy nháp ,"['cướp', 'áo đồng phục', 'Bru-nây (nước Bru-nây)', 'cổ họng', 'giấy nháp']","['002507', '001258', '001799', '002411', '002902']"
cây xanh tươi Trung Quốc (nước Trung Quốc) chân tay nguy hiểm sao ,"['cây xanh tươi', 'Trung Quốc (nước Trung Quốc)', 'chân tay', 'nguy hiểm', 'sao']","['001963', '001552', '002144', '003575', '000631']"
mũ hình trụ từ đồng âm Anh (nước Anh) ủy quyền ,"['mũ', 'hình trụ', 'từ đồng âm', 'Anh (nước Anh)', 'ủy quyền']","['003471', '003006', '001648', '001211', '001726']"
giấy ăn con gấu cha Phi-líp-pin (nước Phi-líp-pin) trái nghĩa ,"['giấy ăn', 'con gấu', 'cha', 'Phi-líp-pin (nước Phi-líp-pin)', 'trái nghĩa']","['002895', '002346', '002059', '000210', '001430']"
mâm cơm vô tư đoàn thanh niên anh ruột chúc thọ ,"['mâm cơm', 'vô tư', 'đoàn thanh niên', 'anh ruột', 'chúc thọ']","['003383', '001872', '002720', '001237', '002260']"
măng bột màu ở ngoài quyển vở điều trị ,"['măng', 'bột màu', 'ở ngoài', 'quyển vở', 'điều trị']","['003374', '001767', '000126', '000490', '002716']"
máy in học trò cô đơn học nhóm đồ chơi ,"['máy in', 'học trò', 'cô đơn', 'học nhóm', 'đồ chơi']","['003366', '003037', '002403', '003034', '002733']"
tổng thống Châu Á Thái Bình Dương màu cam tham dự vắng lặng ,"['tổng thống', 'Châu Á Thái Bình Dương', 'màu cam', 'tham dự', 'vắng lặng']","['001400', '002155', '003345', '000935', '001782']"
hãng máy bay công chúa tham quan học bổng gà mái ,"['hãng máy bay', 'công chúa', 'tham quan', 'học bổng', 'gà mái']","['001407', '002430', '000944', '003032', '002814']"
yêu cầu lúc nào giá trị sinh sản chặt ,"['yêu cầu', 'lúc nào', 'giá trị', 'sinh sản', 'chặt']","['002102', '003307', '002864', '000701', '002137']"
héc-tô-gam (hg) bảng cửu chương hối lộ đàn tơ-rưng mặt ,"['héc-tô-gam (hg)', 'bảng cửu chương', 'hối lộ', 'đàn tơ-rưng', 'mặt']","['002974', '001399', '003059', '002621', '003378']"
thông minh Âu Cơ cỗ u ám ( trời u ám) xu (tiền) ,"['thông minh', 'Âu Cơ', 'cỗ', 'u ám ( trời u ám)', 'xu (tiền)']","['001099', '001298', '002418', '001700', '002048']"
đèo Hải Vân mắm héc-tô-gam (hg) lọ hoa chăn (cái chăn) ,"['đèo Hải Vân', 'mắm', 'héc-tô-gam (hg)', 'lọ hoa', 'chăn (cái chăn)']","['002678', '003373', '002974', '003280', '002123']"
mét (m) ngược đãi con khỉ không gian trốn chạy ,"['mét (m)', 'ngược đãi', 'con khỉ', 'không gian', 'trốn chạy']","['003397', '003581', '002351', '003159', '001512']"
phở cuốn học phí khó tiêu chấm dứt hoang mang ,"['phở cuốn', 'học phí', 'khó tiêu', 'chấm dứt', 'hoang mang']","['000276', '003035', '002166', '002140', '003115']"
bàn tán vấn đề người máy quê cổ vũ ,"['bàn tán', 'vấn đề', 'người máy', 'quê', 'cổ vũ']","['001347', '001790', '003589', '000449', '002415']"
hộp sữa con hươu đẹp đẽ (như đẹp) xã hội đầu xuôi đuôi lọt ,"['hộp sữa', 'con hươu', 'đẹp đẽ (như đẹp)', 'xã hội', 'đầu xuôi đuôi lọt']","['003065', '002350', '002680', '001948', '002651']"
Hồ Chí Minh Cô-lôm-bi-a (nước Cô-lôm-bi-a) bắc nam đều đặn bay liệng (bay lượn) ,"['Hồ Chí Minh', 'Cô-lôm-bi-a (nước Cô-lôm-bi-a)', 'bắc nam', 'đều đặn', 'bay liệng (bay lượn)']","['003049', '002420', '001505', '002692', '001495']"
đấu tranh hoan hô cấy lúa cầu Long Biên con trăn ,"['đấu tranh', 'hoan hô', 'cấy lúa', 'cầu Long Biên', 'con trăn']","['002652', '002124', '002057', '003157', '002394']"
bút màu ngày tháng môn Kĩ thuật đối diện nhận xét ,"['bút màu', 'ngày tháng', 'môn Kĩ thuật', 'đối diện', 'nhận xét']","['001869', '003502', '003433', '002736', '003634']"
mùa xuân đèn vàng bảng nhân sữa hộp dịch vụ ,"['mùa xuân', 'đèn vàng', 'bảng nhân', 'sữa hộp', 'dịch vụ']","['003468', '002670', '001413', '000789', '002578']"
tổng thống con nhím xã hội móng chân vòi voi ,"['tổng thống', 'con nhím', 'xã hội', 'móng chân', 'vòi voi']","['001400', '002371', '001950', '003418', '001845']"
đầu tiên chất lỏng con ốc nhìn màu trắng ,"['đầu tiên', 'chất lỏng', 'con ốc', 'nhìn', 'màu trắng']","['002650', '002150', '002377', '000000', '003353']"
giấy nháp công ước chia không thẳng hàng trọc đầu ,"['giấy nháp', 'công ước', 'chia', 'không thẳng hàng', 'trọc đầu']","['002902', '002438', '002179', '003160', '001486']"
nạn nhân quan hệ ,"['nạn nhân', 'quan hệ']","['003479', '000397']"
đơn giản kiên quyết ,"['đơn giản', 'kiên quyết']","['002774', '003193']"
cầu giao khách vip ,"['cầu giao', 'khách vip']","['001999', '003114']"
đơn giản vái lạy ,"['đơn giản', 'vái lạy']","['002774', '001748']"
buổi đêm hiếu thảo ,"['buổi đêm', 'hiếu thảo']","['001832', '002994']"
tiếc đường tròn ,"['tiếc', 'đường tròn']","['001253', '002797']"
nhà nước khoác vai ,"['nhà nước', 'khoác vai']","['002602', '003139']"
chục nghìn UNICEF ,"['chục nghìn', 'UNICEF']","['002262', '001708']"
dòng chữ gan ,"['dòng chữ', 'gan']","['002592', '002820']"
dây điện kêu ,"['dây điện', 'kêu']","['002563', '003108']"
đan bò tót ,"['đan', 'bò tót']","['002615', '001679']"
đồng lúa bơm xe ,"['đồng lúa', 'bơm xe']","['002760', '001789']"
viết lia lịa chuông nhà ,"['viết lia lịa', 'chuông nhà']","['001833', '002274']"
đường cao buổi đêm ,"['đường cao', 'buổi đêm']","['002788', '001832']"
bến phà bế em ,"['bến phà', 'bế em']","['001609', '001593']"
dọc đường tròn ,"['dọc', 'đường tròn']","['002591', '002797']"
áo phông thơm ,"['áo phông', 'thơm']","['001264', '001129']"
khoanh tay biển hiệu ,"['khoanh tay', 'biển hiệu']","['003148', '001637']"
bón phân liên hoan ,"['bón phân', 'liên hoan']","['001699', '003261']"
rụng tóc (đt) úp ,"['rụng tóc (đt)', 'úp']","['000576', '001718']"
bên trên dấu gạch ngang ,"['bên trên', 'dấu gạch ngang']","['001605', '002554']"
boong tàu bên cạnh ,"['boong tàu', 'bên cạnh']","['001709', '001595']"
rụng tóc (đt) đánh răng ,"['rụng tóc (đt)', 'đánh răng']","['000576', '002628']"
đường cao khoe ,"['đường cao', 'khoe']","['002788', '003150']"
chục nghìn đường thuỷ ,"['chục nghìn', 'đường thuỷ']","['002262', '002796']"
dấu nhân dòng họ ,"['dấu nhân', 'dòng họ']","['002557', '002593']"
đua ngựa gắp thức ăn ,"['đua ngựa', 'gắp thức ăn']","['002778', '002836']"
đằng trước văn ,"['đằng trước', 'văn']","['002641', '001762']"
thú y cầu nguyện ,"['thú y', 'cầu nguyện']","['001153', '002003']"
vác nhập ngũ ,"['vác', 'nhập ngũ']","['001738', '002740']"
gió Lào tiếng Anh ,"['gió Lào', 'tiếng Anh']","['002908', '001271']"
phong kiến nhắc nhở ,"['phong kiến', 'nhắc nhở']","['000231', '003621']"
bố trí đường thẳng ,"['bố trí', 'đường thẳng']","['001723', '002795']"
dấu phẩy nhân hậu ,"['dấu phẩy', 'nhân hậu']","['002558', '003629']"
nắn nót khoang tàu ,"['nắn nót', 'khoang tàu']","['003487', '003147']"
tìm hiểu dẫn chương trình ,"['tìm hiểu', 'dẫn chương trình']","['001302', '002544']"
khẩu trang đứng nghiêm ,"['khẩu trang', 'đứng nghiêm']","['003128', '002787']"
thương yêu cầu (cây cầu) ,"['thương yêu', 'cầu (cây cầu)']","['001234', '001995']"
đàn kiến ít ,"['đàn kiến', 'ít']","['002620', '003089']"
nắn nót chuyển đồ ,"['nắn nót', 'chuyển đồ']","['003487', '002283']"
khoan (cái khoan) cây cổ thụ ,"['khoan (cái khoan)', 'cây cổ thụ']","['003140', '002021']"
khăn quàng đỏ gần gũi ,"['khăn quàng đỏ', 'gần gũi']","['003124', '002839']"
Thừa Thiên – Huế khoảng cách ,"['Thừa Thiên – Huế', 'khoảng cách']","['001212', '003141']"
động cơ bờ biển ,"['động cơ', 'bờ biển']","['002768', '001775']"
dòng sông tái phát ,"['dòng sông', 'tái phát']","['002594', '000829']"
Hùng Vương tiếng Anh ,"['Hùng Vương', 'tiếng Anh']","['003075', '001271']"
khoanh tay vết thương ,"['khoanh tay', 'vết thương']","['003148', '001815']"
tiết kiệm bố mẹ ,"['tiết kiệm', 'bố mẹ']","['001283', '001731']"
doanh nghiệp bế em ,"['doanh nghiệp', 'bế em']","['002589', '001593']"
bên dưới hình chiếu ,"['bên dưới', 'hình chiếu']","['001599', '002998']"
bốc thăm du học ,"['bốc thăm', 'du học']","['001743', '002597']"
chục UNICEF ,"['chục', 'UNICEF']","['002261', '001708']"
boong tàu dòng họ ,"['boong tàu', 'dòng họ']","['001709', '002593']"
đường thuỷ vàng bạc ,"['đường thuỷ', 'vàng bạc']","['002796', '001756']"
đánh giá đua thuyền ,"['đánh giá', 'đua thuyền']","['002627', '002779']"
bón phân đàn kiến ,"['bón phân', 'đàn kiến']","['001699', '002620']"
Italia (nước Italia) đàn kiến ,"['Italia (nước Italia)', 'đàn kiến']","['003092', '002620']"
chuyển đồ ít nhất ,"['chuyển đồ', 'ít nhất']","['002283', '003091']"
bên trên kêu ,"['bên trên', 'kêu']","['001605', '003108']"
đưa đón đào tạo ,"['đưa đón', 'đào tạo']","['002786', '002631']"
xe máy gà rừng ,"['xe máy', 'gà rừng']","['001992', '002815']"
con bướm gắp thức ăn ,"['con bướm', 'gắp thức ăn']","['002318', '002836']"
em gái chuyển vế ,"['em gái', 'chuyển vế']","['002802', '002290']"
nạn nhân bên trái ,"['nạn nhân', 'bên trái']","['003479', '001603']"
tưởng khăn quàng ,"['tưởng', 'khăn quàng']","['001692', '003123']"
bón phân đại tướng ,"['bón phân', 'đại tướng']","['001701', '002613']"
chùm nho dê mẹ ,"['chùm nho', 'dê mẹ']","['002269', '002569']"
cày ruộng đường thuỷ ,"['cày ruộng', 'đường thuỷ']","['001959', '002796']"
bỏ phiếu duyệt binh ,"['bỏ phiếu', 'duyệt binh']","['001683', '002599']"
đất nặn chữa bệnh ,"['đất nặn', 'chữa bệnh']","['002648', '002300']"
câu đố nhà thờ ,"['câu đố', 'nhà thờ']","['001979', '003606']"
viện bảo tàng đại tướng ,"['viện bảo tàng', 'đại tướng']","['001829', '002613']"
Vĩnh Long khung cửa số ,"['Vĩnh Long', 'khung cửa số']","['001835', '003171']"
cây thân gỗ chuyền bóng ,"['cây thân gỗ', 'chuyền bóng']","['002045', '002281']"
kết hợp đuốc ,"['kết hợp', 'đuốc']","['003104', '002783']"
chữ cái khoá (cái khóa) ,"['chữ cái', 'khoá (cái khóa)']","['002292', '003142']"
hình chiếu viết lia lịa ,"['hình chiếu', 'viết lia lịa']","['002998', '001833']"
đông lạnh bồn hoa ,"['đông lạnh', 'bồn hoa']","['002757', '001749']"
đáng quý đại dương ,"['đáng quý', 'đại dương']","['002624', '002610']"
bố xưa ,"['bố', 'xưa']","['001729', '002068']"
kêu đại tướng ,"['kêu', 'đại tướng']","['003108', '002613']"
nhân hậu ít hơn ,"['nhân hậu', 'ít hơn']","['003628', '003090']"
vào mùa cầu (cây cầu) ,"['vào mùa', 'cầu (cây cầu)']","['001761', '001995']"
có ích co dãn ,"['có ích', 'co dãn']","['002308', '002305']"
chùm hoa nhược điểm ,"['chùm hoa', 'nhược điểm']","['002267', '000019']"
hình chiếu sao chép ,"['hình chiếu', 'sao chép']","['002998', '000633']"
bớt đập ,"['bớt', 'đập']","['001793', '002645']"
quá cảnh doanh nghiệp ,"['quá cảnh', 'doanh nghiệp']","['000394', '002589']"
biểu đồ cột nắn nót ,"['biểu đồ cột', 'nắn nót']","['001645', '003487']"
bụi phấn phản bội ,"['bụi phấn', 'phản bội']","['001812', '000145']"
vệ sinh cá nhân vác ,"['vệ sinh cá nhân', 'vác']","['001811', '001738']"
bố kiên quyết ,"['bố', 'kiên quyết']","['001729', '003193']"
viện bảo tàng quần bò ,"['viện bảo tàng', 'quần bò']","['001829', '000432']"
khách khoan (cái khoan) ,"['khách', 'khoan (cái khoan)']","['003111', '003140']"
gạo nếp khoảng cách ,"['gạo nếp', 'khoảng cách']","['002828', '003141']"
vắt cam nhạy cảm ,"['vắt cam', 'nhạy cảm']","['001784', '003620']"
đàn bướm di chuyển ,"['đàn bướm', 'di chuyển']","['002618', '002573']"
đàn ghi ta đánh răng ,"['đàn ghi ta', 'đánh răng']","['002619', '002628']"
nhân hậu đánh răng ,"['nhân hậu', 'đánh răng']","['003628', '002628']"
bỏ hoang bể cá ,"['bỏ hoang', 'bể cá']","['001681', '001591']"
sĩ diện công việc câu ghép ,"['sĩ diện', 'công việc', 'câu ghép']","['000679', '002442', '001985']"
bỏ hoang biểu đồ hình quạt vắn tắt ,"['bỏ hoang', 'biểu đồ hình quạt', 'vắn tắt']","['001681', '001647', '001774']"
cầu nguyện nắn nót Đắk Lắk ,"['cầu nguyện', 'nắn nót', 'Đắk Lắk']","['002003', '003487', '002637']"
vàng bạc bồi bàn văn ,"['vàng bạc', 'bồi bàn', 'văn']","['001756', '001745', '001762']"
khéo vệ sinh cá nhân bẫy chuột (hành động) ,"['khéo', 'vệ sinh cá nhân', 'bẫy chuột (hành động)']","['003133', '001811', '001563']"
đánh răng chùm khế đánh giá ,"['đánh răng', 'chùm khế', 'đánh giá']","['002628', '002268', '002627']"
nhảy múa va chạm Hùng Vương ,"['nhảy múa', 'va chạm', 'Hùng Vương']","['003618', '001734', '003075']"
tiết kiệm hình cầu Vĩnh Long ,"['tiết kiệm', 'hình cầu', 'Vĩnh Long']","['001283', '002997', '001835']"
khăn quàng dấu chia bóc vỏ ,"['khăn quàng', 'dấu chia', 'bóc vỏ']","['003123', '002553', '001695']"
dấu ngoặc đơn khoá (cái khóa) nhà tầng ,"['dấu ngoặc đơn', 'khoá (cái khóa)', 'nhà tầng']","['002556', '003142', '003604']"
gạo nếp gắp thức ăn đào tạo ,"['gạo nếp', 'gắp thức ăn', 'đào tạo']","['002828', '002836', '002631']"
khoác vai nhanh nhẹn bể cá ,"['khoác vai', 'nhanh nhẹn', 'bể cá']","['003139', '003613', '001591']"
đặt đường cao vệ sinh cá nhân ,"['đặt', 'đường cao', 'vệ sinh cá nhân']","['002644', '002788', '001811']"
sĩ diện hung thủ khen ,"['sĩ diện', 'hung thủ', 'khen']","['000679', '003073', '003131']"
đào tạo chú ý tìm hiểu ,"['đào tạo', 'chú ý', 'tìm hiểu']","['002631', '002246', '001302']"
kháng sinh thừa nhắc nhở ,"['kháng sinh', 'thừa', 'nhắc nhở']","['003117', '001208', '003621']"
khác cày câu cá ,"['khác', 'cày', 'câu cá']","['003110', '001957', '001975']"
mâm ngũ quả khóa quần chức năng ,"['mâm ngũ quả', 'khóa quần', 'chức năng']","['003385', '003138', '002296']"
chuyển đổi số đo làn sóng bí ngô ,"['chuyển đổi số đo', 'làn sóng', 'bí ngô']","['002284', '003219', '001625']"
làng xóm khác bốc hơi ,"['làng xóm', 'khác', 'bốc hơi']","['003220', '003110', '001741']"
ít nhất đường sắt khuy ,"['ít nhất', 'đường sắt', 'khuy']","['003091', '002794', '003174']"
đề tài nhân hậu phích nước ,"['đề tài', 'nhân hậu', 'phích nước']","['002685', '003629', '000200']"
đuốc khai mạc đun nấu ,"['đuốc', 'khai mạc', 'đun nấu']","['002783', '003116', '002782']"
chú ý thuê vĩ cầm ,"['chú ý', 'thuê', 'vĩ cầm']","['002246', '001166', '001819']"
dòng chữ thơm viện nghiên cứu ,"['dòng chữ', 'thơm', 'viện nghiên cứu']","['002592', '001127', '001831']"
dựng phim đánh bò ,"['dựng phim', 'đánh', 'bò']","['002603', '002625', '001675']"
Vĩnh Phúc dê con gặm cỏ ,"['Vĩnh Phúc', 'dê con', 'gặm cỏ']","['001837', '002568', '002832']"
vác bò tót thú y ,"['vác', 'bò tót', 'thú y']","['001738', '001679', '001153']"
Ê-ti-ô-pi-a (nước Ê-ti-ô-pi-a) hung thủ chúi đầu ,"['Ê-ti-ô-pi-a (nước Ê-ti-ô-pi-a)', 'hung thủ', 'chúi đầu']","['002810', '003073', '002265']"
chứng minh kèn đặt ,"['chứng minh', 'kèn', 'đặt']","['002303', '003094', '002644']"
đạn dê mẹ bẫy chuột (hành động) ,"['đạn', 'dê mẹ', 'bẫy chuột (hành động)']","['002630', '002569', '001561']"
vác chữa cháy vật ,"['vác', 'chữa cháy', 'vật']","['001738', '002295', '001796']"
khát vọng chúi đầu bít tất ,"['khát vọng', 'chúi đầu', 'bít tất']","['003120', '002265', '001673']"
biện pháp cày ruộng bạn ,"['biện pháp', 'cày ruộng', 'bạn']","['001641', '001959', '001375']"
dầu hoả đánh răng ít hơn ,"['dầu hoả', 'đánh răng', 'ít hơn']","['002549', '002628', '003090']"
thú y đại số chùm khế ,"['thú y', 'đại số', 'chùm khế']","['001153', '002611', '002268']"
Văn miếu Quốc Tử Giám trục xuất chùm khế ,"['Văn miếu Quốc Tử Giám', 'trục xuất', 'chùm khế']","['001766', '001536', '002268']"
dây xích chức năng khách mời ,"['dây xích', 'chức năng', 'khách mời']","['002566', '002296', '003112']"
gặm cỏ biển hiệu kết bạn ,"['gặm cỏ', 'biển hiệu', 'kết bạn']","['002832', '001637', '003103']"
biểu đồ cột dấu chấm than đàng ngoài ,"['biểu đồ cột', 'dấu chấm than', 'đàng ngoài']","['001645', '002552', '002622']"
bọt xà phòng dấu ngoặc đơn chum ,"['bọt xà phòng', 'dấu ngoặc đơn', 'chum']","['001713', '002556', '002266']"
đường Nguyễn Huệ đánh răng uốn cong ,"['đường Nguyễn Huệ', 'đánh răng', 'uốn cong']","['002793', '002628', '001712']"
đàng trong động cơ Hưng Yên ,"['đàng trong', 'động cơ', 'Hưng Yên']","['002623', '002768', '003083']"
dòng chữ vàng (kim loại) vái tứ phương ,"['dòng chữ', 'vàng (kim loại)', 'vái tứ phương']","['002592', '001754', '001750']"
tiếng Anh bờ biển khách vip ,"['tiếng Anh', 'bờ biển', 'khách vip']","['001271', '001775', '003114']"
chữ cái viết lia lịa gan lì ,"['chữ cái', 'viết lia lịa', 'gan lì']","['002292', '001833', '002822']"
nhân cách hoá đạn trụi lá ,"['nhân cách hoá', 'đạn', 'trụi lá']","['003624', '002630', '001542']"
bến tàu ế ẩm chuyền bóng ,"['bến tàu', 'ế ẩm', 'chuyền bóng']","['001611', '002809', '002281']"
chuyển động quay cầu nguyện câu cá ,"['chuyển động quay', 'cầu nguyện', 'câu cá']","['002287', '002003', '001975']"
UNICEF buổi đêm cấp cứu ,"['UNICEF', 'buổi đêm', 'cấp cứu']","['001708', '001832', '001969']"
đặt đường thẳng quần bò ,"['đặt', 'đường thẳng', 'quần bò']","['002644', '002795', '000434']"
khác vĩ cầm bóc lột ,"['khác', 'vĩ cầm', 'bóc lột']","['003110', '001819', '001693']"
câu chuyện động cơ khoan (cái khoan) ,"['câu chuyện', 'động cơ', 'khoan (cái khoan)']","['001977', '002768', '003140']"
khe cửa chữa bệnh đua ngựa ,"['khe cửa', 'chữa bệnh', 'đua ngựa']","['003129', '002300', '002778']"
Bình Phước chữ thơm ,"['Bình Phước', 'chữ', 'thơm']","['001663', '002299', '001129']"
nhân cách hoá khóa quần bồi bàn ,"['nhân cách hoá', 'khóa quần', 'bồi bàn']","['003624', '003138', '001745']"
bổ ích gan lì cây thân gỗ ,"['bổ ích', 'gan lì', 'cây thân gỗ']","['001717', '002822', '002047']"
bỏ hoang keo kiệt hình dáng ,"['bỏ hoang', 'keo kiệt', 'hình dáng']","['001681', '003099', '002999']"
kì diệu trục xuất bến tàu ,"['kì diệu', 'trục xuất', 'bến tàu']","['003176', '001536', '001611']"
I-rắc (nước I-rắc) thuê vái tứ phương ,"['I-rắc (nước I-rắc)', 'thuê', 'vái tứ phương']","['003086', '001166', '001750']"
đơn giản nhân hậu bít tất ,"['đơn giản', 'nhân hậu', 'bít tất']","['002774', '003628', '001673']"
làn sóng khoang tàu khoác vai ,"['làn sóng', 'khoang tàu', 'khoác vai']","['003219', '003147', '003139']"
bớt đi phong tục cần khởi động ,"['bớt đi', 'phong tục', 'cần khởi động']","['001795', '000235', '001967']"
gãy tay khe cửa bến phà ,"['gãy tay', 'khe cửa', 'bến phà']","['002830', '003129', '001609']"
vĩ cầm co giật dầu ăn ,"['vĩ cầm', 'co giật', 'dầu ăn']","['001819', '002306', '002547']"
quần bò vịnh Hạ Long bộ truyện ,"['quần bò', 'vịnh Hạ Long', 'bộ truyện']","['000432', '001841', '001725']"
I-rắc (nước I-rắc) nhà nước bốc vác ,"['I-rắc (nước I-rắc)', 'nhà nước', 'bốc vác']","['003086', '002602', '001727']"
ủy ban đại dương dọc ,"['ủy ban', 'đại dương', 'dọc']","['001720', '002610', '002591']"
kẻ cắp bột giặt đại số ,"['kẻ cắp', 'bột giặt', 'đại số']","['003093', '001763', '002611']"
dấu chia đỡ hồ Hoàn Kiếm ,"['dấu chia', 'đỡ', 'hồ Hoàn Kiếm']","['002553', '002777', '003051']"
biểu thức gãy tay gặm cỏ ,"['biểu thức', 'gãy tay', 'gặm cỏ']","['001651', '002830', '002832']"
email quan hệ xưa ,"['email', 'quan hệ', 'xưa']","['002807', '000397', '002068']"
Đắk Lắk nhà tù em dâu ,"['Đắk Lắk', 'nhà tù', 'em dâu']","['002637', '003609', '002801']"
dòng họ thơm vào mùa ,"['dòng họ', 'thơm', 'vào mùa']","['002593', '001129', '001761']"
tưởng tượng thực phẩm bớt ,"['tưởng tượng', 'thực phẩm', 'bớt']","['001694', '001220', '001793']"
bổ ích khăn mặt gáy ,"['bổ ích', 'khăn mặt', 'gáy']","['001717', '003122', '002831']"
động viên bờ ruộng thuê ,"['động viên', 'bờ ruộng', 'thuê']","['002770', '001779', '001166']"
dân số đường thẳng phản bội ,"['dân số', 'đường thẳng', 'phản bội']","['002537', '002795', '000147']"
áo phông chục nghìn e thẹn ,"['áo phông', 'chục nghìn', 'e thẹn']","['001264', '002262', '002799']"
bờ ruộng em dâu kì diệu ,"['bờ ruộng', 'em dâu', 'kì diệu']","['001779', '002801', '003176']"
nhảy cao đường tròn cầu (cây cầu) ,"['nhảy cao', 'đường tròn', 'cầu (cây cầu)']","['003616', '002797', '001995']"
làm việc bên trong quan hệ ,"['làm việc', 'bên trong', 'quan hệ']","['003217', '001607', '000397']"
vây bắt làn sóng nạn nhân ,"['vây bắt', 'làn sóng', 'nạn nhân']","['001803', '003219', '003479']"
đường kính chục bốc thăm ,"['đường kính', 'chục', 'bốc thăm']","['002792', '002261', '001743']"
vá quần áo dễ thương gật gù ,"['vá quần áo', 'dễ thương', 'gật gù']","['002122', '002571', '002843']"
bên cạnh nhà thờ viện bảo tàng ,"['bên cạnh', 'nhà thờ', 'viện bảo tàng']","['001595', '003606', '001829']"
dấu gạch ngang lang thang đập ,"['dấu gạch ngang', 'lang thang', 'đập']","['002554', '003218', '002645']"
du học trụi lá ủng hộ ,"['du học', 'trụi lá', 'ủng hộ']","['002597', '001542', '001706']"
bọt xà phòng dây xích con bướm ,"['bọt xà phòng', 'dây xích', 'con bướm']","['001713', '002566', '002318']"
đàng trong nhân hậu giải thích ,"['đàng trong', 'nhân hậu', 'giải thích']","['002623', '003628', '002857']"
quần bò tái phát vàng (kim loại) ,"['quần bò', 'tái phát', 'vàng (kim loại)']","['000432', '000829', '001754']"
nhăn mặt dốc vĩ cầm ,"['nhăn mặt', 'dốc', 'vĩ cầm']","['003622', '002595', '001819']"
cát dấu nhân chúi đầu ,"['cát', 'dấu nhân', 'chúi đầu']","['001953', '002557', '002265']"
ít hơn bỏ phiếu quan hệ ,"['ít hơn', 'bỏ phiếu', 'quan hệ']","['003090', '001683', '000397']"
cấp dưỡng gan lì câu đố ,"['cấp dưỡng', 'gan lì', 'câu đố']","['001971', '002822', '001979']"
câu đơn đua thuyền bụi phấn ,"['câu đơn', 'đua thuyền', 'bụi phấn']","['001983', '002779', '001812']"
vai trò dây xích vắt cam ,"['vai trò', 'dây xích', 'vắt cam']","['001746', '002566', '001784']"
khéo thương yêu đua thuyền ,"['khéo', 'thương yêu', 'đua thuyền']","['003133', '001234', '002779']"
văn mặt dài chục nghìn ,"['văn', 'mặt dài', 'chục nghìn']","['001762', '003382', '002262']"
nắn nót khoa học ra ngoài ,"['nắn nót', 'khoa học', 'ra ngoài']","['003487', '003137', '000506']"
đàn ghi ta bơm nước vạch trần bò sát ,"['đàn ghi ta', 'bơm nước', 'vạch trần', 'bò sát']","['002619', '001787', '001740', '001677']"
cắt nhau nhà sàn chúi đầu đường thuỷ ,"['cắt nhau', 'nhà sàn', 'chúi đầu', 'đường thuỷ']","['001966', '003603', '002265', '002796']"
biểu đồ hình quạt trụi lá hồ Hoàn Kiếm chú ý ,"['biểu đồ hình quạt', 'trụi lá', 'hồ Hoàn Kiếm', 'chú ý']","['001647', '001540', '003051', '002246']"
doanh trại gai đồng lúa lắp ráp ,"['doanh trại', 'gai', 'đồng lúa', 'lắp ráp']","['002590', '002818', '002760', '003234']"
đua thuyền gang tay bốc hơi chuyển đổi số đo ,"['đua thuyền', 'gang tay', 'bốc hơi', 'chuyển đổi số đo']","['002779', '002823', '001741', '002284']"
bồn hoa đánh trống bò tót chuyển vế ,"['bồn hoa', 'đánh trống', 'bò tót', 'chuyển vế']","['001749', '002629', '001679', '002290']"
vị trí nhào lộn điều phối vịnh ,"['vị trí', 'nhào lộn', 'điều phối', 'vịnh']","['001825', '003614', '002710', '001839']"
co dãn đá bóng biện pháp ủy ban nhân dân ,"['co dãn', 'đá bóng', 'biện pháp', 'ủy ban nhân dân']","['002305', '002604', '001641', '001722']"
đường sắt biểu đồ hình quạt đặc điểm đá bóng ,"['đường sắt', 'biểu đồ hình quạt', 'đặc điểm', 'đá bóng']","['002794', '001647', '002636', '002604']"
gan lì khẩu hiệu úp lái tàu hỏa ,"['gan lì', 'khẩu hiệu', 'úp', 'lái tàu hỏa']","['002822', '003127', '001718', '003214']"
biểu đồ hình quạt vị ngữ gánh gặt lúa ,"['biểu đồ hình quạt', 'vị ngữ', 'gánh', 'gặt lúa']","['001647', '001823', '002824', '002838']"
nhà tầng dòng chữ nhào lộn biểu đồ cột ,"['nhà tầng', 'dòng chữ', 'nhào lộn', 'biểu đồ cột']","['003604', '002592', '003614', '001645']"
chữ cái nhào lộn khác Bình Phước ,"['chữ cái', 'nhào lộn', 'khác', 'Bình Phước']","['002292', '003614', '003110', '001663']"
đường thẳng đánh nhảy múa bỏ phiếu ,"['đường thẳng', 'đánh', 'nhảy múa', 'bỏ phiếu']","['002795', '002625', '003618', '001683']"
buổi đêm áo phông đàn kiến du học ,"['buổi đêm', 'áo phông', 'đàn kiến', 'du học']","['001830', '001264', '002620', '002597']"
gốm sứ bệnh nhân ủng buổi đêm ,"['gốm sứ', 'bệnh nhân', 'ủng', 'buổi đêm']","['002932', '001621', '001704', '001830']"
khố mâm ngũ quả Bình Phước hình dáng ,"['khố', 'mâm ngũ quả', 'Bình Phước', 'hình dáng']","['003162', '003385', '001663', '002999']"
ra ngoài kết hợp viện nghiên cứu mâm ngũ quả ,"['ra ngoài', 'kết hợp', 'viện nghiên cứu', 'mâm ngũ quả']","['000506', '003104', '001831', '003385']"
chuyền bóng chuồng vết thương chữa bệnh ,"['chuyền bóng', 'chuồng', 'vết thương', 'chữa bệnh']","['002281', '002275', '001815', '002300']"
ít hơn khoan (cái khoan) nhà bác học đưa đón ,"['ít hơn', 'khoan (cái khoan)', 'nhà bác học', 'đưa đón']","['003090', '003140', '003601', '002786']"
I-rắc (nước I-rắc) bơi lội bò sát khai mạc ,"['I-rắc (nước I-rắc)', 'bơi lội', 'bò sát', 'khai mạc']","['003086', '001783', '001677', '003116']"
bóng bay bên trên biện pháp ủng ,"['bóng bay', 'bên trên', 'biện pháp', 'ủng']","['001707', '001605', '001641', '001704']"
quy nạp kết bạn đồng lúa động cơ ,"['quy nạp', 'kết bạn', 'đồng lúa', 'động cơ']","['000473', '003103', '002760', '002768']"
bờ biển nhập ngũ đánh bắt đồng lúa ,"['bờ biển', 'nhập ngũ', 'đánh bắt', 'đồng lúa']","['001775', '002740', '002626', '002760']"
bốc thăm đập gang tay quy nạp ,"['bốc thăm', 'đập', 'gang tay', 'quy nạp']","['001743', '002645', '002823', '000473']"
xe máy tìm hiểu gánh kháng sinh ,"['xe máy', 'tìm hiểu', 'gánh', 'kháng sinh']","['001992', '001302', '002824', '003117']"
dầu khí biểu đồ dê con khung thành ,"['dầu khí', 'biểu đồ', 'dê con', 'khung thành']","['002550', '001643', '002568', '003172']"
điều phối dập giải thích đường kính ,"['điều phối', 'dập', 'giải thích', 'đường kính']","['002710', '002546', '002857', '002792']"
cây thân gỗ ủng kì diệu chục nghìn ,"['cây thân gỗ', 'ủng', 'kì diệu', 'chục nghìn']","['002047', '001704', '003176', '002262']"
dấu phẩy dầu gội đầu biểu đồ hình quạt tương ứng ,"['dấu phẩy', 'dầu gội đầu', 'biểu đồ hình quạt', 'tương ứng']","['002558', '002548', '001647', '001690']"
boong tàu vạch trần rụng tóc (đt) chuông nhà ,"['boong tàu', 'vạch trần', 'rụng tóc (đt)', 'chuông nhà']","['001709', '001740', '000576', '002274']"
kết hợp phong tục nhân cách hoá bờ ruộng ,"['kết hợp', 'phong tục', 'nhân cách hoá', 'bờ ruộng']","['003104', '000235', '003624', '001779']"
chuyền bóng vác ít ế ẩm ,"['chuyền bóng', 'vác', 'ít', 'ế ẩm']","['002281', '001738', '003089', '002809']"
úp keo kiệt ủy ban áo phông ,"['úp', 'keo kiệt', 'ủy ban', 'áo phông']","['001718', '003099', '001720', '001262']"
tượng đài nhân hậu chương trình lang thang ,"['tượng đài', 'nhân hậu', 'chương trình', 'lang thang']","['001698', '003628', '002298', '003218']"
động cơ dấu nhân gánh Vĩnh Long ,"['động cơ', 'dấu nhân', 'gánh', 'Vĩnh Long']","['002768', '002557', '002824', '001835']"
lang thang con bướm náo nức vàng (kim loại) ,"['lang thang', 'con bướm', 'náo nức', 'vàng (kim loại)']","['003218', '002318', '003481', '001754']"
chuyển vế chung kết khách vip thơm ,"['chuyển vế', 'chung kết', 'khách vip', 'thơm']","['002290', '002271', '003114', '001127']"
đông lạnh Hưng Yên khoá (cái khóa) vá quần áo ,"['đông lạnh', 'Hưng Yên', 'khoá (cái khóa)', 'vá quần áo']","['002757', '003083', '003142', '002122']"
gốm sứ việc làm chúi đầu đồng lúa ,"['gốm sứ', 'việc làm', 'chúi đầu', 'đồng lúa']","['002932', '001827', '002265', '002760']"
ít đánh răng đặt nhà nước ,"['ít', 'đánh răng', 'đặt', 'nhà nước']","['003089', '002628', '002644', '002601']"
dòng chữ đường cao mặt vuông gặp gỡ ,"['dòng chữ', 'đường cao', 'mặt vuông', 'gặp gỡ']","['002592', '002788', '003380', '002837']"
khát vọng sĩ diện doanh trại bên trong ,"['khát vọng', 'sĩ diện', 'doanh trại', 'bên trong']","['003120', '000679', '002590', '001607']"
có ích con ba ba khóa cửa mặt dài ,"['có ích', 'con ba ba', 'khóa cửa', 'mặt dài']","['002308', '002311', '003143', '003382']"
thơm mặt dài bồn rửa bát doanh nghiệp ,"['thơm', 'mặt dài', 'bồn rửa bát', 'doanh nghiệp']","['001127', '003382', '001751', '002589']"
nhà nước chum Hưng Yên tái phát ,"['nhà nước', 'chum', 'Hưng Yên', 'tái phát']","['002602', '002266', '003083', '000829']"
đàn kiến chục nghìn Dinh Độc Lập kết hợp ,"['đàn kiến', 'chục nghìn', 'Dinh Độc Lập', 'kết hợp']","['002620', '002262', '002587', '003104']"
đũa thú y UNICEF vây bắt ,"['đũa', 'thú y', 'UNICEF', 'vây bắt']","['002781', '001153', '001708', '001803']"
chữ chùm hoa nạn nhân vết thương ,"['chữ', 'chùm hoa', 'nạn nhân', 'vết thương']","['002299', '002267', '003479', '001815']"
khách mời khóa cửa vận động dân ca ,"['khách mời', 'khóa cửa', 'vận động', 'dân ca']","['003112', '003143', '001794', '002534']"
tưởng chuyển động quay vẫy tay đồng lúa ,"['tưởng', 'chuyển động quay', 'vẫy tay', 'đồng lúa']","['001692', '002287', '001805', '002760']"
nhạy cảm thuê gạo nếp Dinh Độc Lập ,"['nhạy cảm', 'thuê', 'gạo nếp', 'Dinh Độc Lập']","['003620', '001166', '002828', '002587']"
nhà thờ biểu thức dân chài khoác áo ,"['nhà thờ', 'biểu thức', 'dân chài', 'khoác áo']","['003606', '001651', '002535', '003144']"
đường hàng không có ích bẫy chuột (hành động) hiếu thảo ,"['đường hàng không', 'có ích', 'bẫy chuột (hành động)', 'hiếu thảo']","['002790', '002308', '001561', '002994']"
dây xích bến tàu bón phân khai mạc ,"['dây xích', 'bến tàu', 'bón phân', 'khai mạc']","['002566', '001611', '001701', '003116']"
đăng ký nhà bác học gáy đại dương ,"['đăng ký', 'nhà bác học', 'gáy', 'đại dương']","['002638', '003601', '002831', '002610']"
biểu đồ cột chúi đầu chuyền bóng viết lia lịa ,"['biểu đồ cột', 'chúi đầu', 'chuyền bóng', 'viết lia lịa']","['001645', '002265', '002281', '001833']"
co giật quần bò bón phân máy vi tính ,"['co giật', 'quần bò', 'bón phân', 'máy vi tính']","['002306', '000434', '001699', '002310']"
đằng trước nhà sàn giải thích nhà cửa ,"['đằng trước', 'nhà sàn', 'giải thích', 'nhà cửa']","['002641', '003603', '002857', '003602']"
úp miêu tả máy vi tính bẫy chuột (hành động) ,"['úp', 'miêu tả', 'máy vi tính', 'bẫy chuột (hành động)']","['001718', '003408', '002310', '001561']"
vào viết lia lịa gãy chân đường kính ,"['vào', 'viết lia lịa', 'gãy chân', 'đường kính']","['001758', '001833', '002829', '002792']"
nhanh nhẹn giải thích khâm phục tương ứng ,"['nhanh nhẹn', 'giải thích', 'khâm phục', 'tương ứng']","['003613', '002857', '003125', '001690']"
gió Lào Hùng Vương tung tăng bẫy chuột (hành động) ,"['gió Lào', 'Hùng Vương', 'tung tăng', 'bẫy chuột (hành động)']","['002908', '003075', '001632', '001561']"
Bến Tre gặt lúa co giật đuốc ,"['Bến Tre', 'gặt lúa', 'co giật', 'đuốc']","['001613', '002838', '002306', '002783']"
cầu cứu trục xuất dòng chữ gần gũi ,"['cầu cứu', 'trục xuất', 'dòng chữ', 'gần gũi']","['001997', '001536', '002592', '002839']"
chùa Một Cột hình dáng khăn quàng di chuyển ,"['chùa Một Cột', 'hình dáng', 'khăn quàng', 'di chuyển']","['002251', '002999', '003123', '002573']"
đồng lúa bỏ qua công văn đại tướng ,"['đồng lúa', 'bỏ qua', 'công văn', 'đại tướng']","['002760', '001685', '002120', '002613']"
vá quần áo thơm kêu gọi tưởng tượng ,"['vá quần áo', 'thơm', 'kêu gọi', 'tưởng tượng']","['002122', '001129', '003109', '001694']"
nhảy cao cày đánh lắp ráp ,"['nhảy cao', 'cày', 'đánh', 'lắp ráp']","['003616', '001957', '002625', '003234']"
đường tròn lái tàu hỏa bò tương ứng ,"['đường tròn', 'lái tàu hỏa', 'bò', 'tương ứng']","['002797', '003214', '001675', '001690']"
làn sóng Bình Phước bón phân kêu gọi ,"['làn sóng', 'Bình Phước', 'bón phân', 'kêu gọi']","['003219', '001663', '001699', '003109']"
giải thích thú y chuyển động vĩ đại ,"['giải thích', 'thú y', 'chuyển động', 'vĩ đại']","['002857', '001155', '002285', '001821']"
vị ngữ hồ Hoàn Kiếm kêu gọi chứng minh ,"['vị ngữ', 'hồ Hoàn Kiếm', 'kêu gọi', 'chứng minh']","['001823', '003051', '003109', '002303']"
bớt đi đua thuyền bón phân bệnh nhân ,"['bớt đi', 'đua thuyền', 'bón phân', 'bệnh nhân']","['001795', '002779', '001701', '001621']"
nhà tầng biện pháp úp nói leo ,"['nhà tầng', 'biện pháp', 'úp', 'nói leo']","['003604', '001641', '001718', '000036']"
đỡ kết hợp vào lớp phong kiến ,"['đỡ', 'kết hợp', 'vào lớp', 'phong kiến']","['002777', '003104', '001760', '000231']"
con bướm dây điện kì lạ dây thừng ,"['con bướm', 'dây điện', 'kì lạ', 'dây thừng']","['002318', '002563', '003177', '002565']"
đài sen khen pha lê đông lạnh ,"['đài sen', 'khen', 'pha lê', 'đông lạnh']","['002606', '003131', '000134', '002757']"
miêu tả dây chun bồi thường va chạm ,"['miêu tả', 'dây chun', 'bồi thường', 'va chạm']","['003408', '002560', '001747', '001734']"
đằng sau đường tròn dầu hoả máy vi tính ,"['đằng sau', 'đường tròn', 'dầu hoả', 'máy vi tính']","['002640', '002797', '002549', '002310']"
chuông nhà chữa bệnh tìm hiểu đất nặn ,"['chuông nhà', 'chữa bệnh', 'tìm hiểu', 'đất nặn']","['002274', '002300', '001302', '002648']"
đất nặn phản bội bồn rửa bát miêu tả ,"['đất nặn', 'phản bội', 'bồn rửa bát', 'miêu tả']","['002648', '000145', '001751', '003408']"
đại số bơm (cái bơm) đơn giản đua xe máy ,"['đại số', 'bơm (cái bơm)', 'đơn giản', 'đua xe máy']","['002611', '001785', '002774', '002780']"
đàn kiến khoác vai khoá (cái khóa) bố trí ,"['đàn kiến', 'khoác vai', 'khoá (cái khóa)', 'bố trí']","['002620', '003139', '003142', '001723']"
thú y ủng bít tất thừa ,"['thú y', 'ủng', 'bít tất', 'thừa']","['001153', '001704', '001673', '001208']"
đường sắt câu cá sáo Bình Phước ,"['đường sắt', 'câu cá', 'sáo', 'Bình Phước']","['002794', '001975', '000636', '001663']"
kì lạ rụng tóc (đt) em út đào tạo ,"['kì lạ', 'rụng tóc (đt)', 'em út', 'đào tạo']","['003177', '000576', '002806', '002631']"
khố đề tài vé vịnh Hạ Long ,"['khố', 'đề tài', 'vé', 'vịnh Hạ Long']","['003162', '002685', '001809', '001841']"
nhắc nhở trụi lá thú y bên trong ,"['nhắc nhở', 'trụi lá', 'thú y', 'bên trong']","['003621', '001540', '001153', '001607']"
chuyển đổi số đo bón phân bó đũa Ê-ti-ô-pi-a (nước Ê-ti-ô-pi-a) ,"['chuyển đổi số đo', 'bón phân', 'bó đũa', 'Ê-ti-ô-pi-a (nước Ê-ti-ô-pi-a)']","['002284', '001699', '001689', '002810']"
bớt đồng bào e thẹn gãy chân ,"['bớt', 'đồng bào', 'e thẹn', 'gãy chân']","['001793', '002759', '002799', '002829']"
gắn bó đặt đánh trống khắc phục ,"['gắn bó', 'đặt', 'đánh trống', 'khắc phục']","['002834', '002644', '002629', '003121']"
đàng trong tượng đài con ba ba Italia (nước Italia) ,"['đàng trong', 'tượng đài', 'con ba ba', 'Italia (nước Italia)']","['002623', '001698', '002311', '003092']"
đặc biệt cầu (cây cầu) sáo bẫy chuột (hành động) ,"['đặc biệt', 'cầu (cây cầu)', 'sáo', 'bẫy chuột (hành động)']","['002632', '001995', '000636', '001563']"
kêu gọi vệ sinh cá nhân viết lia lịa cây cổ thụ ,"['kêu gọi', 'vệ sinh cá nhân', 'viết lia lịa', 'cây cổ thụ']","['003109', '001811', '001833', '002021']"
nhà sàn vá quần áo khoác vai áo phông ,"['nhà sàn', 'vá quần áo', 'khoác vai', 'áo phông']","['003603', '002122', '003139', '001264']"
kẹp chuyển vế khúc khuỷu đại tướng ,"['kẹp', 'chuyển vế', 'khúc khuỷu', 'đại tướng']","['003101', '002290', '003170', '002613']"
áo phông vây bắt dầu ăn biểu đồ ,"['áo phông', 'vây bắt', 'dầu ăn', 'biểu đồ']","['001262', '001803', '002547', '001643']"
bị động gãy tay Lạc Long Quân bơi lội ,"['bị động', 'gãy tay', 'Lạc Long Quân', 'bơi lội']","['001627', '002830', '003211', '001783']"
vịnh dòng họ chuyền bóng dòng chữ ,"['vịnh', 'dòng họ', 'chuyền bóng', 'dòng chữ']","['001839', '002593', '002281', '002592']"
bộ truyện gáy đồng lúa Thừa Thiên – Huế bên trong ,"['bộ truyện', 'gáy', 'đồng lúa', 'Thừa Thiên – Huế', 'bên trong']","['001725', '002831', '002760', '001212', '001607']"
đánh răng hồ Hoàn Kiếm đũa dòng sông trụi lá ,"['đánh răng', 'hồ Hoàn Kiếm', 'đũa', 'dòng sông', 'trụi lá']","['002628', '003051', '002781', '002594', '001540']"
dấu chia hình cầu gánh điều phối khắc phục ,"['dấu chia', 'hình cầu', 'gánh', 'điều phối', 'khắc phục']","['002553', '002997', '002824', '002710', '003121']"
gặt lúa bớt đi chuyển vế đông lạnh khuy ,"['gặt lúa', 'bớt đi', 'chuyển vế', 'đông lạnh', 'khuy']","['002838', '001795', '002290', '002757', '003174']"
buổi đêm bột giặt dòng họ đạn đua ngựa ,"['buổi đêm', 'bột giặt', 'dòng họ', 'đạn', 'đua ngựa']","['001830', '001763', '002593', '002630', '002778']"
câu đơn nhân hậu biển hiệu đồng ruộng đáng quý ,"['câu đơn', 'nhân hậu', 'biển hiệu', 'đồng ruộng', 'đáng quý']","['001983', '003628', '001637', '002764', '002624']"
dây điện doanh trại hồ Hoàn Kiếm đun nấu dây chun ,"['dây điện', 'doanh trại', 'hồ Hoàn Kiếm', 'đun nấu', 'dây chun']","['002563', '002590', '003051', '002782', '002560']"
khen bón phân nạn nhân đồng bào bồi bàn ,"['khen', 'bón phân', 'nạn nhân', 'đồng bào', 'bồi bàn']","['003131', '001701', '003479', '002759', '001745']"
gần gũi vật uốn nhược điểm bệnh nhân ,"['gần gũi', 'vật', 'uốn', 'nhược điểm', 'bệnh nhân']","['002839', '001796', '001710', '000019', '001621']"
quần bò dân số đua thuyền khâm phục bệnh nhân ,"['quần bò', 'dân số', 'đua thuyền', 'khâm phục', 'bệnh nhân']","['000434', '002537', '002779', '003125', '001621']"
hướng dẫn khuy bố trí khẩu hiệu động cơ ,"['hướng dẫn', 'khuy', 'bố trí', 'khẩu hiệu', 'động cơ']","['003084', '003174', '001723', '003127', '002768']"
chuyển đồ chuyền bóng thú dữ cát câu chuyện ,"['chuyển đồ', 'chuyền bóng', 'thú dữ', 'cát', 'câu chuyện']","['002283', '002281', '001147', '001953', '001977']"
đàng ngoài khe núi đưa đón bốc vác phích nước ,"['đàng ngoài', 'khe núi', 'đưa đón', 'bốc vác', 'phích nước']","['002622', '003130', '002786', '001727', '000200']"
đứng nghiêm úp gạo nếp bơm xe vào mùa ,"['đứng nghiêm', 'úp', 'gạo nếp', 'bơm xe', 'vào mùa']","['002787', '001718', '002828', '001789', '001761']"
khăn mặt áo phông vĩ đại vệ sinh cá nhân dễ chịu ,"['khăn mặt', 'áo phông', 'vĩ đại', 'vệ sinh cá nhân', 'dễ chịu']","['003122', '001264', '001821', '001811', '002570']"
đại tướng viết lia lịa kêu phản bội Bến Tre ,"['đại tướng', 'viết lia lịa', 'kêu', 'phản bội', 'Bến Tre']","['002613', '001833', '003108', '000145', '001613']"
gang tay cát cắt nhau chum hình cầu ,"['gang tay', 'cát', 'cắt nhau', 'chum', 'hình cầu']","['002823', '001953', '001966', '002266', '002997']"
đánh giá động cơ ra ngoài khoang tàu tượng ,"['đánh giá', 'động cơ', 'ra ngoài', 'khoang tàu', 'tượng']","['002627', '002768', '000505', '003147', '001696']"
uốn vịnh Hạ Long khoang tàu cặp sách nhăn mặt ,"['uốn', 'vịnh Hạ Long', 'khoang tàu', 'cặp sách', 'nhăn mặt']","['001710', '001841', '003147', '001962', '003622']"
Ê-ti-ô-pi-a (nước Ê-ti-ô-pi-a) dấu chấm hỏi nhảy múa dầu gội đầu khâu vá ,"['Ê-ti-ô-pi-a (nước Ê-ti-ô-pi-a)', 'dấu chấm hỏi', 'nhảy múa', 'dầu gội đầu', 'khâu vá']","['002810', '002551', '003618', '002548', '003126']"
sáo đường hàng không biểu đồ cột dấu chấm than bỏ hoang ,"['sáo', 'đường hàng không', 'biểu đồ cột', 'dấu chấm than', 'bỏ hoang']","['000636', '002790', '001645', '002552', '001681']"
đua xe máy công việc ngưỡng mộ làm việc nhà nước ,"['đua xe máy', 'công việc', 'ngưỡng mộ', 'làm việc', 'nhà nước']","['002780', '002442', '003600', '003217', '002601']"
nhà cửa cày dân ca khát nước khiêng ,"['nhà cửa', 'cày', 'dân ca', 'khát nước', 'khiêng']","['003602', '001957', '002534', '003119', '003134']"
chuyền bóng nhân hậu ít thừa khoanh tay ,"['chuyền bóng', 'nhân hậu', 'ít', 'thừa', 'khoanh tay']","['002281', '003629', '003089', '001208', '003148']"
doanh trại vệ sinh cá nhân đánh hình chiếu gai ,"['doanh trại', 'vệ sinh cá nhân', 'đánh', 'hình chiếu', 'gai']","['002590', '001811', '002625', '002998', '002818']"
viện bảo tàng đàn ghi ta nhà nước quan hệ bố trí ,"['viện bảo tàng', 'đàn ghi ta', 'nhà nước', 'quan hệ', 'bố trí']","['001829', '002619', '002601', '000397', '001723']"
đào tạo gan lì vịnh Hạ Long khẩu hiệu nhảy múa ,"['đào tạo', 'gan lì', 'vịnh Hạ Long', 'khẩu hiệu', 'nhảy múa']","['002631', '002822', '001841', '003127', '003618']"
náo nức khâm phục câu đơn áo phông bò ,"['náo nức', 'khâm phục', 'câu đơn', 'áo phông', 'bò']","['003481', '003125', '001983', '001262', '001675']"
bơm nước không khí ra ngoài cặp sách xưa ,"['bơm nước', 'không khí', 'ra ngoài', 'cặp sách', 'xưa']","['001787', '003166', '000506', '001962', '002068']"
đua thuyền duyệt binh khúc khuỷu bó hoa đánh răng ,"['đua thuyền', 'duyệt binh', 'khúc khuỷu', 'bó hoa', 'đánh răng']","['002779', '002599', '003170', '001691', '002628']"
nhập ngũ chục triệu ủng hộ đặt bến xe ,"['nhập ngũ', 'chục triệu', 'ủng hộ', 'đặt', 'bến xe']","['002740', '002263', '001706', '002644', '001615']"
làm việc Khánh Hòa kẻ cắp vĩ đại gặt lúa ,"['làm việc', 'Khánh Hòa', 'kẻ cắp', 'vĩ đại', 'gặt lúa']","['003217', '003118', '003093', '001821', '002838']"
kính lão viện bảo tàng gật gù rụng tóc (đt) bơi ,"['kính lão', 'viện bảo tàng', 'gật gù', 'rụng tóc (đt)', 'bơi']","['003202', '001829', '002843', '000576', '001781']"
chuyền bóng trụi lá dây điện mặt dài bồi thường ,"['chuyền bóng', 'trụi lá', 'dây điện', 'mặt dài', 'bồi thường']","['002281', '001540', '002563', '003382', '001747']"
cây thân gỗ có ích khoác áo bụi phấn bố mẹ ,"['cây thân gỗ', 'có ích', 'khoác áo', 'bụi phấn', 'bố mẹ']","['002045', '002308', '003144', '001812', '001731']"
dòng chữ bụi phấn tượng bến tàu cây thân gỗ ,"['dòng chữ', 'bụi phấn', 'tượng', 'bến tàu', 'cây thân gỗ']","['002592', '001812', '001696', '001611', '002047']"
khát nước sĩ diện khai mạc úp nhảy cao ,"['khát nước', 'sĩ diện', 'khai mạc', 'úp', 'nhảy cao']","['003119', '000679', '003116', '001718', '003616']"
bẫy chuột (hành động) chứng cớ dễ chịu quần bò khẩu hiệu ,"['bẫy chuột (hành động)', 'chứng cớ', 'dễ chịu', 'quần bò', 'khẩu hiệu']","['001563', '002302', '002570', '000434', '003127']"
dấu chia nhà tù dây xích bò tót UNICEF ,"['dấu chia', 'nhà tù', 'dây xích', 'bò tót', 'UNICEF']","['002553', '003609', '002566', '001679', '001708']"
cắt nhau nhăn mặt dấu chia Hùng Vương liên hoan ,"['cắt nhau', 'nhăn mặt', 'dấu chia', 'Hùng Vương', 'liên hoan']","['001966', '003622', '002553', '003075', '003261']"
dòng chữ vị ngữ khách vip Vĩnh Phúc Bình Dương ,"['dòng chữ', 'vị ngữ', 'khách vip', 'Vĩnh Phúc', 'Bình Dương']","['002592', '001823', '003114', '001837', '001661']"
kêu gọi lắp ráp bên cạnh khoan (cái khoan) Dinh Độc Lập ,"['kêu gọi', 'lắp ráp', 'bên cạnh', 'khoan (cái khoan)', 'Dinh Độc Lập']","['003109', '003234', '001595', '003140', '002587']"
gà trống biện pháp ủy ban nhân dân hình cầu sáo ,"['gà trống', 'biện pháp', 'ủy ban nhân dân', 'hình cầu', 'sáo']","['002817', '001641', '001722', '002997', '000636']"
công việc chục nghìn giẻ lau làm việc dọc ,"['công việc', 'chục nghìn', 'giẻ lau', 'làm việc', 'dọc']","['002442', '002262', '002904', '003217', '002591']"
bến xe pha lê vị trí thơm gang tay ,"['bến xe', 'pha lê', 'vị trí', 'thơm', 'gang tay']","['001615', '000134', '001825', '001129', '002823']"
khuy đặt lắp ráp trụi lá cát ,"['khuy', 'đặt', 'lắp ráp', 'trụi lá', 'cát']","['003174', '002644', '003234', '001540', '001953']"
dẫn chương trình nắn nót thú dữ bên phải doanh trại ,"['dẫn chương trình', 'nắn nót', 'thú dữ', 'bên phải', 'doanh trại']","['002544', '003487', '001147', '001601', '002590']"
kêu đường tròn ít hơn vị trí quần bò ,"['kêu', 'đường tròn', 'ít hơn', 'vị trí', 'quần bò']","['003108', '002797', '003090', '001825', '000432']"
đào tạo kẹp vị trí đứng nghiêm ngưỡng mộ ,"['đào tạo', 'kẹp', 'vị trí', 'đứng nghiêm', 'ngưỡng mộ']","['002631', '003101', '001825', '002787', '003600']"
bộ truyện buổi đêm bổ ích boong tàu vận động ,"['bộ truyện', 'buổi đêm', 'bổ ích', 'boong tàu', 'vận động']","['001725', '001832', '001717', '001709', '001794']"
vắt cam du học viện nghiên cứu khách chữ ,"['vắt cam', 'du học', 'viện nghiên cứu', 'khách', 'chữ']","['001784', '002597', '001831', '003111', '002299']"
ế ẩm bệnh nhân bơi bò bỏ phiếu ,"['ế ẩm', 'bệnh nhân', 'bơi', 'bò', 'bỏ phiếu']","['002809', '001621', '001781', '001675', '001683']"
bơi lội Bến Tre phong tục đỡ đàng ngoài ,"['bơi lội', 'Bến Tre', 'phong tục', 'đỡ', 'đàng ngoài']","['001783', '001613', '000235', '002777', '002622']"
diện tích xung quanh bên phải ủy ban nhân dân đá bóng câu chuyện ,"['diện tích xung quanh', 'bên phải', 'ủy ban nhân dân', 'đá bóng', 'câu chuyện']","['002583', '001601', '001722', '002604', '001977']"
đại tướng viện nghiên cứu bờ ruộng biểu thức gặp gỡ ,"['đại tướng', 'viện nghiên cứu', 'bờ ruộng', 'biểu thức', 'gặp gỡ']","['002613', '001831', '001779', '001651', '002837']"
khe cửa bớt đánh trống bồn rửa bát tưởng tượng ,"['khe cửa', 'bớt', 'đánh trống', 'bồn rửa bát', 'tưởng tượng']","['003129', '001793', '002629', '001751', '001694']"
tiếng Anh vị trí đồng lúa ngưỡng mộ cặp sách ,"['tiếng Anh', 'vị trí', 'đồng lúa', 'ngưỡng mộ', 'cặp sách']","['001271', '001825', '002760', '003600', '001962']"
dựng phim chứng cớ thú y biển hiệu ra ngoài ,"['dựng phim', 'chứng cớ', 'thú y', 'biển hiệu', 'ra ngoài']","['002603', '002302', '001153', '001637', '000505']"
dầu ăn nhà thờ gà rừng thú y bên trên ,"['dầu ăn', 'nhà thờ', 'gà rừng', 'thú y', 'bên trên']","['002547', '003606', '002815', '001153', '001605']"
chùa Một Cột thuê trụi lá chuyển vế chui ,"['chùa Một Cột', 'thuê', 'trụi lá', 'chuyển vế', 'chui']","['002251', '001166', '001540', '002290', '002264']"
bón phân gặp gỡ đập ngưỡng mộ đắt đỏ ,"['bón phân', 'gặp gỡ', 'đập', 'ngưỡng mộ', 'đắt đỏ']","['001699', '002837', '002645', '003600', '002643']"
đũa khoe gạo nếp gắn bó chứng minh ,"['đũa', 'khoe', 'gạo nếp', 'gắn bó', 'chứng minh']","['002781', '003150', '002828', '002834', '002303']"
động cơ câu ghép vị trí cát khóa quần ,"['động cơ', 'câu ghép', 'vị trí', 'cát', 'khóa quần']","['002768', '001985', '001825', '001953', '003138']"
bọt xà phòng giẻ lau kẹp ế ẩm khen tặng ,"['bọt xà phòng', 'giẻ lau', 'kẹp', 'ế ẩm', 'khen tặng']","['001713', '002904', '003101', '002809', '003132']"
duyệt binh tìm hiểu nhăn mặt kẻ thù kết hợp ,"['duyệt binh', 'tìm hiểu', 'nhăn mặt', 'kẻ thù', 'kết hợp']","['002599', '001302', '003622', '003095', '003104']"
dân số đánh bắt biện pháp bẫy chuột (hành động) khiêng ,"['dân số', 'đánh bắt', 'biện pháp', 'bẫy chuột (hành động)', 'khiêng']","['002537', '002626', '001641', '001563', '003134']"
khẩu trang nhạy cảm gặm cỏ dẫn chương trình bế em ,"['khẩu trang', 'nhạy cảm', 'gặm cỏ', 'dẫn chương trình', 'bế em']","['003128', '003620', '002832', '002544', '001593']"
con ba ba vị ngữ gan lì đường chéo gật gù ,"['con ba ba', 'vị ngữ', 'gan lì', 'đường chéo', 'gật gù']","['002311', '001823', '002822', '002789', '002843']"
kêu dân số dập bốc thăm bộ sách ,"['kêu', 'dân số', 'dập', 'bốc thăm', 'bộ sách']","['003108', '002537', '002546', '001743', '001739']"
Bình Dương Lạc Long Quân nhà cửa động cơ bột giặt ,"['Bình Dương', 'Lạc Long Quân', 'nhà cửa', 'động cơ', 'bột giặt']","['001661', '003211', '003602', '002768', '001763']"
nhảy cao cầu giao chui bỏng gắn bó ,"['nhảy cao', 'cầu giao', 'chui', 'bỏng', 'gắn bó']","['003616', '001999', '002264', '001703', '002834']"
nhảy múa em gái vịnh Hạ Long khắc phục Lạc Long Quân ,"['nhảy múa', 'em gái', 'vịnh Hạ Long', 'khắc phục', 'Lạc Long Quân']","['003618', '002802', '001841', '003121', '003211']"
miêu tả Vĩnh Long máy vi tính dấu ngoặc đơn ra ngoài ,"['miêu tả', 'Vĩnh Long', 'máy vi tính', 'dấu ngoặc đơn', 'ra ngoài']","['003408', '001835', '002310', '002556', '000506']"
áo phông dầu hoả bến tàu câu chuyện dấu chấm hỏi ,"['áo phông', 'dầu hoả', 'bến tàu', 'câu chuyện', 'dấu chấm hỏi']","['001262', '002549', '001611', '001977', '002551']"
dân ca khung thành tưởng tượng bơm xe kêu gọi ,"['dân ca', 'khung thành', 'tưởng tượng', 'bơm xe', 'kêu gọi']","['002534', '003172', '001694', '001789', '003109']"
câu cá điều phối đạn biển đông dễ thương ,"['câu cá', 'điều phối', 'đạn', 'biển đông', 'dễ thương']","['001975', '002710', '002630', '001635', '002571']"
bên phải chung kết khóa quần giẻ lau khâm phục ,"['bên phải', 'chung kết', 'khóa quần', 'giẻ lau', 'khâm phục']","['001601', '002271', '003138', '002904', '003125']"
bên trên Vĩnh Long đàn ghi ta đường kính tiếng Anh ,"['bên trên', 'Vĩnh Long', 'đàn ghi ta', 'đường kính', 'tiếng Anh']","['001605', '001835', '002619', '002792', '001271']"
khăn quàng bụi phấn du học dân ca chùm nho ,"['khăn quàng', 'bụi phấn', 'du học', 'dân ca', 'chùm nho']","['003123', '001812', '002597', '002534', '002269']"
đằng trước chuyền bóng vái lạy đơn giản vái tứ phương ,"['đằng trước', 'chuyền bóng', 'vái lạy', 'đơn giản', 'vái tứ phương']","['002641', '002281', '001748', '002774', '001750']"
đại số bỏ qua dấu chấm than chùa Một Cột áo phông ,"['đại số', 'bỏ qua', 'dấu chấm than', 'chùa Một Cột', 'áo phông']","['002611', '001685', '002552', '002251', '001262']"
cắt nhau bố trí khiêng gãy tay đằng trước ,"['cắt nhau', 'bố trí', 'khiêng', 'gãy tay', 'đằng trước']","['001966', '001723', '003134', '002830', '002641']"
chữ cái khát nước chức năng đánh bắt khắc phục ,"['chữ cái', 'khát nước', 'chức năng', 'đánh bắt', 'khắc phục']","['002292', '003119', '002296', '002626', '003121']"
cần khởi động đài sen gãy tay vai trò bóc vỏ ,"['cần khởi động', 'đài sen', 'gãy tay', 'vai trò', 'bóc vỏ']","['001967', '002606', '002830', '001746', '001695']"
em dâu email tiết kiệm I-rắc (nước I-rắc) giải thích ,"['em dâu', 'email', 'tiết kiệm', 'I-rắc (nước I-rắc)', 'giải thích']","['002801', '002807', '001283', '003086', '002857']"
đánh trống khoe dấu ngoặc đơn Bến Tre đắt đỏ ,"['đánh trống', 'khoe', 'dấu ngoặc đơn', 'Bến Tre', 'đắt đỏ']","['002629', '003150', '002556', '001613', '002643']"
đập dân chài Vĩnh Long đàn ghi ta bế em ,"['đập', 'dân chài', 'Vĩnh Long', 'đàn ghi ta', 'bế em']","['002645', '002535', '001835', '002619', '001593']"
khoan (cái khoan) chứng cớ tượng đài vĩ đại chung kết ,"['khoan (cái khoan)', 'chứng cớ', 'tượng đài', 'vĩ đại', 'chung kết']","['003140', '002302', '001698', '001821', '002271']"
tiếng Anh đất bên trong gan lì khiêng ,"['tiếng Anh', 'đất', 'bên trong', 'gan lì', 'khiêng']","['001269', '002646', '001607', '002822', '003134']"
đập khác khoác vai vá quần áo Vĩnh Phúc ,"['đập', 'khác', 'khoác vai', 'vá quần áo', 'Vĩnh Phúc']","['002645', '003110', '003139', '002122', '001837']"
dây điện đường hàng không e thẹn thương yêu bẫy chuột (hành động) ,"['dây điện', 'đường hàng không', 'e thẹn', 'thương yêu', 'bẫy chuột (hành động)']","['002562', '002790', '002799', '001234', '001561']"
va chạm khóa quần biểu thị náo nức đặc điểm ,"['va chạm', 'khóa quần', 'biểu thị', 'náo nức', 'đặc điểm']","['001734', '003138', '001649', '003481', '002636']"
nhà thờ kẻ thù đuôi khen tặng nhược điểm ,"['nhà thờ', 'kẻ thù', 'đuôi', 'khen tặng', 'nhược điểm']","['003606', '003095', '002784', '003132', '000019']"
keo kiệt bít tất e thẹn bò có ích ,"['keo kiệt', 'bít tất', 'e thẹn', 'bò', 'có ích']","['003099', '001673', '002799', '001675', '002308']"
du học vây bắt chục triệu động cơ đào tạo ,"['du học', 'vây bắt', 'chục triệu', 'động cơ', 'đào tạo']","['002597', '001803', '002263', '002768', '002631']"
chứng minh uốn cong ủy ban nhân dân gãi đầu gãi tai mặt dài ,"['chứng minh', 'uốn cong', 'ủy ban nhân dân', 'gãi đầu gãi tai', 'mặt dài']","['002303', '001712', '001722', '002819', '003382']"
buổi đêm vệ sinh cá nhân đánh giá khăn quàng đỏ nhảy cao ,"['buổi đêm', 'vệ sinh cá nhân', 'đánh giá', 'khăn quàng đỏ', 'nhảy cao']","['001830', '001811', '002627', '003124', '003616']"
gai vết thương nhạy cảm chức năng gió Lào ,"['gai', 'vết thương', 'nhạy cảm', 'chức năng', 'gió Lào']","['002818', '001815', '003620', '002296', '002908']"
nhảy dù cấp cứu trụi lá Đắk Lắk phản bội ,"['nhảy dù', 'cấp cứu', 'trụi lá', 'Đắk Lắk', 'phản bội']","['003617', '001969', '001542', '002637', '000147']"
đồng lúa di chuyển chùm vải khung thành biển đông ,"['đồng lúa', 'di chuyển', 'chùm vải', 'khung thành', 'biển đông']","['002760', '002573', '002270', '003172', '001635']"
xâm lược l ,"['xâm lược', 'l']","['001978', '001060']"
ý thức h ,"['ý thức', 'h']","['002086', '001052']"
no xương rồng ,"['no', 'xương rồng']","['000026', '002072']"
dấu ngã xã ,"['dấu ngã', 'xã']","['001124', '001960']"
a vô ý ,"['a', 'vô ý']","['001022', '001874']"
đếm yếu ,"['đếm', 'yếu']","['002689', '002116']"
xẻng yên lòng ,"['xẻng', 'yên lòng']","['002018', '002096']"
con bê yên lòng ,"['con bê', 'yên lòng']","['002314', '002096']"
địa điểm bìa vở ,"['địa điểm', 'bìa vở']","['002699', '001629']"
mục đích hạt cườm ,"['mục đích', 'hạt cườm']","['001206', '002962']"
ngữ pháp trà ,"['ngữ pháp', 'trà']","['001160', '001420']"
tôi yêu bạn Y-Éc-Xanh ,"['tôi yêu bạn', 'Y-Éc-Xanh']","['002098', '002074']"
di truyền 10 000 (mười nghìn) ,"['di truyền', '10 000 (mười nghìn)']","['002576', '001177']"
xăng-ti-mét (cm) 8 ,"['xăng-ti-mét (cm)', '8']","['001972', '001142']"
11 sơ mi ,"['11', 'sơ mi']","['001150', '000747']"
p Tết Âm ,"['p', 'Tết Âm']","['001072', '000899']"
90 khối lượng ,"['90', 'khối lượng']","['001165', '003158']"
tấm lòng 11 ,"['tấm lòng', '11']","['002700', '001152']"
ư ngữ pháp ,"['ư', 'ngữ pháp']","['001090', '001159']"
dây buộc tóc dung tích ,"['dây buộc tóc', 'dung tích']","['002559', '002775']"
đất màu mỡ thụ phấn (hoa) ,"['đất màu mỡ', 'thụ phấn (hoa)']","['002647', '001293']"
tác động Mặt trời mọc ,"['tác động', 'Mặt trời mọc']","['002769', '003412']"
đất màu mỡ rơm rớm ,"['đất màu mỡ', 'rơm rớm']","['002647', '002766']"
tôi yêu bạn xứ Nghệ ,"['tôi yêu bạn', 'xứ Nghệ']","['002098', '002064']"
bộ đội thương yêu ,"['bộ đội', 'thương yêu']","['001737', '001322']"
đất màu mỡ quả đu đủ ,"['đất màu mỡ', 'quả đu đủ']","['002647', '000341']"
màu xanh da trời vỡ ,"['màu xanh da trời', 'vỡ']","['003357', '001887']"
màu xanh lá cây vượt trội ,"['màu xanh lá cây', 'vượt trội']","['003360', '001926']"
con sư tử ý nghĩa ,"['con sư tử', 'ý nghĩa']","['002387', '002082']"
â c ,"['â', 'c']","['001029', '001032']"
huyện ý nghĩa ,"['huyện', 'ý nghĩa']","['003082', '002084']"
dấu nặng hối hận ,"['dấu nặng', 'hối hận']","['001126', '003058']"
s 40 ,"['s', '40']","['001080', '001161']"
nghẹn ngào xách túi ,"['nghẹn ngào', 'xách túi']","['003526', '001952']"
giả bộ (giống giả vờ) múa ,"['giả bộ (giống giả vờ)', 'múa']","['002852', '003472']"
s ngày Quốc tế Lao động ,"['s', 'ngày Quốc tế Lao động']","['001080', '003509']"
z vui chơi ,"['z', 'vui chơi']","['001095', '001897']"
gỗ r ,"['gỗ', 'r']","['002931', '001078']"
xem xét h ,"['xem xét', 'h']","['002014', '001052']"
xôi người yêu ,"['xôi', 'người yêu']","['002044', '003599']"
sơ mi giấc ngủ ,"['sơ mi', 'giấc ngủ']","['000747', '002886']"
tác động mỗi ,"['tác động', 'mỗi']","['002769', '003425']"
giấc ngủ xinh xắn ,"['giấc ngủ', 'xinh xắn']","['002886', '002032']"
diện tích xung đột ,"['diện tích', 'xung đột']","['002581', '002062']"
xâm lược xăng-ti-mét-khối (cm3) ,"['xâm lược', 'xăng-ti-mét-khối (cm3)']","['001978', '001974']"
1 000 000 000 (một tỉ) b ,"['1 000 000 000 (một tỉ)', 'b']","['001189', '001030']"
xe lam vuốt tóc ,"['xe lam', 'vuốt tóc']","['002006', '001918']"
l hành quân ,"['l', 'hành quân']","['001060', '002960']"
1 000 000 000 (một tỉ) g ,"['1 000 000 000 (một tỉ)', 'g']","['001191', '001048']"
xăng-ti-mét-vuông (cm2) thành thạo ,"['xăng-ti-mét-vuông (cm2)', 'thành thạo']","['001976', '000971']"
xăng khoác tay ,"['xăng', 'khoác tay']","['001970', '003145']"
u 8 ,"['u', '8']","['001088', '001142']"
mắng r ,"['mắng', 'r']","['003377', '001078']"
xà phòng giặt vui tính ,"['xà phòng giặt', 'vui tính']","['001942', '001910']"
10 xách túi ,"['10', 'xách túi']","['001146', '001952']"
xà phòng vùng vẫy (dành cho người) ,"['xà phòng', 'vùng vẫy (dành cho người)']","['001936', '001914']"
tạo dáng dấu nặng ,"['tạo dáng', 'dấu nặng']","['000847', '001126']"
Thừa Thiên – Huế 5000 (năm nghìn) ,"['Thừa Thiên – Huế', '5000 (năm nghìn)']","['001214', '001173']"
đổ nước ý thức ,"['đổ nước', 'ý thức']","['002749', '002086']"
Thừa Thiên – Huế vuốt tóc ,"['Thừa Thiên – Huế', 'vuốt tóc']","['001214', '001918']"
vô ý khoác tay ,"['vô ý', 'khoác tay']","['001874', '003145']"
thụ phấn (hoa) nghỉ hè ,"['thụ phấn (hoa)', 'nghỉ hè']","['001293', '003536']"
ă xôi ,"['ă', 'xôi']","['001027', '002044']"
ư 100 ,"['ư', '100']","['001090', '001167']"
10 000 (mười nghìn) dự trữ ,"['10 000 (mười nghìn)', 'dự trữ']","['001177', '003327']"
cơm bình dân tôi yêu bạn ,"['cơm bình dân', 'tôi yêu bạn']","['002469', '002098']"
vỡ định vị ,"['vỡ', 'định vị']","['001887', '002717']"
1 000 000 000 (một tỉ) tủi thân ,"['1 000 000 000 (một tỉ)', 'tủi thân']","['001189', '001628']"
xông hơi h ,"['xông hơi', 'h']","['002046', '001052']"
vững chắc 4 ,"['vững chắc', '4']","['001922', '001130']"
g 1 000 000 000 (một tỉ) ,"['g', '1 000 000 000 (một tỉ)']","['001048', '001189']"
ghép hình chăn nuôi ,"['ghép hình', 'chăn nuôi']","['002846', '002131']"
hạt cườm xe cứu thương ,"['hạt cườm', 'xe cứu thương']","['002962', '001998']"
hạt cườm người xưa ,"['hạt cườm', 'người xưa']","['002962', '003596']"
buông màn yên bình ,"['buông màn', 'yên bình']","['001859', '002094']"
yêu mến (yêu quí) hành quân ,"['yêu mến (yêu quí)', 'hành quân']","['002110', '002960']"
vuông góc 100 ,"['vuông góc', '100']","['001920', '001167']"
nghiến răng địa điểm ,"['nghiến răng', 'địa điểm']","['003550', '002699']"
suy nghĩ xăng-ti-mét (cm) ,"['suy nghĩ', 'xăng-ti-mét (cm)']","['000767', '001972']"
trống (không có gì) yên lòng ,"['trống (không có gì)', 'yên lòng']","['002755', '002096']"
cây bàng nghiến răng ,"['cây bàng', 'nghiến răng']","['002017', '003550']"
đ dấu huyền ,"['đ', 'dấu huyền']","['001037', '001104']"
người xưa xứ Nghệ ,"['người xưa', 'xứ Nghệ']","['003596', '002064']"
đếm xa xôi ,"['đếm', 'xa xôi']","['002689', '001930']"
xoá bỏ xa cách ,"['xoá bỏ', 'xa cách']","['002036', '001928']"
vườn thú tuổi thơ ấu ,"['vườn thú', 'tuổi thơ ấu']","['001924', '001109']"
vun đắp yếu ,"['vun đắp', 'yếu']","['001912', '002114']"
gặm xương (con chó gặm xương) vua Hùng ,"['gặm xương (con chó gặm xương)', 'vua Hùng']","['002833', '001891']"
quạt trần ngày tháng ,"['quạt trần', 'ngày tháng']","['001458', '003503']"
xoáy thụ phấn (hoa) ,"['xoáy', 'thụ phấn (hoa)']","['002038', '001293']"
xen sơ mi ,"['xen', 'sơ mi']","['002016', '000747']"
sắt ô ,"['sắt', 'ô']","['000651', '001067']"
suy nghĩ con sư tử ,"['suy nghĩ', 'con sư tử']","['000767', '002387']"
tuổi thơ ấu ngày sinh ,"['tuổi thơ ấu', 'ngày sinh']","['001109', '003512']"
dấu hỏi đổ nước ,"['dấu hỏi', 'đổ nước']","['001116', '002749']"
xúc xắc tự vệ ,"['xúc xắc', 'tự vệ']","['002060', '001678']"
xăm vui sướng ,"['xăm', 'vui sướng']","['001968', '001905']"
tai nạn giao thông â ,"['tai nạn giao thông', 'â']","['001442', '001029']"
đường ray xe lửa j ,"['đường ray xe lửa', 'j']","['000959', '001098']"
i tự lập ,"['i', 'tự lập']","['001056', '001666']"
6 6 v ,"['6', '6', 'v']","['001138', '001136', '001092']"
9 Yên Bái thương yêu ,"['9', 'Yên Bái', 'thương yêu']","['001144', '002092', '001320']"
dấu ngã thương yêu vui tính ,"['dấu ngã', 'thương yêu', 'vui tính']","['001124', '001320', '001910']"
xâm lược giải vô địch q ,"['xâm lược', 'giải vô địch', 'q']","['001978', '002871', '001076']"
tác động xà phòng giặt đèn pin ,"['tác động', 'xà phòng giặt', 'đèn pin']","['002769', '001940', '002668']"
xếp hàng dọc vùng vẫy (dành cho người) tinh trùng ,"['xếp hàng dọc', 'vùng vẫy (dành cho người)', 'tinh trùng']","['002024', '001914', '001184']"
p xà phòng giặt l ,"['p', 'xà phòng giặt', 'l']","['001074', '001940', '001060']"
yên lòng yêu mến (yêu quí) xóa bảng ,"['yên lòng', 'yêu mến (yêu quí)', 'xóa bảng']","['002096', '002108', '002034']"
k hình vuông vững chắc ,"['k', 'hình vuông', 'vững chắc']","['001058', '001916', '001922']"
tiết kiệm định vị ơ ,"['tiết kiệm', 'định vị', 'ơ']","['001285', '002717', '001069']"
lưỡi câu xe tải yếu ,"['lưỡi câu', 'xe tải', 'yếu']","['003321', '001506', '002116']"
tiết kiệm lưỡi câu dấu ngã ,"['tiết kiệm', 'lưỡi câu', 'dấu ngã']","['001285', '003321', '001122']"
90 đèn xanh tự lập ,"['90', 'đèn xanh', 'tự lập']","['001165', '002674', '001666']"
dấu hỏi đón tiếp hình vuông ,"['dấu hỏi', 'đón tiếp', 'hình vuông']","['001118', '002728', '001916']"
thờ cúng â p ,"['thờ cúng', 'â', 'p']","['001111', '001029', '001074']"
p vui sướng đổ nước ,"['p', 'vui sướng', 'đổ nước']","['001072', '001905', '002749']"
Tết Dương màn 5000 (năm nghìn) ,"['Tết Dương', 'màn', '5000 (năm nghìn)']","['000903', '003342', '001171']"
no c yêu mến (yêu quí) ,"['no', 'c', 'yêu mến (yêu quí)']","['000026', '001032', '002110']"
vườn thú 5000 (năm nghìn) xinh ,"['vườn thú', '5000 (năm nghìn)', 'xinh']","['001924', '001173', '002030']"
yếu ông nội mùa hè ,"['yếu', 'ông nội', 'mùa hè']","['002114', '000116', '003465']"
lưỡi câu hi sinh tấm lòng ,"['lưỡi câu', 'hi sinh', 'tấm lòng']","['003321', '002985', '002700']"
chùa ơ bộ đội ,"['chùa', 'ơ', 'bộ đội']","['002249', '001069', '001737']"
ông nội tôi yêu bạn hối hận ,"['ông nội', 'tôi yêu bạn', 'hối hận']","['000116', '002098', '003058']"
6 nhãn vở xương rồng ,"['6', 'nhãn vở', 'xương rồng']","['001138', '003612', '002072']"
xóa bảng xe lam chiếc gối ,"['xóa bảng', 'xe lam', 'chiếc gối']","['002034', '002006', '002189']"
h f ý nghĩa ,"['h', 'f', 'ý nghĩa']","['001054', '001096', '002082']"
người yêu xô t ,"['người yêu', 'xô', 't']","['003599', '002042', '001084']"
e thẹn xăng-ti-mét-khối (cm3) bắp ngô ,"['e thẹn', 'xăng-ti-mét-khối (cm3)', 'bắp ngô']","['002800', '001974', '001531']"
bùng binh d tôi yêu bạn ,"['bùng binh', 'd', 'tôi yêu bạn']","['001230', '001034', '002098']"
trả (đt) xe ben yêu mến (yêu quí) ,"['trả (đt)', 'xe ben', 'yêu mến (yêu quí)']","['001422', '001990', '002110']"
dấu hỏi xương rồng khối lượng ,"['dấu hỏi', 'xương rồng', 'khối lượng']","['001118', '002072', '003158']"
ư điều hòa trả (đt) ,"['ư', 'điều hòa', 'trả (đt)']","['001090', '002712', '001422']"
ngữ pháp b tai nạn giao thông ,"['ngữ pháp', 'b', 'tai nạn giao thông']","['001160', '001030', '001442']"
đường ray xe lửa vũ trụ Liên Bang Nga (nước Nga) ,"['đường ray xe lửa', 'vũ trụ', 'Liên Bang Nga (nước Nga)']","['000959', '001889', '003259']"
yêu mến (yêu quí) ô xe cẩu ,"['yêu mến (yêu quí)', 'ô', 'xe cẩu']","['002110', '001065', '002010']"
màu xanh da trời người yêu rơm rớm ,"['màu xanh da trời', 'người yêu', 'rơm rớm']","['003357', '003599', '002766']"
Tết Âm b xóm làng ,"['Tết Âm', 'b', 'xóm làng']","['000899', '001030', '002040']"
h xoáy đ ,"['h', 'xoáy', 'đ']","['001054', '002038', '001037']"
con bê 5 bìa vở ,"['con bê', '5', 'bìa vở']","['002314', '001132', '001629']"
ngày Quốc tế Lao động sa thải nhãn vở ,"['ngày Quốc tế Lao động', 'sa thải', 'nhãn vở']","['003509', '002785', '003612']"
5000 (năm nghìn) buông màn p ,"['5000 (năm nghìn)', 'buông màn', 'p']","['001171', '001859', '001072']"
b 40 Liên Bang Nga (nước Nga) ,"['b', '40', 'Liên Bang Nga (nước Nga)']","['001030', '001161', '003259']"
Tết Dương gỗ tri kỉ ,"['Tết Dương', 'gỗ', 'tri kỉ']","['000903', '002931', '001040']"
vui chơi 9 tạo dáng ,"['vui chơi', '9', 'tạo dáng']","['001893', '001144', '000847']"
mục đích ê xe cẩu ,"['mục đích', 'ê', 'xe cẩu']","['001206', '001045', '002010']"
dấu huyền dung tích trưởng thành ,"['dấu huyền', 'dung tích', 'trưởng thành']","['001104', '002775', '001198']"
ô dấu hỏi 3 ,"['ô', 'dấu hỏi', '3']","['001065', '001118', '001128']"
màn tự vệ ô ,"['màn', 'tự vệ', 'ô']","['003342', '001678', '001065']"
bắp ngô đèn pin xoáy ,"['bắp ngô', 'đèn pin', 'xoáy']","['001531', '002668', '002038']"
chiếc gối xếp hàng ngang 6 ,"['chiếc gối', 'xếp hàng ngang', '6']","['002189', '002026', '001136']"
ngữ pháp xếp hàng túm tóc ,"['ngữ pháp', 'xếp hàng', 'túm tóc']","['001159', '002022', '001630']"
tri kỉ mục đích xoá bỏ ,"['tri kỉ', 'mục đích', 'xoá bỏ']","['001040', '001206', '002036']"
ô 6 xà phòng ,"['ô', '6', 'xà phòng']","['001065', '001136', '001936']"
40 dây buộc tóc 1 000 000 000 (một tỉ) ,"['40', 'dây buộc tóc', '1 000 000 000 (một tỉ)']","['001161', '002559', '001191']"
ý thức 1 000 000 000 (một tỉ) điều hòa ,"['ý thức', '1 000 000 000 (một tỉ)', 'điều hòa']","['002086', '001187', '002712']"
vui chơi d 11 ,"['vui chơi', 'd', '11']","['001893', '001034', '001150']"
dấu sắc Yên Bái 1 000 000 (một triệu) ,"['dấu sắc', 'Yên Bái', '1 000 000 (một triệu)']","['001110', '002092', '001181']"
Tết Âm khối lượng t ,"['Tết Âm', 'khối lượng', 't']","['000899', '003158', '001084']"
quả đu đủ tiết kiệm z ,"['quả đu đủ', 'tiết kiệm', 'z']","['000341', '001285', '001095']"
xăm di truyền hạt cườm ,"['xăm', 'di truyền', 'hạt cườm']","['001968', '002576', '002962']"
8 trứng 90 ,"['8', 'trứng', '90']","['001142', '001588', '001165']"
xa cách ngày Quốc tế Lao động rơm rớm ,"['xa cách', 'ngày Quốc tế Lao động', 'rơm rớm']","['001928', '003509', '002766']"
con sư tử vũ trụ Thừa Thiên – Huế ,"['con sư tử', 'vũ trụ', 'Thừa Thiên – Huế']","['002387', '001889', '001214']"
c thụ phấn (hoa) màu xanh da trời ,"['c', 'thụ phấn (hoa)', 'màu xanh da trời']","['001032', '001293', '003357']"
z xe cứu thương xuất khẩu ,"['z', 'xe cứu thương', 'xuất khẩu']","['001095', '001998', '002058']"
dịch vụ phim hoạt hình vô ý ,"['dịch vụ', 'phim hoạt hình', 'vô ý']","['002579', '000218', '001874']"
tai nạn giao thông 5 nghiến răng ,"['tai nạn giao thông', '5', 'nghiến răng']","['001442', '001132', '003550']"
w y tế khoan (khoan đã) ,"['w', 'y tế', 'khoan (khoan đã)']","['001101', '002076', '003410']"
tự vệ ghép hình bệnh thủy đậu ,"['tự vệ', 'ghép hình', 'bệnh thủy đậu']","['001678', '002846', '001619']"
xà phòng giặt h quạt trần ,"['xà phòng giặt', 'h', 'quạt trần']","['001940', '001052', '001458']"
dấu nặng 5000 (năm nghìn) hành quân ,"['dấu nặng', '5000 (năm nghìn)', 'hành quân']","['001126', '001171', '002960']"
màn bùng binh 1 000 000 (một triệu) ,"['màn', 'bùng binh', '1 000 000 (một triệu)']","['003342', '001230', '001183']"
e h ý chí ,"['e', 'h', 'ý chí']","['001038', '001052', '002078']"
xăm tủi thân địa điểm ,"['xăm', 'tủi thân', 'địa điểm']","['001968', '001628', '002699']"
vui sướng xoá bỏ tác động ,"['vui sướng', 'xoá bỏ', 'tác động']","['001905', '002036', '002769']"
e dấu hỏi g ,"['e', 'dấu hỏi', 'g']","['001038', '001116', '001048']"
bùng binh 1 000 000 (một triệu) thánh địa Mỹ Sơn ,"['bùng binh', '1 000 000 (một triệu)', 'thánh địa Mỹ Sơn']","['001230', '001181', '000976']"
khoác tay mùa hè 4 ,"['khoác tay', 'mùa hè', '4']","['003145', '003465', '001130']"
p vô ý nhập ngũ ,"['p', 'vô ý', 'nhập ngũ']","['001072', '001874', '002739']"
xếp hàng ngang dịch vụ tự (tự làm) ,"['xếp hàng ngang', 'dịch vụ', 'tự (tự làm)']","['002026', '002579', '001462']"
xếp hàng ngang vật nuôi dấu ngã ,"['xếp hàng ngang', 'vật nuôi', 'dấu ngã']","['002026', '001801', '001124']"
xếp hàng ngang vắng tuổi thơ ấu ,"['xếp hàng ngang', 'vắng', 'tuổi thơ ấu']","['002026', '001780', '001109']"
vỡ cơm bình dân xe tải ,"['vỡ', 'cơm bình dân', 'xe tải']","['001887', '002469', '001506']"
Yên Bái tự vệ p ,"['Yên Bái', 'tự vệ', 'p']","['002092', '001678', '001074']"
gỗ khoác tay h ,"['gỗ', 'khoác tay', 'h']","['002931', '003145', '001052']"
tấm lòng 100 từ bỏ ,"['tấm lòng', '100', 'từ bỏ']","['002700', '001167', '001646']"
tác động tiết kiệm yêu mến (yêu quí) ,"['tác động', 'tiết kiệm', 'yêu mến (yêu quí)']","['002769', '001285', '002108']"
yếm 11 sa thải ,"['yếm', '11', 'sa thải']","['002090', '001152', '002785']"
quạt trần xương rồng xa cách ,"['quạt trần', 'xương rồng', 'xa cách']","['001458', '002072', '001928']"
bắp ngô xoá bỏ thủ tướng ,"['bắp ngô', 'xoá bỏ', 'thủ tướng']","['001531', '002036', '001143']"
ă k xách túi ,"['ă', 'k', 'xách túi']","['001027', '001058', '001952']"
11 dấu ngã giả bộ (giống giả vờ) ,"['11', 'dấu ngã', 'giả bộ (giống giả vờ)']","['001152', '001124', '002852']"
sa thải dịch vụ trưởng thành ,"['sa thải', 'dịch vụ', 'trưởng thành']","['002785', '002579', '001198']"
xôi tự vệ xây nhà ,"['xôi', 'tự vệ', 'xây nhà']","['002044', '001678', '001986']"
1 000 000 (một triệu) trưởng thành vật nuôi ,"['1 000 000 (một triệu)', 'trưởng thành', 'vật nuôi']","['001181', '001198', '001801']"
v con sư tử ngày Quốc tế Lao động ,"['v', 'con sư tử', 'ngày Quốc tế Lao động']","['001092', '002387', '003509']"
Liên Bang Nga (nước Nga) từ bỏ hành quân ,"['Liên Bang Nga (nước Nga)', 'từ bỏ', 'hành quân']","['003259', '001646', '002960']"
gặm xương (con chó gặm xương) xà phòng giặt tạo dáng ,"['gặm xương (con chó gặm xương)', 'xà phòng giặt', 'tạo dáng']","['002833', '001942', '000847']"
đèn vàng vui mừng xếp hàng ưu tiên ,"['đèn vàng', 'vui mừng', 'xếp hàng ưu tiên']","['002671', '001899', '002028']"
địa điểm uốn tóc 5000 (năm nghìn) ,"['địa điểm', 'uốn tóc', '5000 (năm nghìn)']","['002699', '001716', '001171']"
phim hoạt hình di truyền e d ,"['phim hoạt hình', 'di truyền', 'e', 'd']","['000218', '002576', '001038', '001034']"
giấc ngủ mắng â đất màu mỡ ,"['giấc ngủ', 'mắng', 'â', 'đất màu mỡ']","['002886', '003377', '001029', '002647']"
nghiến răng yếu hoa sen tuổi thơ ấu ,"['nghiến răng', 'yếu', 'hoa sen', 'tuổi thơ ấu']","['003550', '002116', '003015', '001109']"
nhiệt độ dự trữ vua Hùng u ,"['nhiệt độ', 'dự trữ', 'vua Hùng', 'u']","['002767', '003327', '001891', '001088']"
suy nghĩ con lợn (con heo) tự lập 10 ,"['suy nghĩ', 'con lợn (con heo)', 'tự lập', '10']","['000767', '002357', '001666', '001146']"
xương rồng xây nhà vũ trụ f ,"['xương rồng', 'xây nhà', 'vũ trụ', 'f']","['002072', '001986', '001889', '001096']"
Tết Âm hoa sen xe lu tinh trùng ,"['Tết Âm', 'hoa sen', 'xe lu', 'tinh trùng']","['000899', '003015', '002008', '001184']"
e thẹn đường ray xe lửa tác động ghép hình ,"['e thẹn', 'đường ray xe lửa', 'tác động', 'ghép hình']","['002800', '000959', '002769', '002846']"
ngữ pháp con bê thương yêu ý thức ,"['ngữ pháp', 'con bê', 'thương yêu', 'ý thức']","['001159', '002314', '001320', '002086']"
ghép hình no p cháu nội ,"['ghép hình', 'no', 'p', 'cháu nội']","['002846', '000026', '001072', '002099']"
xóa bảng nghiến răng ă xây nhà ,"['xóa bảng', 'nghiến răng', 'ă', 'xây nhà']","['002034', '003550', '001027', '001986']"
đèn pin xa cách bệnh thủy đậu t ,"['đèn pin', 'xa cách', 'bệnh thủy đậu', 't']","['002668', '001928', '001619', '001084']"
xoá bỏ h mùa hè ý chí ,"['xoá bỏ', 'h', 'mùa hè', 'ý chí']","['002036', '001054', '003465', '002078']"
g dấu ngã tôi yêu bạn ý nghĩa ,"['g', 'dấu ngã', 'tôi yêu bạn', 'ý nghĩa']","['001048', '001124', '002098', '002082']"
giả bộ (giống giả vờ) d ý nghĩa Thừa Thiên – Huế ,"['giả bộ (giống giả vờ)', 'd', 'ý nghĩa', 'Thừa Thiên – Huế']","['002852', '001034', '002082', '001214']"
ô bắp ngô ngữ pháp xoá bỏ ,"['ô', 'bắp ngô', 'ngữ pháp', 'xoá bỏ']","['001067', '001533', '001159', '002036']"
vũ trụ 3 hi sinh tủi thân ,"['vũ trụ', '3', 'hi sinh', 'tủi thân']","['001889', '001128', '002985', '001628']"
bộ đội xếp hàng xung đột vườn thú ,"['bộ đội', 'xếp hàng', 'xung đột', 'vườn thú']","['001737', '002022', '002062', '001924']"
mắc áo đàn xê lô đại vĩ cầm xà phòng giặt h ,"['mắc áo', 'đàn xê lô đại vĩ cầm', 'xà phòng giặt', 'h']","['003369', '002616', '001940', '001052']"
ô ý tưởng xông hơi nhiệt độ ,"['ô', 'ý tưởng', 'xông hơi', 'nhiệt độ']","['001065', '002088', '002046', '002767']"
khoác tay màu xanh lá cây nghẹn ngào 6 ,"['khoác tay', 'màu xanh lá cây', 'nghẹn ngào', '6']","['003145', '003360', '003526', '001138']"
giấc ngủ người xưa xăng-ti-mét-vuông (cm2) nhiệt độ ,"['giấc ngủ', 'người xưa', 'xăng-ti-mét-vuông (cm2)', 'nhiệt độ']","['002886', '003596', '001976', '002767']"
ý nghĩa thiên đình trà sa thải ,"['ý nghĩa', 'thiên đình', 'trà', 'sa thải']","['002084', '001066', '001420', '002785']"
v t yếu tiết kiệm ,"['v', 't', 'yếu', 'tiết kiệm']","['001092', '001084', '002114', '001285']"
xăng-ti-mét (cm) r dấu ngã 1 000 000 000 (một tỉ) ,"['xăng-ti-mét (cm)', 'r', 'dấu ngã', '1 000 000 000 (một tỉ)']","['001972', '001078', '001122', '001187']"
xà phòng giặt dấu nặng 1000 (một nghìn) màn ,"['xà phòng giặt', 'dấu nặng', '1000 (một nghìn)', 'màn']","['001940', '001126', '001169', '003342']"
5000 (năm nghìn) bắp ngô ngày tháng cầu thang ,"['5000 (năm nghìn)', 'bắp ngô', 'ngày tháng', 'cầu thang']","['001173', '001533', '003503', '000946']"
xâm lược di truyền 10 hành quân ,"['xâm lược', 'di truyền', '10', 'hành quân']","['001978', '002576', '001146', '002960']"
tóc dựng đứng diện tích nhập ngũ tha thứ ,"['tóc dựng đứng', 'diện tích', 'nhập ngũ', 'tha thứ']","['002050', '002581', '002739', '000914']"
xăng-ti-mét-vuông (cm2) trà ô cầu thang ,"['xăng-ti-mét-vuông (cm2)', 'trà', 'ô', 'cầu thang']","['001976', '001420', '001065', '000946']"
vênh váo ngày tháng xoá bỏ con sư tử ,"['vênh váo', 'ngày tháng', 'xoá bỏ', 'con sư tử']","['001813', '003503', '002036', '002387']"
xôi xếp hàng ưu tiên khoác tay nghiến răng ,"['xôi', 'xếp hàng ưu tiên', 'khoác tay', 'nghiến răng']","['002044', '002028', '003145', '003550']"
nhập ngũ sa thải xe lam 10 ,"['nhập ngũ', 'sa thải', 'xe lam', '10']","['002739', '002785', '002006', '001146']"
xe lu trưởng thành vuốt tóc vắng ,"['xe lu', 'trưởng thành', 'vuốt tóc', 'vắng']","['002008', '001198', '001918', '001780']"
huyện ý tưởng xăng-ti-mét (cm) ê ,"['huyện', 'ý tưởng', 'xăng-ti-mét (cm)', 'ê']","['003082', '002088', '001972', '001043']"
1000 (một nghìn) xung đột xăm dung tích ,"['1000 (một nghìn)', 'xung đột', 'xăm', 'dung tích']","['001169', '002062', '001968', '002775']"
1 000 000 000 (một tỉ) tinh trùng nhãn vở xăng ,"['1 000 000 000 (một tỉ)', 'tinh trùng', 'nhãn vở', 'xăng']","['001189', '001184', '003612', '001970']"
thần kì Thừa Thiên – Huế 10 000 (mười nghìn) tinh trùng ,"['thần kì', 'Thừa Thiên – Huế', '10 000 (mười nghìn)', 'tinh trùng']","['001310', '001214', '001177', '001184']"
vỡ 4 đ xẻng ,"['vỡ', '4', 'đ', 'xẻng']","['001887', '001130', '001037', '002018']"
8 định vị vuốt tóc ý thức ,"['8', 'định vị', 'vuốt tóc', 'ý thức']","['001142', '002717', '001918', '002086']"
thương yêu trứng â xẻng ,"['thương yêu', 'trứng', 'â', 'xẻng']","['001320', '001588', '001029', '002018']"
xông hơi 1000 (một nghìn) ý tưởng trống (không có gì) ,"['xông hơi', '1000 (một nghìn)', 'ý tưởng', 'trống (không có gì)']","['002046', '001169', '002088', '002755']"
1 000 000 (một triệu) người yêu xe cứu thương 6 ,"['1 000 000 (một triệu)', 'người yêu', 'xe cứu thương', '6']","['001185', '003599', '001998', '001138']"
đường ray xe lửa con bê màu xanh da trời 100 ,"['đường ray xe lửa', 'con bê', 'màu xanh da trời', '100']","['000959', '002314', '003357', '001167']"
sa thải xếp 10 000 (mười nghìn) phim hoạt hình ,"['sa thải', 'xếp', '10 000 (mười nghìn)', 'phim hoạt hình']","['002785', '002020', '001179', '000218']"
khoan (khoan đã) xinh xắn xây nhà hành quân ,"['khoan (khoan đã)', 'xinh xắn', 'xây nhà', 'hành quân']","['003410', '002032', '001986', '002960']"
xăng-ti-mét-khối (cm3) 1000 (một nghìn) đón tiếp xóm làng ,"['xăng-ti-mét-khối (cm3)', '1000 (một nghìn)', 'đón tiếp', 'xóm làng']","['001974', '001169', '002728', '002040']"
dấu nặng hoa sen d ngữ pháp ,"['dấu nặng', 'hoa sen', 'd', 'ngữ pháp']","['001126', '003015', '001034', '001160']"
4 xe cẩu đường ray xe lửa chiếc gối ,"['4', 'xe cẩu', 'đường ray xe lửa', 'chiếc gối']","['001130', '002010', '000959', '002189']"
tự vệ đổ nước xưa j ,"['tự vệ', 'đổ nước', 'xưa', 'j']","['001678', '002749', '002070', '001098']"
xếp hàng ưu tiên h quạt trần nghẹn ngào ,"['xếp hàng ưu tiên', 'h', 'quạt trần', 'nghẹn ngào']","['002028', '001054', '001458', '003526']"
uốn tóc xà phòng giặt trần nhà cầu thang ,"['uốn tóc', 'xà phòng giặt', 'trần nhà', 'cầu thang']","['001716', '001942', '001460', '000946']"
u đổ nước v mỗi ,"['u', 'đổ nước', 'v', 'mỗi']","['001088', '002749', '001092', '003425']"
yếu quạt trần lưỡi câu xẻng ,"['yếu', 'quạt trần', 'lưỡi câu', 'xẻng']","['002116', '001458', '003321', '002018']"
Mặt trời lặn h Y-Éc-Xanh chăm sóc sức khỏe ,"['Mặt trời lặn', 'h', 'Y-Éc-Xanh', 'chăm sóc sức khỏe']","['003417', '001054', '002074', '002119']"
1000 (một nghìn) đèn pin ý thức cháu nội ,"['1000 (một nghìn)', 'đèn pin', 'ý thức', 'cháu nội']","['001169', '002668', '002086', '002099']"
ý tưởng suy nghĩ xăm xông hơi ,"['ý tưởng', 'suy nghĩ', 'xăm', 'xông hơi']","['002088', '000767', '001968', '002046']"
xúc xắc xe cẩu đổ nước v ,"['xúc xắc', 'xe cẩu', 'đổ nước', 'v']","['002060', '002010', '002749', '001092']"
từ bỏ nhập ngũ dây buộc tóc đón tiếp ,"['từ bỏ', 'nhập ngũ', 'dây buộc tóc', 'đón tiếp']","['001646', '002739', '002559', '002728']"
xăng-ti-mét (cm) 1 000 000 (một triệu) đất màu mỡ dây buộc tóc ,"['xăng-ti-mét (cm)', '1 000 000 (một triệu)', 'đất màu mỡ', 'dây buộc tóc']","['001972', '001185', '002647', '002559']"
ngữ pháp v 90 bệnh thủy đậu ,"['ngữ pháp', 'v', '90', 'bệnh thủy đậu']","['001160', '001092', '001165', '001619']"
xe lam hạt cườm ngày sinh xoá bỏ ,"['xe lam', 'hạt cườm', 'ngày sinh', 'xoá bỏ']","['002006', '002962', '003512', '002036']"
thiên đình Yên Bái z quả đu đủ ,"['thiên đình', 'Yên Bái', 'z', 'quả đu đủ']","['001066', '002092', '001095', '000341']"
con nuôi xa xôi dây buộc tóc Thừa Thiên – Huế ,"['con nuôi', 'xa xôi', 'dây buộc tóc', 'Thừa Thiên – Huế']","['002374', '001930', '002559', '001214']"
gặm xương (con chó gặm xương) ngữ pháp xe tải thương yêu ,"['gặm xương (con chó gặm xương)', 'ngữ pháp', 'xe tải', 'thương yêu']","['002833', '001159', '001506', '001322']"
yên lòng xăng-ti-mét-khối (cm3) lưỡi câu đ ,"['yên lòng', 'xăng-ti-mét-khối (cm3)', 'lưỡi câu', 'đ']","['002096', '001974', '003321', '001037']"
xe cứu thương xe lam cây thông ghép hình ,"['xe cứu thương', 'xe lam', 'cây thông', 'ghép hình']","['001998', '002006', '003326', '002846']"
va li thành thạo ông nội 10 000 (mười nghìn) ,"['va li', 'thành thạo', 'ông nội', '10 000 (mười nghìn)']","['001736', '000971', '000116', '001177']"
vuông góc xe ben gỗ 7 ,"['vuông góc', 'xe ben', 'gỗ', '7']","['001920', '001990', '002931', '001140']"
xăng-ti-mét (cm) di truyền tiết kiệm lưỡi câu ,"['xăng-ti-mét (cm)', 'di truyền', 'tiết kiệm', 'lưỡi câu']","['001972', '002576', '001285', '003321']"
vui chơi thánh địa Mỹ Sơn 6 xà phòng giặt ,"['vui chơi', 'thánh địa Mỹ Sơn', '6', 'xà phòng giặt']","['001897', '000976', '001136', '001940']"
cây thông ô y tế hối hận ,"['cây thông', 'ô', 'y tế', 'hối hận']","['003326', '001067', '002076', '003058']"
tấm lòng hình vuông hạt cườm 6 ,"['tấm lòng', 'hình vuông', 'hạt cườm', '6']","['002700', '001916', '002962', '001136']"
yếm mỗi Tết Âm hình vuông ,"['yếm', 'mỗi', 'Tết Âm', 'hình vuông']","['002090', '003425', '000899', '001916']"
1 000 000 (một triệu) i 100 xếp ,"['1 000 000 (một triệu)', 'i', '100', 'xếp']","['001185', '001056', '001167', '002020']"
gặm xương (con chó gặm xương) 11 xưa 1 000 000 (một triệu) ,"['gặm xương (con chó gặm xương)', '11', 'xưa', '1 000 000 (một triệu)']","['002833', '001152', '002070', '001185']"
h xa xôi Y-Éc-Xanh dịch vụ ,"['h', 'xa xôi', 'Y-Éc-Xanh', 'dịch vụ']","['001052', '001930', '002074', '002579']"
xưa ê xăng-ti-mét-khối (cm3) xăng-ti-mét-vuông (cm2) ,"['xưa', 'ê', 'xăng-ti-mét-khối (cm3)', 'xăng-ti-mét-vuông (cm2)']","['002070', '001043', '001974', '001976']"
nghiến răng r mùa hè quạt trần ,"['nghiến răng', 'r', 'mùa hè', 'quạt trần']","['003550', '001078', '003465', '001458']"
thần kì w 1 000 000 000 (một tỉ) xếp hàng dọc ,"['thần kì', 'w', '1 000 000 000 (một tỉ)', 'xếp hàng dọc']","['001310', '001101', '001189', '002024']"
cây bàng xe cứu thương xa cách y tế ,"['cây bàng', 'xe cứu thương', 'xa cách', 'y tế']","['002017', '001998', '001928', '002076']"
dấu huyền người yêu xung đột 90 ,"['dấu huyền', 'người yêu', 'xung đột', '90']","['001104', '003599', '002062', '001165']"
suy nghĩ ngữ pháp Nam Định xã ,"['suy nghĩ', 'ngữ pháp', 'Nam Định', 'xã']","['000767', '001159', '003478', '001960']"
ý tưởng khoác tay con sư tử xô ,"['ý tưởng', 'khoác tay', 'con sư tử', 'xô']","['002088', '003145', '002387', '002042']"
1 000 000 (một triệu) thờ cúng tự lập 10 000 (mười nghìn) ,"['1 000 000 (một triệu)', 'thờ cúng', 'tự lập', '10 000 (mười nghìn)']","['001185', '001111', '001666', '001179']"
mắc áo uốn tóc trà nghẹn ngào ,"['mắc áo', 'uốn tóc', 'trà', 'nghẹn ngào']","['003369', '001716', '001420', '003526']"
người xưa 3 di truyền e thẹn ,"['người xưa', '3', 'di truyền', 'e thẹn']","['003596', '001128', '002576', '002800']"
r 4 10 Tết Âm ,"['r', '4', '10', 'Tết Âm']","['001078', '001130', '001146', '000899']"
hoa sen xuất khẩu xem xét y tế ,"['hoa sen', 'xuất khẩu', 'xem xét', 'y tế']","['003015', '002058', '002014', '002076']"
ngữ pháp đón tiếp ngày Quốc tế Lao động xôi ,"['ngữ pháp', 'đón tiếp', 'ngày Quốc tế Lao động', 'xôi']","['001160', '002728', '003509', '002044']"
mục đích xe lam thánh địa Mỹ Sơn 5 ,"['mục đích', 'xe lam', 'thánh địa Mỹ Sơn', '5']","['001206', '002006', '000976', '001132']"
uốn tóc thủ tướng 40 vắng ,"['uốn tóc', 'thủ tướng', '40', 'vắng']","['001716', '001143', '001161', '001780']"
xe cẩu 8 tủi thân 9 ,"['xe cẩu', '8', 'tủi thân', '9']","['002010', '001142', '001628', '001144']"
s đất màu mỡ dấu nặng r ,"['s', 'đất màu mỡ', 'dấu nặng', 'r']","['001080', '002647', '001126', '001078']"
Tết Dương huyện đèn xanh đ ,"['Tết Dương', 'huyện', 'đèn xanh', 'đ']","['000903', '003082', '002674', '001037']"
trần nhà dấu ngã ă mỗi ,"['trần nhà', 'dấu ngã', 'ă', 'mỗi']","['001460', '001122', '001027', '003425']"
k giấc ngủ 5 vui tính ,"['k', 'giấc ngủ', '5', 'vui tính']","['001058', '002886', '001132', '001910']"
e thiên đình xe cứu thương sơ mi ,"['e', 'thiên đình', 'xe cứu thương', 'sơ mi']","['001038', '001066', '001998', '000747']"
dấu huyền 7 trứng xe tải ,"['dấu huyền', '7', 'trứng', 'xe tải']","['001104', '001140', '001588', '001506']"
thương yêu xúc xắc thánh địa Mỹ Sơn f ,"['thương yêu', 'xúc xắc', 'thánh địa Mỹ Sơn', 'f']","['001320', '002060', '000976', '001096']"
100 xà phòng giặt xuất khẩu xung đột tinh trùng ,"['100', 'xà phòng giặt', 'xuất khẩu', 'xung đột', 'tinh trùng']","['001167', '001942', '002058', '002062', '001184']"
màu xanh lá cây vua Hùng mắng ô tuổi thơ ấu ,"['màu xanh lá cây', 'vua Hùng', 'mắng', 'ô', 'tuổi thơ ấu']","['003360', '001891', '003377', '001067', '001109']"
tạo dáng nghỉ hè tự lập tai nạn giao thông xã ,"['tạo dáng', 'nghỉ hè', 'tự lập', 'tai nạn giao thông', 'xã']","['000847', '003536', '001666', '001442', '001960']"
trưởng thành phim hoạt hình tuổi thơ ấu túm tóc mắng ,"['trưởng thành', 'phim hoạt hình', 'tuổi thơ ấu', 'túm tóc', 'mắng']","['001198', '000218', '001109', '001630', '003377']"
hạt cườm ý nghĩa thương yêu định vị dấu hỏi ,"['hạt cườm', 'ý nghĩa', 'thương yêu', 'định vị', 'dấu hỏi']","['002962', '002082', '001320', '002717', '001118']"
thụ phấn (hoa) xứ Nghệ yên bình đất màu mỡ túm tóc ,"['thụ phấn (hoa)', 'xứ Nghệ', 'yên bình', 'đất màu mỡ', 'túm tóc']","['001293', '002064', '002094', '002647', '001630']"
mùa hè vắng con lợn (con heo) dấu nặng xen ,"['mùa hè', 'vắng', 'con lợn (con heo)', 'dấu nặng', 'xen']","['003465', '001780', '002357', '001126', '002016']"
7 giả bộ (giống giả vờ) dấu ngã ngày tháng 11 ,"['7', 'giả bộ (giống giả vờ)', 'dấu ngã', 'ngày tháng', '11']","['001140', '002852', '001124', '003503', '001152']"
dự trữ Y-Éc-Xanh xăng-ti-mét (cm) d u ,"['dự trữ', 'Y-Éc-Xanh', 'xăng-ti-mét (cm)', 'd', 'u']","['003327', '002074', '001972', '001034', '001088']"
xếp hàng ưu tiên cây thông 4 cháu nội xăm ,"['xếp hàng ưu tiên', 'cây thông', '4', 'cháu nội', 'xăm']","['002028', '003326', '001130', '002099', '001968']"
dung tích xem xét nhập ngũ bộ đội con lợn (con heo) ,"['dung tích', 'xem xét', 'nhập ngũ', 'bộ đội', 'con lợn (con heo)']","['002775', '002014', '002739', '001737', '002357']"
xăng-ti-mét-khối (cm3) đèn vàng trà ơ hạt cườm ,"['xăng-ti-mét-khối (cm3)', 'đèn vàng', 'trà', 'ơ', 'hạt cườm']","['001974', '002671', '001420', '001069', '002962']"
ý nghĩa tiết kiệm suy nghĩ lưỡi câu dấu hỏi ,"['ý nghĩa', 'tiết kiệm', 'suy nghĩ', 'lưỡi câu', 'dấu hỏi']","['002084', '001285', '000767', '003321', '001116']"
yếu tố điều hòa ngày Quốc tế Lao động ư 6 ,"['yếu tố', 'điều hòa', 'ngày Quốc tế Lao động', 'ư', '6']","['002118', '002712', '003509', '001090', '001136']"
90 yếu tố chiếc gối thờ cúng 1 000 000 000 (một tỉ) ,"['90', 'yếu tố', 'chiếc gối', 'thờ cúng', '1 000 000 000 (một tỉ)']","['001165', '002118', '002189', '001111', '001191']"
thiên đình ý chí tự (tự làm) xóm làng xe tải ,"['thiên đình', 'ý chí', 'tự (tự làm)', 'xóm làng', 'xe tải']","['001066', '002078', '001462', '002040', '001506']"
chùa 6 buông màn đất màu mỡ màu xanh da trời ,"['chùa', '6', 'buông màn', 'đất màu mỡ', 'màu xanh da trời']","['002249', '001138', '001859', '002647', '003357']"
xà phòng giặt xa xôi chăn nuôi xưa hạt cườm ,"['xà phòng giặt', 'xa xôi', 'chăn nuôi', 'xưa', 'hạt cườm']","['001942', '001930', '002131', '002070', '002962']"
con bê khoác tay Mặt trời lặn xà phòng giặt 1000 (một nghìn) ,"['con bê', 'khoác tay', 'Mặt trời lặn', 'xà phòng giặt', '1000 (một nghìn)']","['002314', '003145', '003417', '001942', '001169']"
tác động dấu ngã 6 vui sướng Liên Bang Nga (nước Nga) ,"['tác động', 'dấu ngã', '6', 'vui sướng', 'Liên Bang Nga (nước Nga)']","['002769', '001122', '001138', '001905', '003259']"
màn vênh váo 11 a tuổi thơ ấu ,"['màn', 'vênh váo', '11', 'a', 'tuổi thơ ấu']","['003342', '001813', '001150', '001022', '001109']"
h ô màu xanh da trời thành thạo tiết kiệm ,"['h', 'ô', 'màu xanh da trời', 'thành thạo', 'tiết kiệm']","['001052', '001067', '003357', '000971', '001285']"
yên lòng xếp hàng ưu tiên 10 000 (mười nghìn) xe lam dấu huyền ,"['yên lòng', 'xếp hàng ưu tiên', '10 000 (mười nghìn)', 'xe lam', 'dấu huyền']","['002096', '002028', '001177', '002006', '001104']"
r ngày tháng cây thông giả bộ (giống giả vờ) bắp ngô ,"['r', 'ngày tháng', 'cây thông', 'giả bộ (giống giả vờ)', 'bắp ngô']","['001078', '003503', '003326', '002852', '001531']"
xâm lược màn lưỡi câu mắng vuốt tóc ,"['xâm lược', 'màn', 'lưỡi câu', 'mắng', 'vuốt tóc']","['001978', '003342', '003321', '003377', '001918']"
xôi Tết Dương ă đèn xanh 5 ,"['xôi', 'Tết Dương', 'ă', 'đèn xanh', '5']","['002044', '000903', '001027', '002674', '001132']"
tôi yêu bạn rơm rớm cây bàng Yên Bái đón tiếp ,"['tôi yêu bạn', 'rơm rớm', 'cây bàng', 'Yên Bái', 'đón tiếp']","['002098', '002766', '002017', '002092', '002728']"
e thẹn b ă bùng binh xe lam ,"['e thẹn', 'b', 'ă', 'bùng binh', 'xe lam']","['002800', '001030', '001027', '001230', '002006']"
1 000 000 000 (một tỉ) lưỡi câu đèn xanh 11 xem xét ,"['1 000 000 000 (một tỉ)', 'lưỡi câu', 'đèn xanh', '11', 'xem xét']","['001187', '003321', '002674', '001150', '002014']"
yêu mến (yêu quí) khối lượng dấu ngã lưỡi câu giấc ngủ ,"['yêu mến (yêu quí)', 'khối lượng', 'dấu ngã', 'lưỡi câu', 'giấc ngủ']","['002110', '003158', '001124', '003321', '002886']"
hạt cườm 1 000 000 (một triệu) khoan (khoan đã) h yếu ,"['hạt cườm', '1 000 000 (một triệu)', 'khoan (khoan đã)', 'h', 'yếu']","['002962', '001181', '003410', '001054', '002114']"
vuông góc dự trữ cháu ngoại xung đột xăm ,"['vuông góc', 'dự trữ', 'cháu ngoại', 'xung đột', 'xăm']","['001920', '003327', '002093', '002062', '001968']"
xếp hàng l thánh địa Mỹ Sơn tri kỉ thủ tướng ,"['xếp hàng', 'l', 'thánh địa Mỹ Sơn', 'tri kỉ', 'thủ tướng']","['002022', '001060', '000976', '001040', '001143']"
ý nghĩa xuất khẩu thành thạo xô yên bình ,"['ý nghĩa', 'xuất khẩu', 'thành thạo', 'xô', 'yên bình']","['002082', '002058', '000971', '002042', '002094']"
dấu huyền đèn vàng xông hơi xưa con sư tử ,"['dấu huyền', 'đèn vàng', 'xông hơi', 'xưa', 'con sư tử']","['001104', '002671', '002046', '002070', '002387']"
xúc xắc h vui chơi vui mừng vô ý ,"['xúc xắc', 'h', 'vui chơi', 'vui mừng', 'vô ý']","['002060', '001054', '001897', '001899', '001874']"
xem xét ư thiên đình xe lu 3 ,"['xem xét', 'ư', 'thiên đình', 'xe lu', '3']","['002014', '001090', '001066', '002008', '001128']"
xoáy 1 000 000 000 (một tỉ) tha thứ xếp hàng ngang c ,"['xoáy', '1 000 000 000 (một tỉ)', 'tha thứ', 'xếp hàng ngang', 'c']","['002038', '001191', '000914', '002026', '001032']"
e thẹn đàn xê lô đại vĩ cầm mùa hè diện tích vườn thú ,"['e thẹn', 'đàn xê lô đại vĩ cầm', 'mùa hè', 'diện tích', 'vườn thú']","['002800', '002616', '003465', '002581', '001924']"
tha thứ giấc ngủ cầu thang xẻng cháu ngoại ,"['tha thứ', 'giấc ngủ', 'cầu thang', 'xẻng', 'cháu ngoại']","['000914', '002886', '000946', '002018', '002093']"
yêu mến (yêu quí) xếp hàng dọc tuổi thơ ấu Liên Bang Nga (nước Nga) dấu sắc ,"['yêu mến (yêu quí)', 'xếp hàng dọc', 'tuổi thơ ấu', 'Liên Bang Nga (nước Nga)', 'dấu sắc']","['002110', '002024', '001109', '003259', '001110']"
trứng xoáy màn mắc áo xóm làng ,"['trứng', 'xoáy', 'màn', 'mắc áo', 'xóm làng']","['001588', '002038', '003342', '003369', '002040']"
1 000 000 000 (một tỉ) xe ben ý chí tấm lòng bắp ngô ,"['1 000 000 000 (một tỉ)', 'xe ben', 'ý chí', 'tấm lòng', 'bắp ngô']","['001189', '001990', '002078', '002700', '001531']"
màn q nhãn vở túm tóc xăng-ti-mét (cm) ,"['màn', 'q', 'nhãn vở', 'túm tóc', 'xăng-ti-mét (cm)']","['003342', '001076', '003612', '001630', '001972']"
vững chắc ê xe đạp chiếc gối bộ đội ,"['vững chắc', 'ê', 'xe đạp', 'chiếc gối', 'bộ đội']","['001922', '001043', '001988', '002189', '001737']"
j w xoáy xa xôi ô ,"['j', 'w', 'xoáy', 'xa xôi', 'ô']","['001098', '001101', '002038', '001930', '001067']"
nghiến răng hạt cườm đèn pin tủi thân tóc dựng đứng ,"['nghiến răng', 'hạt cườm', 'đèn pin', 'tủi thân', 'tóc dựng đứng']","['003550', '002962', '002668', '001628', '002050']"
r xe cứu thương mắng xe ben đếm ,"['r', 'xe cứu thương', 'mắng', 'xe ben', 'đếm']","['001078', '001998', '003377', '001990', '002689']"
xen xe tải dây buộc tóc chiếc gối vui sướng ,"['xen', 'xe tải', 'dây buộc tóc', 'chiếc gối', 'vui sướng']","['002016', '001506', '002559', '002189', '001905']"
mùa hè tác động thụ phấn (hoa) Tết Dương múa ,"['mùa hè', 'tác động', 'thụ phấn (hoa)', 'Tết Dương', 'múa']","['003465', '002769', '001293', '000903', '003472']"
thương yêu màu xanh da trời túm tóc giải vô địch vượt trội ,"['thương yêu', 'màu xanh da trời', 'túm tóc', 'giải vô địch', 'vượt trội']","['001322', '003357', '001630', '002871', '001926']"
người xưa địa điểm k ngày Quốc tế Lao động xe tải ,"['người xưa', 'địa điểm', 'k', 'ngày Quốc tế Lao động', 'xe tải']","['003596', '002699', '001058', '003509', '001506']"
ý chí gặm xương (con chó gặm xương) 1000 (một nghìn) vua Hùng 5000 (năm nghìn) ,"['ý chí', 'gặm xương (con chó gặm xương)', '1000 (một nghìn)', 'vua Hùng', '5000 (năm nghìn)']","['002078', '002833', '001169', '001891', '001173']"
xe ben địa điểm con sư tử xếp ô ,"['xe ben', 'địa điểm', 'con sư tử', 'xếp', 'ô']","['001990', '002699', '002387', '002020', '001065']"
bắp ngô cơm bình dân vườn thú xăng tinh trùng ,"['bắp ngô', 'cơm bình dân', 'vườn thú', 'xăng', 'tinh trùng']","['001533', '002469', '001924', '001970', '001184']"
vùng vẫy (dành cho người) vô ý con bê vũ trụ 3 ,"['vùng vẫy (dành cho người)', 'vô ý', 'con bê', 'vũ trụ', '3']","['001914', '001874', '002314', '001889', '001128']"
5000 (năm nghìn) tai nạn giao thông thánh địa Mỹ Sơn vui chơi xé rách ,"['5000 (năm nghìn)', 'tai nạn giao thông', 'thánh địa Mỹ Sơn', 'vui chơi', 'xé rách']","['001171', '001442', '000976', '001897', '002012']"
ghép hình khoác tay tấm lòng đàn xê lô đại vĩ cầm b ,"['ghép hình', 'khoác tay', 'tấm lòng', 'đàn xê lô đại vĩ cầm', 'b']","['002846', '003145', '002700', '002616', '001030']"
bắp ngô 1 000 000 (một triệu) xa xôi 11 thánh địa Mỹ Sơn ,"['bắp ngô', '1 000 000 (một triệu)', 'xa xôi', '11', 'thánh địa Mỹ Sơn']","['001531', '001183', '001930', '001152', '000976']"
hình vuông xà phòng giặt bùng binh đ khoác tay ,"['hình vuông', 'xà phòng giặt', 'bùng binh', 'đ', 'khoác tay']","['001916', '001942', '001230', '001037', '003145']"
tha thứ h u xen xe đạp ,"['tha thứ', 'h', 'u', 'xen', 'xe đạp']","['000914', '001054', '001088', '002016', '001988']"
ô con lợn (con heo) ý chí f chăm sóc sức khỏe ,"['ô', 'con lợn (con heo)', 'ý chí', 'f', 'chăm sóc sức khỏe']","['001065', '002357', '002078', '001096', '002119']"
ngữ pháp vô ý dấu nặng màu xanh lá cây 6 ,"['ngữ pháp', 'vô ý', 'dấu nặng', 'màu xanh lá cây', '6']","['001160', '001874', '001126', '003360', '001136']"
ngày Quốc tế Lao động ngày sinh vui sướng màn f ,"['ngày Quốc tế Lao động', 'ngày sinh', 'vui sướng', 'màn', 'f']","['003509', '003512', '001905', '003342', '001096']"
vỡ 6 xen xinh yêu mến (yêu quí) ,"['vỡ', '6', 'xen', 'xinh', 'yêu mến (yêu quí)']","['001887', '001138', '002016', '002030', '002110']"
vô ý đàn xê lô đại vĩ cầm tự lập 90 dấu hỏi ,"['vô ý', 'đàn xê lô đại vĩ cầm', 'tự lập', '90', 'dấu hỏi']","['001874', '002616', '001666', '001165', '001118']"
Thừa Thiên – Huế túm tóc xà phòng định vị con nuôi ,"['Thừa Thiên – Huế', 'túm tóc', 'xà phòng', 'định vị', 'con nuôi']","['001214', '001630', '001936', '002717', '002374']"
vun đắp h lưỡi câu người yêu yếm ,"['vun đắp', 'h', 'lưỡi câu', 'người yêu', 'yếm']","['001912', '001054', '003321', '003599', '002090']"
dấu nặng xẻng đàn xê lô đại vĩ cầm hạt cườm vui mừng ,"['dấu nặng', 'xẻng', 'đàn xê lô đại vĩ cầm', 'hạt cườm', 'vui mừng']","['001126', '002018', '002616', '002962', '001899']"
xà phòng giặt 100 y tế hạt cườm ý nghĩa ,"['xà phòng giặt', '100', 'y tế', 'hạt cườm', 'ý nghĩa']","['001942', '001167', '002076', '002962', '002084']"
xe cẩu tha thứ â h vũ trụ ,"['xe cẩu', 'tha thứ', 'â', 'h', 'vũ trụ']","['002010', '000914', '001029', '001052', '001889']"
vui tính tôi yêu bạn xé rách y tế 6 ,"['vui tính', 'tôi yêu bạn', 'xé rách', 'y tế', '6']","['001910', '002098', '002012', '002076', '001138']"
người yêu vỡ đón tiếp yêu mến (yêu quí) sắt ,"['người yêu', 'vỡ', 'đón tiếp', 'yêu mến (yêu quí)', 'sắt']","['003599', '001887', '002728', '002108', '000651']"
yếu vun đắp xe cứu thương f vô ý ,"['yếu', 'vun đắp', 'xe cứu thương', 'f', 'vô ý']","['002116', '001912', '001998', '001096', '001874']"
xe đạp tủi thân tinh trùng điều hòa xẻng ,"['xe đạp', 'tủi thân', 'tinh trùng', 'điều hòa', 'xẻng']","['001988', '001628', '001184', '002712', '002018']"
con lợn (con heo) â xà phòng t lưỡi câu ,"['con lợn (con heo)', 'â', 'xà phòng', 't', 'lưỡi câu']","['002357', '001029', '001936', '001084', '003321']"
gỗ cơm bình dân xóa bảng đàn xê lô đại vĩ cầm dấu sắc ,"['gỗ', 'cơm bình dân', 'xóa bảng', 'đàn xê lô đại vĩ cầm', 'dấu sắc']","['002931', '002469', '002034', '002616', '001110']"
tinh trùng vuốt tóc khoan (khoan đã) thiên đình xung đột ,"['tinh trùng', 'vuốt tóc', 'khoan (khoan đã)', 'thiên đình', 'xung đột']","['001184', '001918', '003410', '001066', '002062']"
diện tích xếp hàng ưu tiên tác động thánh địa Mỹ Sơn g ,"['diện tích', 'xếp hàng ưu tiên', 'tác động', 'thánh địa Mỹ Sơn', 'g']","['002581', '002028', '002769', '000976', '001048']"
thương yêu nhập ngũ 11 ông nội chiếc gối ,"['thương yêu', 'nhập ngũ', '11', 'ông nội', 'chiếc gối']","['001320', '002739', '001152', '000116', '002189']"
xe tải xe lu xen u dấu ngã ,"['xe tải', 'xe lu', 'xen', 'u', 'dấu ngã']","['001506', '002008', '002016', '001088', '001124']"
1 000 000 (một triệu) vui mừng múa 9 con sư tử ,"['1 000 000 (một triệu)', 'vui mừng', 'múa', '9', 'con sư tử']","['001181', '001903', '003472', '001144', '002387']"
xếp nhiệt độ hi sinh 11 vuốt tóc ,"['xếp', 'nhiệt độ', 'hi sinh', '11', 'vuốt tóc']","['002020', '002767', '002985', '001150', '001918']"
mục đích xếp hàng ưu tiên xã tự (tự làm) ư ,"['mục đích', 'xếp hàng ưu tiên', 'xã', 'tự (tự làm)', 'ư']","['001206', '002028', '001960', '001462', '001090']"
dây buộc tóc ý nghĩa thần kì yếu cháu ngoại ,"['dây buộc tóc', 'ý nghĩa', 'thần kì', 'yếu', 'cháu ngoại']","['002559', '002084', '001310', '002116', '002093']"
va li tha thứ cầu thang vật nuôi z ,"['va li', 'tha thứ', 'cầu thang', 'vật nuôi', 'z']","['001736', '000914', '000946', '001801', '001095']"
gặm xương (con chó gặm xương) tự (tự làm) vuông góc 1 000 000 000 (một tỉ) ê ,"['gặm xương (con chó gặm xương)', 'tự (tự làm)', 'vuông góc', '1 000 000 000 (một tỉ)', 'ê']","['002833', '001462', '001920', '001191', '001045']"
chiếc gối đèn vàng vuốt tóc 5000 (năm nghìn) z ,"['chiếc gối', 'đèn vàng', 'vuốt tóc', '5000 (năm nghìn)', 'z']","['002189', '002671', '001918', '001171', '001095']"
ý nghĩa trưởng thành 5 tạo dáng nghẹn ngào ,"['ý nghĩa', 'trưởng thành', '5', 'tạo dáng', 'nghẹn ngào']","['002084', '001198', '001132', '000847', '003526']"
địa điểm tác động dự trữ 5 va li ,"['địa điểm', 'tác động', 'dự trữ', '5', 'va li']","['002699', '002769', '003327', '001132', '001736']"
bắp ngô trả (đt) vườn thú xăng-ti-mét (cm) dự trữ ,"['bắp ngô', 'trả (đt)', 'vườn thú', 'xăng-ti-mét (cm)', 'dự trữ']","['001533', '001422', '001924', '001972', '003327']"
yên lòng 9 đèn xanh trứng từ bỏ ,"['yên lòng', '9', 'đèn xanh', 'trứng', 'từ bỏ']","['002096', '001144', '002674', '001588', '001646']"
xã trà dịch vụ thụ phấn (hoa) con nuôi ,"['xã', 'trà', 'dịch vụ', 'thụ phấn (hoa)', 'con nuôi']","['001960', '001420', '002579', '001293', '002374']"
100 thánh địa Mỹ Sơn xăng-ti-mét-khối (cm3) vuông góc vô ý ,"['100', 'thánh địa Mỹ Sơn', 'xăng-ti-mét-khối (cm3)', 'vuông góc', 'vô ý']","['001167', '000976', '001974', '001920', '001874']"
rơm rớm vui mừng ý thức sa thải ư ,"['rơm rớm', 'vui mừng', 'ý thức', 'sa thải', 'ư']","['002766', '001903', '002086', '002785', '001090']"
sơ mi giấc ngủ 11 xếp hàng dọc chăm sóc sức khỏe ,"['sơ mi', 'giấc ngủ', '11', 'xếp hàng dọc', 'chăm sóc sức khỏe']","['000747', '002886', '001150', '002024', '002119']"
bìa vở tôi yêu bạn đàn xê lô đại vĩ cầm vùng vẫy (dành cho người) p ,"['bìa vở', 'tôi yêu bạn', 'đàn xê lô đại vĩ cầm', 'vùng vẫy (dành cho người)', 'p']","['001629', '002098', '002616', '001914', '001074']"
w k g xóa bảng vô ý ,"['w', 'k', 'g', 'xóa bảng', 'vô ý']","['001101', '001058', '001048', '002034', '001874']"
gỗ xứ Nghệ tri kỉ phim hoạt hình vui tính ,"['gỗ', 'xứ Nghệ', 'tri kỉ', 'phim hoạt hình', 'vui tính']","['002931', '002064', '001040', '000218', '001910']"
mắng yên lòng xe cứu thương yếu tố ý thức ,"['mắng', 'yên lòng', 'xe cứu thương', 'yếu tố', 'ý thức']","['003377', '002096', '001998', '002118', '002086']"
