sentence,keys,id
nhìn,['nhìn'],['000000']
địa chỉ,['địa chỉ'],['000001']
nhỏ hơn,['nhỏ hơn'],['000002']
địa chỉ,['địa chỉ'],['000003']
nhỏ tuổi,['nhỏ tuổi'],['000004']
địa chỉ,['địa chỉ'],['000005']
nhóm,['nhóm'],['000006']
tỉnh,['tỉnh'],['000007']
nhọn,['nhọn'],['000008']
tiếp tân,['tiếp tân'],['000009']
nhân viên,['nhân viên'],['000010']
nhọn hoắt,['nhọn hoắt'],['000011']
Miến Điện (nước Mi-an-ma),['Miến Điện (nước Mi-an-ma)'],['000012']
nhổ củ cải,['nhổ củ cải'],['000013']
nhu cầu,['nhu cầu'],['000014']
nhụy hoa,['nhụy hoa'],['000015']
Ma Cao,['Ma Cao'],['000016']
như hình với bóng,['như hình với bóng'],['000017']
Do Thái,['Do Thái'],['000018']
nhược điểm,['nhược điểm'],['000019']
nhường nhịn,['nhường nhịn'],['000020']
Ả Rập (nước Ả Rập),['Ả Rập (nước Ả Rập)'],['000021']
niềm vui,['niềm vui'],['000022']
phương Tây,['phương Tây'],['000023']
Ninh Bình,['Ninh Bình'],['000024']
phương Đông,['phương Đông'],['000025']
no,['no'],['000026']
Đu Bai (nước Đu Bai),['Đu Bai (nước Đu Bai)'],['000027']
Albania (nước Albania),['Albania (nước Albania)'],['000028']
nỏ,['nỏ'],['000029']
người nước ngoài,['người nước ngoài'],['000030']
nóc nhà,['nóc nhà'],['000031']
nhập khẩu,['nhập khẩu'],['000032']
nói chuyện,['nói chuyện'],['000033']
nói dối,['nói dối'],['000034']
Tuy Hoà,['Tuy Hoà'],['000035']
nói leo,['nói leo'],['000036']
Quy Nhơn,['Quy Nhơn'],['000037']
hấp dẫn,['hấp dẫn'],['000038']
nón,['nón'],['000039']
nô lệ,['nô lệ'],['000040']
nổi da gà,['nổi da gà'],['000041']
ghen tị,['ghen tị'],['000042']
nổ lốp xe,['nổ lốp xe'],['000043']
ghen tị,['ghen tị'],['000044']
nổ mìn,['nổ mìn'],['000045']
ghen tị,['ghen tị'],['000046']
nổ súng,['nổ súng'],['000047']
lung tung,['lung tung'],['000048']
nồi,['nồi'],['000049']
lung tung,['lung tung'],['000050']
nồi cơm điện,['nồi cơm điện'],['000051']
lung tung,['lung tung'],['000052']
nổi bật,['nổi bật'],['000053']
hói đầu,['hói đầu'],['000054']
nổi dậy,['nổi dậy'],['000055']
cười nhếch mép,['cười nhếch mép'],['000056']
nổi giận,['nổi giận'],['000057']
cười vỡ bụng,['cười vỡ bụng'],['000058']
nổi nóng,['nổi nóng'],['000059']
nội dung,['nội dung'],['000060']
tham ăn,['tham ăn'],['000061']
nội quy,['nội quy'],['000062']
tham ăn,['tham ăn'],['000063']
nội tiếp,['nội tiếp'],['000064']
tham ăn,['tham ăn'],['000065']
nông nghiệp,['nông nghiệp'],['000066']
thèm,['thèm'],['000067']
nông thôn,['nông thôn'],['000068']
thói quen,['thói quen'],['000069']
nốt ruồi,['nốt ruồi'],['000070']
thói quen,['thói quen'],['000071']
khuyến khích,['khuyến khích'],['000072']
nơ,['nơ'],['000073']
không nghe lời,['không nghe lời'],['000074']
nơi chốn,['nơi chốn'],['000075']
không nghe lời,['không nghe lời'],['000076']
núi lửa,['núi lửa'],['000077']
không nghe lời,['không nghe lời'],['000078']
nước mắt,['nước mắt'],['000079']
ai cho,['ai cho'],['000080']
nước Việt nam,['nước Việt nam'],['000081']
không cho,['không cho'],['000082']
nước Việt nam,['nước Việt nam'],['000083']
không cho,['không cho'],['000084']
nước Việt nam,['nước Việt nam'],['000085']
không cho,['không cho'],['000086']
Oa-sinh-tơn,['Oa-sinh-tơn'],['000087']
không cần,['không cần'],['000088']
óc,['óc'],['000089']
không nên,['không nên'],['000090']
ô ăn quan,['ô ăn quan'],['000091']
không nên,['không nên'],['000092']
ô nhiễm,['ô nhiễm'],['000093']
không nên,['không nên'],['000094']
ốm đau,['ốm đau'],['000095']
bực mình,['bực mình'],['000096']
ôn luyện,['ôn luyện'],['000097']
tự giác,['tự giác'],['000098']
ôn tập,['ôn tập'],['000099']
mù chữ,['mù chữ'],['000100']
ổn định,['ổn định'],['000101']
Tết hàn thực,['Tết hàn thực'],['000102']
ông già,['ông già'],['000103']
giỗ,['giỗ'],['000104']
tuần lễ người Điếc thế giới,['tuần lễ người Điếc thế giới'],['000105']
ông ngoại,['ông ngoại'],['000106']
ngày của Mẹ,['ngày của Mẹ'],['000107']
ông ngoại,['ông ngoại'],['000108']
ngày của Cha,['ngày của Cha'],['000109']
ông ngoại,['ông ngoại'],['000110']
ngày của Cha,['ngày của Cha'],['000111']
ông nội,['ông nội'],['000112']
ngày của Cha,['ngày của Cha'],['000113']
ông nội,['ông nội'],['000114']
ngày thầy thuốc Việt Nam,['ngày thầy thuốc Việt Nam'],['000115']
ông nội,['ông nội'],['000116']
ngày thầy thuốc Việt Nam,['ngày thầy thuốc Việt Nam'],['000117']
ống nghe,['ống nghe'],['000118']
ngày thầy thuốc Việt Nam,['ngày thầy thuốc Việt Nam'],['000119']
ống nhòm,['ống nhòm'],['000120']
ngày thành lập quân đội nhân dân Việt Nam,['ngày thành lập quân đội nhân dân Việt Nam'],['000121']
ống nước,['ống nước'],['000122']
ngày thành lập quân đội nhân dân Việt Nam,['ngày thành lập quân đội nhân dân Việt Nam'],['000123']
ở ngoài,['ở ngoài'],['000124']
ngày thành lập quân đội nhân dân Việt Nam,['ngày thành lập quân đội nhân dân Việt Nam'],['000125']
ở ngoài,['ở ngoài'],['000126']
con cá sấu,['con cá sấu'],['000127']
ở ngoài,['ở ngoài'],['000128']
nhầm,['nhầm'],['000129']
pha cà phê,['pha cà phê'],['000130']
nhầm,['nhầm'],['000131']
pha chế,['pha chế'],['000132']
nhầm,['nhầm'],['000133']
pha lê,['pha lê'],['000134']
buồn thảm,['buồn thảm'],['000135']
phà,['phà'],['000136']
mách,['mách'],['000137']
phá,['phá'],['000138']
mách,['mách'],['000139']
phá,['phá'],['000140']
mách,['mách'],['000141']
phá,['phá'],['000142']
phản bội,['phản bội'],['000143']
vô duyên,['vô duyên'],['000144']
phản bội,['phản bội'],['000145']
vô duyên,['vô duyên'],['000146']
phản bội,['phản bội'],['000147']
vô duyên,['vô duyên'],['000148']
phản động,['phản động'],['000149']
ti hí mắt,['ti hí mắt'],['000150']
kịp thời,['kịp thời'],['000151']
phản xạ,['phản xạ'],['000152']
bối rối,['bối rối'],['000153']
phao,['phao'],['000154']
hú vía,['hú vía'],['000155']
pháo hoa,['pháo hoa'],['000156']
pháo sáng,['pháo sáng'],['000157']
suỵt,['suỵt'],['000158']
phát biểu,['phát biểu'],['000159']
suýt,['suýt'],['000160']
phát động,['phát động'],['000161']
suýt,['suýt'],['000162']
phân số,['phân số'],['000163']
suýt,['suýt'],['000164']
cá voi,['cá voi'],['000165']
hai phân số bằng nhau,['hai phân số bằng nhau'],['000166']
cá kiếm,['cá kiếm'],['000167']
phân số thập phân,['phân số thập phân'],['000168']
phân số tối giản,['phân số tối giản'],['000169']
đuôi cá,['đuôi cá'],['000170']
phân tích,['phân tích'],['000171']
đuôi chuột,['đuôi chuột'],['000172']
bít tết (bò),['bít tết (bò)'],['000173']
giữ nguyên,['giữ nguyên'],['000174']
phần trăm,['phần trăm'],['000175']
súp lơ,['súp lơ'],['000176']
mỳ tôm,['mỳ tôm'],['000177']
phấn (viết bảng),['phấn (viết bảng)'],['000178']
mỳ tôm,['mỳ tôm'],['000179']
phấn (viết bảng),['phấn (viết bảng)'],['000180']
mỳ tôm,['mỳ tôm'],['000181']
phấn (viết bảng),['phấn (viết bảng)'],['000182']
mỳ vằn thắn,['mỳ vằn thắn'],['000183']
phấn đấu,['phấn đấu'],['000184']
mỳ ý,['mỳ ý'],['000185']
phấn trang điểm,['phấn trang điểm'],['000186']
mỳ ý,['mỳ ý'],['000187']
phấp phới,['phấp phới'],['000188']
mỳ ý,['mỳ ý'],['000189']
phật (tượng),['phật (tượng)'],['000190']
bún mắm,['bún mắm'],['000191']
phép mầu,['phép mầu'],['000192']
bún chả,['bún chả'],['000193']
phép tính,['phép tính'],['000194']
bún ngan,['bún ngan'],['000195']
phê bình,['phê bình'],['000196']
bún ốc,['bún ốc'],['000197']
phi tiêu,['phi tiêu'],['000198']
bún đậu,['bún đậu'],['000199']
phích nước,['phích nước'],['000200']
phiên dịch,['phiên dịch'],['000201']
xôi gấc,['xôi gấc'],['000202']
phiên dịch,['phiên dịch'],['000203']
xôi gà,['xôi gà'],['000204']
cháo sườn,['cháo sườn'],['000205']
phiên dịch,['phiên dịch'],['000206']
cơm rang,['cơm rang'],['000207']
Phi-líp-pin (nước Phi-líp-pin),['Phi-líp-pin (nước Phi-líp-pin)'],['000208']
cắm trại,['cắm trại'],['000209']
Phi-líp-pin (nước Phi-líp-pin),['Phi-líp-pin (nước Phi-líp-pin)'],['000210']
khả năng,['khả năng'],['000211']
Phi-líp-pin (nước Phi-líp-pin),['Phi-líp-pin (nước Phi-líp-pin)'],['000212']
kỹ năng,['kỹ năng'],['000213']
phim hoạt hình,['phim hoạt hình'],['000214']
cung cấp,['cung cấp'],['000215']
phim hoạt hình,['phim hoạt hình'],['000216']
khờ dại,['khờ dại'],['000217']
phim hoạt hình,['phim hoạt hình'],['000218']
cực khổ,['cực khổ'],['000219']
phim tài liệu,['phim tài liệu'],['000220']
may mắn,['may mắn'],['000221']
phim truyện,['phim truyện'],['000222']
phim truyện,['phim truyện'],['000223']
từ chối,['từ chối'],['000224']
phim truyện,['phim truyện'],['000225']
từ chối,['từ chối'],['000226']
phong bì,['phong bì'],['000227']
từ chối,['từ chối'],['000228']
nấu nướng,['nấu nướng'],['000229']
phong cách,['phong cách'],['000230']
phong kiến,['phong kiến'],['000231']
xoa đầu,['xoa đầu'],['000232']
phong trào,['phong trào'],['000233']
rực rỡ,['rực rỡ'],['000234']
phong tục,['phong tục'],['000235']
thiệp sinh nhật,['thiệp sinh nhật'],['000236']
phòng âm nhạc,['phòng âm nhạc'],['000237']
thiệp sinh nhật,['thiệp sinh nhật'],['000238']
phòng bệnh,['phòng bệnh'],['000239']
thiệp sinh nhật,['thiệp sinh nhật'],['000240']
bánh tráng,['bánh tráng'],['000241']
phòng chống,['phòng chống'],['000242']
phòng chức năng,['phòng chức năng'],['000243']
tương ớt,['tương ớt'],['000244']
phòng đa năng,['phòng đa năng'],['000245']
tương ớt,['tương ớt'],['000246']
phòng học tin học,['phòng học tin học'],['000247']
tương ớt,['tương ớt'],['000248']
không có,['không có'],['000249']
phòng máy tính,['phòng máy tính'],['000250']
không có chi,['không có chi'],['000251']
phòng mĩ thuật,['phòng mĩ thuật'],['000252']
dân chủ,['dân chủ'],['000253']
phòng thí nghiệm,['phòng thí nghiệm'],['000254']
phòng thư viện,['phòng thư viện'],['000255']
xử lý,['xử lý'],['000256']
phòng y tế,['phòng y tế'],['000257']
đất ruộng,['đất ruộng'],['000258']
phô tô,['phô tô'],['000259']
tinh mắt,['tinh mắt'],['000260']
kia,['kia'],['000261']
phổ biến,['phổ biến'],['000262']
nóng tính,['nóng tính'],['000263']
phố,['phố'],['000264']
căm thù,['căm thù'],['000265']
phố cổ,['phố cổ'],['000266']
không đẹp,['không đẹp'],['000267']
phố cổ Hội an,['phố cổ Hội an'],['000268']
không đẹp,['không đẹp'],['000269']
phổi,['phổi'],['000270']
không đẹp,['không đẹp'],['000271']
phở cuốn,['phở cuốn'],['000272']
chúng tôi (2 người) (đại từ),['chúng tôi (2 người) (đại từ)'],['000273']
phở cuốn,['phở cuốn'],['000274']
chúng tôi (3 người) (đại từ),['chúng tôi (3 người) (đại từ)'],['000275']
phở cuốn,['phở cuốn'],['000276']
chúng tôi (4 người) (đại từ),['chúng tôi (4 người) (đại từ)'],['000277']
phơi quần áo,['phơi quần áo'],['000278']
chúng tôi (5 người) (đại từ),['chúng tôi (5 người) (đại từ)'],['000279']
phù hợp,['phù hợp'],['000280']
chúng tôi (đại từ),['chúng tôi (đại từ)'],['000281']
phủ nhận,['phủ nhận'],['000282']
các bạn (2 người),['các bạn (2 người)'],['000283']
Phú Thọ,['Phú Thọ'],['000284']
họ (2 người) (đại từ),['họ (2 người) (đại từ)'],['000285']
phụ huynh,['phụ huynh'],['000286']
họ (đại từ),['họ (đại từ)'],['000287']
phục hồi,['phục hồi'],['000288']
bạn yêu tôi,['bạn yêu tôi'],['000289']
phục vụ,['phục vụ'],['000290']
phun nước,['phun nước'],['000291']
tôi yêu bạn ấy,['tôi yêu bạn ấy'],['000292']
bạn ấy yêu tôi,['bạn ấy yêu tôi'],['000293']
phức tạp,['phức tạp'],['000294']
bạn yêu bạn ấy,['bạn yêu bạn ấy'],['000295']
phương hướng,['phương hướng'],['000296']
bạn ấy yêu bạn,['bạn ấy yêu bạn'],['000297']
phương pháp,['phương pháp'],['000298']
"anh hai, anh cả","['anh hai, anh cả']",['000299']
phương tiện,['phương tiện'],['000300']
"anh hai, anh cả","['anh hai, anh cả']",['000301']
phương tiện giao thông,['phương tiện giao thông'],['000302']
"anh hai, anh cả","['anh hai, anh cả']",['000303']
phương tiện giao thông,['phương tiện giao thông'],['000304']
"chị hai, chị cả","['chị hai, chị cả']",['000305']
quả bầu,['quả bầu'],['000306']
"chị hai, chị cả","['chị hai, chị cả']",['000307']
quả bưởi,['quả bưởi'],['000308']
"chị hai, chị cả","['chị hai, chị cả']",['000309']
quả bưởi,['quả bưởi'],['000310']
quả bưởi,['quả bưởi'],['000311']
quả bầu hồ lô,['quả bầu hồ lô'],['000312']
một là,['một là'],['000313']
quả cam,['quả cam'],['000314']
hai là,['hai là'],['000315']
quả chanh,['quả chanh'],['000316']
ba là,['ba là'],['000317']
quả chôm chôm,['quả chôm chôm'],['000318']
quả chuối,['quả chuối'],['000319']
ông bà,['ông bà'],['000320']
quả dưa hấu,['quả dưa hấu'],['000321']
ông bà,['ông bà'],['000322']
chị họ,['chị họ'],['000323']
quả dưa hấu,['quả dưa hấu'],['000324']
chị họ,['chị họ'],['000325']
quả dưa hấu,['quả dưa hấu'],['000326']
chị họ,['chị họ'],['000327']
quả dừa,['quả dừa'],['000328']
em họ,['em họ'],['000329']
quả dừa,['quả dừa'],['000330']
em họ,['em họ'],['000331']
quả dừa,['quả dừa'],['000332']
em họ,['em họ'],['000333']
quả dừa xiêm,['quả dừa xiêm'],['000334']
cháu họ,['cháu họ'],['000335']
quả dừa xiêm,['quả dừa xiêm'],['000336']
cháu họ,['cháu họ'],['000337']
quả dừa xiêm,['quả dừa xiêm'],['000338']
cháu họ,['cháu họ'],['000339']
quả đu đủ,['quả đu đủ'],['000340']
quả đu đủ,['quả đu đủ'],['000341']
sống sót,['sống sót'],['000342']
quả gấc,['quả gấc'],['000343']
sống sót,['sống sót'],['000344']
quả hồng,['quả hồng'],['000345']
sống sót,['sống sót'],['000346']
quả hồng xiêm,['quả hồng xiêm'],['000347']
thường xuyên,['thường xuyên'],['000348']
quả khế,['quả khế'],['000349']
thường xuyên,['thường xuyên'],['000350']
quả khế,['quả khế'],['000351']
thường xuyên,['thường xuyên'],['000352']
quả khế,['quả khế'],['000353']
đi dạo,['đi dạo'],['000354']
quả lê,['quả lê'],['000355']
về (Sài Gòn),['về (Sài Gòn)'],['000356']
quả mít,['quả mít'],['000357']
về 2 (Miền Bắc),['về 2 (Miền Bắc)'],['000358']
quả mướp,['quả mướp'],['000359']
về 2 (Miền Bắc),['về 2 (Miền Bắc)'],['000360']
quả na,['quả na'],['000361']
về 3 (đi về),['về 3 (đi về)'],['000362']
quả nhãn,['quả nhãn'],['000363']
về 4 (từ nơi khác về),['về 4 (từ nơi khác về)'],['000364']
quả nhãn,['quả nhãn'],['000365']
về 5 (về nhà),['về 5 (về nhà)'],['000366']
hẹn,['hẹn'],['000367']
quả nhãn,['quả nhãn'],['000368']
hẹn,['hẹn'],['000369']
quả nho,['quả nho'],['000370']
hẹn,['hẹn'],['000371']
quả ổi,['quả ổi'],['000372']
quyến luyến,['quyến luyến'],['000373']
quả roi,['quả roi'],['000374']
hứa,['hứa'],['000375']
quả roi,['quả roi'],['000376']
hứa,['hứa'],['000377']
quả roi,['quả roi'],['000378']
hứa,['hứa'],['000379']
quả sầu riêng,['quả sầu riêng'],['000380']
lâu,['lâu'],['000381']
quả su su,['quả su su'],['000382']
lâu,['lâu'],['000383']
quả táo,['quả táo'],['000384']
mỗi ngày,['mỗi ngày'],['000385']
quả táo,['quả táo'],['000386']
mỗi ngày,['mỗi ngày'],['000387']
quả thanh long,['quả thanh long'],['000388']
mỗi ngày,['mỗi ngày'],['000389']
quả vải,['quả vải'],['000390']
hàng ngày,['hàng ngày'],['000391']
quả xoài,['quả xoài'],['000392']
hàng ngày,['hàng ngày'],['000393']
quá cảnh,['quá cảnh'],['000394']
hàng ngày,['hàng ngày'],['000395']
quan điểm,['quan điểm'],['000396']
quan hệ,['quan hệ'],['000397']
ăn vú sữa (bằng thìa),['ăn vú sữa (bằng thìa)'],['000398']
quan tâm,['quan tâm'],['000399']
ăn vú sữa,['ăn vú sữa'],['000400']
hôi,['hôi'],['000401']
quan trọng,['quan trọng'],['000402']
quang hợp,['quang hợp'],['000403']
trông nhà,['trông nhà'],['000404']
chạy (động vật),['chạy (động vật)'],['000405']
quàng khăn,['quàng khăn'],['000406']
Quảng Ninh,['Quảng Ninh'],['000407']
xe container,['xe container'],['000408']
bay nhanh (máy bay),['bay nhanh (máy bay)'],['000409']
quát mắng,['quát mắng'],['000410']
chậm chạp,['chậm chạp'],['000411']
quạt cây,['quạt cây'],['000412']
ngừng lại,['ngừng lại'],['000413']
quay cóp,['quay cóp'],['000414']
dừng lại,['dừng lại'],['000415']
quay phim,['quay phim'],['000416']
quà,['quà'],['000417']
Quảng Nam,['Quảng Nam'],['000418']
thì thầm,['thì thầm'],['000419']
hoặc,['hoặc'],['000420']
Quảng Trị,['Quảng Trị'],['000421']
hoặc,['hoặc'],['000422']
quạt treo tường,['quạt treo tường'],['000423']
hoặc,['hoặc'],['000424']
quân đội,['quân đội'],['000425']
không muốn,['không muốn'],['000426']
quân đội,['quân đội'],['000427']
không muốn,['không muốn'],['000428']
quần âu,['quần âu'],['000429']
không muốn,['không muốn'],['000430']
quần bò,['quần bò'],['000431']
quần bò,['quần bò'],['000432']
sa mạc,['sa mạc'],['000433']
quần bò,['quần bò'],['000434']
xem,['xem'],['000435']
quần đùi,['quần đùi'],['000436']
xem,['xem'],['000437']
quần yếm,['quần yếm'],['000438']
xem đã,['xem đã'],['000439']
mồ hôi nhễ nhại,['mồ hôi nhễ nhại'],['000440']
quét dọn,['quét dọn'],['000441']
không ngon,['không ngon'],['000442']
quét nhà,['quét nhà'],['000443']
hài lòng,['hài lòng'],['000444']
quê,['quê'],['000445']
má hồng,['má hồng'],['000446']
quê,['quê'],['000447']
ngập ngừng,['ngập ngừng'],['000448']
quê,['quê'],['000449']
nói ngập ngừng,['nói ngập ngừng'],['000450']
quên,['quên'],['000451']
quốc ca,['quốc ca'],['000452']
Võ Thị Sáu,['Võ Thị Sáu'],['000453']
mít tinh,['mít tinh'],['000454']
quốc gia,['quốc gia'],['000455']
quốc hội,['quốc hội'],['000456']
sụp đổ,['sụp đổ'],['000457']
quốc khánh,['quốc khánh'],['000458']
thiếu thốn,['thiếu thốn'],['000459']
thiếu thốn,['thiếu thốn'],['000460']
đề phòng,['đề phòng'],['000461']
quốc tế,['quốc tế'],['000462']
thiếu thốn,['thiếu thốn'],['000463']
Trần Quốc Toản,['Trần Quốc Toản'],['000464']
xuyên Việt,['xuyên Việt'],['000465']
dám làm,['dám làm'],['000466']
Quốc Tử Giám,['Quốc Tử Giám'],['000467']
không dám,['không dám'],['000468']
quy định,['quy định'],['000469']
không dám,['không dám'],['000470']
quy đồng mẫu số,['quy đồng mẫu số'],['000471']
không dám,['không dám'],['000472']
quy nạp,['quy nạp'],['000473']
phiền hà,['phiền hà'],['000474']
quyền lợi,['quyền lợi'],['000475']
quyền lợi,['quyền lợi'],['000476']
đèn ông sao,['đèn ông sao'],['000477']
quyết định,['quyết định'],['000478']
ung thư,['ung thư'],['000479']
quyết định,['quyết định'],['000480']
ung thư,['ung thư'],['000481']
quyết định,['quyết định'],['000482']
ung thư,['ung thư'],['000483']
phó hiệu trưởng,['phó hiệu trưởng'],['000484']
quỳ,['quỳ'],['000485']
phó hiệu trưởng,['phó hiệu trưởng'],['000486']
quý hiếm,['quý hiếm'],['000487']
phó hiệu trưởng,['phó hiệu trưởng'],['000488']
quyển vở,['quyển vở'],['000489']
quyển vở,['quyển vở'],['000490']
Ô-lim-píc,['Ô-lim-píc'],['000491']
quyển vở,['quyển vở'],['000492']
vòng nguyệt quế,['vòng nguyệt quế'],['000493']
hữu nghị,['hữu nghị'],['000494']
quyết tâm,['quyết tâm'],['000495']
bắn cung tên,['bắn cung tên'],['000496']
quyết tâm,['quyết tâm'],['000497']
mũi tên,['mũi tên'],['000498']
quyết tâm,['quyết tâm'],['000499']
Mã Lai (nước Ma-lai-xi-a),['Mã Lai (nước Ma-lai-xi-a)'],['000500']
ra lệnh,['ra lệnh'],['000501']
Mã Lai (nước Ma-lai-xi-a),['Mã Lai (nước Ma-lai-xi-a)'],['000502']
ra ngoài,['ra ngoài'],['000503']
Mã Lai (nước Ma-lai-xi-a),['Mã Lai (nước Ma-lai-xi-a)'],['000504']
ra ngoài,['ra ngoài'],['000505']
ra ngoài,['ra ngoài'],['000506']
số La Mã (Toán học),['số La Mã (Toán học)'],['000507']
Long Vương,['Long Vương'],['000508']
rạp chiếu phim,['rạp chiếu phim'],['000509']
rau,['rau'],['000510']
đàng hoàng,['đàng hoàng'],['000511']
phân vân,['phân vân'],['000512']
rau bắp cải,['rau bắp cải'],['000513']
lau miệng,['lau miệng'],['000514']
rau cải,['rau cải'],['000515']
chó cắn,['chó cắn'],['000516']
rau cải thảo,['rau cải thảo'],['000517']
mèo cào,['mèo cào'],['000518']
rau dền,['rau dền'],['000519']
quan hệ từ,['quan hệ từ'],['000520']
rau mùng tơi,['rau mùng tơi'],['000521']
rau ngót,['rau ngót'],['000522']
yêu nước Việt Nam,['yêu nước Việt Nam'],['000523']
quan (chức vụ),['quan (chức vụ)'],['000524']
rằm trung thu,['rằm trung thu'],['000525']
rằm trung thu,['rằm trung thu'],['000526']
đi tuần,['đi tuần'],['000527']
rằm trung thu,['rằm trung thu'],['000528']
vỗ về,['vỗ về'],['000529']
hốt hoảng,['hốt hoảng'],['000530']
răng,['răng'],['000531']
chuyện nhỏ,['chuyện nhỏ'],['000532']
răng cưa,['răng cưa'],['000533']
bất khuất,['bất khuất'],['000534']
râu,['râu'],['000535']
nhưng,['nhưng'],['000536']
rẽ phải,['rẽ phải'],['000537']
nhưng,['nhưng'],['000538']
rèn sắt,['rèn sắt'],['000539']
nhưng,['nhưng'],['000540']
rèn luyện,['rèn luyện'],['000541']
hay là (hoặc là),['hay là (hoặc là)'],['000542']
rễ cọc,['rễ cọc'],['000543']
hay là (hoặc là),['hay là (hoặc là)'],['000544']
rế,['rế'],['000545']
hay là (hoặc là),['hay là (hoặc là)'],['000546']
riêng biệt,['riêng biệt'],['000547']
riêng tư,['riêng tư'],['000548']
Thăng Long,['Thăng Long'],['000549']
dãy núi Hoàng Liên Sơn,['dãy núi Hoàng Liên Sơn'],['000550']
rình mò,['rình mò'],['000551']
quanh năm,['quanh năm'],['000552']
rìu,['rìu'],['000553']
gấp đôi,['gấp đôi'],['000554']
rõ ràng,['rõ ràng'],['000555']
gấp ba,['gấp ba'],['000556']
rõ ràng,['rõ ràng'],['000557']
chia đôi,['chia đôi'],['000558']
róc rách,['róc rách'],['000559']
chia đôi,['chia đôi'],['000560']
rón rén,['rón rén'],['000561']
chia đôi,['chia đôi'],['000562']
rong biển,['rong biển'],['000563']
chia ba,['chia ba'],['000564']
rong chơi,['rong chơi'],['000565']
chia ba,['chia ba'],['000566']
rong chơi,['rong chơi'],['000567']
rong chơi,['rong chơi'],['000568']
đại sứ,['đại sứ'],['000569']
cảnh giác,['cảnh giác'],['000570']
rổ,['rổ'],['000571']
giám sát,['giám sát'],['000572']
rộng lớn,['rộng lớn'],['000573']
quan sát,['quan sát'],['000574']
rộng rãi,['rộng rãi'],['000575']
rụng tóc (đt),['rụng tóc (đt)'],['000576']
ăn vụng,['ăn vụng'],['000577']
ruộng bậc thang,['ruộng bậc thang'],['000578']
xảy ra,['xảy ra'],['000579']
dự án,['dự án'],['000580']
ruột già,['ruột già'],['000581']
ruột non,['ruột non'],['000582']
đầu tư,['đầu tư'],['000583']
năn nỉ,['năn nỉ'],['000584']
rút gọn,['rút gọn'],['000585']
háo hức,['háo hức'],['000586']
rút gọn phân số,['rút gọn phân số'],['000587']
rắc rối,['rắc rối'],['000588']
rửa bát,['rửa bát'],['000589']
rửa chân,['rửa chân'],['000590']
tải về,['tải về'],['000591']
nhõng nhẽo,['nhõng nhẽo'],['000592']
rửa mặt,['rửa mặt'],['000593']
rửa tay,['rửa tay'],['000594']
đen đủi,['đen đủi'],['000595']
rừng núi,['rừng núi'],['000596']
xui xẻo,['xui xẻo'],['000597']
long lanh (mắt),['long lanh (mắt)'],['000598']
rừng rậm,['rừng rậm'],['000599']
dỗi,['dỗi'],['000600']
rừng thưa,['rừng thưa'],['000601']
dỗi,['dỗi'],['000602']
rước đèn,['rước đèn'],['000603']
dỗi,['dỗi'],['000604']
rưỡi,['rưỡi'],['000605']
liếc nhìn,['liếc nhìn'],['000606']
rưỡi,['rưỡi'],['000607']
liếc nhìn,['liếc nhìn'],['000608']
rưỡi,['rưỡi'],['000609']
liếc nhìn,['liếc nhìn'],['000610']
sách,['sách'],['000611']
nhổ tóc,['nhổ tóc'],['000612']
sách giáo khoa,['sách giáo khoa'],['000613']
nhổ râu,['nhổ râu'],['000614']
sách toán,['sách toán'],['000615']
nhổ lông mày,['nhổ lông mày'],['000616']
san hô,['san hô'],['000617']
cắt lông mũi,['cắt lông mũi'],['000618']
san sẻ,['san sẻ'],['000619']
nhổ răng,['nhổ răng'],['000620']
sản xuất,['sản xuất'],['000621']
răng hô,['răng hô'],['000622']
sáng chói,['sáng chói'],['000623']
răng khểnh,['răng khểnh'],['000624']
sáng kiến,['sáng kiến'],['000625']
kháu khỉnh,['kháu khỉnh'],['000626']
sáng tạo,['sáng tạo'],['000627']
mọc tóc,['mọc tóc'],['000628']
sao,['sao'],['000629']
mọc râu,['mọc râu'],['000630']
sao,['sao'],['000631']
mọc ria mép,['mọc ria mép'],['000632']
sao chép,['sao chép'],['000633']
giãn cách xã hội,['giãn cách xã hội'],['000634']
đỏ thắm,['đỏ thắm'],['000635']
sáo,['sáo'],['000636']
tương lai,['tương lai'],['000637']
ria mép,['ria mép'],['000638']
Sapa,['Sapa'],['000639']
sau,['sau'],['000640']
trong khoảng,['trong khoảng'],['000641']
say sưa,['say sưa'],['000642']
trốn tìm,['trốn tìm'],['000643']
nhảy bao bố,['nhảy bao bố'],['000644']
sắp xếp,['sắp xếp'],['000645']
nhảy lò cò,['nhảy lò cò'],['000646']
sắt,['sắt'],['000647']
kéo co,['kéo co'],['000648']
sắt,['sắt'],['000649']
hội thoại,['hội thoại'],['000650']
sắt,['sắt'],['000651']
lý do,['lý do'],['000652']
sấm chớp,['sấm chớp'],['000653']
lớn hơn 1 (Toán học),['lớn hơn 1 (Toán học)'],['000654']
sấm sét,['sấm sét'],['000655']
lớn hơn 2 (Toán học),['lớn hơn 2 (Toán học)'],['000656']
sân chơi,['sân chơi'],['000657']
sân chơi,['sân chơi'],['000658']
tỉnh táo,['tỉnh táo'],['000659']
nhộn nhịp (đông người),['nhộn nhịp (đông người)'],['000660']
sân khấu,['sân khấu'],['000661']
sân nhà,['sân nhà'],['000662']
áo kẻ sọc,['áo kẻ sọc'],['000663']
sân thượng,['sân thượng'],['000664']
đất nước bị chia cắt (Việt Nam),['đất nước bị chia cắt (Việt Nam)'],['000665']
sân trường,['sân trường'],['000666']
thống nhất đất nước,['thống nhất đất nước'],['000667']
khoáng sản,['khoáng sản'],['000668']
sân trường,['sân trường'],['000669']
sân trường,['sân trường'],['000670']
thương mại,['thương mại'],['000671']
công nghiệp,['công nghiệp'],['000672']
sân vận động,['sân vận động'],['000673']
công nghiệp,['công nghiệp'],['000674']
sâu,['sâu'],['000675']
công nghiệp,['công nghiệp'],['000676']
sâu bọ,['sâu bọ'],['000677']
dân tộc Chăm,['dân tộc Chăm'],['000678']
sĩ diện,['sĩ diện'],['000679']
dân tộc Mường,['dân tộc Mường'],['000680']
siêng năng,['siêng năng'],['000681']
dân tộc Khơ me,['dân tộc Khơ me'],['000682']
siêu âm,['siêu âm'],['000683']
dân tộc Thái,['dân tộc Thái'],['000684']
siêu thị,['siêu thị'],['000685']
dân tộc Mông,['dân tộc Mông'],['000686']
siêu tốc,['siêu tốc'],['000687']
nhà rông,['nhà rông'],['000688']
sinh đẻ,['sinh đẻ'],['000689']
lãng phí,['lãng phí'],['000690']
sinh đẻ,['sinh đẻ'],['000691']
sinh đẻ,['sinh đẻ'],['000692']
tiến bộ,['tiến bộ'],['000693']
Lượm,['Lượm'],['000694']
sinh động,['sinh động'],['000695']
cứu sống,['cứu sống'],['000696']
sinh hoạt,['sinh hoạt'],['000697']
máy xúc,['máy xúc'],['000698']
sinh sản,['sinh sản'],['000699']
cảng Hải Phòng,['cảng Hải Phòng'],['000700']
sinh sản,['sinh sản'],['000701']
cảng Sài Gòn,['cảng Sài Gòn'],['000702']
sinh sản,['sinh sản'],['000703']
kim cương,['kim cương'],['000704']
sinh sống,['sinh sống'],['000705']
khởi nghiệp,['khởi nghiệp'],['000706']
sinh tố,['sinh tố'],['000707']
sinh vật,['sinh vật'],['000708']
vải lụa,['vải lụa'],['000709']
Sóc Trăng,['Sóc Trăng'],['000710']
vải lụa,['vải lụa'],['000711']
sóng biển,['sóng biển'],['000712']
vải lụa,['vải lụa'],['000713']
lượt đi,['lượt đi'],['000714']
sóng thần,['sóng thần'],['000715']
lượt về (trong thể thao),['lượt về (trong thể thao)'],['000716']
sổ đầu bài,['sổ đầu bài'],['000717']
rau diếp cá,['rau diếp cá'],['000718']
sổ điểm danh,['sổ điểm danh'],['000719']
sổ tay,['sổ tay'],['000720']
thao thức,['thao thức'],['000721']
số bé,['số bé'],['000722']
thâm quầng mắt,['thâm quầng mắt'],['000723']
số chẵn,['số chẵn'],['000724']
tự hào,['tự hào'],['000725']
quyên góp,['quyên góp'],['000726']
số chín,['số chín'],['000727']
chia rẽ,['chia rẽ'],['000728']
số đo,['số đo'],['000729']
số lẻ,['số lẻ'],['000730']
tự trọng,['tự trọng'],['000731']
gian dối,['gian dối'],['000732']
số liền sau,['số liền sau'],['000733']
số liền trước,['số liền trước'],['000734']
ăn bám,['ăn bám'],['000735']
số lớn,['số lớn'],['000736']
tuyên truyền,['tuyên truyền'],['000737']
ham chơi,['ham chơi'],['000738']
số thập phân,['số thập phân'],['000739']
ham chơi,['ham chơi'],['000740']
sông Hồng,['sông Hồng'],['000741']
sốt,['sốt'],['000742']
đánh cầu lông,['đánh cầu lông'],['000743']
cánh buồm,['cánh buồm'],['000744']
sơ đồ,['sơ đồ'],['000745']
cầu Thê Húc (Hồ Gươm),['cầu Thê Húc (Hồ Gươm)'],['000746']
sơ mi,['sơ mi'],['000747']
da trắng,['da trắng'],['000748']
sợi,['sợi'],['000749']
da trắng,['da trắng'],['000750']
sợi chỉ,['sợi chỉ'],['000751']
da trắng,['da trắng'],['000752']
sợi dây,['sợi dây'],['000753']
da ngăm (nước da ngăm đen),['da ngăm (nước da ngăm đen)'],['000754']
sợi len,['sợi len'],['000755']
da ngăm (nước da ngăm đen),['da ngăm (nước da ngăm đen)'],['000756']
sơn,['sơn'],['000757']
da ngăm (nước da ngăm đen),['da ngăm (nước da ngăm đen)'],['000758']
súc miệng,['súc miệng'],['000759']
sum họp,['sum họp'],['000760']
tuần trăng mật,['tuần trăng mật'],['000761']
năm tới,['năm tới'],['000762']
suối,['suối'],['000763']
Hoãn,['Hoãn'],['000764']
suy nghĩ,['suy nghĩ'],['000765']
huỷ,['huỷ'],['000766']
suy nghĩ,['suy nghĩ'],['000767']
phụ thuộc,['phụ thuộc'],['000768']
sự thật,['sự thật'],['000769']
sửa chữa,['sửa chữa'],['000770']
thuộc địa,['thuộc địa'],['000771']
sữa bò,['sữa bò'],['000772']
tẩy chay,['tẩy chay'],['000773']
sữa bò,['sữa bò'],['000774']
đau mắt,['đau mắt'],['000775']
sữa bò,['sữa bò'],['000776']
đau bụng,['đau bụng'],['000777']
sữa bột,['sữa bột'],['000778']
đau tay,['đau tay'],['000779']
sữa dê,['sữa dê'],['000780']
đau chân,['đau chân'],['000781']
sữa dê,['sữa dê'],['000782']
đau tai,['đau tai'],['000783']
phẫu thuật tay,['phẫu thuật tay'],['000784']
sữa đặc,['sữa đặc'],['000785']
phẫu thuật chân,['phẫu thuật chân'],['000786']
sữa hộp,['sữa hộp'],['000787']
phẫu thuật mắt,['phẫu thuật mắt'],['000788']
sữa hộp,['sữa hộp'],['000789']
phẫu thuật mũi,['phẫu thuật mũi'],['000790']
sữa hộp,['sữa hộp'],['000791']
phẫu thuật cổ,['phẫu thuật cổ'],['000792']
sữa rửa mặt,['sữa rửa mặt'],['000793']
phẫu thuật bụng,['phẫu thuật bụng'],['000794']
sữa,['sữa'],['000795']
hội chứng Đao - Down,['hội chứng Đao - Down'],['000796']
sữa,['sữa'],['000797']
bệnh Đao - Down,['bệnh Đao - Down'],['000798']
sữa,['sữa'],['000799']
mệt mỏi,['mệt mỏi'],['000800']
sức khỏe,['sức khỏe'],['000801']
cả ngày,['cả ngày'],['000802']
sừng,['sừng'],['000803']
lẩu,['lẩu'],['000804']
sừng bò,['sừng bò'],['000805']
nhà kho,['nhà kho'],['000806']
sừng trâu,['sừng trâu'],['000807']
hấp,['hấp'],['000808']
sương gió,['sương gió'],['000809']
sườn,['sườn'],['000810']
thối,['thối'],['000811']
thiu,['thiu'],['000812']
tác dụng,['tác dụng'],['000813']
nguội,['nguội'],['000814']
tách,['tách'],['000815']
ngán,['ngán'],['000816']
tách lớp,['tách lớp'],['000817']
tai,['tai'],['000818']
tôm hùm,['tôm hùm'],['000819']
cua đồng,['cua đồng'],['000820']
tai nạn,['tai nạn'],['000821']
con hàu,['con hàu'],['000822']
tài giỏi,['tài giỏi'],['000823']
hải sản,['hải sản'],['000824']
tài năng,['tài năng'],['000825']
tài trợ,['tài trợ'],['000826']
vịt quay,['vịt quay'],['000827']
gà nướng lu,['gà nướng lu'],['000828']
tái phát,['tái phát'],['000829']
bánh hamburger,['bánh hamburger'],['000830']
tái phạm,['tái phạm'],['000831']
bánh sandwich,['bánh sandwich'],['000832']
tái phạm,['tái phạm'],['000833']
bánh canh,['bánh canh'],['000834']
tái phạm,['tái phạm'],['000835']
nước ép trái cây,['nước ép trái cây'],['000836']
đảo Trường Sa,['đảo Trường Sa'],['000837']
nước ép trái cây,['nước ép trái cây'],['000838']
tam giác,['tam giác'],['000839']
"sinh tố (bơ, dâu,","['sinh tố (bơ, dâu,']",['000840']
tạm biệt,['tạm biệt'],['000841']
vắt chanh,['vắt chanh'],['000842']
đảo Hoàng Sa,['đảo Hoàng Sa'],['000843']
mía,['mía'],['000844']
tán thành,['tán thành'],['000845']
chanh đá,['chanh đá'],['000846']
tạo dáng,['tạo dáng'],['000847']
chanh nóng,['chanh nóng'],['000848']
tàu hoả,['tàu hoả'],['000849']
chanh muối,['chanh muối'],['000850']
tàu ngầm,['tàu ngầm'],['000851']
trà đá,['trà đá'],['000852']
tàu thuyền,['tàu thuyền'],['000853']
trà nóng,['trà nóng'],['000854']
tàu thủy,['tàu thủy'],['000855']
taxi,['taxi'],['000856']
trà sữa,['trà sữa'],['000857']
Socola,['Socola'],['000858']
tay,['tay'],['000859']
Cocacola,['Cocacola'],['000860']
tay phải,['tay phải'],['000861']
7up,['7up'],['000862']
tay trái,['tay trái'],['000863']
một tiết học,['một tiết học'],['000864']
tặc lưỡi,['tặc lưỡi'],['000865']
một tiếng,['một tiếng'],['000866']
tăm,['tăm'],['000867']
một tiếng,['một tiếng'],['000868']
tâm thần,['tâm thần'],['000869']
rửa mặt,['rửa mặt'],['000870']
tấm vải,['tấm vải'],['000871']
tấm vải,['tấm vải'],['000872']
đánh răng,['đánh răng'],['000873']
tuần này,['tuần này'],['000874']
tấm vải,['tấm vải'],['000875']
tuần này,['tuần này'],['000876']
tấn công,['tấn công'],['000877']
tuần này,['tuần này'],['000878']
tập hợp (Toán học),['tập hợp (Toán học)'],['000879']
tuần sau,['tuần sau'],['000880']
tập hợp rỗng,['tập hợp rỗng'],['000881']
tuần sau,['tuần sau'],['000882']
tập thể dục,['tập thể dục'],['000883']
tuần sau,['tuần sau'],['000884']
tập trung,['tập trung'],['000885']
tuần trước,['tuần trước'],['000886']
tập viết,['tập viết'],['000887']
tuần trước,['tuần trước'],['000888']
Tây Bắc,['Tây Bắc'],['000889']
tuần trước,['tuần trước'],['000890']
Tây Nguyên,['Tây Nguyên'],['000891']
cuối tuần,['cuối tuần'],['000892']
Tây Ninh,['Tây Ninh'],['000893']
cuối tháng,['cuối tháng'],['000894']
tên riêng,['tên riêng'],['000895']
cuối năm,['cuối năm'],['000896']
Tết Âm,['Tết Âm'],['000897']
mục tiêu,['mục tiêu'],['000898']
Tết Âm,['Tết Âm'],['000899']
sinh đôi,['sinh đôi'],['000900']
Tết Dương,['Tết Dương'],['000901']
sinh đôi,['sinh đôi'],['000902']
Tết Dương,['Tết Dương'],['000903']
mô tả,['mô tả'],['000904']
Tết Thiếu nhi,['Tết Thiếu nhi'],['000905']
mũm mĩm,['mũm mĩm'],['000906']
Tết Trung thu,['Tết Trung thu'],['000907']
tóc dài,['tóc dài'],['000908']
Tết Trung thu,['Tết Trung thu'],['000909']
tóc ngắn,['tóc ngắn'],['000910']
Tết Trung thu,['Tết Trung thu'],['000911']
tha thứ,['tha thứ'],['000912']
tóc ngắn,['tóc ngắn'],['000913']
tha thứ,['tha thứ'],['000914']
tóc ngắn,['tóc ngắn'],['000915']
lốc xoáy,['lốc xoáy'],['000916']
thả diều,['thả diều'],['000917']
tay chân sạch sẽ,['tay chân sạch sẽ'],['000918']
thả mồi,['thả mồi'],['000919']
tay chân sạch sẽ,['tay chân sạch sẽ'],['000920']
thác,['thác'],['000921']
tay chân sạch sẽ,['tay chân sạch sẽ'],['000922']
thái độ,['thái độ'],['000923']
nhắm mắt,['nhắm mắt'],['000924']
thái độ,['thái độ'],['000925']
sờ,['sờ'],['000926']
thái độ,['thái độ'],['000927']
cây nến,['cây nến'],['000928']
Thái Nguyên,['Thái Nguyên'],['000929']
dịu dàng,['dịu dàng'],['000930']
tham dự,['tham dự'],['000931']
làm được,['làm được'],['000932']
tham dự,['tham dự'],['000933']
dòng sông chảy,['dòng sông chảy'],['000934']
tham dự,['tham dự'],['000935']
tham khảo,['tham khảo'],['000936']
ăn đủ,['ăn đủ'],['000937']
tham lam,['tham lam'],['000938']
ăn vừa,['ăn vừa'],['000939']
tham quan,['tham quan'],['000940']
ăn ít,['ăn ít'],['000941']
tham quan,['tham quan'],['000942']
đồ uống,['đồ uống'],['000943']
tham quan,['tham quan'],['000944']
đồ ăn,['đồ ăn'],['000945']
cầu thang,['cầu thang'],['000946']
trang điểm,['trang điểm'],['000947']
tháng,['tháng'],['000948']
đau mắt đỏ,['đau mắt đỏ'],['000949']
cái vợt cá,['cái vợt cá'],['000950']
tháng,['tháng'],['000951']
tháng,['tháng'],['000952']
vợt cầu lông,['vợt cầu lông'],['000953']
con vượn,['con vượn'],['000954']
Thanh Hóa,['Thanh Hóa'],['000955']
thanh niên,['thanh niên'],['000956']
thắp đèn,['thắp đèn'],['000957']
góp tiền,['góp tiền'],['000958']
đường ray xe lửa,['đường ray xe lửa'],['000959']
họp nhóm,['họp nhóm'],['000960']
thành công,['thành công'],['000961']
họp nhóm,['họp nhóm'],['000962']
thành lập,['thành lập'],['000963']
họp nhóm,['họp nhóm'],['000964']
thành lập,['thành lập'],['000965']
nước mắm,['nước mắm'],['000966']
thành lập,['thành lập'],['000967']
thoăn thoắt,['thoăn thoắt'],['000968']
thành lập,['thành lập'],['000969']
nghênh nghênh (đầu),['nghênh nghênh (đầu)'],['000970']
thành thạo,['thành thạo'],['000971']
thành thị,['thành thị'],['000972']
đua đòi,['đua đòi'],['000973']
bình sữa (em bé),['bình sữa (em bé)'],['000974']
thành viên,['thành viên'],['000975']
thánh địa Mỹ Sơn,['thánh địa Mỹ Sơn'],['000976']
đòi,['đòi'],['000977']
tháo gỡ,['tháo gỡ'],['000978']
đòi hỏi,['đòi hỏi'],['000979']
duy nhất,['duy nhất'],['000980']
thăm hỏi,['thăm hỏi'],['000981']
cạnh tranh,['cạnh tranh'],['000982']
thăm hỏi,['thăm hỏi'],['000983']
hoa hậu,['hoa hậu'],['000984']
thăm hỏi,['thăm hỏi'],['000985']
cái neo,['cái neo'],['000986']
thăng bằng,['thăng bằng'],['000987']
phóng viên,['phóng viên'],['000988']
thẳng hàng (Toán học),['thẳng hàng (Toán học)'],['000989']
nhà văn hóa,['nhà văn hóa'],['000990']
thẳng tắp,['thẳng tắp'],['000991']
nhà văn hóa,['nhà văn hóa'],['000992']
thắng lợi,['thắng lợi'],['000993']
cây cọ,['cây cọ'],['000994']
thân cây,['thân cây'],['000995']
khu vực cách ly,['khu vực cách ly'],['000996']
thân cây,['thân cây'],['000997']
phong toả,['phong toả'],['000998']
thân cây,['thân cây'],['000999']
thung lũng,['thung lũng'],['001000']
thân hình,['thân hình'],['001001']
thân thiết,['thân thiết'],['001002']
địa hình,['địa hình'],['001003']
Kim Đồng,['Kim Đồng'],['001004']
thân thiện,['thân thiện'],['001005']
Thánh Gióng,['Thánh Gióng'],['001006']
thần chết,['thần chết'],['001007']
hoa giấy,['hoa giấy'],['001008']
thần kinh,['thần kinh'],['001009']
hoa dâm bụt,['hoa dâm bụt'],['001010']
thận,['thận'],['001011']
kết luận,['kết luận'],['001012']
thấp hơn,['thấp hơn'],['001013']
internet,['internet'],['001014']
thầy cô,['thầy cô'],['001015']
nhà vệ sinh,['nhà vệ sinh'],['001016']
thầy cô,['thầy cô'],['001017']
thầy cô,['thầy cô'],['001018']
đi vệ sinh,['đi vệ sinh'],['001019']
hoa mai,['hoa mai'],['001020']
thầy cúng,['thầy cúng'],['001021']
a,['a'],['001022']
thầy giáo,['thầy giáo'],['001023']
thầy giáo,['thầy giáo'],['001024']
ă,['ă'],['001025']
thầy giáo,['thầy giáo'],['001026']
ă,['ă'],['001027']
theo dõi,['theo dõi'],['001028']
â,['â'],['001029']
b,['b'],['001030']
theo đuổi,['theo đuổi'],['001031']
c,['c'],['001032']
thẻ,['thẻ'],['001033']
d,['d'],['001034']
thét,['thét'],['001035']
thề,['thề'],['001036']
đ,['đ'],['001037']
e,['e'],['001038']
thế hệ,['thế hệ'],['001039']
tri kỉ,['tri kỉ'],['001040']
ê,['ê'],['001041']
thêu,['thêu'],['001042']
ê,['ê'],['001043']
thi cử,['thi cử'],['001044']
ê,['ê'],['001045']
g,['g'],['001046']
thi cử,['thi cử'],['001047']
g,['g'],['001048']
thi cử,['thi cử'],['001049']
h,['h'],['001050']
thị giác,['thị giác'],['001051']
h,['h'],['001052']
thị lực,['thị lực'],['001053']
h,['h'],['001054']
thìa,['thìa'],['001055']
i,['i'],['001056']
thìa,['thìa'],['001057']
k,['k'],['001058']
thìa,['thìa'],['001059']
l,['l'],['001060']
thích thú,['thích thú'],['001061']
thích thú,['thích thú'],['001062']
ô,['ô'],['001063']
thích thú,['thích thú'],['001064']
ô,['ô'],['001065']
thiên đình,['thiên đình'],['001066']
ô,['ô'],['001067']
thiên nhiên,['thiên nhiên'],['001068']
ơ,['ơ'],['001069']
p,['p'],['001070']
thiên thần,['thiên thần'],['001071']
p,['p'],['001072']
thiếp đi,['thiếp đi'],['001073']
p,['p'],['001074']
thiếp mời,['thiếp mời'],['001075']
q,['q'],['001076']
thiệt thòi,['thiệt thòi'],['001077']
r,['r'],['001078']
thiếu nhi,['thiếu nhi'],['001079']
s,['s'],['001080']
thiếu niên,['thiếu niên'],['001081']
t,['t'],['001082']
thím,['thím'],['001083']
t,['t'],['001084']
thoát hiểm,['thoát hiểm'],['001085']
thóc (gạo),['thóc (gạo)'],['001086']
thổi,['thổi'],['001087']
u,['u'],['001088']
thổi bóng,['thổi bóng'],['001089']
ư,['ư'],['001090']
thổi kèn,['thổi kèn'],['001091']
v,['v'],['001092']
thông báo,['thông báo'],['001093']
thông cảm,['thông cảm'],['001094']
z,['z'],['001095']
f,['f'],['001096']
thông minh,['thông minh'],['001097']
j,['j'],['001098']
thông minh,['thông minh'],['001099']
thông minh,['thông minh'],['001100']
w,['w'],['001101']
dấu huyền,['dấu huyền'],['001102']
thông qua,['thông qua'],['001103']
dấu huyền,['dấu huyền'],['001104']
thông thường,['thông thường'],['001105']
dấu huyền,['dấu huyền'],['001106']
thông tin,['thông tin'],['001107']
dấu sắc,['dấu sắc'],['001108']
tuổi thơ ấu,['tuổi thơ ấu'],['001109']
dấu sắc,['dấu sắc'],['001110']
thờ cúng,['thờ cúng'],['001111']
dấu sắc,['dấu sắc'],['001112']
thở dài,['thở dài'],['001113']
dấu hỏi,['dấu hỏi'],['001114']
thời gian biểu,['thời gian biểu'],['001115']
dấu hỏi,['dấu hỏi'],['001116']
thở,['thở'],['001117']
dấu hỏi,['dấu hỏi'],['001118']
thợ kim hoàn,['thợ kim hoàn'],['001119']
dấu ngã,['dấu ngã'],['001120']
thợ rèn,['thợ rèn'],['001121']
dấu ngã,['dấu ngã'],['001122']
thợ thêu,['thợ thêu'],['001123']
dấu ngã,['dấu ngã'],['001124']
thơm,['thơm'],['001125']
dấu nặng,['dấu nặng'],['001126']
thơm,['thơm'],['001127']
3,['3'],['001128']
thơm,['thơm'],['001129']
4,['4'],['001130']
thu mua,['thu mua'],['001131']
5,['5'],['001132']
thu nhỏ,['thu nhỏ'],['001133']
6,['6'],['001134']
thu thập,['thu thập'],['001135']
6,['6'],['001136']
thù lao,['thù lao'],['001137']
6,['6'],['001138']
thủ công,['thủ công'],['001139']
7,['7'],['001140']
thủ công,['thủ công'],['001141']
8,['8'],['001142']
thủ tướng,['thủ tướng'],['001143']
9,['9'],['001144']
thú dữ,['thú dữ'],['001145']
10,['10'],['001146']
thú dữ,['thú dữ'],['001147']
11,['11'],['001148']
thú dữ,['thú dữ'],['001149']
11,['11'],['001150']
thú y,['thú y'],['001151']
11,['11'],['001152']
thú y,['thú y'],['001153']
12,['12'],['001154']
thú y,['thú y'],['001155']
thuận lợi,['thuận lợi'],['001156']
ngữ pháp,['ngữ pháp'],['001157']
23,['23'],['001158']
ngữ pháp,['ngữ pháp'],['001159']
ngữ pháp,['ngữ pháp'],['001160']
40,['40'],['001161']
thúc đẩy,['thúc đẩy'],['001162']
80,['80'],['001163']
thuê,['thuê'],['001164']
90,['90'],['001165']
thuê,['thuê'],['001166']
100,['100'],['001167']
thuê,['thuê'],['001168']
1000 (một nghìn),['1000 (một nghìn)'],['001169']
thùng,['thùng'],['001170']
5000 (năm nghìn),['5000 (năm nghìn)'],['001171']
thủng,['thủng'],['001172']
5000 (năm nghìn),['5000 (năm nghìn)'],['001173']
thuộc lòng,['thuộc lòng'],['001174']
10 000 (mười nghìn),['10 000 (mười nghìn)'],['001175']
thuỷ điện,['thuỷ điện'],['001176']
10 000 (mười nghìn),['10 000 (mười nghìn)'],['001177']
thuỷ điện,['thuỷ điện'],['001178']
10 000 (mười nghìn),['10 000 (mười nghìn)'],['001179']
thuỷ điện,['thuỷ điện'],['001180']
1 000 000 (một triệu),['1 000 000 (một triệu)'],['001181']
thuỷ thủ,['thuỷ thủ'],['001182']
1 000 000 (một triệu),['1 000 000 (một triệu)'],['001183']
tinh trùng,['tinh trùng'],['001184']
1 000 000 (một triệu),['1 000 000 (một triệu)'],['001185']
thủy chung,['thủy chung'],['001186']
1 000 000 000 (một tỉ),['1 000 000 000 (một tỉ)'],['001187']
Thủy Điện Hòa Bình,['Thủy Điện Hòa Bình'],['001188']
1 000 000 000 (một tỉ),['1 000 000 000 (một tỉ)'],['001189']
Thủy Điện Hòa Bình,['Thủy Điện Hòa Bình'],['001190']
1 000 000 000 (một tỉ),['1 000 000 000 (một tỉ)'],['001191']
Thủy Điện Hòa Bình,['Thủy Điện Hòa Bình'],['001192']
thuyền chài,['thuyền chài'],['001193']
ác độc,['ác độc'],['001194']
thuyền rồng,['thuyền rồng'],['001195']
ác mộng,['ác mộng'],['001196']
ai,['ai'],['001197']
trưởng thành,['trưởng thành'],['001198']
ai,['ai'],['001199']
thuyết phục,['thuyết phục'],['001200']
ai,['ai'],['001201']
thuyết trình,['thuyết trình'],['001202']
An Giang,['An Giang'],['001203']
thư giãn,['thư giãn'],['001204']
an ninh,['an ninh'],['001205']
mục đích,['mục đích'],['001206']
Anh (nước Anh),['Anh (nước Anh)'],['001207']
thừa,['thừa'],['001208']
Anh (nước Anh),['Anh (nước Anh)'],['001209']
Thừa Thiên – Huế,['Thừa Thiên – Huế'],['001210']
Anh (nước Anh),['Anh (nước Anh)'],['001211']
Thừa Thiên – Huế,['Thừa Thiên – Huế'],['001212']
anh chị,['anh chị'],['001213']
Thừa Thiên – Huế,['Thừa Thiên – Huế'],['001214']
anh chị em,['anh chị em'],['001215']
thực hành,['thực hành'],['001216']
anh dũng,['anh dũng'],['001217']
thực hiện,['thực hiện'],['001218']
anh dũng,['anh dũng'],['001219']
thực phẩm,['thực phẩm'],['001220']
anh dũng,['anh dũng'],['001221']
thực sự,['thực sự'],['001222']
anh em,['anh em'],['001223']
thực tế,['thực tế'],['001224']
anh em,['anh em'],['001225']
thực vật,['thực vật'],['001226']
anh hùng,['anh hùng'],['001227']
thương (số),['thương (số)'],['001228']
anh rể,['anh rể'],['001229']
bùng binh,['bùng binh'],['001230']
anh rể,['anh rể'],['001231']
thương yêu,['thương yêu'],['001232']
anh rể,['anh rể'],['001233']
thương yêu,['thương yêu'],['001234']
anh ruột,['anh ruột'],['001235']
thương yêu,['thương yêu'],['001236']
anh ruột,['anh ruột'],['001237']
tỉ lệ,['tỉ lệ'],['001238']
anh ruột,['anh ruột'],['001239']
tỉ mỉ,['tỉ mỉ'],['001240']
anh vợ,['anh vợ'],['001241']
tia chớp,['tia chớp'],['001242']
sáng,['sáng'],['001243']
tia nắng,['tia nắng'],['001244']
ao chuôm,['ao chuôm'],['001245']
tia số,['tia số'],['001246']
tích (số),['tích (số)'],['001247']
ảo thuật,['ảo thuật'],['001248']
tích cực,['tích cực'],['001249']
áo,['áo'],['001250']
tiếc,['tiếc'],['001251']
áo ấm,['áo ấm'],['001252']
tiếc,['tiếc'],['001253']
áo cánh,['áo cánh'],['001254']
tiếc,['tiếc'],['001255']
áo đồng phục,['áo đồng phục'],['001256']
tiệc,['tiệc'],['001257']
áo đồng phục,['áo đồng phục'],['001258']
tiêm,['tiêm'],['001259']
áo đồng phục,['áo đồng phục'],['001260']
Tiền Giang,['Tiền Giang'],['001261']
áo phông,['áo phông'],['001262']
tiến sĩ,['tiến sĩ'],['001263']
áo phông,['áo phông'],['001264']
tiện nghi,['tiện nghi'],['001265']
áp phích,['áp phích'],['001266']
tiếng Anh,['tiếng Anh'],['001267']
ăn diện,['ăn diện'],['001268']
tiếng Anh,['tiếng Anh'],['001269']
ăn hối lộ,['ăn hối lộ'],['001270']
tiếng Anh,['tiếng Anh'],['001271']
ăn uống,['ăn uống'],['001272']
tiếng nói,['tiếng nói'],['001273']
ăn vặt,['ăn vặt'],['001274']
tiếp tục,['tiếp tục'],['001275']
ăn xin,['ăn xin'],['001276']
tiếp tục,['tiếp tục'],['001277']
âm thanh,['âm thanh'],['001278']
tiếp tục,['tiếp tục'],['001279']
ầm ĩ,['ầm ĩ'],['001280']
tiết kiệm,['tiết kiệm'],['001281']
ẩm mốc,['ẩm mốc'],['001282']
tiết kiệm,['tiết kiệm'],['001283']
ẩm ướt,['ẩm ướt'],['001284']
tiết kiệm,['tiết kiệm'],['001285']
ấm áp,['ấm áp'],['001286']
tiêu cực,['tiêu cực'],['001287']
ấm đun nước,['ấm đun nước'],['001288']
tiêu diệt,['tiêu diệt'],['001289']
ấm no,['ấm no'],['001290']
tiêu hoá,['tiêu hoá'],['001291']
ấm trà,['ấm trà'],['001292']
thụ phấn (hoa),['thụ phấn (hoa)'],['001293']
ân hận,['ân hận'],['001294']
tiểu học,['tiểu học'],['001295']
ấn tượng,['ấn tượng'],['001296']
tim,['tim'],['001297']
Âu Cơ,['Âu Cơ'],['001298']
Ba chân bốn cẳng,['Ba chân bốn cẳng'],['001299']
tìm hiểu,['tìm hiểu'],['001300']
Bà Nà,['Bà Nà'],['001301']
tìm hiểu,['tìm hiểu'],['001302']
Bà Rịa - Vũng Tàu,['Bà Rịa - Vũng Tàu'],['001303']
tìm hiểu,['tìm hiểu'],['001304']
triệu phú,['triệu phú'],['001305']
tím tái,['tím tái'],['001306']
Bạc Liêu,['Bạc Liêu'],['001307']
tin cậy,['tin cậy'],['001308']
bài báo,['bài báo'],['001309']
thần kì,['thần kì'],['001310']
bài thơ,['bài thơ'],['001311']
tình cảm,['tình cảm'],['001312']
bài thơ,['bài thơ'],['001313']
tình cờ,['tình cờ'],['001314']
bài thơ,['bài thơ'],['001315']
tình huống,['tình huống'],['001316']
hệ bài tiết,['hệ bài tiết'],['001317']
thương yêu,['thương yêu'],['001318']
Bãi biển Vũng Tàu,['Bãi biển Vũng Tàu'],['001319']
thương yêu,['thương yêu'],['001320']
bãi cát,['bãi cát'],['001321']
thương yêu,['thương yêu'],['001322']
bãi cỏ,['bãi cỏ'],['001323']
tình yêu,['tình yêu'],['001324']
bãi đỗ xe (ô tô),['bãi đỗ xe (ô tô)'],['001325']
tĩnh lặng,['tĩnh lặng'],['001326']
bãi tắm,['bãi tắm'],['001327']
tính cách,['tính cách'],['001328']
ban giám hiệu,['ban giám hiệu'],['001329']
tính chất,['tính chất'],['001330']
ban ngày,['ban ngày'],['001331']
tính chất bằng nhau,['tính chất bằng nhau'],['001332']
bàn bạc,['bàn bạc'],['001333']
tính chất cơ bản của phân số,['tính chất cơ bản của phân số'],['001334']
bàn chải đánh răng,['bàn chải đánh răng'],['001335']
tính chất giao hoán,['tính chất giao hoán'],['001336']
bàn chân,['bàn chân'],['001337']
tính chất kết hợp,['tính chất kết hợp'],['001338']
bàn ghế,['bàn ghế'],['001339']
tính nhẩm,['tính nhẩm'],['001340']
bàn là,['bàn là'],['001341']
tính toán,['tính toán'],['001342']
bàn phím (máy vi tính),['bàn phím (máy vi tính)'],['001343']
tính từ,['tính từ'],['001344']
bàn tay,['bàn tay'],['001345']
to lớn,['to lớn'],['001346']
bàn tán,['bàn tán'],['001347']
tò mò,['tò mò'],['001348']
bản đồ Việt Nam,['bản đồ Việt Nam'],['001349']
tò mò,['tò mò'],['001350']
bản đồ Việt Nam,['bản đồ Việt Nam'],['001351']
toa lét,['toa lét'],['001352']
bản đồ Việt Nam,['bản đồ Việt Nam'],['001353']
toa xe,['toa xe'],['001354']
bản làng,['bản làng'],['001355']
toa xe,['toa xe'],['001356']
bản lề,['bản lề'],['001357']
toa xe,['toa xe'],['001358']
bản nhạc,['bản nhạc'],['001359']
toà án,['toà án'],['001360']
bản sao (chỉ người),['bản sao (chỉ người)'],['001361']
toà án,['toà án'],['001362']
bán hàng,['bán hàng'],['001363']
toà án,['toà án'],['001364']
bán hàng,['bán hàng'],['001365']
tòa soạn,['tòa soạn'],['001366']
bán hàng,['bán hàng'],['001367']
tỏa hương,['tỏa hương'],['001368']
bán kính (hình tròn),['bán kính (hình tròn)'],['001369']
toàn cầu,['toàn cầu'],['001370']
bạn,['bạn'],['001371']
tóc xoăn,['tóc xoăn'],['001372']
bạn,['bạn'],['001373']
tóm cổ,['tóm cổ'],['001374']
bạn,['bạn'],['001375']
tóm lược,['tóm lược'],['001376']
bạn gái,['bạn gái'],['001377']
tóm tắt,['tóm tắt'],['001378']
bạn gái,['bạn gái'],['001379']
tô màu,['tô màu'],['001380']
bạn gái,['bạn gái'],['001381']
tô màu,['tô màu'],['001382']
bạn trai,['bạn trai'],['001383']
tôn thờ,['tôn thờ'],['001384']
bạn trai,['bạn trai'],['001385']
tổ tiên,['tổ tiên'],['001386']
bạn trai,['bạn trai'],['001387']
tổ trưởng,['tổ trưởng'],['001388']
bảng học sinh,['bảng học sinh'],['001389']
tôn trọng,['tôn trọng'],['001390']
bảng chia,['bảng chia'],['001391']
tổng (số),['tổng (số)'],['001392']
bảng chia,['bảng chia'],['001393']
tổng hợp,['tổng hợp'],['001394']
bảng chỉ dẫn,['bảng chỉ dẫn'],['001395']
tổng thống,['tổng thống'],['001396']
bảng cộng,['bảng cộng'],['001397']
tổng thống,['tổng thống'],['001398']
bảng cửu chương,['bảng cửu chương'],['001399']
tổng thống,['tổng thống'],['001400']
bảng đen,['bảng đen'],['001401']
tống tiền,['tống tiền'],['001402']
bảng đen,['bảng đen'],['001403']
tờ báo,['tờ báo'],['001404']
bảng đen,['bảng đen'],['001405']
tờ báo,['tờ báo'],['001406']
hãng máy bay,['hãng máy bay'],['001407']
tờ báo,['tờ báo'],['001408']
bảng màu,['bảng màu'],['001409']
tờ giấy,['tờ giấy'],['001410']
bảng nhân,['bảng nhân'],['001411']
tờ giấy,['tờ giấy'],['001412']
bảng nhân,['bảng nhân'],['001413']
tờ giấy,['tờ giấy'],['001414']
bảng nhân,['bảng nhân'],['001415']
tờ tiền,['tờ tiền'],['001416']
hãng xe máy,['hãng xe máy'],['001417']
trang trí,['trang trí'],['001418']
bảng trừ,['bảng trừ'],['001419']
trà,['trà'],['001420']
bảng trừ,['bảng trừ'],['001421']
trả (đt),['trả (đt)'],['001422']
bảng trừ,['bảng trừ'],['001423']
trả lời,['trả lời'],['001424']
bánh bột lọc,['bánh bột lọc'],['001425']
trách nhiệm,['trách nhiệm'],['001426']
bánh cốm,['bánh cốm'],['001427']
trái nghĩa,['trái nghĩa'],['001428']
bánh cuốn,['bánh cuốn'],['001429']
trái nghĩa,['trái nghĩa'],['001430']
bánh đa,['bánh đa'],['001431']
trạm xe buýt,['trạm xe buýt'],['001432']
bánh đúc,['bánh đúc'],['001433']
trạm y tế,['trạm y tế'],['001434']
bánh gai,['bánh gai'],['001435']
tràn ngập (nước),['tràn ngập (nước)'],['001436']
bánh giầy,['bánh giầy'],['001437']
trang phục,['trang phục'],['001438']
bánh giò,['bánh giò'],['001439']
tranh luận,['tranh luận'],['001440']
bánh gối,['bánh gối'],['001441']
tai nạn giao thông,['tai nạn giao thông'],['001442']
bánh mì,['bánh mì'],['001443']
tránh thai,['tránh thai'],['001444']
bánh mì,['bánh mì'],['001445']
trao tặng,['trao tặng'],['001446']
bánh mì,['bánh mì'],['001447']
trăng,['trăng'],['001448']
bánh pizza,['bánh pizza'],['001449']
trăng,['trăng'],['001450']
bánh pía,['bánh pía'],['001451']
trắng muốt,['trắng muốt'],['001452']
hãng tàu thuyền,['hãng tàu thuyền'],['001453']
trắng tay,['trắng tay'],['001454']
bánh xe,['bánh xe'],['001455']
trầm trồ,['trầm trồ'],['001456']
bao la,['bao la'],['001457']
quạt trần,['quạt trần'],['001458']
bảo hiểm,['bảo hiểm'],['001459']
trần nhà,['trần nhà'],['001460']
lưu,['lưu'],['001461']
tự (tự làm),['tự (tự làm)'],['001462']
bảo tàng,['bảo tàng'],['001463']
tre,['tre'],['001464']
bảo thủ,['bảo thủ'],['001465']
tre,['tre'],['001466']
tre,['tre'],['001467']
tồn tại,['tồn tại'],['001468']
bảo vệ môi trường,['bảo vệ môi trường'],['001469']
trêu,['trêu'],['001470']
bảo vệ môi trường,['bảo vệ môi trường'],['001471']
trêu tức,['trêu tức'],['001472']
bảo vệ môi trường,['bảo vệ môi trường'],['001473']
trí khôn,['trí khôn'],['001474']
báo (con báo),['báo (con báo)'],['001475']
trí thức,['trí thức'],['001476']
báo (con báo),['báo (con báo)'],['001477']
triều cường,['triều cường'],['001478']
báo (con báo),['báo (con báo)'],['001479']
triều đình,['triều đình'],['001480']
báo cáo,['báo cáo'],['001481']
trình bày,['trình bày'],['001482']
báo động,['báo động'],['001483']
trình độ,['trình độ'],['001484']
báo thù,['báo thù'],['001485']
trọc đầu,['trọc đầu'],['001486']
bát,['bát'],['001487']
trói tay,['trói tay'],['001488']
bát hương,['bát hương'],['001489']
tròn trịa (mặt),['tròn trịa (mặt)'],['001490']
bát ngát,['bát ngát'],['001491']
trong sáng,['trong sáng'],['001492']
tròn,['tròn'],['001493']
xì hơi (đánh rắm),['xì hơi (đánh rắm)'],['001494']
bay liệng (bay lượn),['bay liệng (bay lượn)'],['001495']
trong ngoài,['trong ngoài'],['001496']
bắc bán cầu,['bắc bán cầu'],['001497']
trong ngoài,['trong ngoài'],['001498']
Bắc bộ,['Bắc bộ'],['001499']
trong ngoài,['trong ngoài'],['001500']
Bắc Giang,['Bắc Giang'],['001501']
trong suốt,['trong suốt'],['001502']
Bắc Kạn,['Bắc Kạn'],['001503']
trọng tài,['trọng tài'],['001504']
bắc nam,['bắc nam'],['001505']
xe tải,['xe tải'],['001506']
bắc nam,['bắc nam'],['001507']
trộm cắp,['trộm cắp'],['001508']
Bắc Ninh,['Bắc Ninh'],['001509']
trốn chạy,['trốn chạy'],['001510']
bắn bi,['bắn bi'],['001511']
trốn chạy,['trốn chạy'],['001512']
bắn bi,['bắn bi'],['001513']
trốn chạy,['trốn chạy'],['001514']
bắn bi,['bắn bi'],['001515']
trông chờ,['trông chờ'],['001516']
bắn súng,['bắn súng'],['001517']
trông chờ,['trông chờ'],['001518']
băng bó,['băng bó'],['001519']
trông nom,['trông nom'],['001520']
băng chuyền,['băng chuyền'],['001521']
trông nom,['trông nom'],['001522']
băng dính,['băng dính'],['001523']
trống,['trống'],['001524']
băng giá,['băng giá'],['001525']
trộn (đt),['trộn (đt)'],['001526']
bằng phẳng,['bằng phẳng'],['001527']
trở thành,['trở thành'],['001528']
bắp ngô,['bắp ngô'],['001529']
trú mưa,['trú mưa'],['001530']
bắp ngô,['bắp ngô'],['001531']
trục hoành,['trục hoành'],['001532']
bắp ngô,['bắp ngô'],['001533']
trục tung,['trục tung'],['001534']
bắt,['bắt'],['001535']
trục xuất,['trục xuất'],['001536']
bắt đền,['bắt đền'],['001537']
trụi lá,['trụi lá'],['001538']
bắt đền,['bắt đền'],['001539']
trụi lá,['trụi lá'],['001540']
bắt đền,['bắt đền'],['001541']
trụi lá,['trụi lá'],['001542']
bắt giữ,['bắt giữ'],['001543']
trùm chăn,['trùm chăn'],['001544']
bắt nạt,['bắt nạt'],['001545']
trung bình,['trung bình'],['001546']
bắt tay,['bắt tay'],['001547']
trung điểm,['trung điểm'],['001548']
bậc thang,['bậc thang'],['001549']
Trung Quốc (nước Trung Quốc),['Trung Quốc (nước Trung Quốc)'],['001550']
bập bênh,['bập bênh'],['001551']
Trung Quốc (nước Trung Quốc),['Trung Quốc (nước Trung Quốc)'],['001552']
bất động,['bất động'],['001553']
Trung Quốc (nước Trung Quốc),['Trung Quốc (nước Trung Quốc)'],['001554']
bất hiếu,['bất hiếu'],['001555']
trung tâm,['trung tâm'],['001556']
bật đèn,['bật đèn'],['001557']
trung thành,['trung thành'],['001558']
bật lửa,['bật lửa'],['001559']
Trung Thu,['Trung Thu'],['001560']
bẫy chuột (hành động),['bẫy chuột (hành động)'],['001561']
Trung Thu,['Trung Thu'],['001562']
bẫy chuột (hành động),['bẫy chuột (hành động)'],['001563']
Trung Thu,['Trung Thu'],['001564']
bẫy chuột (dụng cụ),['bẫy chuột (dụng cụ)'],['001565']
trung ương,['trung ương'],['001566']
bẻ ngô,['bẻ ngô'],['001567']
trúng thưởng,['trúng thưởng'],['001568']
bẻ ngô,['bẻ ngô'],['001569']
trúng tuyển,['trúng tuyển'],['001570']
bẻ ngô,['bẻ ngô'],['001571']
trúng tuyển,['trúng tuyển'],['001572']
bé gái,['bé gái'],['001573']
trúng tuyển,['trúng tuyển'],['001574']
bé hơn,['bé hơn'],['001575']
truyền dịch,['truyền dịch'],['001576']
bé loắt choắt,['bé loắt choắt'],['001577']
truyền thông,['truyền thông'],['001578']
bé trai,['bé trai'],['001579']
truyền thống,['truyền thống'],['001580']
bé trai,['bé trai'],['001581']
trực nhật,['trực nhật'],['001582']
bé trai,['bé trai'],['001583']
trứng,['trứng'],['001584']
béo,['béo'],['001585']
trứng,['trứng'],['001586']
bê tông,['bê tông'],['001587']
trứng,['trứng'],['001588']
bể bơi,['bể bơi'],['001589']
trường tiểu học,['trường tiểu học'],['001590']
bể cá,['bể cá'],['001591']
trường tiểu học,['trường tiểu học'],['001592']
bế em,['bế em'],['001593']
trước,['trước'],['001594']
bên cạnh,['bên cạnh'],['001595']
trước,['trước'],['001596']
bên cạnh,['bên cạnh'],['001597']
trường hợp,['trường hợp'],['001598']
bên dưới,['bên dưới'],['001599']
trường mầm non,['trường mầm non'],['001600']
bên phải,['bên phải'],['001601']
trường mầm non,['trường mầm non'],['001602']
bên trái,['bên trái'],['001603']
trường mầm non,['trường mầm non'],['001604']
bên trên,['bên trên'],['001605']
trường PTCS (cấp 2),['trường PTCS (cấp 2)'],['001606']
bên trong,['bên trong'],['001607']
trường PTCS (cấp 2),['trường PTCS (cấp 2)'],['001608']
bến phà,['bến phà'],['001609']
trường PTCS (cấp 2),['trường PTCS (cấp 2)'],['001610']
bến tàu,['bến tàu'],['001611']
trường THPT ( cấp 3),['trường THPT ( cấp 3)'],['001612']
Bến Tre,['Bến Tre'],['001613']
trường THPT ( cấp 3),['trường THPT ( cấp 3)'],['001614']
bến xe,['bến xe'],['001615']
trường THPT ( cấp 3),['trường THPT ( cấp 3)'],['001616']
bênh vực,['bênh vực'],['001617']
trưởng nhóm,['trưởng nhóm'],['001618']
bệnh thủy đậu,['bệnh thủy đậu'],['001619']
tù giam,['tù giam'],['001620']
bệnh nhân,['bệnh nhân'],['001621']
tụ tập,['tụ tập'],['001622']
bệnh tật,['bệnh tật'],['001623']
tuân lệnh,['tuân lệnh'],['001624']
bí ngô,['bí ngô'],['001625']
tuân thủ,['tuân thủ'],['001626']
bị động,['bị động'],['001627']
tủi thân,['tủi thân'],['001628']
bìa vở,['bìa vở'],['001629']
túm tóc,['túm tóc'],['001630']
bịa đặt,['bịa đặt'],['001631']
tung tăng,['tung tăng'],['001632']
hóa đơn,['hóa đơn'],['001633']
tuổi thơ,['tuổi thơ'],['001634']
biển đông,['biển đông'],['001635']
tuốt lúa,['tuốt lúa'],['001636']
biển hiệu,['biển hiệu'],['001637']
tuỷ sống,['tuỷ sống'],['001638']
biến đổi,['biến đổi'],['001639']
tuyên bố,['tuyên bố'],['001640']
biện pháp,['biện pháp'],['001641']
tuyên ngôn,['tuyên ngôn'],['001642']
biểu đồ,['biểu đồ'],['001643']
tuyệt vọng,['tuyệt vọng'],['001644']
biểu đồ cột,['biểu đồ cột'],['001645']
từ bỏ,['từ bỏ'],['001646']
biểu đồ hình quạt,['biểu đồ hình quạt'],['001647']
từ đồng âm,['từ đồng âm'],['001648']
biểu thị,['biểu thị'],['001649']
từ ngữ,['từ ngữ'],['001650']
biểu thức,['biểu thức'],['001651']
từ phải sang trái,['từ phải sang trái'],['001652']
bím tóc đuôi sam,['bím tóc đuôi sam'],['001653']
từ trái nghĩa,['từ trái nghĩa'],['001654']
bình an,['bình an'],['001655']
từ trái nghĩa,['từ trái nghĩa'],['001656']
bình an,['bình an'],['001657']
từ trái nghĩa,['từ trái nghĩa'],['001658']
bình an,['bình an'],['001659']
từ trái sang phải,['từ trái sang phải'],['001660']
Bình Dương,['Bình Dương'],['001661']
tự lập,['tự lập'],['001662']
Bình Phước,['Bình Phước'],['001663']
tự lập,['tự lập'],['001664']
Bình Thuận,['Bình Thuận'],['001665']
tự lập,['tự lập'],['001666']
bình thường,['bình thường'],['001667']
tự tin,['tự tin'],['001668']
bình thường,['bình thường'],['001669']
tự tin,['tự tin'],['001670']
bình thường,['bình thường'],['001671']
tự tin,['tự tin'],['001672']
bít tất,['bít tất'],['001673']
tự vệ,['tự vệ'],['001674']
bò,['bò'],['001675']
tự vệ,['tự vệ'],['001676']
bò sát,['bò sát'],['001677']
tự vệ,['tự vệ'],['001678']
bò tót,['bò tót'],['001679']
tươi cười,['tươi cười'],['001680']
bỏ hoang,['bỏ hoang'],['001681']
tưới cây,['tưới cây'],['001682']
bỏ phiếu,['bỏ phiếu'],['001683']
tưới cây,['tưới cây'],['001684']
bỏ qua,['bỏ qua'],['001685']
tưới cây,['tưới cây'],['001686']
bỏ rơi,['bỏ rơi'],['001687']
nước tương (xì dầu),['nước tương (xì dầu)'],['001688']
bó đũa,['bó đũa'],['001689']
tương ứng,['tương ứng'],['001690']
bó hoa,['bó hoa'],['001691']
tưởng,['tưởng'],['001692']
bóc lột,['bóc lột'],['001693']
tưởng tượng,['tưởng tượng'],['001694']
bóc vỏ,['bóc vỏ'],['001695']
tượng,['tượng'],['001696']
bón phân,['bón phân'],['001697']
tượng đài,['tượng đài'],['001698']
bón phân,['bón phân'],['001699']
u ám ( trời u ám),['u ám ( trời u ám)'],['001700']
bón phân,['bón phân'],['001701']
ung dung,['ung dung'],['001702']
bỏng,['bỏng'],['001703']
ủng,['ủng'],['001704']
bỏng ngô,['bỏng ngô'],['001705']
ủng hộ,['ủng hộ'],['001706']
bóng bay,['bóng bay'],['001707']
UNICEF,['UNICEF'],['001708']
boong tàu,['boong tàu'],['001709']
uốn,['uốn'],['001710']
bọt biển,['bọt biển'],['001711']
uốn cong,['uốn cong'],['001712']
bọt xà phòng,['bọt xà phòng'],['001713']
uốn dẻo,['uốn dẻo'],['001714']
bồ kết,['bồ kết'],['001715']
uốn tóc,['uốn tóc'],['001716']
bổ ích,['bổ ích'],['001717']
úp,['úp'],['001718']
bổ ngữ,['bổ ngữ'],['001719']
ủy ban,['ủy ban'],['001720']
bổ trợ,['bổ trợ'],['001721']
ủy ban nhân dân,['ủy ban nhân dân'],['001722']
bố trí,['bố trí'],['001723']
ủy quyền,['ủy quyền'],['001724']
bộ truyện,['bộ truyện'],['001725']
ủy quyền,['ủy quyền'],['001726']
bốc vác,['bốc vác'],['001727']
ủy quyền,['ủy quyền'],['001728']
bố,['bố'],['001729']
ưu tiên,['ưu tiên'],['001730']
bố mẹ,['bố mẹ'],['001731']
ưu tiên,['ưu tiên'],['001732']
bộ đội,['bộ đội'],['001733']
va chạm,['va chạm'],['001734']
bộ đội,['bộ đội'],['001735']
va li,['va li'],['001736']
bộ đội,['bộ đội'],['001737']
vác,['vác'],['001738']
bộ sách,['bộ sách'],['001739']
vạch trần,['vạch trần'],['001740']
bốc hơi,['bốc hơi'],['001741']
vạch xuất phát,['vạch xuất phát'],['001742']
bốc thăm,['bốc thăm'],['001743']
vai,['vai'],['001744']
bồi bàn,['bồi bàn'],['001745']
vai trò,['vai trò'],['001746']
bồi thường,['bồi thường'],['001747']
vái lạy,['vái lạy'],['001748']
bồn hoa,['bồn hoa'],['001749']
vái tứ phương,['vái tứ phương'],['001750']
bồn rửa bát,['bồn rửa bát'],['001751']
vạm vỡ,['vạm vỡ'],['001752']
bông hoa,['bông hoa'],['001753']
vàng (kim loại),['vàng (kim loại)'],['001754']
bông hoa,['bông hoa'],['001755']
vàng bạc,['vàng bạc'],['001756']
bông hoa,['bông hoa'],['001757']
vào,['vào'],['001758']
bốt cảnh sát,['bốt cảnh sát'],['001759']
vào lớp,['vào lớp'],['001760']
vào mùa,['vào mùa'],['001761']
văn,['văn'],['001762']
bột giặt,['bột giặt'],['001763']
văn bản,['văn bản'],['001764']
bột màu,['bột màu'],['001765']
Văn miếu Quốc Tử Giám,['Văn miếu Quốc Tử Giám'],['001766']
bột màu,['bột màu'],['001767']
văn nghệ,['văn nghệ'],['001768']
bột màu,['bột màu'],['001769']
văn nghệ,['văn nghệ'],['001770']
bột ngọt,['bột ngọt'],['001771']
văn nghệ,['văn nghệ'],['001772']
bột ngọt,['bột ngọt'],['001773']
vắn tắt,['vắn tắt'],['001774']
bờ biển,['bờ biển'],['001775']
vắng,['vắng'],['001776']
bờ rào,['bờ rào'],['001777']
vắng,['vắng'],['001778']
bờ ruộng,['bờ ruộng'],['001779']
vắng,['vắng'],['001780']
bơi,['bơi'],['001781']
vắng lặng,['vắng lặng'],['001782']
bơi lội,['bơi lội'],['001783']
vắt cam,['vắt cam'],['001784']
bơm (cái bơm),['bơm (cái bơm)'],['001785']
vấn đề,['vấn đề'],['001786']
bơm nước,['bơm nước'],['001787']
vấn đề,['vấn đề'],['001788']
bơm xe,['bơm xe'],['001789']
vấn đề,['vấn đề'],['001790']
bờm tóc,['bờm tóc'],['001791']
vận chuyển,['vận chuyển'],['001792']
bớt,['bớt'],['001793']
vận động,['vận động'],['001794']
bớt đi,['bớt đi'],['001795']
vật,['vật'],['001796']
Bru-nây (nước Bru-nây),['Bru-nây (nước Bru-nây)'],['001797']
vật nuôi,['vật nuôi'],['001798']
Bru-nây (nước Bru-nây),['Bru-nây (nước Bru-nây)'],['001799']
vật nuôi,['vật nuôi'],['001800']
vật nuôi,['vật nuôi'],['001801']
cỏ,['cỏ'],['001802']
vây bắt,['vây bắt'],['001803']
cỏ,['cỏ'],['001804']
vẫy tay,['vẫy tay'],['001805']
cỏ,['cỏ'],['001806']
vẫy vùng (cá),['vẫy vùng (cá)'],['001807']
bụi đời,['bụi đời'],['001808']
vé,['vé'],['001809']
bụi phấn,['bụi phấn'],['001810']
vệ sinh cá nhân,['vệ sinh cá nhân'],['001811']
bụi phấn,['bụi phấn'],['001812']
vênh váo,['vênh váo'],['001813']
bụi phấn,['bụi phấn'],['001814']
vết thương,['vết thương'],['001815']
Bun-ga-ri (nước Bun-ga-ri),['Bun-ga-ri (nước Bun-ga-ri)'],['001816']
vi khuẩn,['vi khuẩn'],['001817']
bùn,['bùn'],['001818']
vĩ cầm,['vĩ cầm'],['001819']
bụng,['bụng'],['001820']
vĩ đại,['vĩ đại'],['001821']
buộc dây,['buộc dây'],['001822']
vị ngữ,['vị ngữ'],['001823']
buộc tóc,['buộc tóc'],['001824']
vị trí,['vị trí'],['001825']
buổi chiều,['buổi chiều'],['001826']
việc làm,['việc làm'],['001827']
buổi đêm,['buổi đêm'],['001828']
viện bảo tàng,['viện bảo tàng'],['001829']
buổi đêm,['buổi đêm'],['001830']
viện nghiên cứu,['viện nghiên cứu'],['001831']
buổi đêm,['buổi đêm'],['001832']
viết lia lịa,['viết lia lịa'],['001833']
buổi sáng,['buổi sáng'],['001834']
Vĩnh Long,['Vĩnh Long'],['001835']
buổi sáng,['buổi sáng'],['001836']
Vĩnh Phúc,['Vĩnh Phúc'],['001837']
buổi sáng,['buổi sáng'],['001838']
vịnh,['vịnh'],['001839']
buổi tối,['buổi tối'],['001840']
vịnh Hạ Long,['vịnh Hạ Long'],['001841']
buổi tối,['buổi tối'],['001842']
Võ Nguyên Giáp,['Võ Nguyên Giáp'],['001843']
buổi tối,['buổi tối'],['001844']
vòi voi,['vòi voi'],['001845']
buổi trưa,['buổi trưa'],['001846']
vòng đeo tay,['vòng đeo tay'],['001847']
buổi trưa,['buổi trưa'],['001848']
buổi trưa,['buổi trưa'],['001849']
vỏ,['vỏ'],['001850']
buôn làng,['buôn làng'],['001851']
võ thuật,['võ thuật'],['001852']
buồn nôn,['buồn nôn'],['001853']
vòi nước,['vòi nước'],['001854']
buông màn,['buông màn'],['001855']
vòng đời,['vòng đời'],['001856']
buông màn,['buông màn'],['001857']
vòng tròn,['vòng tròn'],['001858']
buông màn,['buông màn'],['001859']
võng (cái võng),['võng (cái võng)'],['001860']
buồng trứng,['buồng trứng'],['001861']
nhiều vô cùng,['nhiều vô cùng'],['001862']
búp bê,['búp bê'],['001863']
vô lí,['vô lí'],['001864']
bút,['bút'],['001865']
vô lo vô nghĩ,['vô lo vô nghĩ'],['001866']
bút bi,['bút bi'],['001867']
vô tâm,['vô tâm'],['001868']
bút màu,['bút màu'],['001869']
xa vô tận,['xa vô tận'],['001870']
bút máy,['bút máy'],['001871']
vô tư,['vô tư'],['001872']
bữa cơm,['bữa cơm'],['001873']
vô ý,['vô ý'],['001874']
vô ý thức,['vô ý thức'],['001875']
bức tranh,['bức tranh'],['001876']
vồ,['vồ'],['001877']
bức tranh,['bức tranh'],['001878']
vỗ cánh,['vỗ cánh'],['001879']
bức tường,['bức tường'],['001880']
vỗ tay,['vỗ tay'],['001881']
bước,['bước'],['001882']
vội vã,['vội vã'],['001883']
bước chân,['bước chân'],['001884']
vở chèo,['vở chèo'],['001885']
bướng bỉnh,['bướng bỉnh'],['001886']
vỡ,['vỡ'],['001887']
bướng bỉnh,['bướng bỉnh'],['001888']
vũ trụ,['vũ trụ'],['001889']
bưu tá,['bưu tá'],['001890']
vua Hùng,['vua Hùng'],['001891']
ca,['ca'],['001892']
vui chơi,['vui chơi'],['001893']
ca nô,['ca nô'],['001894']
vui chơi,['vui chơi'],['001895']
Cà Mau,['Cà Mau'],['001896']
vui chơi,['vui chơi'],['001897']
cá kho,['cá kho'],['001898']
vui mừng,['vui mừng'],['001899']
cá kho,['cá kho'],['001900']
vui mừng,['vui mừng'],['001901']
cái bè,['cái bè'],['001902']
vui mừng,['vui mừng'],['001903']
cái gương,['cái gương'],['001904']
vui sướng,['vui sướng'],['001905']
cái gương,['cái gương'],['001906']
vui sướng,['vui sướng'],['001907']
cái gương,['cái gương'],['001908']
cái nhíp,['cái nhíp'],['001909']
vui tính,['vui tính'],['001910']
cái túi,['cái túi'],['001911']
vun đắp,['vun đắp'],['001912']
Cam-pu-chia (nước Cam-pu-chia),['Cam-pu-chia (nước Cam-pu-chia)'],['001913']
vùng vẫy (dành cho người),['vùng vẫy (dành cho người)'],['001914']
Cam-pu-chia (nước Cam-pu-chia),['Cam-pu-chia (nước Cam-pu-chia)'],['001915']
hình vuông,['hình vuông'],['001916']
Cam-pu-chia (nước Cam-pu-chia),['Cam-pu-chia (nước Cam-pu-chia)'],['001917']
vuốt tóc,['vuốt tóc'],['001918']
cảnh vật,['cảnh vật'],['001919']
vuông góc,['vuông góc'],['001920']
cánh tay,['cánh tay'],['001921']
vững chắc,['vững chắc'],['001922']
cạnh,['cạnh'],['001923']
vườn thú,['vườn thú'],['001924']
cạnh bên (toán),['cạnh bên (toán)'],['001925']
vượt trội,['vượt trội'],['001926']
cạnh đáy,['cạnh đáy'],['001927']
xa cách,['xa cách'],['001928']
cạnh đối diện,['cạnh đối diện'],['001929']
xa xôi,['xa xôi'],['001930']
cao (người),['cao (người)'],['001931']
xà phòng,['xà phòng'],['001932']
cao (vật),['cao (vật)'],['001933']
xà phòng,['xà phòng'],['001934']
cao (nhà),['cao (nhà)'],['001935']
xà phòng,['xà phòng'],['001936']
cao (núi),['cao (núi)'],['001937']
xà phòng giặt,['xà phòng giặt'],['001938']
Cao Bằng,['Cao Bằng'],['001939']
xà phòng giặt,['xà phòng giặt'],['001940']
cao độ,['cao độ'],['001941']
xà phòng giặt,['xà phòng giặt'],['001942']
cao nguyên,['cao nguyên'],['001943']
xả rác,['xả rác'],['001944']
cao quý,['cao quý'],['001945']
xã hội,['xã hội'],['001946']
cao tầng,['cao tầng'],['001947']
xã hội,['xã hội'],['001948']
cao thấp,['cao thấp'],['001949']
xã hội,['xã hội'],['001950']
cao tốc,['cao tốc'],['001951']
xách túi,['xách túi'],['001952']
cát,['cát'],['001953']
xanh xao,['xanh xao'],['001954']
cau có,['cau có'],['001955']
xanh xao,['xanh xao'],['001956']
cày,['cày'],['001957']
xanh xao,['xanh xao'],['001958']
cày ruộng,['cày ruộng'],['001959']
xã,['xã'],['001960']
cây xanh tươi,['cây xanh tươi'],['001961']
cặp sách,['cặp sách'],['001962']
cây xanh tươi,['cây xanh tươi'],['001963']
cặp tóc,['cặp tóc'],['001964']
cây xanh tươi,['cây xanh tươi'],['001965']
cắt nhau,['cắt nhau'],['001966']
cần khởi động,['cần khởi động'],['001967']
xăm,['xăm'],['001968']
cấp cứu,['cấp cứu'],['001969']
xăng,['xăng'],['001970']
cấp dưỡng,['cấp dưỡng'],['001971']
xăng-ti-mét (cm),['xăng-ti-mét (cm)'],['001972']
cất giấu,['cất giấu'],['001973']
xăng-ti-mét-khối (cm3),['xăng-ti-mét-khối (cm3)'],['001974']
câu cá,['câu cá'],['001975']
xăng-ti-mét-vuông (cm2),['xăng-ti-mét-vuông (cm2)'],['001976']
câu chuyện,['câu chuyện'],['001977']
xâm lược,['xâm lược'],['001978']
câu đố,['câu đố'],['001979']
xây,['xây'],['001980']
câu đối,['câu đối'],['001981']
xây,['xây'],['001982']
câu đơn,['câu đơn'],['001983']
xây,['xây'],['001984']
câu ghép,['câu ghép'],['001985']
xây nhà,['xây nhà'],['001986']
câu thơ,['câu thơ'],['001987']
xe đạp,['xe đạp'],['001988']
câu thơ,['câu thơ'],['001989']
xe ben,['xe ben'],['001990']
câu thơ,['câu thơ'],['001991']
xe máy,['xe máy'],['001992']
câu văn,['câu văn'],['001993']
xe cảnh sát,['xe cảnh sát'],['001994']
cầu (cây cầu),['cầu (cây cầu)'],['001995']
xe cứu hỏa,['xe cứu hỏa'],['001996']
cầu cứu,['cầu cứu'],['001997']
xe cứu thương,['xe cứu thương'],['001998']
cầu giao,['cầu giao'],['001999']
xe khách,['xe khách'],['002000']
cầu kì,['cầu kì'],['002001']
xe khách,['xe khách'],['002002']
cầu nguyện,['cầu nguyện'],['002003']
xe khách,['xe khách'],['002004']
cầu thủ,['cầu thủ'],['002005']
xe lam,['xe lam'],['002006']
cầu tre,['cầu tre'],['002007']
xe lu,['xe lu'],['002008']
cây ăn quả,['cây ăn quả'],['002009']
xe cẩu,['xe cẩu'],['002010']
cây ăn quả,['cây ăn quả'],['002011']
xé rách,['xé rách'],['002012']
cây ăn quả,['cây ăn quả'],['002013']
xem xét,['xem xét'],['002014']
cây bàng,['cây bàng'],['002015']
xen,['xen'],['002016']
cây bàng,['cây bàng'],['002017']
xẻng,['xẻng'],['002018']
cây cổ thụ,['cây cổ thụ'],['002019']
xếp,['xếp'],['002020']
cây cổ thụ,['cây cổ thụ'],['002021']
xếp hàng,['xếp hàng'],['002022']
cây cổ thụ,['cây cổ thụ'],['002023']
xếp hàng dọc,['xếp hàng dọc'],['002024']
cây cối,['cây cối'],['002025']
xếp hàng ngang,['xếp hàng ngang'],['002026']
cây đa,['cây đa'],['002027']
xếp hàng ưu tiên,['xếp hàng ưu tiên'],['002028']
cây gỗ,['cây gỗ'],['002029']
xinh,['xinh'],['002030']
cây khế,['cây khế'],['002031']
xinh xắn,['xinh xắn'],['002032']
cây ngô,['cây ngô'],['002033']
xóa bảng,['xóa bảng'],['002034']
cây ngô,['cây ngô'],['002035']
xoá bỏ,['xoá bỏ'],['002036']
cây ngô,['cây ngô'],['002037']
xoáy,['xoáy'],['002038']
cây phượng,['cây phượng'],['002039']
xóm làng,['xóm làng'],['002040']
cây phượng,['cây phượng'],['002041']
xô,['xô'],['002042']
cây thân gỗ,['cây thân gỗ'],['002043']
xôi,['xôi'],['002044']
cây thân gỗ,['cây thân gỗ'],['002045']
xông hơi,['xông hơi'],['002046']
cây thân gỗ,['cây thân gỗ'],['002047']
xu (tiền),['xu (tiền)'],['002048']
cây tre,['cây tre'],['002049']
tóc dựng đứng,['tóc dựng đứng'],['002050']
cây trồng,['cây trồng'],['002051']
xuất hiện,['xuất hiện'],['002052']
cây xanh,['cây xanh'],['002053']
xuất hiện,['xuất hiện'],['002054']
cấy,['cấy'],['002055']
xuất hiện,['xuất hiện'],['002056']
cấy lúa,['cấy lúa'],['002057']
xuất khẩu,['xuất khẩu'],['002058']
cha,['cha'],['002059']
xúc xắc,['xúc xắc'],['002060']
cha mẹ,['cha mẹ'],['002061']
xung đột,['xung đột'],['002062']
chả cá,['chả cá'],['002063']
xứ Nghệ,['xứ Nghệ'],['002064']
chả cá,['chả cá'],['002065']
xưa,['xưa'],['002066']
chả cá,['chả cá'],['002067']
xưa,['xưa'],['002068']
chai,['chai'],['002069']
xưa,['xưa'],['002070']
chai nước,['chai nước'],['002071']
xương rồng,['xương rồng'],['002072']
chàng trai,['chàng trai'],['002073']
Y-Éc-Xanh,['Y-Éc-Xanh'],['002074']
chào,['chào'],['002075']
y tế,['y tế'],['002076']
chảo,['chảo'],['002077']
ý chí,['ý chí'],['002078']
chảo,['chảo'],['002079']
ý nghĩa,['ý nghĩa'],['002080']
chát,['chát'],['002081']
ý nghĩa,['ý nghĩa'],['002082']
cháu gái,['cháu gái'],['002083']
ý nghĩa,['ý nghĩa'],['002084']
cháu gái,['cháu gái'],['002085']
ý thức,['ý thức'],['002086']
cháu gái,['cháu gái'],['002087']
ý tưởng,['ý tưởng'],['002088']
cháu ngoại,['cháu ngoại'],['002089']
yếm,['yếm'],['002090']
cháu ngoại,['cháu ngoại'],['002091']
Yên Bái,['Yên Bái'],['002092']
cháu ngoại,['cháu ngoại'],['002093']
yên bình,['yên bình'],['002094']
cháu nội,['cháu nội'],['002095']
yên lòng,['yên lòng'],['002096']
cháu nội,['cháu nội'],['002097']
tôi yêu bạn,['tôi yêu bạn'],['002098']
cháu nội,['cháu nội'],['002099']
yêu cầu,['yêu cầu'],['002100']
cháu trai,['cháu trai'],['002101']
yêu cầu,['yêu cầu'],['002102']
cháu trai,['cháu trai'],['002103']
yêu cầu,['yêu cầu'],['002104']
chày,['chày'],['002105']
yêu mến (yêu quí),['yêu mến (yêu quí)'],['002106']
cháy rừng,['cháy rừng'],['002107']
yêu mến (yêu quí),['yêu mến (yêu quí)'],['002108']
chạy,['chạy'],['002109']
yêu mến (yêu quí),['yêu mến (yêu quí)'],['002110']
chú ( người),['chú ( người)'],['002111']
yếu,['yếu'],['002112']
chăm học,['chăm học'],['002113']
yếu,['yếu'],['002114']
chăm sóc sức khỏe,['chăm sóc sức khỏe'],['002115']
yếu,['yếu'],['002116']
chăm sóc sức khỏe,['chăm sóc sức khỏe'],['002117']
yếu tố,['yếu tố'],['002118']
chăm sóc sức khỏe,['chăm sóc sức khỏe'],['002119']
công văn,['công văn'],['002120']
chăn (cái chăn),['chăn (cái chăn)'],['002121']
vá quần áo,['vá quần áo'],['002122']
chăn (cái chăn),['chăn (cái chăn)'],['002123']
hoan hô,['hoan hô'],['002124']
chăn (cái chăn),['chăn (cái chăn)'],['002125']
trả thù,['trả thù'],['002126']
chăn nuôi,['chăn nuôi'],['002127']
môn Địa lý,['môn Địa lý'],['002128']
chăn nuôi,['chăn nuôi'],['002129']
môn Địa lý,['môn Địa lý'],['002130']
chăn nuôi,['chăn nuôi'],['002131']
gù lưng,['gù lưng'],['002132']
ai bảo,['ai bảo'],['002133']
chặn,['chặn'],['002134']
chặt,['chặt'],['002135']
chặt,['chặt'],['002136']
chặt,['chặt'],['002137']
chặt chẽ,['chặt chẽ'],['002138']
châm chọc,['châm chọc'],['002139']
chấm dứt,['chấm dứt'],['002140']
chấm điểm,['chấm điểm'],['002141']
chân dung,['chân dung'],['002142']
chân đất,['chân đất'],['002143']
chân tay,['chân tay'],['002144']
chất dẻo,['chất dẻo'],['002145']
chất đốt,['chất đốt'],['002146']
chất độc,['chất độc'],['002147']
chất độc màu da cam,['chất độc màu da cam'],['002148']
chất hữu cơ,['chất hữu cơ'],['002149']
chất lỏng,['chất lỏng'],['002150']
chất lượng,['chất lượng'],['002151']
chất rắn,['chất rắn'],['002152']
chất thải,['chất thải'],['002153']
chật chội,['chật chội'],['002154']
Châu Á Thái Bình Dương,['Châu Á Thái Bình Dương'],['002155']
Châu Đại Dương,['Châu Đại Dương'],['002156']
chè đỗ đỏ,['chè đỗ đỏ'],['002157']
chém,['chém'],['002158']
chen lấn,['chen lấn'],['002159']
chèn ép,['chèn ép'],['002160']
chén,['chén'],['002161']
chèo thuyền,['chèo thuyền'],['002162']
chép bài,['chép bài'],['002163']
tạo thành,['tạo thành'],['002164']
chi hội,['chi hội'],['002165']
khó tiêu,['khó tiêu'],['002166']
chi tiết,['chi tiết'],['002167']
chỉ,['chỉ'],['002168']
chỉ dẫn,['chỉ dẫn'],['002169']
chỉ huy,['chỉ huy'],['002170']
chỉ khâu,['chỉ khâu'],['002171']
đường chỉ tay,['đường chỉ tay'],['002172']
chị,['chị'],['002173']
chị chồng,['chị chồng'],['002174']
chị dâu,['chị dâu'],['002175']
Chi-lê (nước Chi-lê),['Chi-lê (nước Chi-lê)'],['002176']
chia,['chia'],['002177']
chia,['chia'],['002178']
chia,['chia'],['002179']
chia cắt,['chia cắt'],['002180']
chia đều,['chia đều'],['002181']
chia hết,['chia hết'],['002182']
chia phần,['chia phần'],['002183']
chia sẻ,['chia sẻ'],['002184']
chia tay,['chia tay'],['002185']
chìa khóa,['chìa khóa'],['002186']
chiếc gối,['chiếc gối'],['002187']
chiếc gối,['chiếc gối'],['002188']
chiếc gối,['chiếc gối'],['002189']
chiếm đoạt,['chiếm đoạt'],['002190']
chiêng,['chiêng'],['002191']
chiều cao,['chiều cao'],['002192']
chiều dài,['chiều dài'],['002193']
chiều rộng,['chiều rộng'],['002194']
chiều tối,['chiều tối'],['002195']
chiếu,['chiếu'],['002196']
chiếu,['chiếu'],['002197']
chiếu,['chiếu'],['002198']
chiếu phim,['chiếu phim'],['002199']
cá mập,['cá mập'],['002200']
chim bồ câu,['chim bồ câu'],['002201']
chim chào mào,['chim chào mào'],['002202']
chim chích chòe,['chim chích chòe'],['002203']
chim chóc,['chim chóc'],['002204']
chim đại bàng,['chim đại bàng'],['002205']
chim gõ kiến,['chim gõ kiến'],['002206']
chim phượng hoàng,['chim phượng hoàng'],['002207']
chim yến,['chim yến'],['002208']
chỉnh sửa,['chỉnh sửa'],['002209']
chín,['chín'],['002210']
chính phủ,['chính phủ'],['002211']
chính phủ,['chính phủ'],['002212']
chính quyền,['chính quyền'],['002213']
chính tả,['chính tả'],['002214']
chính xác,['chính xác'],['002215']
chính xác,['chính xác'],['002216']
chính xác,['chính xác'],['002217']
chó sói,['chó sói'],['002218']
chó xù,['chó xù'],['002219']
chọi gà,['chọi gà'],['002220']
chọi trâu,['chọi trâu'],['002221']
chọn lọc,['chọn lọc'],['002222']
chọn lựa,['chọn lựa'],['002223']
chong chóng,['chong chóng'],['002224']
chống đối,['chống đối'],['002225']
chợ Bến Thành,['chợ Bến Thành'],['002226']
chợ nổi,['chợ nổi'],['002227']
chợ nổi Cái Bè,['chợ nổi Cái Bè'],['002228']
chợ nổi Cái Răng,['chợ nổi Cái Răng'],['002229']
luân phiên,['luân phiên'],['002230']
luân phiên,['luân phiên'],['002231']
chơi,['chơi'],['002232']
chơi,['chơi'],['002233']
chớp mắt,['chớp mắt'],['002234']
chu vi,['chu vi'],['002235']
chủ đề,['chủ đề'],['002236']
chủ động,['chủ động'],['002237']
chủ nghĩa xã hội,['chủ nghĩa xã hội'],['002238']
chủ ngữ,['chủ ngữ'],['002239']
chủ nhiệm,['chủ nhiệm'],['002240']
nước tới chân mới nhảy,['nước tới chân mới nhảy'],['002241']
chú hề,['chú hề'],['002242']
chú rể,['chú rể'],['002243']
chú tễu,['chú tễu'],['002244']
thích nghi,['thích nghi'],['002245']
chú ý,['chú ý'],['002246']
chùa,['chùa'],['002247']
chùa,['chùa'],['002248']
chùa,['chùa'],['002249']
chùa Hương,['chùa Hương'],['002250']
chùa Một Cột,['chùa Một Cột'],['002251']
chuẩn bị,['chuẩn bị'],['002252']
chuẩn bị,['chuẩn bị'],['002253']
chuẩn bị,['chuẩn bị'],['002254']
chúc mừng,['chúc mừng'],['002255']
chúc mừng,['chúc mừng'],['002256']
chúc mừng,['chúc mừng'],['002257']
chúc tết,['chúc tết'],['002258']
chúc thọ,['chúc thọ'],['002259']
chúc thọ,['chúc thọ'],['002260']
chục,['chục'],['002261']
chục nghìn,['chục nghìn'],['002262']
chục triệu,['chục triệu'],['002263']
chui,['chui'],['002264']
chúi đầu,['chúi đầu'],['002265']
chum,['chum'],['002266']
chùm hoa,['chùm hoa'],['002267']
chùm khế,['chùm khế'],['002268']
chùm nho,['chùm nho'],['002269']
chùm vải,['chùm vải'],['002270']
chung kết,['chung kết'],['002271']
chuỗi hạt,['chuỗi hạt'],['002272']
chuông,['chuông'],['002273']
chuông nhà,['chuông nhà'],['002274']
chuồng,['chuồng'],['002275']
chuyên biệt,['chuyên biệt'],['002276']
chuyên cần,['chuyên cần'],['002277']
chuyên gia,['chuyên gia'],['002278']
chuyên gia,['chuyên gia'],['002279']
chuyên gia,['chuyên gia'],['002280']
chuyền bóng,['chuyền bóng'],['002281']
chim chuyền cành,['chim chuyền cành'],['002282']
chuyển đồ,['chuyển đồ'],['002283']
chuyển đổi số đo,['chuyển đổi số đo'],['002284']
chuyển động,['chuyển động'],['002285']
chuyển động đều,['chuyển động đều'],['002286']
chuyển động quay,['chuyển động quay'],['002287']
chuyển giao,['chuyển giao'],['002288']
chuyển hướng,['chuyển hướng'],['002289']
chuyển vế,['chuyển vế'],['002290']
chuyện trò,['chuyện trò'],['002291']
chữ cái,['chữ cái'],['002292']
chữa bài,['chữa bài'],['002293']
chữa bài,['chữa bài'],['002294']
chữa cháy,['chữa cháy'],['002295']
chức năng,['chức năng'],['002296']
chứng kiến,['chứng kiến'],['002297']
chương trình,['chương trình'],['002298']
chữ,['chữ'],['002299']
chữa bệnh,['chữa bệnh'],['002300']
chức vụ,['chức vụ'],['002301']
chứng cớ,['chứng cớ'],['002302']
chứng minh,['chứng minh'],['002303']
chứng nhận,['chứng nhận'],['002304']
co dãn,['co dãn'],['002305']
co giật,['co giật'],['002306']
cỏ may,['cỏ may'],['002307']
có ích,['có ích'],['002308']
trọng nam khinh nữ,['trọng nam khinh nữ'],['002309']
máy vi tính,['máy vi tính'],['002310']
con ba ba,['con ba ba'],['002311']
con bê,['con bê'],['002312']
con bê,['con bê'],['002313']
con bê,['con bê'],['002314']
con bò,['con bò'],['002315']
con bò,['con bò'],['002316']
con bò,['con bò'],['002317']
con bướm,['con bướm'],['002318']
con cá,['con cá'],['002319']
con cá,['con cá'],['002320']
con cá,['con cá'],['002321']
con chim,['con chim'],['002322']
con chó,['con chó'],['002323']
con chó,['con chó'],['002324']
con chó,['con chó'],['002325']
con chồn,['con chồn'],['002326']
con chuột,['con chuột'],['002327']
con chuột nhắt,['con chuột nhắt'],['002328']
con cò,['con cò'],['002329']
con cóc,['con cóc'],['002330']
con cọp,['con cọp'],['002331']
con cọp,['con cọp'],['002332']
con cọp,['con cọp'],['002333']
con công,['con công'],['002334']
con cua,['con cua'],['002335']
con cú mèo,['con cú mèo'],['002336']
con cừu,['con cừu'],['002337']
con dâu,['con dâu'],['002338']
con dê,['con dê'],['002339']
con dế,['con dế'],['002340']
con đẻ,['con đẻ'],['002341']
con đom đóm,['con đom đóm'],['002342']
con đường,['con đường'],['002343']
con gà,['con gà'],['002344']
con gái,['con gái'],['002345']
con gấu,['con gấu'],['002346']
con ghẹ,['con ghẹ'],['002347']
con gián,['con gián'],['002348']
con hoẵng,['con hoẵng'],['002349']
con hươu,['con hươu'],['002350']
con khỉ,['con khỉ'],['002351']
con kiến,['con kiến'],['002352']
con kiến,['con kiến'],['002353']
con kiến,['con kiến'],['002354']
con lợn (con heo),['con lợn (con heo)'],['002355']
con lợn (con heo),['con lợn (con heo)'],['002356']
con lợn (con heo),['con lợn (con heo)'],['002357']
con lươn,['con lươn'],['002358']
con mèo,['con mèo'],['002359']
con mèo,['con mèo'],['002360']
con muỗi,['con muỗi'],['002361']
con mực,['con mực'],['002362']
con nai,['con nai'],['002363']
con ngỗng,['con ngỗng'],['002364']
con người,['con người'],['002365']
con người,['con người'],['002366']
con người,['con người'],['002367']
con ngựa,['con ngựa'],['002368']
con ngựa,['con ngựa'],['002369']
con ngựa,['con ngựa'],['002370']
con nhím,['con nhím'],['002371']
con nuôi,['con nuôi'],['002372']
con nuôi,['con nuôi'],['002373']
con nuôi,['con nuôi'],['002374']
con ong,['con ong'],['002375']
con ong,['con ong'],['002376']
con ốc,['con ốc'],['002377']
con ruồi,['con ruồi'],['002378']
con rùa,['con rùa'],['002379']
con sâu,['con sâu'],['002380']
con sò,['con sò'],['002381']
con sóc,['con sóc'],['002382']
con sói,['con sói'],['002383']
con sông,['con sông'],['002384']
con số,['con số'],['002385']
con sư tử,['con sư tử'],['002386']
con sư tử,['con sư tử'],['002387']
con tem,['con tem'],['002388']
con thỏ,['con thỏ'],['002389']
con tôm,['con tôm'],['002390']
con tôm,['con tôm'],['002391']
con tôm,['con tôm'],['002392']
con trai (động vật),['con trai (động vật)'],['002393']
con trăn,['con trăn'],['002394']
con voi,['con voi'],['002395']
con voi,['con voi'],['002396']
con voi,['con voi'],['002397']
cong,['cong'],['002398']
còng (cái còng),['còng (cái còng)'],['002399']
còng,['còng'],['002400']
cõng,['cõng'],['002401']
cô dâu,['cô dâu'],['002402']
cô đơn,['cô đơn'],['002403']
cô giáo,['cô giáo'],['002404']
cô giáo,['cô giáo'],['002405']
cô giáo,['cô giáo'],['002406']
cổ,['cổ'],['002407']
cổ áo,['cổ áo'],['002408']
cổ chân,['cổ chân'],['002409']
cổ đại,['cổ đại'],['002410']
cổ họng,['cổ họng'],['002411']
cố gắng,['cố gắng'],['002412']
cổ tay,['cổ tay'],['002413']
cổ truyền,['cổ truyền'],['002414']
cổ vũ,['cổ vũ'],['002415']
cổng trường,['cổng trường'],['002416']
cổng trường,['cổng trường'],['002417']
cỗ,['cỗ'],['002418']
cố định,['cố định'],['002419']
Cô-lôm-bi-a (nước Cô-lôm-bi-a),['Cô-lôm-bi-a (nước Cô-lôm-bi-a)'],['002420']
cổ tích,['cổ tích'],['002421']
cố ý (như cố tình),['cố ý (như cố tình)'],['002422']
cốc,['cốc'],['002423']
cối giã,['cối giã'],['002424']
cối xay gió,['cối xay gió'],['002425']
cối xay lúa,['cối xay lúa'],['002426']
cốm,['cốm'],['002427']
côn trùng,['côn trùng'],['002428']
công bằng,['công bằng'],['002429']
công chúa,['công chúa'],['002430']
công cộng,['công cộng'],['002431']
công cụ,['công cụ'],['002432']
công nhận,['công nhận'],['002433']
công sức,['công sức'],['002434']
công tắc,['công tắc'],['002435']
công thức,['công thức'],['002436']
công trường,['công trường'],['002437']
công ước,['công ước'],['002438']
công viên,['công viên'],['002439']
công viên,['công viên'],['002440']
công viên,['công viên'],['002441']
công việc,['công việc'],['002442']
Paris,['Paris'],['002443']
cổng,['cổng'],['002444']
cống,['cống'],['002445']
cộng (Toán học),['cộng (Toán học)'],['002446']
cộng (Toán học),['cộng (Toán học)'],['002447']
cộng (Toán học),['cộng (Toán học)'],['002448']
cột đèn,['cột đèn'],['002449']
cột điện,['cột điện'],['002450']
cột điện,['cột điện'],['002451']
cột điện,['cột điện'],['002452']
cột nhà,['cột nhà'],['002453']
cột sống,['cột sống'],['002454']
cơ bắp,['cơ bắp'],['002455']
cơ hội,['cơ hội'],['002456']
cơ hội,['cơ hội'],['002457']
cơ hội,['cơ hội'],['002458']
cơ quan,['cơ quan'],['002459']
cơ sở,['cơ sở'],['002460']
cơ thể,['cơ thể'],['002461']
cởi áo,['cởi áo'],['002462']
cơm hộp,['cơm hộp'],['002463']
cờ,['cờ'],['002464']
cờ ca rô,['cờ ca rô'],['002465']
cơm,['cơm'],['002466']
cơm bình dân,['cơm bình dân'],['002467']
cơm bình dân,['cơm bình dân'],['002468']
cơm bình dân,['cơm bình dân'],['002469']
Cu ba (nước Cu ba),['Cu ba (nước Cu ba)'],['002470']
củ đậu,['củ đậu'],['002471']
củ khoai lang,['củ khoai lang'],['002472']
củ từ,['củ từ'],['002473']
cụ thể,['cụ thể'],['002474']
cúc áo,['cúc áo'],['002475']
cúi,['cúi'],['002476']
cuống hoa,['cuống hoa'],['002477']
cù,['cù'],['002478']
củ cà rốt,['củ cà rốt'],['002479']
củ cải trắng,['củ cải trắng'],['002480']
củ gừng,['củ gừng'],['002481']
củ hành tây,['củ hành tây'],['002482']
củ tỏi,['củ tỏi'],['002483']
củ sả,['củ sả'],['002484']
cụ,['cụ'],['002485']
cụ đồ,['cụ đồ'],['002486']
cụ già,['cụ già'],['002487']
cục tẩy,['cục tẩy'],['002488']
cùi chỏ,['cùi chỏ'],['002489']
củi,['củi'],['002490']
cụm từ,['cụm từ'],['002491']
cuộc đời,['cuộc đời'],['002492']
cuộc sống,['cuộc sống'],['002493']
cuốn,['cuốn'],['002494']
cuộn giấy vệ sinh,['cuộn giấy vệ sinh'],['002495']
cuống lá,['cuống lá'],['002496']
cử chỉ điệu bộ,['cử chỉ điệu bộ'],['002497']
cử động,['cử động'],['002498']
cưa (cái cưa),['cưa (cái cưa)'],['002499']
cửa hàng,['cửa hàng'],['002500']
cửa khẩu,['cửa khẩu'],['002501']
cửa kính,['cửa kính'],['002502']
cửa sổ,['cửa sổ'],['002503']
cưỡi ngựa,['cưỡi ngựa'],['002504']
yên ngựa,['yên ngựa'],['002505']
cướp,['cướp'],['002506']
cướp,['cướp'],['002507']
cướp,['cướp'],['002508']
cướp biển,['cướp biển'],['002509']
cướp cờ,['cướp cờ'],['002510']
cướp giật,['cướp giật'],['002511']
cứu,['cứu'],['002512']
cứu hộ,['cứu hộ'],['002513']
dai,['dai'],['002514']
dài,['dài'],['002515']
dài hạn,['dài hạn'],['002516']
dàn bài,['dàn bài'],['002517']
dàn nhạc,['dàn nhạc'],['002518']
danh bạ,['danh bạ'],['002519']
danh dự,['danh dự'],['002520']
danh hiệu,['danh hiệu'],['002521']
danh lam thắng cảnh,['danh lam thắng cảnh'],['002522']
danh mục,['danh mục'],['002523']
danh nhân,['danh nhân'],['002524']
danh sách,['danh sách'],['002525']
danh từ,['danh từ'],['002526']
danh từ riêng,['danh từ riêng'],['002527']
dán,['dán'],['002528']
dao,['dao'],['002529']
dãy nhà,['dãy nhà'],['002530']
dãy núi,['dãy núi'],['002531']
dãy số,['dãy số'],['002532']
dãy số liệu,['dãy số liệu'],['002533']
dân ca,['dân ca'],['002534']
dân chài,['dân chài'],['002535']
gian lận,['gian lận'],['002536']
dân số,['dân số'],['002537']
dân tộc,['dân tộc'],['002538']
dân tộc,['dân tộc'],['002539']
dân tộc,['dân tộc'],['002540']
dân tộc thiểu số,['dân tộc thiểu số'],['002541']
dân tộc thiểu số,['dân tộc thiểu số'],['002542']
dân tộc thiểu số,['dân tộc thiểu số'],['002543']
dẫn chương trình,['dẫn chương trình'],['002544']
dẫn chứng,['dẫn chứng'],['002545']
dập,['dập'],['002546']
dầu ăn,['dầu ăn'],['002547']
dầu gội đầu,['dầu gội đầu'],['002548']
dầu hoả,['dầu hoả'],['002549']
dầu khí,['dầu khí'],['002550']
dấu chấm hỏi,['dấu chấm hỏi'],['002551']
dấu chấm than,['dấu chấm than'],['002552']
dấu chia,['dấu chia'],['002553']
dấu gạch ngang,['dấu gạch ngang'],['002554']
bắt buộc,['bắt buộc'],['002555']
dấu ngoặc đơn,['dấu ngoặc đơn'],['002556']
dấu nhân,['dấu nhân'],['002557']
dấu phẩy,['dấu phẩy'],['002558']
dây buộc tóc,['dây buộc tóc'],['002559']
dây chun,['dây chun'],['002560']
dây điện,['dây điện'],['002561']
dây điện,['dây điện'],['002562']
dây điện,['dây điện'],['002563']
dây thần kinh,['dây thần kinh'],['002564']
dây thừng,['dây thừng'],['002565']
dây xích,['dây xích'],['002566']
dép quai hậu,['dép quai hậu'],['002567']
dê con,['dê con'],['002568']
dê mẹ,['dê mẹ'],['002569']
dễ chịu,['dễ chịu'],['002570']
dễ thương,['dễ thương'],['002571']
dệt,['dệt'],['002572']
di chuyển,['di chuyển'],['002573']
di truyền,['di truyền'],['002574']
di truyền,['di truyền'],['002575']
di truyền,['di truyền'],['002576']
dịch vụ,['dịch vụ'],['002577']
dịch vụ,['dịch vụ'],['002578']
dịch vụ,['dịch vụ'],['002579']
diêm,['diêm'],['002580']
diện tích,['diện tích'],['002581']
diện tích toàn phần,['diện tích toàn phần'],['002582']
diện tích xung quanh,['diện tích xung quanh'],['002583']
diệt chủng,['diệt chủng'],['002584']
xịt côn trùng,['xịt côn trùng'],['002585']
diều,['diều'],['002586']
Dinh Độc Lập,['Dinh Độc Lập'],['002587']
hăm dọa,['hăm dọa'],['002588']
doanh nghiệp,['doanh nghiệp'],['002589']
doanh trại,['doanh trại'],['002590']
dọc,['dọc'],['002591']
dòng chữ,['dòng chữ'],['002592']
dòng họ,['dòng họ'],['002593']
dòng sông,['dòng sông'],['002594']
dốc,['dốc'],['002595']
dốt,['dốt'],['002596']
du học,['du học'],['002597']
duyên dáng,['duyên dáng'],['002598']
duyệt binh,['duyệt binh'],['002599']
nhà nước,['nhà nước'],['002600']
nhà nước,['nhà nước'],['002601']
nhà nước,['nhà nước'],['002602']
dựng phim,['dựng phim'],['002603']
đá bóng,['đá bóng'],['002604']
pháo đài,['pháo đài'],['002605']
đài sen,['đài sen'],['002606']
đại diện,['đại diện'],['002607']
đại diện,['đại diện'],['002608']
đại diện,['đại diện'],['002609']
đại dương,['đại dương'],['002610']
đại số,['đại số'],['002611']
đại tá,['đại tá'],['002612']
đại tướng,['đại tướng'],['002613']
đại úy,['đại úy'],['002614']
đan,['đan'],['002615']
đàn xê lô đại vĩ cầm,['đàn xê lô đại vĩ cầm'],['002616']
đàn bầu,['đàn bầu'],['002617']
đàn bướm,['đàn bướm'],['002618']
đàn ghi ta,['đàn ghi ta'],['002619']
đàn kiến,['đàn kiến'],['002620']
đàn tơ-rưng,['đàn tơ-rưng'],['002621']
đàng ngoài,['đàng ngoài'],['002622']
đàng trong,['đàng trong'],['002623']
đáng quý,['đáng quý'],['002624']
đánh,['đánh'],['002625']
đánh bắt,['đánh bắt'],['002626']
đánh giá,['đánh giá'],['002627']
đánh răng,['đánh răng'],['002628']
đánh trống,['đánh trống'],['002629']
đạn,['đạn'],['002630']
đào tạo,['đào tạo'],['002631']
đặc biệt,['đặc biệt'],['002632']
đặc biệt,['đặc biệt'],['002633']
đặc biệt,['đặc biệt'],['002634']
đặc biệt,['đặc biệt'],['002635']
đặc điểm,['đặc điểm'],['002636']
Đắk Lắk,['Đắk Lắk'],['002637']
đăng ký,['đăng ký'],['002638']
đăng nhập,['đăng nhập'],['002639']
đằng sau,['đằng sau'],['002640']
đằng trước,['đằng trước'],['002641']
Đặng Văn Ngữ,['Đặng Văn Ngữ'],['002642']
đắt đỏ,['đắt đỏ'],['002643']
đặt,['đặt'],['002644']
đập,['đập'],['002645']
đất,['đất'],['002646']
đất màu mỡ,['đất màu mỡ'],['002647']
đất nặn,['đất nặn'],['002648']
đầu tàu,['đầu tàu'],['002649']
đầu tiên,['đầu tiên'],['002650']
đầu xuôi đuôi lọt,['đầu xuôi đuôi lọt'],['002651']
đấu tranh,['đấu tranh'],['002652']
đấu vật,['đấu vật'],['002653']
đầy,['đầy'],['002654']
đầy đủ,['đầy đủ'],['002655']
đầy tớ,['đầy tớ'],['002656']
đẩy,['đẩy'],['002657']
đen láy (như đen nhánh),['đen láy (như đen nhánh)'],['002658']
đen láy (như đen nhánh),['đen láy (như đen nhánh)'],['002659']
đen láy (như đen nhánh),['đen láy (như đen nhánh)'],['002660']
đèn báo giao thông,['đèn báo giao thông'],['002661']
đèn báo giao thông,['đèn báo giao thông'],['002662']
đèn báo giao thông,['đèn báo giao thông'],['002663']
đèn điện,['đèn điện'],['002664']
đèn điện,['đèn điện'],['002665']
đèn pin,['đèn pin'],['002666']
đèn pin,['đèn pin'],['002667']
đèn pin,['đèn pin'],['002668']
đèn vàng,['đèn vàng'],['002669']
đèn vàng,['đèn vàng'],['002670']
đèn vàng,['đèn vàng'],['002671']
đèn xanh,['đèn xanh'],['002672']
đèn xanh,['đèn xanh'],['002673']
đèn xanh,['đèn xanh'],['002674']
đeo kính,['đeo kính'],['002675']
đèo Hải Vân,['đèo Hải Vân'],['002676']
đèo Hải Vân,['đèo Hải Vân'],['002677']
đèo Hải Vân,['đèo Hải Vân'],['002678']
đèo,['đèo'],['002679']
đẹp đẽ (như đẹp),['đẹp đẽ (như đẹp)'],['002680']
đẹp mê hồn,['đẹp mê hồn'],['002681']
để (đặt),['để (đặt)'],['002682']
đề nghị,['đề nghị'],['002683']
đề nghị,['đề nghị'],['002684']
đề tài,['đề tài'],['002685']
đề-xi-mét (dm),['đề-xi-mét (dm)'],['002686']
đề-xi-mét khối (dm3),['đề-xi-mét khối (dm3)'],['002687']
đề-xi-mét vuông (dm2),['đề-xi-mét vuông (dm2)'],['002688']
đếm,['đếm'],['002689']
đền,['đền'],['002690']
Đền Hùng,['Đền Hùng'],['002691']
đều đặn,['đều đặn'],['002692']
đi,['đi'],['002693']
đi học,['đi học'],['002694']
đĩa,['đĩa'],['002695']
đĩa DVD,['đĩa DVD'],['002696']
địa cầu,['địa cầu'],['002697']
địa đạo Củ Chi,['địa đạo Củ Chi'],['002698']
địa điểm,['địa điểm'],['002699']
tấm lòng,['tấm lòng'],['002700']
điện,['điện'],['002701']
điện,['điện'],['002702']
điện,['điện'],['002703']
Điện Biên Phủ,['Điện Biên Phủ'],['002704']
điện thoại,['điện thoại'],['002705']
điêu khắc,['điêu khắc'],['002706']
quả điều,['quả điều'],['002707']
quả điều,['quả điều'],['002708']
điều phối,['điều phối'],['002709']
điều phối,['điều phối'],['002710']
điều hòa,['điều hòa'],['002711']
điều hòa,['điều hòa'],['002712']
điều khiển,['điều khiển'],['002713']
điều kiện,['điều kiện'],['002714']
điều tra,['điều tra'],['002715']
điều trị,['điều trị'],['002716']
định vị,['định vị'],['002717']
đo,['đo'],['002718']
đoàn cải lương,['đoàn cải lương'],['002719']
đoàn thanh niên,['đoàn thanh niên'],['002720']
đoàn tụ,['đoàn tụ'],['002721']
đoán,['đoán'],['002722']
đoạn thẳng,['đoạn thẳng'],['002723']
đoạn thơ,['đoạn thơ'],['002724']
đoạn văn,['đoạn văn'],['002725']
đọc sách,['đọc sách'],['002726']
đón,['đón'],['002727']
đón tiếp,['đón tiếp'],['002728']
đóng cửa,['đóng cửa'],['002729']
đóng dấu,['đóng dấu'],['002730']
đóng góp,['đóng góp'],['002731']
đô thị,['đô thị'],['002732']
đồ chơi,['đồ chơi'],['002733']
đôi dép,['đôi dép'],['002734']
đổi,['đổi'],['002735']
đối diện,['đối diện'],['002736']
đối tượng,['đối tượng'],['002737']
nhập ngũ,['nhập ngũ'],['002738']
nhập ngũ,['nhập ngũ'],['002739']
nhập ngũ,['nhập ngũ'],['002740']
đội trưởng,['đội trưởng'],['002741']
đồn công an,['đồn công an'],['002742']
Đông Nam,['Đông Nam'],['002743']
Đông Nam Á,['Đông Nam Á'],['002744']
đồng bằng,['đồng bằng'],['002745']
đồng hồ,['đồng hồ'],['002746']
Đồng Nai,['Đồng Nai'],['002747']
Đồng Tháp Mười,['Đồng Tháp Mười'],['002748']
đổ nước,['đổ nước'],['002749']
độc lập,['độc lập'],['002750']
đối thoại,['đối thoại'],['002751']
đối xử,['đối xử'],['002752']
đối xứng,['đối xứng'],['002753']
đội thiếu niên,['đội thiếu niên'],['002754']
trống (không có gì),['trống (không có gì)'],['002755']
Đông Dương,['Đông Dương'],['002756']
đông lạnh,['đông lạnh'],['002757']
Đông Timor (nước Đông Timor),['Đông Timor (nước Đông Timor)'],['002758']
đồng bào,['đồng bào'],['002759']
đồng lúa,['đồng lúa'],['002760']
đồng phục,['đồng phục'],['002761']
đồng phục,['đồng phục'],['002762']
đồng phục,['đồng phục'],['002763']
đồng ruộng,['đồng ruộng'],['002764']
đồng tiền,['đồng tiền'],['002765']
rơm rớm,['rơm rớm'],['002766']
nhiệt độ,['nhiệt độ'],['002767']
động cơ,['động cơ'],['002768']
tác động,['tác động'],['002769']
động viên,['động viên'],['002770']
đợi,['đợi'],['002771']
đợi,['đợi'],['002772']
đợi,['đợi'],['002773']
đơn giản,['đơn giản'],['002774']
dung tích,['dung tích'],['002775']
tính,['tính'],['002776']
đỡ,['đỡ'],['002777']
đua ngựa,['đua ngựa'],['002778']
đua thuyền,['đua thuyền'],['002779']
đua xe máy,['đua xe máy'],['002780']
đũa,['đũa'],['002781']
đun nấu,['đun nấu'],['002782']
đuốc,['đuốc'],['002783']
đuôi,['đuôi'],['002784']
sa thải,['sa thải'],['002785']
đưa đón,['đưa đón'],['002786']
đứng nghiêm,['đứng nghiêm'],['002787']
đường cao,['đường cao'],['002788']
đường chéo,['đường chéo'],['002789']
đường hàng không,['đường hàng không'],['002790']
đường hầm,['đường hầm'],['002791']
đường kính,['đường kính'],['002792']
đường Nguyễn Huệ,['đường Nguyễn Huệ'],['002793']
đường sắt,['đường sắt'],['002794']
đường thẳng,['đường thẳng'],['002795']
đường thuỷ,['đường thuỷ'],['002796']
đường tròn,['đường tròn'],['002797']
e thẹn,['e thẹn'],['002798']
e thẹn,['e thẹn'],['002799']
e thẹn,['e thẹn'],['002800']
em dâu,['em dâu'],['002801']
em gái,['em gái'],['002802']
em rể,['em rể'],['002803']
em rể,['em rể'],['002804']
em trai,['em trai'],['002805']
em út,['em út'],['002806']
email,['email'],['002807']
Ê Đê,['Ê Đê'],['002808']
ế ẩm,['ế ẩm'],['002809']
Ê-ti-ô-pi-a (nước Ê-ti-ô-pi-a),['Ê-ti-ô-pi-a (nước Ê-ti-ô-pi-a)'],['002810']
ga tàu,['ga tàu'],['002811']
ga tàu,['ga tàu'],['002812']
ga tàu,['ga tàu'],['002813']
gà mái,['gà mái'],['002814']
gà rừng,['gà rừng'],['002815']
gà tây,['gà tây'],['002816']
gà trống,['gà trống'],['002817']
gai,['gai'],['002818']
gãi đầu gãi tai,['gãi đầu gãi tai'],['002819']
gan,['gan'],['002820']
gan dạ,['gan dạ'],['002821']
gan lì,['gan lì'],['002822']
gang tay,['gang tay'],['002823']
gánh,['gánh'],['002824']
gạo,['gạo'],['002825']
gạo,['gạo'],['002826']
gạo,['gạo'],['002827']
gạo nếp,['gạo nếp'],['002828']
gãy chân,['gãy chân'],['002829']
gãy tay,['gãy tay'],['002830']
gáy,['gáy'],['002831']
gặm cỏ,['gặm cỏ'],['002832']
gặm xương (con chó gặm xương),['gặm xương (con chó gặm xương)'],['002833']
gắn bó,['gắn bó'],['002834']
găng tay,['găng tay'],['002835']
gắp thức ăn,['gắp thức ăn'],['002836']
gặp gỡ,['gặp gỡ'],['002837']
gặt lúa,['gặt lúa'],['002838']
gần gũi,['gần gũi'],['002839']
gấp giấy,['gấp giấy'],['002840']
gấp quần áo,['gấp quần áo'],['002841']
gật đầu,['gật đầu'],['002842']
gật gù,['gật gù'],['002843']
gậy của người già,['gậy của người già'],['002844']
ghé thăm,['ghé thăm'],['002845']
ghép hình,['ghép hình'],['002846']
ghi chép,['ghi chép'],['002847']
ghi chú,['ghi chú'],['002848']
ghi hình,['ghi hình'],['002849']
ghi nhớ,['ghi nhớ'],['002850']
Gia Lai,['Gia Lai'],['002851']
giả bộ (giống giả vờ),['giả bộ (giống giả vờ)'],['002852']
giả mạo,['giả mạo'],['002853']
giả sử,['giả sử'],['002854']
giá sách,['giá sách'],['002855']
giai đoạn,['giai đoạn'],['002856']
giải thích,['giải thích'],['002857']
giảm,['giảm'],['002858']
giao thông,['giao thông'],['002859']
giao thông,['giao thông'],['002860']
giã,['giã'],['002861']
giá trị,['giá trị'],['002862']
giá trị,['giá trị'],['002863']
giá trị,['giá trị'],['002864']
giá trị phần trăm,['giá trị phần trăm'],['002865']
giá trị phần trăm,['giá trị phần trăm'],['002866']
giá trị phần trăm,['giá trị phần trăm'],['002867']
giá trị tuyệt đối,['giá trị tuyệt đối'],['002868']
giải lao,['giải lao'],['002869']
giải quyết,['giải quyết'],['002870']
giải vô địch,['giải vô địch'],['002871']
giám đốc,['giám đốc'],['002872']
giám khảo,['giám khảo'],['002873']
gian khổ,['gian khổ'],['002874']
giàn khoan,['giàn khoan'],['002875']
gián tiếp,['gián tiếp'],['002876']
giao hoán,['giao hoán'],['002877']
giao lưu,['giao lưu'],['002878']
giao thừa,['giao thừa'],['002879']
giao tiếp,['giao tiếp'],['002880']
giao tiếp,['giao tiếp'],['002881']
giao tiếp,['giao tiếp'],['002882']
giáo dục,['giáo dục'],['002883']
giáo sĩ,['giáo sĩ'],['002884']
giàu có,['giàu có'],['002885']
giấc ngủ,['giấc ngủ'],['002886']
giẫm,['giẫm'],['002887']
giận dỗi,['giận dỗi'],['002888']
giận dữ,['giận dữ'],['002889']
giật mình,['giật mình'],['002890']
giầy ba ta,['giầy ba ta'],['002891']
giầy dép,['giầy dép'],['002892']
giấy,['giấy'],['002893']
giấy ăn,['giấy ăn'],['002894']
giấy ăn,['giấy ăn'],['002895']
giấy ăn,['giấy ăn'],['002896']
giấy màu,['giấy màu'],['002897']
giấy màu,['giấy màu'],['002898']
giấy màu,['giấy màu'],['002899']
giấy nháp,['giấy nháp'],['002900']
giấy nháp,['giấy nháp'],['002901']
giấy nháp,['giấy nháp'],['002902']
giấy tờ,['giấy tờ'],['002903']
giẻ lau,['giẻ lau'],['002904']
gieo xúc xắc,['gieo xúc xắc'],['002905']
giếng nước,['giếng nước'],['002906']
giết,['giết'],['002907']
gió Lào,['gió Lào'],['002908']
giỏi,['giỏi'],['002909']
giống nhau,['giống nhau'],['002910']
giơ tay,['giơ tay'],['002911']
giới hạn,['giới hạn'],['002912']
giới thiệu,['giới thiệu'],['002913']
giúp đỡ,['giúp đỡ'],['002914']
giúp đỡ,['giúp đỡ'],['002915']
giúp đỡ,['giúp đỡ'],['002916']
giường,['giường'],['002917']
góc bẹt,['góc bẹt'],['002918']
góc bếp,['góc bếp'],['002919']
góc học tập,['góc học tập'],['002920']
góc nhọn,['góc nhọn'],['002921']
góc tù,['góc tù'],['002922']
góc vuông,['góc vuông'],['002923']
góc vườn,['góc vườn'],['002924']
gói (đgt),['gói (đgt)'],['002925']
gói,['gói'],['002926']
gọt bút chì (cái),['gọt bút chì (cái)'],['002927']
gọt bút chì,['gọt bút chì'],['002928']
gỗ,['gỗ'],['002929']
gỗ,['gỗ'],['002930']
gỗ,['gỗ'],['002931']
gốm sứ,['gốm sứ'],['002932']
gợi ý,['gợi ý'],['002933']
gửi,['gửi'],['002934']
gửi quà,['gửi quà'],['002935']
gửi thư,['gửi thư'],['002936']
gương,['gương'],['002937']
gương mặt,['gương mặt'],['002938']
gương mẫu,['gương mẫu'],['002939']
Hà Giang,['Hà Giang'],['002940']
Hà Lan (nước Hà Lan),['Hà Lan (nước Hà Lan)'],['002941']
Hạ Long,['Hạ Long'],['002942']
hài hước,['hài hước'],['002943']
hạn hán,['hạn hán'],['002944']
hàng chục,['hàng chục'],['002945']
hàng chục nghìn,['hàng chục nghìn'],['002946']
hàng chục triệu,['hàng chục triệu'],['002947']
hàng dọc,['hàng dọc'],['002948']
hàng đơn vị,['hàng đơn vị'],['002949']
hàng ngang,['hàng ngang'],['002950']
hàng nghìn,['hàng nghìn'],['002951']
hàng trăm,['hàng trăm'],['002952']
hàng trăm nghìn,['hàng trăm nghìn'],['002953']
hàng triệu,['hàng triệu'],['002954']
hàng xóm,['hàng xóm'],['002955']
hành động,['hành động'],['002956']
hành lang,['hành lang'],['002957']
hành quân,['hành quân'],['002958']
hành quân,['hành quân'],['002959']
hành quân,['hành quân'],['002960']
hạt,['hạt'],['002961']
hạt cườm,['hạt cườm'],['002962']
hạt lạc,['hạt lạc'],['002963']
hạt lúa,['hạt lúa'],['002964']
hạt tiêu,['hạt tiêu'],['002965']
hăng hái,['hăng hái'],['002966']
hằng đẳng thức,['hằng đẳng thức'],['002967']
hắt hơi,['hắt hơi'],['002968']
Hậu Giang,['Hậu Giang'],['002969']
hậu quả,['hậu quả'],['002970']
héc-ta (ha),['héc-ta (ha)'],['002971']
héc-tô-gam (hg),['héc-tô-gam (hg)'],['002972']
héc-tô-gam (hg),['héc-tô-gam (hg)'],['002973']
héc-tô-gam (hg),['héc-tô-gam (hg)'],['002974']
héc-tô-mét (hm),['héc-tô-mét (hm)'],['002975']
héc-tô-mét (hm),['héc-tô-mét (hm)'],['002976']
héc-tô-mét (hm),['héc-tô-mét (hm)'],['002977']
héo,['héo'],['002978']
hét (giống la),['hét (giống la)'],['002979']
hệ thống,['hệ thống'],['002980']
hệ thống,['hệ thống'],['002981']
hệ thống,['hệ thống'],['002982']
hi sinh,['hi sinh'],['002983']
hi sinh,['hi sinh'],['002984']
hi sinh,['hi sinh'],['002985']
hi vọng,['hi vọng'],['002986']
hi vọng,['hi vọng'],['002987']
hi vọng,['hi vọng'],['002988']
hiện đại,['hiện đại'],['002989']
hiện nay,['hiện nay'],['002990']
hiểu,['hiểu'],['002991']
hiểu,['hiểu'],['002992']
hiểu,['hiểu'],['002993']
hiếu thảo,['hiếu thảo'],['002994']
hình,['hình'],['002995']
hình bình hành,['hình bình hành'],['002996']
hình cầu,['hình cầu'],['002997']
hình chiếu,['hình chiếu'],['002998']
hình dáng,['hình dáng'],['002999']
hình elip,['hình elip'],['003000']
hình học,['hình học'],['003001']
hình hộp chữ nhật,['hình hộp chữ nhật'],['003002']
hình lập phương,['hình lập phương'],['003003']
hình phạt,['hình phạt'],['003004']
hình thang,['hình thang'],['003005']
hình trụ,['hình trụ'],['003006']
hình tứ giác,['hình tứ giác'],['003007']
hình vẽ,['hình vẽ'],['003008']
hoa,['hoa'],['003009']
hoa,['hoa'],['003010']
hoa,['hoa'],['003011']
hoa lay ơn,['hoa lay ơn'],['003012']
hoa sen,['hoa sen'],['003013']
hoa sen,['hoa sen'],['003014']
hoa sen,['hoa sen'],['003015']
hòa bình,['hòa bình'],['003016']
hòa nhập,['hòa nhập'],['003017']
họa sỹ,['họa sỹ'],['003018']
hoàn thành,['hoàn thành'],['003019']
hoán vị,['hoán vị'],['003020']
hoàng đế,['hoàng đế'],['003021']
hoàng hôn,['hoàng hôn'],['003022']
Hoàng tử,['Hoàng tử'],['003023']
hoảng sợ,['hoảng sợ'],['003024']
hoạt động,['hoạt động'],['003025']
hoạt hình,['hoạt hình'],['003026']
hoạt hình,['hoạt hình'],['003027']
hoạt hình,['hoạt hình'],['003028']
hỏi han,['hỏi han'],['003029']
hòn đá,['hòn đá'],['003030']
hót rác,['hót rác'],['003031']
học bổng,['học bổng'],['003032']
học kém,['học kém'],['003033']
học nhóm,['học nhóm'],['003034']
học phí,['học phí'],['003035']
học tập,['học tập'],['003036']
học trò,['học trò'],['003037']
hỏi,['hỏi'],['003038']
hỏi,['hỏi'],['003039']
hỏi,['hỏi'],['003040']
hỏi thăm,['hỏi thăm'],['003041']
hòn bi (giống viên bi),['hòn bi (giống viên bi)'],['003042']
hỏng,['hỏng'],['003043']
hỏng,['hỏng'],['003044']
hỏng,['hỏng'],['003045']
họp,['họp'],['003046']
hót,['hót'],['003047']
hót rác (cái hót rác),['hót rác (cái hót rác)'],['003048']
Hồ Chí Minh,['Hồ Chí Minh'],['003049']
hồ dán,['hồ dán'],['003050']
hồ Hoàn Kiếm,['hồ Hoàn Kiếm'],['003051']
hồ nước,['hồ nước'],['003052']
hồi hộp,['hồi hộp'],['003053']
hồi hộp,['hồi hộp'],['003054']
hồi hộp,['hồi hộp'],['003055']
hối hận,['hối hận'],['003056']
hối hận,['hối hận'],['003057']
hối hận,['hối hận'],['003058']
hối lộ,['hối lộ'],['003059']
hội nghị,['hội nghị'],['003060']
hội thảo,['hội thảo'],['003061']
hội thảo,['hội thảo'],['003062']
hộp,['hộp'],['003063']
hộp bút,['hộp bút'],['003064']
hộp sữa,['hộp sữa'],['003065']
hơi nước,['hơi nước'],['003066']
hợp đồng,['hợp đồng'],['003067']
hợp đồng,['hợp đồng'],['003068']
hợp lí,['hợp lí'],['003069']
hợp tác,['hợp tác'],['003070']
huân chương,['huân chương'],['003071']
hung ác,['hung ác'],['003072']
hung thủ,['hung thủ'],['003073']
Hung-ga-ri (nước Hung-ga-ri),['Hung-ga-ri (nước Hung-ga-ri)'],['003074']
Hùng Vương,['Hùng Vương'],['003075']
hút nước,['hút nước'],['003076']
hút thuốc lá,['hút thuốc lá'],['003077']
huy hiệu,['huy hiệu'],['003078']
huỷ diệt,['huỷ diệt'],['003079']
huyện,['huyện'],['003080']
huyện,['huyện'],['003081']
huyện,['huyện'],['003082']
Hưng Yên,['Hưng Yên'],['003083']
hướng dẫn,['hướng dẫn'],['003084']
muối i-ốt,['muối i-ốt'],['003085']
I-rắc (nước I-rắc),['I-rắc (nước I-rắc)'],['003086']
ích lợi,['ích lợi'],['003087']
in (ấn),['in (ấn)'],['003088']
ít,['ít'],['003089']
ít hơn,['ít hơn'],['003090']
ít nhất,['ít nhất'],['003091']
Italia (nước Italia),['Italia (nước Italia)'],['003092']
kẻ cắp,['kẻ cắp'],['003093']
kèn,['kèn'],['003094']
kẻ thù,['kẻ thù'],['003095']
kém,['kém'],['003096']
kém,['kém'],['003097']
kém,['kém'],['003098']
keo kiệt,['keo kiệt'],['003099']
kẹo,['kẹo'],['003100']
kẹp,['kẹp'],['003101']
kể chuyện,['kể chuyện'],['003102']
kết bạn,['kết bạn'],['003103']
kết hợp,['kết hợp'],['003104']
kết quả,['kết quả'],['003105']
kết quả,['kết quả'],['003106']
kết quả,['kết quả'],['003107']
kêu,['kêu'],['003108']
kêu gọi,['kêu gọi'],['003109']
khác,['khác'],['003110']
khách,['khách'],['003111']
khách mời,['khách mời'],['003112']
khách sạn,['khách sạn'],['003113']
khách vip,['khách vip'],['003114']
hoang mang,['hoang mang'],['003115']
khai mạc,['khai mạc'],['003116']
kháng sinh,['kháng sinh'],['003117']
Khánh Hòa,['Khánh Hòa'],['003118']
khát nước,['khát nước'],['003119']
khát vọng,['khát vọng'],['003120']
khắc phục,['khắc phục'],['003121']
khăn mặt,['khăn mặt'],['003122']
khăn quàng,['khăn quàng'],['003123']
khăn quàng đỏ,['khăn quàng đỏ'],['003124']
khâm phục,['khâm phục'],['003125']
khâu vá,['khâu vá'],['003126']
khẩu hiệu,['khẩu hiệu'],['003127']
khẩu trang,['khẩu trang'],['003128']
khe cửa,['khe cửa'],['003129']
khe núi,['khe núi'],['003130']
khen,['khen'],['003131']
khen tặng,['khen tặng'],['003132']
khéo,['khéo'],['003133']
khiêng,['khiêng'],['003134']
khó khăn,['khó khăn'],['003135']
khó khăn,['khó khăn'],['003136']
khoa học,['khoa học'],['003137']
khóa quần,['khóa quần'],['003138']
khoác vai,['khoác vai'],['003139']
khoan (cái khoan),['khoan (cái khoan)'],['003140']
khoảng cách,['khoảng cách'],['003141']
khoá (cái khóa),['khoá (cái khóa)'],['003142']
khóa cửa,['khóa cửa'],['003143']
khoác áo,['khoác áo'],['003144']
khoác tay,['khoác tay'],['003145']
khoan,['khoan'],['003146']
khoang tàu,['khoang tàu'],['003147']
khoanh tay,['khoanh tay'],['003148']
khóc,['khóc'],['003149']
khoe,['khoe'],['003150']
khỏi bệnh,['khỏi bệnh'],['003151']
khói,['khói'],['003152']
khóm dứa,['khóm dứa'],['003153']
bụi tre,['bụi tre'],['003154']
khô héo,['khô héo'],['003155']
khổ thơ,['khổ thơ'],['003156']
cầu Long Biên,['cầu Long Biên'],['003157']
khối lượng,['khối lượng'],['003158']
không gian,['không gian'],['003159']
không thẳng hàng,['không thẳng hàng'],['003160']
khổng lồ,['khổng lồ'],['003161']
khố,['khố'],['003162']
không hiểu,['không hiểu'],['003163']
không hiểu,['không hiểu'],['003164']
không hiểu,['không hiểu'],['003165']
không khí,['không khí'],['003166']
khổ,['khổ'],['003167']
khu vườn,['khu vườn'],['003168']
vực sâu,['vực sâu'],['003169']
khúc khuỷu,['khúc khuỷu'],['003170']
khung cửa số,['khung cửa số'],['003171']
khung thành,['khung thành'],['003172']
khuôn hình,['khuôn hình'],['003173']
khuy,['khuy'],['003174']
khuyên tai,['khuyên tai'],['003175']
kì diệu,['kì diệu'],['003176']
kì lạ,['kì lạ'],['003177']
kí duyệt,['kí duyệt'],['003178']
ki-lô-gam,['ki-lô-gam'],['003179']
ki-lô-mét vuông (km2),['ki-lô-mét vuông (km2)'],['003180']
kỉ niệm,['kỉ niệm'],['003181']
kỉ niệm,['kỉ niệm'],['003182']
kỉ niệm,['kỉ niệm'],['003183']
kí hiệu,['kí hiệu'],['003184']
kí tên,['kí tên'],['003185']
kí tên,['kí tên'],['003186']
kịch bản,['kịch bản'],['003187']
kiểm tra,['kiểm tra'],['003188']
kiểm tra,['kiểm tra'],['003189']
kiểm tra,['kiểm tra'],['003190']
kiếm (cái kiếm),['kiếm (cái kiếm)'],['003191']
Kiên Giang,['Kiên Giang'],['003192']
kiên quyết,['kiên quyết'],['003193']
kiến thức,['kiến thức'],['003194']
kiến trúc,['kiến trúc'],['003195']
kiến trúc sư,['kiến trúc sư'],['003196']
"kiêu (kiêu căng, kiêu xa)","['kiêu (kiêu căng, kiêu xa)']",['003197']
kim,['kim'],['003198']
kinh ngạc,['kinh ngạc'],['003199']
kinh nghiệm,['kinh nghiệm'],['003200']
kính hiển vi,['kính hiển vi'],['003201']
kính lão,['kính lão'],['003202']
kính lúp,['kính lúp'],['003203']
kính trọng,['kính trọng'],['003204']
Kon Tum,['Kon Tum'],['003205']
la bàn,['la bàn'],['003206']
la hét,['la hét'],['003207']
lá cây,['lá cây'],['003208']
lá cây,['lá cây'],['003209']
lá thư,['lá thư'],['003210']
Lạc Long Quân,['Lạc Long Quân'],['003211']
lạc quan,['lạc quan'],['003212']
lái tàu hỏa,['lái tàu hỏa'],['003213']
lái tàu hỏa,['lái tàu hỏa'],['003214']
làm quen,['làm quen'],['003215']
làm ruộng,['làm ruộng'],['003216']
làm việc,['làm việc'],['003217']
lang thang,['lang thang'],['003218']
làn sóng,['làn sóng'],['003219']
làng xóm,['làng xóm'],['003220']
Lạng Sơn,['Lạng Sơn'],['003221']
lãnh đạo,['lãnh đạo'],['003222']
thổ dân,['thổ dân'],['003223']
lao phổi,['lao phổi'],['003224']
Lào (nước Lào),['Lào (nước Lào)'],['003225']
Lào (nước Lào),['Lào (nước Lào)'],['003226']
Lào (nước Lào),['Lào (nước Lào)'],['003227']
lão già,['lão già'],['003228']
lau chùi,['lau chùi'],['003229']
lau khô,['lau khô'],['003230']
lau nhà,['lau nhà'],['003231']
lặn,['lặn'],['003232']
lặng lẽ,['lặng lẽ'],['003233']
lắp ráp,['lắp ráp'],['003234']
Lâm Đồng,['Lâm Đồng'],['003235']
lẫn lộn,['lẫn lộn'],['003236']
lầu (tầng),['lầu (tầng)'],['003237']
lây bệnh,['lây bệnh'],['003238']
lây nhiễm,['lây nhiễm'],['003239']
lấy,['lấy'],['003240']
leo trèo,['leo trèo'],['003241']
lễ bế giảng,['lễ bế giảng'],['003242']
lễ bế giảng,['lễ bế giảng'],['003243']
lễ hội,['lễ hội'],['003244']
lễ hội,['lễ hội'],['003245']
lễ hội,['lễ hội'],['003246']
lễ Nô-en,['lễ Nô-en'],['003247']
lễ Nô-en,['lễ Nô-en'],['003248']
lễ hội hóa trang,['lễ hội hóa trang'],['003249']
lễ phép,['lễ phép'],['003250']
lễ vật,['lễ vật'],['003251']
lên đường,['lên đường'],['003252']
lên ngôi,['lên ngôi'],['003253']
lên xe,['lên xe'],['003254']
lều trại,['lều trại'],['003255']
lí do,['lí do'],['003256']
Liên Bang Nga (nước Nga),['Liên Bang Nga (nước Nga)'],['003257']
Liên Bang Nga (nước Nga),['Liên Bang Nga (nước Nga)'],['003258']
Liên Bang Nga (nước Nga),['Liên Bang Nga (nước Nga)'],['003259']
liên hoan,['liên hoan'],['003260']
liên hoan,['liên hoan'],['003261']
liên hoan,['liên hoan'],['003262']
liên kết,['liên kết'],['003263']
liên lạc,['liên lạc'],['003264']
liên lạc,['liên lạc'],['003265']
liên quan,['liên quan'],['003266']
liên tục,['liên tục'],['003267']
liền sau,['liền sau'],['003268']
liền trước,['liền trước'],['003269']
liệt (liệt tay chân),['liệt (liệt tay chân)'],['003270']
liều lĩnh,['liều lĩnh'],['003271']
liều mình,['liều mình'],['003272']
linh hồn,['linh hồn'],['003273']
lĩnh hội,['lĩnh hội'],['003274']
lĩnh vực,['lĩnh vực'],['003275']
lĩnh vực,['lĩnh vực'],['003276']
lĩnh vực,['lĩnh vực'],['003277']
lo sợ,['lo sợ'],['003278']
lò xo,['lò xo'],['003279']
lọ hoa,['lọ hoa'],['003280']
lọ mực,['lọ mực'],['003281']
loa,['loa'],['003282']
loạn thị,['loạn thị'],['003283']
lon bia,['lon bia'],['003284']
Long An,['Long An'],['003285']
lọng,['lọng'],['003286']
lỗi chính tả,['lỗi chính tả'],['003287']
lỗi lầm,['lỗi lầm'],['003288']
lối đi,['lối đi'],['003289']
lông,['lông'],['003290']
lông gà,['lông gà'],['003291']
lồng bàn,['lồng bàn'],['003292']
lồng chim,['lồng chim'],['003293']
lồng tiếng,['lồng tiếng'],['003294']
lơ lửng,['lơ lửng'],['003295']
lời giải,['lời giải'],['003296']
lời nói,['lời nói'],['003297']
lợi ích,['lợi ích'],['003298']
lớp,['lớp'],['003299']
lúa,['lúa'],['003300']
luật chơi,['luật chơi'],['003301']
luật chơi,['luật chơi'],['003302']
luật chơi,['luật chơi'],['003303']
luật lệ,['luật lệ'],['003304']
lúc nào,['lúc nào'],['003305']
lúc nào,['lúc nào'],['003306']
lúc nào,['lúc nào'],['003307']
lục địa,['lục địa'],['003308']
lục giác,['lục giác'],['003309']
lùi bước,['lùi bước'],['003310']
lúng túng,['lúng túng'],['003311']
lũy tre,['lũy tre'],['003312']
luyện tập,['luyện tập'],['003313']
luyện từ và câu,['luyện từ và câu'],['003314']
lửa,['lửa'],['003315']
lược,['lược'],['003316']
lười học,['lười học'],['003317']
lười học,['lười học'],['003318']
lười học,['lười học'],['003319']
lưỡi,['lưỡi'],['003320']
lưỡi câu,['lưỡi câu'],['003321']
lưới,['lưới'],['003322']
lượm,['lượm'],['003323']
lương thực,['lương thực'],['003324']
lướt ván,['lướt ván'],['003325']
cây thông,['cây thông'],['003326']
dự trữ,['dự trữ'],['003327']
lưu ý,['lưu ý'],['003328']
lựu,['lựu'],['003329']
lựu đạn,['lựu đạn'],['003330']
ma,['ma'],['003331']
ma cà rồng,['ma cà rồng'],['003332']
ma quỷ,['ma quỷ'],['003333']
mạch lạc,['mạch lạc'],['003334']
mạch máu,['mạch máu'],['003335']
mái chèo,['mái chèo'],['003336']
mái hiên,['mái hiên'],['003337']
mái nhà,['mái nhà'],['003338']
mái tóc,['mái tóc'],['003339']
màn,['màn'],['003340']
màn,['màn'],['003341']
màn,['màn'],['003342']
mạng lưới,['mạng lưới'],['003343']
mạnh mẽ,['mạnh mẽ'],['003344']
màu cam,['màu cam'],['003345']
màu đen,['màu đen'],['003346']
màu đỏ,['màu đỏ'],['003347']
màu nâu,['màu nâu'],['003348']
màu nâu,['màu nâu'],['003349']
màu nâu,['màu nâu'],['003350']
màu nhiệm,['màu nhiệm'],['003351']
màu trắng,['màu trắng'],['003352']
màu trắng,['màu trắng'],['003353']
màu trắng,['màu trắng'],['003354']
màu xanh da trời,['màu xanh da trời'],['003355']
màu xanh da trời,['màu xanh da trời'],['003356']
màu xanh da trời,['màu xanh da trời'],['003357']
màu xanh lá cây,['màu xanh lá cây'],['003358']
màu xanh lá cây,['màu xanh lá cây'],['003359']
màu xanh lá cây,['màu xanh lá cây'],['003360']
má,['má'],['003361']
máy ảnh,['máy ảnh'],['003362']
máy bơm,['máy bơm'],['003363']
máy chiếu,['máy chiếu'],['003364']
máy in,['máy in'],['003365']
máy in,['máy in'],['003366']
máy in,['máy in'],['003367']
máy khâu,['máy khâu'],['003368']
mắc áo,['mắc áo'],['003369']
mặc,['mặc'],['003370']
mặc kệ,['mặc kệ'],['003371']
mặc quần áo,['mặc quần áo'],['003372']
mắm,['mắm'],['003373']
măng,['măng'],['003374']
mắng,['mắng'],['003375']
mắng,['mắng'],['003376']
mắng,['mắng'],['003377']
mặt,['mặt'],['003378']
mặt đất,['mặt đất'],['003379']
mặt vuông,['mặt vuông'],['003380']
mặt nạ,['mặt nạ'],['003381']
mặt dài,['mặt dài'],['003382']
mâm cơm,['mâm cơm'],['003383']
mâm ngũ quả,['mâm ngũ quả'],['003384']
mâm ngũ quả,['mâm ngũ quả'],['003385']
mất ngủ,['mất ngủ'],['003386']
mất trí,['mất trí'],['003387']
mật khẩu,['mật khẩu'],['003388']
mật khẩu,['mật khẩu'],['003389']
mật khẩu,['mật khẩu'],['003390']
mật ong,['mật ong'],['003391']
mẫu số,['mẫu số'],['003392']
mẫu số bé,['mẫu số bé'],['003393']
mẫu số chung,['mẫu số chung'],['003394']
mẫu số lớn,['mẫu số lớn'],['003395']
mây,['mây'],['003396']
mét (m),['mét (m)'],['003397']
mét khối (m3),['mét khối (m3)'],['003398']
mét vuông (m2),['mét vuông (m2)'],['003399']
Mexico (nước Mexico),['Mexico (nước Mexico)'],['003400']
Mexico (nước Mexico),['Mexico (nước Mexico)'],['003401']
mềm mại,['mềm mại'],['003402']
mênh mông,['mênh mông'],['003403']
mi-li-mét (mm),['mi-li-mét (mm)'],['003404']
mĩ thuật,['mĩ thuật'],['003405']
miền Bắc Việt Nam,['miền Bắc Việt Nam'],['003406']
miền Nam Việt Nam,['miền Nam Việt Nam'],['003407']
miêu tả,['miêu tả'],['003408']
minh hoạ,['minh hoạ'],['003409']
khoan (khoan đã),['khoan (khoan đã)'],['003410']
móc áo,['móc áo'],['003411']
Mặt trời mọc,['Mặt trời mọc'],['003412']
mõm,['mõm'],['003413']
muốn,['muốn'],['003414']
muốn,['muốn'],['003415']
muốn,['muốn'],['003416']
Mặt trời lặn,['Mặt trời lặn'],['003417']
móng chân,['móng chân'],['003418']
mồ côi,['mồ côi'],['003419']
mồ côi cha mẹ,['mồ côi cha mẹ'],['003420']
mồ hôi,['mồ hôi'],['003421']
mộc nhĩ,['mộc nhĩ'],['003422']
môi,['môi'],['003423']
môi trường,['môi trường'],['003424']
mỗi,['mỗi'],['003425']
môn Âm nhạc,['môn Âm nhạc'],['003426']
môn Đạo đức,['môn Đạo đức'],['003427']
môn Đạo đức,['môn Đạo đức'],['003428']
môn Đạo đức,['môn Đạo đức'],['003429']
môn Giáo dục công dân,['môn Giáo dục công dân'],['003430']
môn Giáo dục thể chất,['môn Giáo dục thể chất'],['003431']
môn Khoa học,['môn Khoa học'],['003432']
môn Kĩ thuật,['môn Kĩ thuật'],['003433']
môn Kĩ thuật,['môn Kĩ thuật'],['003434']
môn Kĩ thuật,['môn Kĩ thuật'],['003435']
môn Lịch sử,['môn Lịch sử'],['003436']
môn Mĩ thuật,['môn Mĩ thuật'],['003437']
môn Ngoại ngữ,['môn Ngoại ngữ'],['003438']
môn Sinh học,['môn Sinh học'],['003439']
môn Tiếng Việt,['môn Tiếng Việt'],['003440']
môn Tin học và Công nghệ,['môn Tin học và Công nghệ'],['003441']
môn Toán,['môn Toán'],['003442']
môn Tự nhiên và Xã hội,['môn Tự nhiên và Xã hội'],['003443']
một cặp,['một cặp'],['003444']
một đôi,['một đôi'],['003445']
một mình,['một mình'],['003446']
mơ ngủ,['mơ ngủ'],['003447']
mơ ước,['mơ ước'],['003448']
mở,['mở'],['003449']
mở cửa,['mở cửa'],['003450']
mở đầu,['mở đầu'],['003451']
mở màn,['mở màn'],['003452']
mở rộng,['mở rộng'],['003453']
mớ rau,['mớ rau'],['003454']
mời,['mời'],['003455']
mới,['mới'],['003456']
mới,['mới'],['003457']
mới,['mới'],['003458']
mũ lưỡi trai,['mũ lưỡi trai'],['003459']
mua bán,['mua bán'],['003460']
mua vé,['mua vé'],['003461']
mùa đông,['mùa đông'],['003462']
mùa hè,['mùa hè'],['003463']
mùa hè,['mùa hè'],['003464']
mùa hè,['mùa hè'],['003465']
mùa thu,['mùa thu'],['003466']
mùa xuân,['mùa xuân'],['003467']
mùa xuân,['mùa xuân'],['003468']
mùa xuân,['mùa xuân'],['003469']
múa rối,['múa rối'],['003470']
mũ,['mũ'],['003471']
múa,['múa'],['003472']
mui xe,['mui xe'],['003473']
muộn,['muộn'],['003474']
mưa phùn,['mưa phùn'],['003475']
mứt,['mứt'],['003476']
Nam bán cầu,['Nam bán cầu'],['003477']
Nam Định,['Nam Định'],['003478']
nạn nhân,['nạn nhân'],['003479']
"náo động, náo nhiệt","['náo động, náo nhiệt']",['003480']
náo nức,['náo nức'],['003481']
nạp điện,['nạp điện'],['003482']
nạp điện,['nạp điện'],['003483']
nạp điện,['nạp điện'],['003484']
năm ngoái,['năm ngoái'],['003485']
nằm,['nằm'],['003486']
nắn nót,['nắn nót'],['003487']
năng khiếu,['năng khiếu'],['003488']
năng lực,['năng lực'],['003489']
nấm,['nấm'],['003490']
nẻ,['nẻ'],['003491']
nén,['nén'],['003492']
nét mặt,['nét mặt'],['003493']
nếm,['nếm'],['003494']
nền nhà,['nền nhà'],['003495']
nến,['nến'],['003496']
ngà voi,['ngà voi'],['003497']
ngã ba,['ngã ba'],['003498']
ngày khai trường,['ngày khai trường'],['003499']
ngày Nhà giáo Việt nam,['ngày Nhà giáo Việt nam'],['003500']
ngày tháng,['ngày tháng'],['003501']
ngày tháng,['ngày tháng'],['003502']
ngày tháng,['ngày tháng'],['003503']
ngã,['ngã'],['003504']
ngạc nhiên,['ngạc nhiên'],['003505']
ngày nay,['ngày nay'],['003506']
ngày nay,['ngày nay'],['003507']
ngày Quốc tế Lao động,['ngày Quốc tế Lao động'],['003508']
ngày Quốc tế Lao động,['ngày Quốc tế Lao động'],['003509']
ngày sinh,['ngày sinh'],['003510']
ngày sinh,['ngày sinh'],['003511']
ngày sinh,['ngày sinh'],['003512']
ngày xưa,['ngày xưa'],['003513']
ngăn cản,['ngăn cản'],['003514']
ngăn chặn,['ngăn chặn'],['003515']
ngắn,['ngắn'],['003516']
ngắn nhất,['ngắn nhất'],['003517']
ngắt hoa,['ngắt hoa'],['003518']
ngắt hoa,['ngắt hoa'],['003519']
ngâm hạt,['ngâm hạt'],['003520']
ngân hàng,['ngân hàng'],['003521']
nghe,['nghe'],['003522']
nghé,['nghé'],['003523']
nghé,['nghé'],['003524']
nghé,['nghé'],['003525']
nghẹn ngào,['nghẹn ngào'],['003526']
nghệ sĩ,['nghệ sĩ'],['003527']
nghệ thuật,['nghệ thuật'],['003528']
nghệ thuật,['nghệ thuật'],['003529']
nghệ thuật,['nghệ thuật'],['003530']
nghi ngờ,['nghi ngờ'],['003531']
nghi ngờ,['nghi ngờ'],['003532']
nghi ngờ,['nghi ngờ'],['003533']
nghỉ hè,['nghỉ hè'],['003534']
nghỉ hè,['nghỉ hè'],['003535']
nghỉ hè,['nghỉ hè'],['003536']
nghỉ học,['nghỉ học'],['003537']
nghỉ học,['nghỉ học'],['003538']
nghỉ ngơi,['nghỉ ngơi'],['003539']
nghĩa đen,['nghĩa đen'],['003540']
nghiên cứu,['nghiên cứu'],['003541']
nghĩ,['nghĩ'],['003542']
nghị lực,['nghị lực'],['003543']
nghĩa bóng,['nghĩa bóng'],['003544']
nghĩa trang,['nghĩa trang'],['003545']
nghiêm khắc,['nghiêm khắc'],['003546']
nghiêm khắc,['nghiêm khắc'],['003547']
nghiêm khắc,['nghiêm khắc'],['003548']
nghiêm túc,['nghiêm túc'],['003549']
nghiến răng,['nghiến răng'],['003550']
ngoại hình,['ngoại hình'],['003551']
xâm hại tình dục,['xâm hại tình dục'],['003552']
ngoan ngoãn,['ngoan ngoãn'],['003553']
ngoắc tay,['ngoắc tay'],['003554']
ngoặc đơn,['ngoặc đơn'],['003555']
ngon giấc,['ngon giấc'],['003556']
ngon miệng,['ngon miệng'],['003557']
ngõ,['ngõ'],['003558']
ngón chân,['ngón chân'],['003559']
ngón tay,['ngón tay'],['003560']
ngọn cây,['ngọn cây'],['003561']
ngọn cây,['ngọn cây'],['003562']
ngọn cây,['ngọn cây'],['003563']
ngô,['ngô'],['003564']
ngô,['ngô'],['003565']
ngộ độc,['ngộ độc'],['003566']
ngộ nghĩnh,['ngộ nghĩnh'],['003567']
ngồi,['ngồi'],['003568']
ngồi,['ngồi'],['003569']
ngồi,['ngồi'],['003570']
ngôn ngữ,['ngôn ngữ'],['003571']
ngũ quả,['ngũ quả'],['003572']
nguồn gốc,['nguồn gốc'],['003573']
nguy hiểm,['nguy hiểm'],['003574']
nguy hiểm,['nguy hiểm'],['003575']
nguy hiểm,['nguy hiểm'],['003576']
nguyên nhân,['nguyên nhân'],['003577']
nguyện vọng,['nguyện vọng'],['003578']
ngữ điệu,['ngữ điệu'],['003579']
ngước nhìn,['ngước nhìn'],['003580']
ngược đãi,['ngược đãi'],['003581']
ngược lại,['ngược lại'],['003582']
người bán hàng,['người bán hàng'],['003583']
người gửi,['người gửi'],['003584']
người lái xe (ô tô),['người lái xe (ô tô)'],['003585']
người lái xe (ô tô),['người lái xe (ô tô)'],['003586']
người lái xe (ô tô),['người lái xe (ô tô)'],['003587']
người lạ,['người lạ'],['003588']
người máy,['người máy'],['003589']
người quen,['người quen'],['003590']
người xấu,['người xấu'],['003591']
người xấu,['người xấu'],['003592']
người xấu,['người xấu'],['003593']
người xưa,['người xưa'],['003594']
người xưa,['người xưa'],['003595']
người xưa,['người xưa'],['003596']
người yêu,['người yêu'],['003597']
người yêu,['người yêu'],['003598']
người yêu,['người yêu'],['003599']
ngưỡng mộ,['ngưỡng mộ'],['003600']
nhà bác học,['nhà bác học'],['003601']
nhà cửa,['nhà cửa'],['003602']
nhà sàn,['nhà sàn'],['003603']
nhà tầng,['nhà tầng'],['003604']
nhà thơ,['nhà thơ'],['003605']
nhà thờ,['nhà thờ'],['003606']
nhà trường,['nhà trường'],['003607']
nhà trường,['nhà trường'],['003608']
nhà tù,['nhà tù'],['003609']
nhãn vở,['nhãn vở'],['003610']
nhãn vở,['nhãn vở'],['003611']
nhãn vở,['nhãn vở'],['003612']
nhanh nhẹn,['nhanh nhẹn'],['003613']
nhào lộn,['nhào lộn'],['003614']
nhát gan,['nhát gan'],['003615']
nhảy cao,['nhảy cao'],['003616']
nhảy dù,['nhảy dù'],['003617']
nhảy múa,['nhảy múa'],['003618']
nháy mắt,['nháy mắt'],['003619']
nhạy cảm,['nhạy cảm'],['003620']
nhắc nhở,['nhắc nhở'],['003621']
nhăn mặt,['nhăn mặt'],['003622']
nhặt rau,['nhặt rau'],['003623']
nhân cách hoá,['nhân cách hoá'],['003624']
nhân chứng,['nhân chứng'],['003625']
nhân dân,['nhân dân'],['003626']
nhân hậu,['nhân hậu'],['003627']
nhân hậu,['nhân hậu'],['003628']
nhân hậu,['nhân hậu'],['003629']
nhân vật,['nhân vật'],['003630']
nhận hàng,['nhận hàng'],['003631']
nhận,['nhận'],['003632']
nhận thức,['nhận thức'],['003633']
nhận xét,['nhận xét'],['003634']
nhấp nháy,['nhấp nháy'],['003635']
nhập trường,['nhập trường'],['003636']
nhập trường,['nhập trường'],['003637']
nhập trường,['nhập trường'],['003638']
Nhật (nước Nhật),['Nhật (nước Nhật)'],['003639']
Nhật (nước Nhật),['Nhật (nước Nhật)'],['003640']
nhi đồng,['nhi đồng'],['003641']
nhiệt kế,['nhiệt kế'],['003642']
nhiệt kế,['nhiệt kế'],['003643']
nhiệt kế,['nhiệt kế'],['003644']
nhiều hơn,['nhiều hơn'],['003645']
