sentence,keys,id,speaker
nhìn,['nhìn'],['000000'],3
địa chỉ,['địa chỉ'],['000001'],1
nhỏ hơn,['nhỏ hơn'],['000002'],3
địa chỉ,['địa chỉ'],['000003'],1
nhỏ tuổi,['nhỏ tuổi'],['000004'],3
địa chỉ,['địa chỉ'],['000005'],1
nhóm,['nhóm'],['000006'],3
tỉnh,['tỉnh'],['000007'],1
nhọn,['nhọn'],['000008'],2
tiếp tân,['tiếp tân'],['000009'],1
nhân viên,['nhân viên'],['000010'],1
nhọn hoắt,['nhọn hoắt'],['000011'],2
Miến Điện (nước Mi-an-ma),['Miến Điện (nước Mi-an-ma)'],['000012'],1
nhổ củ cải,['nhổ củ cải'],['000013'],2
nhu cầu,['nhu cầu'],['000014'],2
nhụy hoa,['nhụy hoa'],['000015'],2
Ma Cao,['Ma Cao'],['000016'],1
như hình với bóng,['như hình với bóng'],['000017'],2
Do Thái,['Do Thái'],['000018'],1
nhược điểm,['nhược điểm'],['000019'],4
nhường nhịn,['nhường nhịn'],['000020'],2
Ả Rập (nước Ả Rập),['Ả Rập (nước Ả Rập)'],['000021'],1
niềm vui,['niềm vui'],['000022'],2
phương Tây,['phương Tây'],['000023'],1
Ninh Bình,['Ninh Bình'],['000024'],2
phương Đông,['phương Đông'],['000025'],1
no,['no'],['000026'],5
Đu Bai (nước Đu Bai),['Đu Bai (nước Đu Bai)'],['000027'],1
Albania (nước Albania),['Albania (nước Albania)'],['000028'],1
nỏ,['nỏ'],['000029'],2
người nước ngoài,['người nước ngoài'],['000030'],1
nóc nhà,['nóc nhà'],['000031'],2
nhập khẩu,['nhập khẩu'],['000032'],1
nói chuyện,['nói chuyện'],['000033'],2
nói dối,['nói dối'],['000034'],2
Tuy Hoà,['Tuy Hoà'],['000035'],1
nói leo,['nói leo'],['000036'],4
Quy Nhơn,['Quy Nhơn'],['000037'],1
hấp dẫn,['hấp dẫn'],['000038'],1
nón,['nón'],['000039'],2
nô lệ,['nô lệ'],['000040'],2
nổi da gà,['nổi da gà'],['000041'],1
ghen tị,['ghen tị'],['000042'],1
nổ lốp xe,['nổ lốp xe'],['000043'],2
ghen tị,['ghen tị'],['000044'],1
nổ mìn,['nổ mìn'],['000045'],2
ghen tị,['ghen tị'],['000046'],1
nổ súng,['nổ súng'],['000047'],2
lung tung,['lung tung'],['000048'],1
nồi,['nồi'],['000049'],2
lung tung,['lung tung'],['000050'],1
nồi cơm điện,['nồi cơm điện'],['000051'],2
lung tung,['lung tung'],['000052'],1
nổi bật,['nổi bật'],['000053'],2
hói đầu,['hói đầu'],['000054'],1
nổi dậy,['nổi dậy'],['000055'],2
cười nhếch mép,['cười nhếch mép'],['000056'],1
nổi giận,['nổi giận'],['000057'],2
cười vỡ bụng,['cười vỡ bụng'],['000058'],1
nổi nóng,['nổi nóng'],['000059'],2
nội dung,['nội dung'],['000060'],3
tham ăn,['tham ăn'],['000061'],2
nội quy,['nội quy'],['000062'],2
tham ăn,['tham ăn'],['000063'],2
nội tiếp,['nội tiếp'],['000064'],2
tham ăn,['tham ăn'],['000065'],2
nông nghiệp,['nông nghiệp'],['000066'],2
thèm,['thèm'],['000067'],1
nông thôn,['nông thôn'],['000068'],2
thói quen,['thói quen'],['000069'],1
nốt ruồi,['nốt ruồi'],['000070'],1
thói quen,['thói quen'],['000071'],1
khuyến khích,['khuyến khích'],['000072'],1
nơ,['nơ'],['000073'],2
không nghe lời,['không nghe lời'],['000074'],1
nơi chốn,['nơi chốn'],['000075'],2
không nghe lời,['không nghe lời'],['000076'],2
núi lửa,['núi lửa'],['000077'],2
không nghe lời,['không nghe lời'],['000078'],2
nước mắt,['nước mắt'],['000079'],2
ai cho,['ai cho'],['000080'],1
nước Việt nam,['nước Việt nam'],['000081'],1
không cho,['không cho'],['000082'],2
nước Việt nam,['nước Việt nam'],['000083'],3
không cho,['không cho'],['000084'],2
nước Việt nam,['nước Việt nam'],['000085'],3
không cho,['không cho'],['000086'],2
Oa-sinh-tơn,['Oa-sinh-tơn'],['000087'],2
không cần,['không cần'],['000088'],1
óc,['óc'],['000089'],2
không nên,['không nên'],['000090'],2
ô ăn quan,['ô ăn quan'],['000091'],2
không nên,['không nên'],['000092'],2
ô nhiễm,['ô nhiễm'],['000093'],2
không nên,['không nên'],['000094'],2
ốm đau,['ốm đau'],['000095'],2
bực mình,['bực mình'],['000096'],1
ôn luyện,['ôn luyện'],['000097'],2
tự giác,['tự giác'],['000098'],1
ôn tập,['ôn tập'],['000099'],2
mù chữ,['mù chữ'],['000100'],1
ổn định,['ổn định'],['000101'],2
Tết hàn thực,['Tết hàn thực'],['000102'],2
ông già,['ông già'],['000103'],2
giỗ,['giỗ'],['000104'],1
tuần lễ người Điếc thế giới,['tuần lễ người Điếc thế giới'],['000105'],1
ông ngoại,['ông ngoại'],['000106'],1
ngày của Mẹ,['ngày của Mẹ'],['000107'],1
ông ngoại,['ông ngoại'],['000108'],3
ngày của Cha,['ngày của Cha'],['000109'],1
ông ngoại,['ông ngoại'],['000110'],1
ngày của Cha,['ngày của Cha'],['000111'],1
ông nội,['ông nội'],['000112'],1
ngày của Cha,['ngày của Cha'],['000113'],1
ông nội,['ông nội'],['000114'],3
ngày thầy thuốc Việt Nam,['ngày thầy thuốc Việt Nam'],['000115'],1
ông nội,['ông nội'],['000116'],5
ngày thầy thuốc Việt Nam,['ngày thầy thuốc Việt Nam'],['000117'],1
ống nghe,['ống nghe'],['000118'],2
ngày thầy thuốc Việt Nam,['ngày thầy thuốc Việt Nam'],['000119'],1
ống nhòm,['ống nhòm'],['000120'],2
ngày thành lập quân đội nhân dân Việt Nam,['ngày thành lập quân đội nhân dân Việt Nam'],['000121'],1
ống nước,['ống nước'],['000122'],2
ngày thành lập quân đội nhân dân Việt Nam,['ngày thành lập quân đội nhân dân Việt Nam'],['000123'],1
ở ngoài,['ở ngoài'],['000124'],1
ngày thành lập quân đội nhân dân Việt Nam,['ngày thành lập quân đội nhân dân Việt Nam'],['000125'],1
ở ngoài,['ở ngoài'],['000126'],3
con cá sấu,['con cá sấu'],['000127'],1
ở ngoài,['ở ngoài'],['000128'],3
nhầm,['nhầm'],['000129'],1
pha cà phê,['pha cà phê'],['000130'],2
nhầm,['nhầm'],['000131'],1
pha chế,['pha chế'],['000132'],2
nhầm,['nhầm'],['000133'],1
pha lê,['pha lê'],['000134'],4
buồn thảm,['buồn thảm'],['000135'],1
phà,['phà'],['000136'],2
mách,['mách'],['000137'],1
phá,['phá'],['000138'],1
mách,['mách'],['000139'],1
phá,['phá'],['000140'],3
mách,['mách'],['000141'],1
phá,['phá'],['000142'],3
phản bội,['phản bội'],['000143'],1
vô duyên,['vô duyên'],['000144'],1
phản bội,['phản bội'],['000145'],4
vô duyên,['vô duyên'],['000146'],1
phản bội,['phản bội'],['000147'],4
vô duyên,['vô duyên'],['000148'],1
phản động,['phản động'],['000149'],2
ti hí mắt,['ti hí mắt'],['000150'],1
kịp thời,['kịp thời'],['000151'],1
phản xạ,['phản xạ'],['000152'],2
bối rối,['bối rối'],['000153'],1
phao,['phao'],['000154'],2
hú vía,['hú vía'],['000155'],1
pháo hoa,['pháo hoa'],['000156'],2
pháo sáng,['pháo sáng'],['000157'],2
suỵt,['suỵt'],['000158'],1
phát biểu,['phát biểu'],['000159'],2
suýt,['suýt'],['000160'],1
phát động,['phát động'],['000161'],2
suýt,['suýt'],['000162'],1
phân số,['phân số'],['000163'],2
suýt,['suýt'],['000164'],1
cá voi,['cá voi'],['000165'],1
hai phân số bằng nhau,['hai phân số bằng nhau'],['000166'],2
cá kiếm,['cá kiếm'],['000167'],1
phân số thập phân,['phân số thập phân'],['000168'],2
phân số tối giản,['phân số tối giản'],['000169'],2
đuôi cá,['đuôi cá'],['000170'],1
phân tích,['phân tích'],['000171'],2
đuôi chuột,['đuôi chuột'],['000172'],1
bít tết (bò),['bít tết (bò)'],['000173'],1
giữ nguyên,['giữ nguyên'],['000174'],2
phần trăm,['phần trăm'],['000175'],2
súp lơ,['súp lơ'],['000176'],1
mỳ tôm,['mỳ tôm'],['000177'],1
phấn (viết bảng),['phấn (viết bảng)'],['000178'],1
mỳ tôm,['mỳ tôm'],['000179'],1
phấn (viết bảng),['phấn (viết bảng)'],['000180'],3
mỳ tôm,['mỳ tôm'],['000181'],1
phấn (viết bảng),['phấn (viết bảng)'],['000182'],1
mỳ vằn thắn,['mỳ vằn thắn'],['000183'],1
phấn đấu,['phấn đấu'],['000184'],2
mỳ ý,['mỳ ý'],['000185'],1
phấn trang điểm,['phấn trang điểm'],['000186'],2
mỳ ý,['mỳ ý'],['000187'],1
phấp phới,['phấp phới'],['000188'],2
mỳ ý,['mỳ ý'],['000189'],1
phật (tượng),['phật (tượng)'],['000190'],2
bún mắm,['bún mắm'],['000191'],1
phép mầu,['phép mầu'],['000192'],2
bún chả,['bún chả'],['000193'],1
phép tính,['phép tính'],['000194'],2
bún ngan,['bún ngan'],['000195'],1
phê bình,['phê bình'],['000196'],2
bún ốc,['bún ốc'],['000197'],1
phi tiêu,['phi tiêu'],['000198'],2
bún đậu,['bún đậu'],['000199'],1
phích nước,['phích nước'],['000200'],4
phiên dịch,['phiên dịch'],['000201'],1
xôi gấc,['xôi gấc'],['000202'],1
phiên dịch,['phiên dịch'],['000203'],3
xôi gà,['xôi gà'],['000204'],1
cháo sườn,['cháo sườn'],['000205'],1
phiên dịch,['phiên dịch'],['000206'],1
cơm rang,['cơm rang'],['000207'],1
Phi-líp-pin (nước Phi-líp-pin),['Phi-líp-pin (nước Phi-líp-pin)'],['000208'],2
cắm trại,['cắm trại'],['000209'],1
Phi-líp-pin (nước Phi-líp-pin),['Phi-líp-pin (nước Phi-líp-pin)'],['000210'],3
khả năng,['khả năng'],['000211'],1
Phi-líp-pin (nước Phi-líp-pin),['Phi-líp-pin (nước Phi-líp-pin)'],['000212'],2
kỹ năng,['kỹ năng'],['000213'],1
phim hoạt hình,['phim hoạt hình'],['000214'],2
cung cấp,['cung cấp'],['000215'],1
phim hoạt hình,['phim hoạt hình'],['000216'],3
khờ dại,['khờ dại'],['000217'],1
phim hoạt hình,['phim hoạt hình'],['000218'],5
cực khổ,['cực khổ'],['000219'],1
phim tài liệu,['phim tài liệu'],['000220'],2
may mắn,['may mắn'],['000221'],1
phim truyện,['phim truyện'],['000222'],2
phim truyện,['phim truyện'],['000223'],3
từ chối,['từ chối'],['000224'],1
phim truyện,['phim truyện'],['000225'],2
từ chối,['từ chối'],['000226'],1
phong bì,['phong bì'],['000227'],2
từ chối,['từ chối'],['000228'],1
nấu nướng,['nấu nướng'],['000229'],1
phong cách,['phong cách'],['000230'],2
phong kiến,['phong kiến'],['000231'],4
xoa đầu,['xoa đầu'],['000232'],1
phong trào,['phong trào'],['000233'],2
rực rỡ,['rực rỡ'],['000234'],2
phong tục,['phong tục'],['000235'],4
thiệp sinh nhật,['thiệp sinh nhật'],['000236'],1
phòng âm nhạc,['phòng âm nhạc'],['000237'],2
thiệp sinh nhật,['thiệp sinh nhật'],['000238'],1
phòng bệnh,['phòng bệnh'],['000239'],2
thiệp sinh nhật,['thiệp sinh nhật'],['000240'],1
bánh tráng,['bánh tráng'],['000241'],2
phòng chống,['phòng chống'],['000242'],2
phòng chức năng,['phòng chức năng'],['000243'],2
tương ớt,['tương ớt'],['000244'],1
phòng đa năng,['phòng đa năng'],['000245'],2
tương ớt,['tương ớt'],['000246'],1
phòng học tin học,['phòng học tin học'],['000247'],2
tương ớt,['tương ớt'],['000248'],1
không có,['không có'],['000249'],2
phòng máy tính,['phòng máy tính'],['000250'],3
không có chi,['không có chi'],['000251'],1
phòng mĩ thuật,['phòng mĩ thuật'],['000252'],2
dân chủ,['dân chủ'],['000253'],1
phòng thí nghiệm,['phòng thí nghiệm'],['000254'],2
phòng thư viện,['phòng thư viện'],['000255'],2
xử lý,['xử lý'],['000256'],2
phòng y tế,['phòng y tế'],['000257'],2
đất ruộng,['đất ruộng'],['000258'],2
phô tô,['phô tô'],['000259'],2
tinh mắt,['tinh mắt'],['000260'],2
kia,['kia'],['000261'],2
phổ biến,['phổ biến'],['000262'],2
nóng tính,['nóng tính'],['000263'],2
phố,['phố'],['000264'],3
căm thù,['căm thù'],['000265'],2
phố cổ,['phố cổ'],['000266'],2
không đẹp,['không đẹp'],['000267'],2
phố cổ Hội an,['phố cổ Hội an'],['000268'],2
không đẹp,['không đẹp'],['000269'],2
phổi,['phổi'],['000270'],2
không đẹp,['không đẹp'],['000271'],2
phở cuốn,['phở cuốn'],['000272'],2
chúng tôi (2 người) (đại từ),['chúng tôi (2 người) (đại từ)'],['000273'],2
phở cuốn,['phở cuốn'],['000274'],3
chúng tôi (3 người) (đại từ),['chúng tôi (3 người) (đại từ)'],['000275'],2
phở cuốn,['phở cuốn'],['000276'],3
chúng tôi (4 người) (đại từ),['chúng tôi (4 người) (đại từ)'],['000277'],2
phơi quần áo,['phơi quần áo'],['000278'],2
chúng tôi (5 người) (đại từ),['chúng tôi (5 người) (đại từ)'],['000279'],2
phù hợp,['phù hợp'],['000280'],2
chúng tôi (đại từ),['chúng tôi (đại từ)'],['000281'],1
phủ nhận,['phủ nhận'],['000282'],2
các bạn (2 người),['các bạn (2 người)'],['000283'],1
Phú Thọ,['Phú Thọ'],['000284'],2
họ (2 người) (đại từ),['họ (2 người) (đại từ)'],['000285'],1
phụ huynh,['phụ huynh'],['000286'],2
họ (đại từ),['họ (đại từ)'],['000287'],1
phục hồi,['phục hồi'],['000288'],2
bạn yêu tôi,['bạn yêu tôi'],['000289'],1
phục vụ,['phục vụ'],['000290'],2
phun nước,['phun nước'],['000291'],2
tôi yêu bạn ấy,['tôi yêu bạn ấy'],['000292'],2
bạn ấy yêu tôi,['bạn ấy yêu tôi'],['000293'],2
phức tạp,['phức tạp'],['000294'],2
bạn yêu bạn ấy,['bạn yêu bạn ấy'],['000295'],2
phương hướng,['phương hướng'],['000296'],2
bạn ấy yêu bạn,['bạn ấy yêu bạn'],['000297'],2
phương pháp,['phương pháp'],['000298'],2
"anh hai, anh cả","['anh hai, anh cả']",['000299'],2
phương tiện,['phương tiện'],['000300'],2
"anh hai, anh cả","['anh hai, anh cả']",['000301'],2
phương tiện giao thông,['phương tiện giao thông'],['000302'],2
"anh hai, anh cả","['anh hai, anh cả']",['000303'],2
phương tiện giao thông,['phương tiện giao thông'],['000304'],3
"chị hai, chị cả","['chị hai, chị cả']",['000305'],2
quả bầu,['quả bầu'],['000306'],2
"chị hai, chị cả","['chị hai, chị cả']",['000307'],2
quả bưởi,['quả bưởi'],['000308'],2
"chị hai, chị cả","['chị hai, chị cả']",['000309'],2
quả bưởi,['quả bưởi'],['000310'],3
quả bưởi,['quả bưởi'],['000311'],3
quả bầu hồ lô,['quả bầu hồ lô'],['000312'],2
một là,['một là'],['000313'],2
quả cam,['quả cam'],['000314'],2
hai là,['hai là'],['000315'],2
quả chanh,['quả chanh'],['000316'],2
ba là,['ba là'],['000317'],2
quả chôm chôm,['quả chôm chôm'],['000318'],2
quả chuối,['quả chuối'],['000319'],2
ông bà,['ông bà'],['000320'],1
quả dưa hấu,['quả dưa hấu'],['000321'],2
ông bà,['ông bà'],['000322'],1
chị họ,['chị họ'],['000323'],1
quả dưa hấu,['quả dưa hấu'],['000324'],3
chị họ,['chị họ'],['000325'],1
quả dưa hấu,['quả dưa hấu'],['000326'],2
chị họ,['chị họ'],['000327'],1
quả dừa,['quả dừa'],['000328'],2
em họ,['em họ'],['000329'],1
quả dừa,['quả dừa'],['000330'],3
em họ,['em họ'],['000331'],1
quả dừa,['quả dừa'],['000332'],3
em họ,['em họ'],['000333'],1
quả dừa xiêm,['quả dừa xiêm'],['000334'],2
cháu họ,['cháu họ'],['000335'],1
quả dừa xiêm,['quả dừa xiêm'],['000336'],3
cháu họ,['cháu họ'],['000337'],1
quả dừa xiêm,['quả dừa xiêm'],['000338'],3
cháu họ,['cháu họ'],['000339'],1
quả đu đủ,['quả đu đủ'],['000340'],3
quả đu đủ,['quả đu đủ'],['000341'],5
sống sót,['sống sót'],['000342'],1
quả gấc,['quả gấc'],['000343'],2
sống sót,['sống sót'],['000344'],1
quả hồng,['quả hồng'],['000345'],2
sống sót,['sống sót'],['000346'],1
quả hồng xiêm,['quả hồng xiêm'],['000347'],2
thường xuyên,['thường xuyên'],['000348'],2
quả khế,['quả khế'],['000349'],2
thường xuyên,['thường xuyên'],['000350'],2
quả khế,['quả khế'],['000351'],3
thường xuyên,['thường xuyên'],['000352'],2
quả khế,['quả khế'],['000353'],3
đi dạo,['đi dạo'],['000354'],1
quả lê,['quả lê'],['000355'],2
về (Sài Gòn),['về (Sài Gòn)'],['000356'],1
quả mít,['quả mít'],['000357'],2
về 2 (Miền Bắc),['về 2 (Miền Bắc)'],['000358'],1
quả mướp,['quả mướp'],['000359'],2
về 2 (Miền Bắc),['về 2 (Miền Bắc)'],['000360'],1
quả na,['quả na'],['000361'],2
về 3 (đi về),['về 3 (đi về)'],['000362'],1
quả nhãn,['quả nhãn'],['000363'],2
về 4 (từ nơi khác về),['về 4 (từ nơi khác về)'],['000364'],1
quả nhãn,['quả nhãn'],['000365'],3
về 5 (về nhà),['về 5 (về nhà)'],['000366'],1
hẹn,['hẹn'],['000367'],1
quả nhãn,['quả nhãn'],['000368'],3
hẹn,['hẹn'],['000369'],1
quả nho,['quả nho'],['000370'],2
hẹn,['hẹn'],['000371'],1
quả ổi,['quả ổi'],['000372'],2
quyến luyến,['quyến luyến'],['000373'],2
quả roi,['quả roi'],['000374'],2
hứa,['hứa'],['000375'],1
quả roi,['quả roi'],['000376'],3
hứa,['hứa'],['000377'],1
quả roi,['quả roi'],['000378'],3
hứa,['hứa'],['000379'],1
quả sầu riêng,['quả sầu riêng'],['000380'],2
lâu,['lâu'],['000381'],2
quả su su,['quả su su'],['000382'],2
lâu,['lâu'],['000383'],2
quả táo,['quả táo'],['000384'],2
mỗi ngày,['mỗi ngày'],['000385'],1
quả táo,['quả táo'],['000386'],3
mỗi ngày,['mỗi ngày'],['000387'],1
quả thanh long,['quả thanh long'],['000388'],2
mỗi ngày,['mỗi ngày'],['000389'],2
quả vải,['quả vải'],['000390'],2
hàng ngày,['hàng ngày'],['000391'],2
quả xoài,['quả xoài'],['000392'],2
hàng ngày,['hàng ngày'],['000393'],2
quá cảnh,['quá cảnh'],['000394'],4
hàng ngày,['hàng ngày'],['000395'],2
quan điểm,['quan điểm'],['000396'],2
quan hệ,['quan hệ'],['000397'],4
ăn vú sữa (bằng thìa),['ăn vú sữa (bằng thìa)'],['000398'],2
quan tâm,['quan tâm'],['000399'],4
ăn vú sữa,['ăn vú sữa'],['000400'],2
hôi,['hôi'],['000401'],2
quan trọng,['quan trọng'],['000402'],2
quang hợp,['quang hợp'],['000403'],2
trông nhà,['trông nhà'],['000404'],2
chạy (động vật),['chạy (động vật)'],['000405'],2
quàng khăn,['quàng khăn'],['000406'],2
Quảng Ninh,['Quảng Ninh'],['000407'],2
xe container,['xe container'],['000408'],2
bay nhanh (máy bay),['bay nhanh (máy bay)'],['000409'],2
quát mắng,['quát mắng'],['000410'],2
chậm chạp,['chậm chạp'],['000411'],2
quạt cây,['quạt cây'],['000412'],2
ngừng lại,['ngừng lại'],['000413'],2
quay cóp,['quay cóp'],['000414'],2
dừng lại,['dừng lại'],['000415'],2
quay phim,['quay phim'],['000416'],2
quà,['quà'],['000417'],2
Quảng Nam,['Quảng Nam'],['000418'],2
thì thầm,['thì thầm'],['000419'],2
hoặc,['hoặc'],['000420'],2
Quảng Trị,['Quảng Trị'],['000421'],2
hoặc,['hoặc'],['000422'],2
quạt treo tường,['quạt treo tường'],['000423'],2
hoặc,['hoặc'],['000424'],2
quân đội,['quân đội'],['000425'],2
không muốn,['không muốn'],['000426'],2
quân đội,['quân đội'],['000427'],3
không muốn,['không muốn'],['000428'],2
quần âu,['quần âu'],['000429'],2
không muốn,['không muốn'],['000430'],2
quần bò,['quần bò'],['000431'],2
quần bò,['quần bò'],['000432'],4
sa mạc,['sa mạc'],['000433'],2
quần bò,['quần bò'],['000434'],4
xem,['xem'],['000435'],2
quần đùi,['quần đùi'],['000436'],2
xem,['xem'],['000437'],2
quần yếm,['quần yếm'],['000438'],2
xem đã,['xem đã'],['000439'],2
mồ hôi nhễ nhại,['mồ hôi nhễ nhại'],['000440'],2
quét dọn,['quét dọn'],['000441'],2
không ngon,['không ngon'],['000442'],2
quét nhà,['quét nhà'],['000443'],2
hài lòng,['hài lòng'],['000444'],2
quê,['quê'],['000445'],2
má hồng,['má hồng'],['000446'],2
quê,['quê'],['000447'],3
ngập ngừng,['ngập ngừng'],['000448'],2
quê,['quê'],['000449'],3
nói ngập ngừng,['nói ngập ngừng'],['000450'],2
quên,['quên'],['000451'],2
quốc ca,['quốc ca'],['000452'],2
Võ Thị Sáu,['Võ Thị Sáu'],['000453'],2
mít tinh,['mít tinh'],['000454'],1
quốc gia,['quốc gia'],['000455'],2
quốc hội,['quốc hội'],['000456'],2
sụp đổ,['sụp đổ'],['000457'],2
quốc khánh,['quốc khánh'],['000458'],2
thiếu thốn,['thiếu thốn'],['000459'],2
thiếu thốn,['thiếu thốn'],['000460'],2
đề phòng,['đề phòng'],['000461'],2
quốc tế,['quốc tế'],['000462'],2
thiếu thốn,['thiếu thốn'],['000463'],2
Trần Quốc Toản,['Trần Quốc Toản'],['000464'],2
xuyên Việt,['xuyên Việt'],['000465'],2
dám làm,['dám làm'],['000466'],2
Quốc Tử Giám,['Quốc Tử Giám'],['000467'],2
không dám,['không dám'],['000468'],2
quy định,['quy định'],['000469'],2
không dám,['không dám'],['000470'],2
quy đồng mẫu số,['quy đồng mẫu số'],['000471'],2
không dám,['không dám'],['000472'],2
quy nạp,['quy nạp'],['000473'],4
phiền hà,['phiền hà'],['000474'],2
quyền lợi,['quyền lợi'],['000475'],3
quyền lợi,['quyền lợi'],['000476'],2
đèn ông sao,['đèn ông sao'],['000477'],2
quyết định,['quyết định'],['000478'],2
ung thư,['ung thư'],['000479'],2
quyết định,['quyết định'],['000480'],3
ung thư,['ung thư'],['000481'],2
quyết định,['quyết định'],['000482'],2
ung thư,['ung thư'],['000483'],2
phó hiệu trưởng,['phó hiệu trưởng'],['000484'],2
quỳ,['quỳ'],['000485'],2
phó hiệu trưởng,['phó hiệu trưởng'],['000486'],2
quý hiếm,['quý hiếm'],['000487'],2
phó hiệu trưởng,['phó hiệu trưởng'],['000488'],2
quyển vở,['quyển vở'],['000489'],2
quyển vở,['quyển vở'],['000490'],3
Ô-lim-píc,['Ô-lim-píc'],['000491'],2
quyển vở,['quyển vở'],['000492'],3
vòng nguyệt quế,['vòng nguyệt quế'],['000493'],2
hữu nghị,['hữu nghị'],['000494'],2
quyết tâm,['quyết tâm'],['000495'],2
bắn cung tên,['bắn cung tên'],['000496'],2
quyết tâm,['quyết tâm'],['000497'],3
mũi tên,['mũi tên'],['000498'],2
quyết tâm,['quyết tâm'],['000499'],3
Mã Lai (nước Ma-lai-xi-a),['Mã Lai (nước Ma-lai-xi-a)'],['000500'],2
ra lệnh,['ra lệnh'],['000501'],2
Mã Lai (nước Ma-lai-xi-a),['Mã Lai (nước Ma-lai-xi-a)'],['000502'],2
ra ngoài,['ra ngoài'],['000503'],1
Mã Lai (nước Ma-lai-xi-a),['Mã Lai (nước Ma-lai-xi-a)'],['000504'],2
ra ngoài,['ra ngoài'],['000505'],4
ra ngoài,['ra ngoài'],['000506'],4
số La Mã (Toán học),['số La Mã (Toán học)'],['000507'],1
Long Vương,['Long Vương'],['000508'],1
rạp chiếu phim,['rạp chiếu phim'],['000509'],2
rau,['rau'],['000510'],2
đàng hoàng,['đàng hoàng'],['000511'],2
phân vân,['phân vân'],['000512'],1
rau bắp cải,['rau bắp cải'],['000513'],2
lau miệng,['lau miệng'],['000514'],1
rau cải,['rau cải'],['000515'],2
chó cắn,['chó cắn'],['000516'],1
rau cải thảo,['rau cải thảo'],['000517'],2
mèo cào,['mèo cào'],['000518'],1
rau dền,['rau dền'],['000519'],2
quan hệ từ,['quan hệ từ'],['000520'],1
rau mùng tơi,['rau mùng tơi'],['000521'],2
rau ngót,['rau ngót'],['000522'],2
yêu nước Việt Nam,['yêu nước Việt Nam'],['000523'],1
quan (chức vụ),['quan (chức vụ)'],['000524'],1
rằm trung thu,['rằm trung thu'],['000525'],1
rằm trung thu,['rằm trung thu'],['000526'],3
đi tuần,['đi tuần'],['000527'],1
rằm trung thu,['rằm trung thu'],['000528'],3
vỗ về,['vỗ về'],['000529'],1
hốt hoảng,['hốt hoảng'],['000530'],1
răng,['răng'],['000531'],2
chuyện nhỏ,['chuyện nhỏ'],['000532'],1
răng cưa,['răng cưa'],['000533'],2
bất khuất,['bất khuất'],['000534'],1
râu,['râu'],['000535'],2
nhưng,['nhưng'],['000536'],2
rẽ phải,['rẽ phải'],['000537'],2
nhưng,['nhưng'],['000538'],2
rèn sắt,['rèn sắt'],['000539'],2
nhưng,['nhưng'],['000540'],2
rèn luyện,['rèn luyện'],['000541'],2
hay là (hoặc là),['hay là (hoặc là)'],['000542'],2
rễ cọc,['rễ cọc'],['000543'],2
hay là (hoặc là),['hay là (hoặc là)'],['000544'],2
rế,['rế'],['000545'],2
hay là (hoặc là),['hay là (hoặc là)'],['000546'],2
riêng biệt,['riêng biệt'],['000547'],2
riêng tư,['riêng tư'],['000548'],2
Thăng Long,['Thăng Long'],['000549'],1
dãy núi Hoàng Liên Sơn,['dãy núi Hoàng Liên Sơn'],['000550'],1
rình mò,['rình mò'],['000551'],2
quanh năm,['quanh năm'],['000552'],1
rìu,['rìu'],['000553'],2
gấp đôi,['gấp đôi'],['000554'],1
rõ ràng,['rõ ràng'],['000555'],2
gấp ba,['gấp ba'],['000556'],1
rõ ràng,['rõ ràng'],['000557'],2
chia đôi,['chia đôi'],['000558'],2
róc rách,['róc rách'],['000559'],3
chia đôi,['chia đôi'],['000560'],2
rón rén,['rón rén'],['000561'],2
chia đôi,['chia đôi'],['000562'],2
rong biển,['rong biển'],['000563'],2
chia ba,['chia ba'],['000564'],2
rong chơi,['rong chơi'],['000565'],2
chia ba,['chia ba'],['000566'],2
rong chơi,['rong chơi'],['000567'],3
rong chơi,['rong chơi'],['000568'],2
đại sứ,['đại sứ'],['000569'],2
cảnh giác,['cảnh giác'],['000570'],2
rổ,['rổ'],['000571'],2
giám sát,['giám sát'],['000572'],2
rộng lớn,['rộng lớn'],['000573'],2
quan sát,['quan sát'],['000574'],2
rộng rãi,['rộng rãi'],['000575'],2
rụng tóc (đt),['rụng tóc (đt)'],['000576'],4
ăn vụng,['ăn vụng'],['000577'],2
ruộng bậc thang,['ruộng bậc thang'],['000578'],2
xảy ra,['xảy ra'],['000579'],2
dự án,['dự án'],['000580'],2
ruột già,['ruột già'],['000581'],1
ruột non,['ruột non'],['000582'],1
đầu tư,['đầu tư'],['000583'],2
năn nỉ,['năn nỉ'],['000584'],2
rút gọn,['rút gọn'],['000585'],2
háo hức,['háo hức'],['000586'],2
rút gọn phân số,['rút gọn phân số'],['000587'],2
rắc rối,['rắc rối'],['000588'],2
rửa bát,['rửa bát'],['000589'],2
rửa chân,['rửa chân'],['000590'],2
tải về,['tải về'],['000591'],2
nhõng nhẽo,['nhõng nhẽo'],['000592'],2
rửa mặt,['rửa mặt'],['000593'],2
rửa tay,['rửa tay'],['000594'],2
đen đủi,['đen đủi'],['000595'],2
rừng núi,['rừng núi'],['000596'],2
xui xẻo,['xui xẻo'],['000597'],2
long lanh (mắt),['long lanh (mắt)'],['000598'],2
rừng rậm,['rừng rậm'],['000599'],2
dỗi,['dỗi'],['000600'],2
rừng thưa,['rừng thưa'],['000601'],2
dỗi,['dỗi'],['000602'],2
rước đèn,['rước đèn'],['000603'],2
dỗi,['dỗi'],['000604'],2
rưỡi,['rưỡi'],['000605'],2
liếc nhìn,['liếc nhìn'],['000606'],2
rưỡi,['rưỡi'],['000607'],3
liếc nhìn,['liếc nhìn'],['000608'],2
rưỡi,['rưỡi'],['000609'],2
liếc nhìn,['liếc nhìn'],['000610'],2
sách,['sách'],['000611'],2
nhổ tóc,['nhổ tóc'],['000612'],2
sách giáo khoa,['sách giáo khoa'],['000613'],2
nhổ râu,['nhổ râu'],['000614'],2
sách toán,['sách toán'],['000615'],2
nhổ lông mày,['nhổ lông mày'],['000616'],2
san hô,['san hô'],['000617'],2
cắt lông mũi,['cắt lông mũi'],['000618'],2
san sẻ,['san sẻ'],['000619'],2
nhổ răng,['nhổ răng'],['000620'],2
sản xuất,['sản xuất'],['000621'],2
răng hô,['răng hô'],['000622'],2
sáng chói,['sáng chói'],['000623'],2
răng khểnh,['răng khểnh'],['000624'],2
sáng kiến,['sáng kiến'],['000625'],2
kháu khỉnh,['kháu khỉnh'],['000626'],2
sáng tạo,['sáng tạo'],['000627'],2
mọc tóc,['mọc tóc'],['000628'],2
sao,['sao'],['000629'],3
mọc râu,['mọc râu'],['000630'],2
sao,['sao'],['000631'],3
mọc ria mép,['mọc ria mép'],['000632'],2
sao chép,['sao chép'],['000633'],4
giãn cách xã hội,['giãn cách xã hội'],['000634'],1
đỏ thắm,['đỏ thắm'],['000635'],2
sáo,['sáo'],['000636'],4
tương lai,['tương lai'],['000637'],2
ria mép,['ria mép'],['000638'],2
Sapa,['Sapa'],['000639'],2
sau,['sau'],['000640'],2
trong khoảng,['trong khoảng'],['000641'],2
say sưa,['say sưa'],['000642'],2
trốn tìm,['trốn tìm'],['000643'],2
nhảy bao bố,['nhảy bao bố'],['000644'],2
sắp xếp,['sắp xếp'],['000645'],3
nhảy lò cò,['nhảy lò cò'],['000646'],2
sắt,['sắt'],['000647'],2
kéo co,['kéo co'],['000648'],2
sắt,['sắt'],['000649'],3
hội thoại,['hội thoại'],['000650'],2
sắt,['sắt'],['000651'],5
lý do,['lý do'],['000652'],2
sấm chớp,['sấm chớp'],['000653'],2
lớn hơn 1 (Toán học),['lớn hơn 1 (Toán học)'],['000654'],2
sấm sét,['sấm sét'],['000655'],2
lớn hơn 2 (Toán học),['lớn hơn 2 (Toán học)'],['000656'],2
sân chơi,['sân chơi'],['000657'],1
sân chơi,['sân chơi'],['000658'],1
tỉnh táo,['tỉnh táo'],['000659'],2
nhộn nhịp (đông người),['nhộn nhịp (đông người)'],['000660'],2
sân khấu,['sân khấu'],['000661'],3
sân nhà,['sân nhà'],['000662'],2
áo kẻ sọc,['áo kẻ sọc'],['000663'],2
sân thượng,['sân thượng'],['000664'],2
đất nước bị chia cắt (Việt Nam),['đất nước bị chia cắt (Việt Nam)'],['000665'],2
sân trường,['sân trường'],['000666'],2
thống nhất đất nước,['thống nhất đất nước'],['000667'],2
khoáng sản,['khoáng sản'],['000668'],2
sân trường,['sân trường'],['000669'],3
sân trường,['sân trường'],['000670'],3
thương mại,['thương mại'],['000671'],2
công nghiệp,['công nghiệp'],['000672'],2
sân vận động,['sân vận động'],['000673'],2
công nghiệp,['công nghiệp'],['000674'],2
sâu,['sâu'],['000675'],2
công nghiệp,['công nghiệp'],['000676'],2
sâu bọ,['sâu bọ'],['000677'],2
dân tộc Chăm,['dân tộc Chăm'],['000678'],2
sĩ diện,['sĩ diện'],['000679'],4
dân tộc Mường,['dân tộc Mường'],['000680'],2
siêng năng,['siêng năng'],['000681'],2
dân tộc Khơ me,['dân tộc Khơ me'],['000682'],2
siêu âm,['siêu âm'],['000683'],2
dân tộc Thái,['dân tộc Thái'],['000684'],2
siêu thị,['siêu thị'],['000685'],2
dân tộc Mông,['dân tộc Mông'],['000686'],2
siêu tốc,['siêu tốc'],['000687'],2
nhà rông,['nhà rông'],['000688'],2
sinh đẻ,['sinh đẻ'],['000689'],2
lãng phí,['lãng phí'],['000690'],2
sinh đẻ,['sinh đẻ'],['000691'],3
sinh đẻ,['sinh đẻ'],['000692'],3
tiến bộ,['tiến bộ'],['000693'],2
Lượm,['Lượm'],['000694'],2
sinh động,['sinh động'],['000695'],2
cứu sống,['cứu sống'],['000696'],2
sinh hoạt,['sinh hoạt'],['000697'],2
máy xúc,['máy xúc'],['000698'],2
sinh sản,['sinh sản'],['000699'],2
cảng Hải Phòng,['cảng Hải Phòng'],['000700'],2
sinh sản,['sinh sản'],['000701'],3
cảng Sài Gòn,['cảng Sài Gòn'],['000702'],2
sinh sản,['sinh sản'],['000703'],3
kim cương,['kim cương'],['000704'],2
sinh sống,['sinh sống'],['000705'],2
khởi nghiệp,['khởi nghiệp'],['000706'],2
sinh tố,['sinh tố'],['000707'],2
sinh vật,['sinh vật'],['000708'],2
vải lụa,['vải lụa'],['000709'],2
Sóc Trăng,['Sóc Trăng'],['000710'],2
vải lụa,['vải lụa'],['000711'],2
sóng biển,['sóng biển'],['000712'],2
vải lụa,['vải lụa'],['000713'],2
lượt đi,['lượt đi'],['000714'],2
sóng thần,['sóng thần'],['000715'],2
lượt về (trong thể thao),['lượt về (trong thể thao)'],['000716'],2
sổ đầu bài,['sổ đầu bài'],['000717'],2
rau diếp cá,['rau diếp cá'],['000718'],2
sổ điểm danh,['sổ điểm danh'],['000719'],2
sổ tay,['sổ tay'],['000720'],2
thao thức,['thao thức'],['000721'],2
số bé,['số bé'],['000722'],2
thâm quầng mắt,['thâm quầng mắt'],['000723'],2
số chẵn,['số chẵn'],['000724'],2
tự hào,['tự hào'],['000725'],2
quyên góp,['quyên góp'],['000726'],2
số chín,['số chín'],['000727'],2
chia rẽ,['chia rẽ'],['000728'],2
số đo,['số đo'],['000729'],2
số lẻ,['số lẻ'],['000730'],2
tự trọng,['tự trọng'],['000731'],2
gian dối,['gian dối'],['000732'],2
số liền sau,['số liền sau'],['000733'],1
số liền trước,['số liền trước'],['000734'],1
ăn bám,['ăn bám'],['000735'],2
số lớn,['số lớn'],['000736'],2
tuyên truyền,['tuyên truyền'],['000737'],2
ham chơi,['ham chơi'],['000738'],2
số thập phân,['số thập phân'],['000739'],2
ham chơi,['ham chơi'],['000740'],2
sông Hồng,['sông Hồng'],['000741'],2
sốt,['sốt'],['000742'],2
đánh cầu lông,['đánh cầu lông'],['000743'],2
cánh buồm,['cánh buồm'],['000744'],2
sơ đồ,['sơ đồ'],['000745'],3
cầu Thê Húc (Hồ Gươm),['cầu Thê Húc (Hồ Gươm)'],['000746'],2
sơ mi,['sơ mi'],['000747'],5
da trắng,['da trắng'],['000748'],2
sợi,['sợi'],['000749'],2
da trắng,['da trắng'],['000750'],2
sợi chỉ,['sợi chỉ'],['000751'],2
da trắng,['da trắng'],['000752'],2
sợi dây,['sợi dây'],['000753'],2
da ngăm (nước da ngăm đen),['da ngăm (nước da ngăm đen)'],['000754'],2
sợi len,['sợi len'],['000755'],2
da ngăm (nước da ngăm đen),['da ngăm (nước da ngăm đen)'],['000756'],2
sơn,['sơn'],['000757'],2
da ngăm (nước da ngăm đen),['da ngăm (nước da ngăm đen)'],['000758'],2
súc miệng,['súc miệng'],['000759'],2
sum họp,['sum họp'],['000760'],2
tuần trăng mật,['tuần trăng mật'],['000761'],2
năm tới,['năm tới'],['000762'],2
suối,['suối'],['000763'],2
Hoãn,['Hoãn'],['000764'],2
suy nghĩ,['suy nghĩ'],['000765'],3
huỷ,['huỷ'],['000766'],2
suy nghĩ,['suy nghĩ'],['000767'],5
phụ thuộc,['phụ thuộc'],['000768'],2
sự thật,['sự thật'],['000769'],2
sửa chữa,['sửa chữa'],['000770'],2
thuộc địa,['thuộc địa'],['000771'],2
sữa bò,['sữa bò'],['000772'],2
tẩy chay,['tẩy chay'],['000773'],2
sữa bò,['sữa bò'],['000774'],3
đau mắt,['đau mắt'],['000775'],2
sữa bò,['sữa bò'],['000776'],3
đau bụng,['đau bụng'],['000777'],2
sữa bột,['sữa bột'],['000778'],2
đau tay,['đau tay'],['000779'],2
sữa dê,['sữa dê'],['000780'],3
đau chân,['đau chân'],['000781'],2
sữa dê,['sữa dê'],['000782'],3
đau tai,['đau tai'],['000783'],2
phẫu thuật tay,['phẫu thuật tay'],['000784'],2
sữa đặc,['sữa đặc'],['000785'],3
phẫu thuật chân,['phẫu thuật chân'],['000786'],2
sữa hộp,['sữa hộp'],['000787'],2
phẫu thuật mắt,['phẫu thuật mắt'],['000788'],2
sữa hộp,['sữa hộp'],['000789'],3
phẫu thuật mũi,['phẫu thuật mũi'],['000790'],2
sữa hộp,['sữa hộp'],['000791'],2
phẫu thuật cổ,['phẫu thuật cổ'],['000792'],2
sữa rửa mặt,['sữa rửa mặt'],['000793'],2
phẫu thuật bụng,['phẫu thuật bụng'],['000794'],2
sữa,['sữa'],['000795'],1
hội chứng Đao - Down,['hội chứng Đao - Down'],['000796'],2
sữa,['sữa'],['000797'],3
bệnh Đao - Down,['bệnh Đao - Down'],['000798'],2
sữa,['sữa'],['000799'],1
mệt mỏi,['mệt mỏi'],['000800'],2
sức khỏe,['sức khỏe'],['000801'],2
cả ngày,['cả ngày'],['000802'],2
sừng,['sừng'],['000803'],2
lẩu,['lẩu'],['000804'],2
sừng bò,['sừng bò'],['000805'],3
nhà kho,['nhà kho'],['000806'],2
sừng trâu,['sừng trâu'],['000807'],2
hấp,['hấp'],['000808'],2
sương gió,['sương gió'],['000809'],2
sườn,['sườn'],['000810'],2
thối,['thối'],['000811'],2
thiu,['thiu'],['000812'],2
tác dụng,['tác dụng'],['000813'],2
nguội,['nguội'],['000814'],2
tách,['tách'],['000815'],2
ngán,['ngán'],['000816'],2
tách lớp,['tách lớp'],['000817'],2
tai,['tai'],['000818'],2
tôm hùm,['tôm hùm'],['000819'],2
cua đồng,['cua đồng'],['000820'],2
tai nạn,['tai nạn'],['000821'],2
con hàu,['con hàu'],['000822'],2
tài giỏi,['tài giỏi'],['000823'],2
hải sản,['hải sản'],['000824'],2
tài năng,['tài năng'],['000825'],2
tài trợ,['tài trợ'],['000826'],2
vịt quay,['vịt quay'],['000827'],2
gà nướng lu,['gà nướng lu'],['000828'],2
tái phát,['tái phát'],['000829'],4
bánh hamburger,['bánh hamburger'],['000830'],2
tái phạm,['tái phạm'],['000831'],2
bánh sandwich,['bánh sandwich'],['000832'],2
tái phạm,['tái phạm'],['000833'],3
bánh canh,['bánh canh'],['000834'],2
tái phạm,['tái phạm'],['000835'],3
nước ép trái cây,['nước ép trái cây'],['000836'],2
đảo Trường Sa,['đảo Trường Sa'],['000837'],2
nước ép trái cây,['nước ép trái cây'],['000838'],2
tam giác,['tam giác'],['000839'],2
"sinh tố (bơ, dâu,","['sinh tố (bơ, dâu,']",['000840'],2
tạm biệt,['tạm biệt'],['000841'],2
vắt chanh,['vắt chanh'],['000842'],2
đảo Hoàng Sa,['đảo Hoàng Sa'],['000843'],2
mía,['mía'],['000844'],2
tán thành,['tán thành'],['000845'],2
chanh đá,['chanh đá'],['000846'],2
tạo dáng,['tạo dáng'],['000847'],5
chanh nóng,['chanh nóng'],['000848'],2
tàu hoả,['tàu hoả'],['000849'],2
chanh muối,['chanh muối'],['000850'],2
tàu ngầm,['tàu ngầm'],['000851'],3
trà đá,['trà đá'],['000852'],2
tàu thuyền,['tàu thuyền'],['000853'],2
trà nóng,['trà nóng'],['000854'],2
tàu thủy,['tàu thủy'],['000855'],2
taxi,['taxi'],['000856'],2
trà sữa,['trà sữa'],['000857'],2
Socola,['Socola'],['000858'],2
tay,['tay'],['000859'],2
Cocacola,['Cocacola'],['000860'],2
tay phải,['tay phải'],['000861'],2
7up,['7up'],['000862'],2
tay trái,['tay trái'],['000863'],2
một tiết học,['một tiết học'],['000864'],2
tặc lưỡi,['tặc lưỡi'],['000865'],2
một tiếng,['một tiếng'],['000866'],2
tăm,['tăm'],['000867'],2
một tiếng,['một tiếng'],['000868'],2
tâm thần,['tâm thần'],['000869'],2
rửa mặt,['rửa mặt'],['000870'],2
tấm vải,['tấm vải'],['000871'],2
tấm vải,['tấm vải'],['000872'],3
đánh răng,['đánh răng'],['000873'],1
tuần này,['tuần này'],['000874'],2
tấm vải,['tấm vải'],['000875'],2
tuần này,['tuần này'],['000876'],2
tấn công,['tấn công'],['000877'],3
tuần này,['tuần này'],['000878'],2
tập hợp (Toán học),['tập hợp (Toán học)'],['000879'],3
tuần sau,['tuần sau'],['000880'],2
tập hợp rỗng,['tập hợp rỗng'],['000881'],3
tuần sau,['tuần sau'],['000882'],2
tập thể dục,['tập thể dục'],['000883'],2
tuần sau,['tuần sau'],['000884'],2
tập trung,['tập trung'],['000885'],2
tuần trước,['tuần trước'],['000886'],2
tập viết,['tập viết'],['000887'],2
tuần trước,['tuần trước'],['000888'],2
Tây Bắc,['Tây Bắc'],['000889'],2
tuần trước,['tuần trước'],['000890'],2
Tây Nguyên,['Tây Nguyên'],['000891'],2
cuối tuần,['cuối tuần'],['000892'],1
Tây Ninh,['Tây Ninh'],['000893'],2
cuối tháng,['cuối tháng'],['000894'],1
tên riêng,['tên riêng'],['000895'],3
cuối năm,['cuối năm'],['000896'],1
Tết Âm,['Tết Âm'],['000897'],3
mục tiêu,['mục tiêu'],['000898'],1
Tết Âm,['Tết Âm'],['000899'],5
sinh đôi,['sinh đôi'],['000900'],2
Tết Dương,['Tết Dương'],['000901'],3
sinh đôi,['sinh đôi'],['000902'],2
Tết Dương,['Tết Dương'],['000903'],5
mô tả,['mô tả'],['000904'],1
Tết Thiếu nhi,['Tết Thiếu nhi'],['000905'],3
mũm mĩm,['mũm mĩm'],['000906'],2
Tết Trung thu,['Tết Trung thu'],['000907'],2
tóc dài,['tóc dài'],['000908'],2
Tết Trung thu,['Tết Trung thu'],['000909'],3
tóc ngắn,['tóc ngắn'],['000910'],2
Tết Trung thu,['Tết Trung thu'],['000911'],3
tha thứ,['tha thứ'],['000912'],3
tóc ngắn,['tóc ngắn'],['000913'],2
tha thứ,['tha thứ'],['000914'],5
tóc ngắn,['tóc ngắn'],['000915'],2
lốc xoáy,['lốc xoáy'],['000916'],1
thả diều,['thả diều'],['000917'],2
tay chân sạch sẽ,['tay chân sạch sẽ'],['000918'],2
thả mồi,['thả mồi'],['000919'],3
tay chân sạch sẽ,['tay chân sạch sẽ'],['000920'],2
thác,['thác'],['000921'],2
tay chân sạch sẽ,['tay chân sạch sẽ'],['000922'],2
thái độ,['thái độ'],['000923'],2
nhắm mắt,['nhắm mắt'],['000924'],1
thái độ,['thái độ'],['000925'],3
sờ,['sờ'],['000926'],1
thái độ,['thái độ'],['000927'],3
cây nến,['cây nến'],['000928'],1
Thái Nguyên,['Thái Nguyên'],['000929'],2
dịu dàng,['dịu dàng'],['000930'],2
tham dự,['tham dự'],['000931'],2
làm được,['làm được'],['000932'],2
tham dự,['tham dự'],['000933'],3
dòng sông chảy,['dòng sông chảy'],['000934'],1
tham dự,['tham dự'],['000935'],3
tham khảo,['tham khảo'],['000936'],2
ăn đủ,['ăn đủ'],['000937'],1
tham lam,['tham lam'],['000938'],2
ăn vừa,['ăn vừa'],['000939'],1
tham quan,['tham quan'],['000940'],2
ăn ít,['ăn ít'],['000941'],1
tham quan,['tham quan'],['000942'],3
đồ uống,['đồ uống'],['000943'],1
tham quan,['tham quan'],['000944'],3
đồ ăn,['đồ ăn'],['000945'],1
cầu thang,['cầu thang'],['000946'],5
trang điểm,['trang điểm'],['000947'],2
tháng,['tháng'],['000948'],2
đau mắt đỏ,['đau mắt đỏ'],['000949'],2
cái vợt cá,['cái vợt cá'],['000950'],2
tháng,['tháng'],['000951'],3
tháng,['tháng'],['000952'],3
vợt cầu lông,['vợt cầu lông'],['000953'],2
con vượn,['con vượn'],['000954'],2
Thanh Hóa,['Thanh Hóa'],['000955'],2
thanh niên,['thanh niên'],['000956'],2
thắp đèn,['thắp đèn'],['000957'],2
góp tiền,['góp tiền'],['000958'],2
đường ray xe lửa,['đường ray xe lửa'],['000959'],5
họp nhóm,['họp nhóm'],['000960'],2
thành công,['thành công'],['000961'],2
họp nhóm,['họp nhóm'],['000962'],2
thành lập,['thành lập'],['000963'],3
họp nhóm,['họp nhóm'],['000964'],2
thành lập,['thành lập'],['000965'],2
nước mắm,['nước mắm'],['000966'],2
thành lập,['thành lập'],['000967'],3
thoăn thoắt,['thoăn thoắt'],['000968'],2
thành lập,['thành lập'],['000969'],2
nghênh nghênh (đầu),['nghênh nghênh (đầu)'],['000970'],2
thành thạo,['thành thạo'],['000971'],5
thành thị,['thành thị'],['000972'],2
đua đòi,['đua đòi'],['000973'],2
bình sữa (em bé),['bình sữa (em bé)'],['000974'],2
thành viên,['thành viên'],['000975'],3
thánh địa Mỹ Sơn,['thánh địa Mỹ Sơn'],['000976'],5
đòi,['đòi'],['000977'],2
tháo gỡ,['tháo gỡ'],['000978'],2
đòi hỏi,['đòi hỏi'],['000979'],2
duy nhất,['duy nhất'],['000980'],2
thăm hỏi,['thăm hỏi'],['000981'],2
cạnh tranh,['cạnh tranh'],['000982'],2
thăm hỏi,['thăm hỏi'],['000983'],2
hoa hậu,['hoa hậu'],['000984'],3
thăm hỏi,['thăm hỏi'],['000985'],2
cái neo,['cái neo'],['000986'],2
thăng bằng,['thăng bằng'],['000987'],2
phóng viên,['phóng viên'],['000988'],2
thẳng hàng (Toán học),['thẳng hàng (Toán học)'],['000989'],2
nhà văn hóa,['nhà văn hóa'],['000990'],2
thẳng tắp,['thẳng tắp'],['000991'],2
nhà văn hóa,['nhà văn hóa'],['000992'],2
thắng lợi,['thắng lợi'],['000993'],2
cây cọ,['cây cọ'],['000994'],2
thân cây,['thân cây'],['000995'],2
khu vực cách ly,['khu vực cách ly'],['000996'],2
thân cây,['thân cây'],['000997'],2
phong toả,['phong toả'],['000998'],3
thân cây,['thân cây'],['000999'],2
thung lũng,['thung lũng'],['001000'],3
thân hình,['thân hình'],['001001'],2
thân thiết,['thân thiết'],['001002'],2
địa hình,['địa hình'],['001003'],2
Kim Đồng,['Kim Đồng'],['001004'],2
thân thiện,['thân thiện'],['001005'],2
Thánh Gióng,['Thánh Gióng'],['001006'],2
thần chết,['thần chết'],['001007'],2
hoa giấy,['hoa giấy'],['001008'],2
thần kinh,['thần kinh'],['001009'],3
hoa dâm bụt,['hoa dâm bụt'],['001010'],2
thận,['thận'],['001011'],2
kết luận,['kết luận'],['001012'],2
thấp hơn,['thấp hơn'],['001013'],2
internet,['internet'],['001014'],2
thầy cô,['thầy cô'],['001015'],2
nhà vệ sinh,['nhà vệ sinh'],['001016'],2
thầy cô,['thầy cô'],['001017'],3
thầy cô,['thầy cô'],['001018'],3
đi vệ sinh,['đi vệ sinh'],['001019'],2
hoa mai,['hoa mai'],['001020'],2
thầy cúng,['thầy cúng'],['001021'],2
a,['a'],['001022'],5
thầy giáo,['thầy giáo'],['001023'],2
thầy giáo,['thầy giáo'],['001024'],3
ă,['ă'],['001025'],2
thầy giáo,['thầy giáo'],['001026'],3
ă,['ă'],['001027'],5
theo dõi,['theo dõi'],['001028'],2
â,['â'],['001029'],5
b,['b'],['001030'],5
theo đuổi,['theo đuổi'],['001031'],2
c,['c'],['001032'],5
thẻ,['thẻ'],['001033'],2
d,['d'],['001034'],5
thét,['thét'],['001035'],2
thề,['thề'],['001036'],2
đ,['đ'],['001037'],5
e,['e'],['001038'],5
thế hệ,['thế hệ'],['001039'],2
tri kỉ,['tri kỉ'],['001040'],5
ê,['ê'],['001041'],2
thêu,['thêu'],['001042'],3
ê,['ê'],['001043'],5
thi cử,['thi cử'],['001044'],2
ê,['ê'],['001045'],5
g,['g'],['001046'],2
thi cử,['thi cử'],['001047'],3
g,['g'],['001048'],5
thi cử,['thi cử'],['001049'],2
h,['h'],['001050'],2
thị giác,['thị giác'],['001051'],2
h,['h'],['001052'],5
thị lực,['thị lực'],['001053'],2
h,['h'],['001054'],5
thìa,['thìa'],['001055'],2
i,['i'],['001056'],5
thìa,['thìa'],['001057'],2
k,['k'],['001058'],5
thìa,['thìa'],['001059'],2
l,['l'],['001060'],5
thích thú,['thích thú'],['001061'],2
thích thú,['thích thú'],['001062'],2
ô,['ô'],['001063'],2
thích thú,['thích thú'],['001064'],2
ô,['ô'],['001065'],5
thiên đình,['thiên đình'],['001066'],5
ô,['ô'],['001067'],5
thiên nhiên,['thiên nhiên'],['001068'],2
ơ,['ơ'],['001069'],5
p,['p'],['001070'],2
thiên thần,['thiên thần'],['001071'],2
p,['p'],['001072'],5
thiếp đi,['thiếp đi'],['001073'],2
p,['p'],['001074'],5
thiếp mời,['thiếp mời'],['001075'],2
q,['q'],['001076'],5
thiệt thòi,['thiệt thòi'],['001077'],2
r,['r'],['001078'],5
thiếu nhi,['thiếu nhi'],['001079'],2
s,['s'],['001080'],5
thiếu niên,['thiếu niên'],['001081'],2
t,['t'],['001082'],2
thím,['thím'],['001083'],2
t,['t'],['001084'],5
thoát hiểm,['thoát hiểm'],['001085'],2
thóc (gạo),['thóc (gạo)'],['001086'],2
thổi,['thổi'],['001087'],2
u,['u'],['001088'],5
thổi bóng,['thổi bóng'],['001089'],2
ư,['ư'],['001090'],5
thổi kèn,['thổi kèn'],['001091'],2
v,['v'],['001092'],5
thông báo,['thông báo'],['001093'],2
thông cảm,['thông cảm'],['001094'],2
z,['z'],['001095'],5
f,['f'],['001096'],5
thông minh,['thông minh'],['001097'],2
j,['j'],['001098'],5
thông minh,['thông minh'],['001099'],3
thông minh,['thông minh'],['001100'],3
w,['w'],['001101'],5
dấu huyền,['dấu huyền'],['001102'],2
thông qua,['thông qua'],['001103'],2
dấu huyền,['dấu huyền'],['001104'],5
thông thường,['thông thường'],['001105'],2
dấu huyền,['dấu huyền'],['001106'],2
thông tin,['thông tin'],['001107'],2
dấu sắc,['dấu sắc'],['001108'],2
tuổi thơ ấu,['tuổi thơ ấu'],['001109'],5
dấu sắc,['dấu sắc'],['001110'],5
thờ cúng,['thờ cúng'],['001111'],5
dấu sắc,['dấu sắc'],['001112'],2
thở dài,['thở dài'],['001113'],2
dấu hỏi,['dấu hỏi'],['001114'],2
thời gian biểu,['thời gian biểu'],['001115'],2
dấu hỏi,['dấu hỏi'],['001116'],5
thở,['thở'],['001117'],2
dấu hỏi,['dấu hỏi'],['001118'],5
thợ kim hoàn,['thợ kim hoàn'],['001119'],2
dấu ngã,['dấu ngã'],['001120'],2
thợ rèn,['thợ rèn'],['001121'],2
dấu ngã,['dấu ngã'],['001122'],5
thợ thêu,['thợ thêu'],['001123'],2
dấu ngã,['dấu ngã'],['001124'],5
thơm,['thơm'],['001125'],2
dấu nặng,['dấu nặng'],['001126'],5
thơm,['thơm'],['001127'],4
3,['3'],['001128'],5
thơm,['thơm'],['001129'],4
4,['4'],['001130'],5
thu mua,['thu mua'],['001131'],2
5,['5'],['001132'],5
thu nhỏ,['thu nhỏ'],['001133'],2
6,['6'],['001134'],2
thu thập,['thu thập'],['001135'],2
6,['6'],['001136'],5
thù lao,['thù lao'],['001137'],2
6,['6'],['001138'],5
thủ công,['thủ công'],['001139'],2
7,['7'],['001140'],5
thủ công,['thủ công'],['001141'],2
8,['8'],['001142'],5
thủ tướng,['thủ tướng'],['001143'],5
9,['9'],['001144'],5
thú dữ,['thú dữ'],['001145'],2
10,['10'],['001146'],5
thú dữ,['thú dữ'],['001147'],4
11,['11'],['001148'],2
thú dữ,['thú dữ'],['001149'],4
11,['11'],['001150'],5
thú y,['thú y'],['001151'],2
11,['11'],['001152'],5
thú y,['thú y'],['001153'],4
12,['12'],['001154'],2
thú y,['thú y'],['001155'],4
thuận lợi,['thuận lợi'],['001156'],2
ngữ pháp,['ngữ pháp'],['001157'],2
23,['23'],['001158'],2
ngữ pháp,['ngữ pháp'],['001159'],5
ngữ pháp,['ngữ pháp'],['001160'],5
40,['40'],['001161'],5
thúc đẩy,['thúc đẩy'],['001162'],2
80,['80'],['001163'],2
thuê,['thuê'],['001164'],2
90,['90'],['001165'],5
thuê,['thuê'],['001166'],4
100,['100'],['001167'],5
thuê,['thuê'],['001168'],2
1000 (một nghìn),['1000 (một nghìn)'],['001169'],5
thùng,['thùng'],['001170'],2
5000 (năm nghìn),['5000 (năm nghìn)'],['001171'],5
thủng,['thủng'],['001172'],2
5000 (năm nghìn),['5000 (năm nghìn)'],['001173'],5
thuộc lòng,['thuộc lòng'],['001174'],2
10 000 (mười nghìn),['10 000 (mười nghìn)'],['001175'],2
thuỷ điện,['thuỷ điện'],['001176'],2
10 000 (mười nghìn),['10 000 (mười nghìn)'],['001177'],5
thuỷ điện,['thuỷ điện'],['001178'],2
10 000 (mười nghìn),['10 000 (mười nghìn)'],['001179'],5
thuỷ điện,['thuỷ điện'],['001180'],2
1 000 000 (một triệu),['1 000 000 (một triệu)'],['001181'],5
thuỷ thủ,['thuỷ thủ'],['001182'],2
1 000 000 (một triệu),['1 000 000 (một triệu)'],['001183'],5
tinh trùng,['tinh trùng'],['001184'],5
1 000 000 (một triệu),['1 000 000 (một triệu)'],['001185'],5
thủy chung,['thủy chung'],['001186'],2
1 000 000 000 (một tỉ),['1 000 000 000 (một tỉ)'],['001187'],5
Thủy Điện Hòa Bình,['Thủy Điện Hòa Bình'],['001188'],2
1 000 000 000 (một tỉ),['1 000 000 000 (một tỉ)'],['001189'],5
Thủy Điện Hòa Bình,['Thủy Điện Hòa Bình'],['001190'],2
1 000 000 000 (một tỉ),['1 000 000 000 (một tỉ)'],['001191'],5
Thủy Điện Hòa Bình,['Thủy Điện Hòa Bình'],['001192'],2
thuyền chài,['thuyền chài'],['001193'],2
ác độc,['ác độc'],['001194'],1
thuyền rồng,['thuyền rồng'],['001195'],2
ác mộng,['ác mộng'],['001196'],1
ai,['ai'],['001197'],2
trưởng thành,['trưởng thành'],['001198'],5
ai,['ai'],['001199'],3
thuyết phục,['thuyết phục'],['001200'],2
ai,['ai'],['001201'],3
thuyết trình,['thuyết trình'],['001202'],2
An Giang,['An Giang'],['001203'],1
thư giãn,['thư giãn'],['001204'],2
an ninh,['an ninh'],['001205'],3
mục đích,['mục đích'],['001206'],5
Anh (nước Anh),['Anh (nước Anh)'],['001207'],2
thừa,['thừa'],['001208'],4
Anh (nước Anh),['Anh (nước Anh)'],['001209'],3
Thừa Thiên – Huế,['Thừa Thiên – Huế'],['001210'],2
Anh (nước Anh),['Anh (nước Anh)'],['001211'],3
Thừa Thiên – Huế,['Thừa Thiên – Huế'],['001212'],4
anh chị,['anh chị'],['001213'],1
Thừa Thiên – Huế,['Thừa Thiên – Huế'],['001214'],5
anh chị em,['anh chị em'],['001215'],3
thực hành,['thực hành'],['001216'],2
anh dũng,['anh dũng'],['001217'],2
thực hiện,['thực hiện'],['001218'],2
anh dũng,['anh dũng'],['001219'],3
thực phẩm,['thực phẩm'],['001220'],4
anh dũng,['anh dũng'],['001221'],3
thực sự,['thực sự'],['001222'],2
anh em,['anh em'],['001223'],2
thực tế,['thực tế'],['001224'],2
anh em,['anh em'],['001225'],3
thực vật,['thực vật'],['001226'],2
anh hùng,['anh hùng'],['001227'],1
thương (số),['thương (số)'],['001228'],2
anh rể,['anh rể'],['001229'],1
bùng binh,['bùng binh'],['001230'],5
anh rể,['anh rể'],['001231'],3
thương yêu,['thương yêu'],['001232'],2
anh rể,['anh rể'],['001233'],3
thương yêu,['thương yêu'],['001234'],4
anh ruột,['anh ruột'],['001235'],2
thương yêu,['thương yêu'],['001236'],2
anh ruột,['anh ruột'],['001237'],3
tỉ lệ,['tỉ lệ'],['001238'],2
anh ruột,['anh ruột'],['001239'],3
tỉ mỉ,['tỉ mỉ'],['001240'],2
anh vợ,['anh vợ'],['001241'],1
tia chớp,['tia chớp'],['001242'],2
sáng,['sáng'],['001243'],3
tia nắng,['tia nắng'],['001244'],2
ao chuôm,['ao chuôm'],['001245'],1
tia số,['tia số'],['001246'],2
tích (số),['tích (số)'],['001247'],2
ảo thuật,['ảo thuật'],['001248'],1
tích cực,['tích cực'],['001249'],2
áo,['áo'],['001250'],1
tiếc,['tiếc'],['001251'],2
áo ấm,['áo ấm'],['001252'],1
tiếc,['tiếc'],['001253'],4
áo cánh,['áo cánh'],['001254'],1
tiếc,['tiếc'],['001255'],2
áo đồng phục,['áo đồng phục'],['001256'],2
tiệc,['tiệc'],['001257'],2
áo đồng phục,['áo đồng phục'],['001258'],3
tiêm,['tiêm'],['001259'],2
áo đồng phục,['áo đồng phục'],['001260'],3
Tiền Giang,['Tiền Giang'],['001261'],2
áo phông,['áo phông'],['001262'],4
tiến sĩ,['tiến sĩ'],['001263'],2
áo phông,['áo phông'],['001264'],4
tiện nghi,['tiện nghi'],['001265'],2
áp phích,['áp phích'],['001266'],1
tiếng Anh,['tiếng Anh'],['001267'],2
ăn diện,['ăn diện'],['001268'],1
tiếng Anh,['tiếng Anh'],['001269'],4
ăn hối lộ,['ăn hối lộ'],['001270'],1
tiếng Anh,['tiếng Anh'],['001271'],4
ăn uống,['ăn uống'],['001272'],1
tiếng nói,['tiếng nói'],['001273'],2
ăn vặt,['ăn vặt'],['001274'],3
tiếp tục,['tiếp tục'],['001275'],2
ăn xin,['ăn xin'],['001276'],1
tiếp tục,['tiếp tục'],['001277'],4
âm thanh,['âm thanh'],['001278'],1
tiếp tục,['tiếp tục'],['001279'],4
ầm ĩ,['ầm ĩ'],['001280'],1
tiết kiệm,['tiết kiệm'],['001281'],2
ẩm mốc,['ẩm mốc'],['001282'],1
tiết kiệm,['tiết kiệm'],['001283'],4
ẩm ướt,['ẩm ướt'],['001284'],1
tiết kiệm,['tiết kiệm'],['001285'],5
ấm áp,['ấm áp'],['001286'],1
tiêu cực,['tiêu cực'],['001287'],2
ấm đun nước,['ấm đun nước'],['001288'],1
tiêu diệt,['tiêu diệt'],['001289'],2
ấm no,['ấm no'],['001290'],1
tiêu hoá,['tiêu hoá'],['001291'],2
ấm trà,['ấm trà'],['001292'],1
thụ phấn (hoa),['thụ phấn (hoa)'],['001293'],5
ân hận,['ân hận'],['001294'],2
tiểu học,['tiểu học'],['001295'],2
ấn tượng,['ấn tượng'],['001296'],1
tim,['tim'],['001297'],2
Âu Cơ,['Âu Cơ'],['001298'],3
Ba chân bốn cẳng,['Ba chân bốn cẳng'],['001299'],1
tìm hiểu,['tìm hiểu'],['001300'],2
Bà Nà,['Bà Nà'],['001301'],1
tìm hiểu,['tìm hiểu'],['001302'],4
Bà Rịa - Vũng Tàu,['Bà Rịa - Vũng Tàu'],['001303'],1
tìm hiểu,['tìm hiểu'],['001304'],2
triệu phú,['triệu phú'],['001305'],3
tím tái,['tím tái'],['001306'],2
Bạc Liêu,['Bạc Liêu'],['001307'],1
tin cậy,['tin cậy'],['001308'],2
bài báo,['bài báo'],['001309'],3
thần kì,['thần kì'],['001310'],5
bài thơ,['bài thơ'],['001311'],2
tình cảm,['tình cảm'],['001312'],2
bài thơ,['bài thơ'],['001313'],3
tình cờ,['tình cờ'],['001314'],1
bài thơ,['bài thơ'],['001315'],3
tình huống,['tình huống'],['001316'],2
hệ bài tiết,['hệ bài tiết'],['001317'],3
thương yêu,['thương yêu'],['001318'],2
Bãi biển Vũng Tàu,['Bãi biển Vũng Tàu'],['001319'],1
thương yêu,['thương yêu'],['001320'],5
bãi cát,['bãi cát'],['001321'],1
thương yêu,['thương yêu'],['001322'],5
bãi cỏ,['bãi cỏ'],['001323'],1
tình yêu,['tình yêu'],['001324'],2
bãi đỗ xe (ô tô),['bãi đỗ xe (ô tô)'],['001325'],1
tĩnh lặng,['tĩnh lặng'],['001326'],2
bãi tắm,['bãi tắm'],['001327'],3
tính cách,['tính cách'],['001328'],2
ban giám hiệu,['ban giám hiệu'],['001329'],1
tính chất,['tính chất'],['001330'],2
ban ngày,['ban ngày'],['001331'],3
tính chất bằng nhau,['tính chất bằng nhau'],['001332'],2
bàn bạc,['bàn bạc'],['001333'],1
tính chất cơ bản của phân số,['tính chất cơ bản của phân số'],['001334'],2
bàn chải đánh răng,['bàn chải đánh răng'],['001335'],3
tính chất giao hoán,['tính chất giao hoán'],['001336'],2
bàn chân,['bàn chân'],['001337'],1
tính chất kết hợp,['tính chất kết hợp'],['001338'],2
bàn ghế,['bàn ghế'],['001339'],1
tính nhẩm,['tính nhẩm'],['001340'],2
bàn là,['bàn là'],['001341'],1
tính toán,['tính toán'],['001342'],2
bàn phím (máy vi tính),['bàn phím (máy vi tính)'],['001343'],1
tính từ,['tính từ'],['001344'],2
bàn tay,['bàn tay'],['001345'],1
to lớn,['to lớn'],['001346'],2
bàn tán,['bàn tán'],['001347'],3
tò mò,['tò mò'],['001348'],1
bản đồ Việt Nam,['bản đồ Việt Nam'],['001349'],2
tò mò,['tò mò'],['001350'],1
bản đồ Việt Nam,['bản đồ Việt Nam'],['001351'],3
toa lét,['toa lét'],['001352'],2
bản đồ Việt Nam,['bản đồ Việt Nam'],['001353'],3
toa xe,['toa xe'],['001354'],1
bản làng,['bản làng'],['001355'],1
toa xe,['toa xe'],['001356'],3
bản lề,['bản lề'],['001357'],3
toa xe,['toa xe'],['001358'],3
bản nhạc,['bản nhạc'],['001359'],1
toà án,['toà án'],['001360'],1
bản sao (chỉ người),['bản sao (chỉ người)'],['001361'],3
toà án,['toà án'],['001362'],3
bán hàng,['bán hàng'],['001363'],2
toà án,['toà án'],['001364'],1
bán hàng,['bán hàng'],['001365'],3
tòa soạn,['tòa soạn'],['001366'],2
bán hàng,['bán hàng'],['001367'],3
tỏa hương,['tỏa hương'],['001368'],2
bán kính (hình tròn),['bán kính (hình tròn)'],['001369'],1
toàn cầu,['toàn cầu'],['001370'],2
bạn,['bạn'],['001371'],2
tóc xoăn,['tóc xoăn'],['001372'],2
bạn,['bạn'],['001373'],4
tóm cổ,['tóm cổ'],['001374'],2
bạn,['bạn'],['001375'],4
tóm lược,['tóm lược'],['001376'],2
bạn gái,['bạn gái'],['001377'],2
tóm tắt,['tóm tắt'],['001378'],2
bạn gái,['bạn gái'],['001379'],3
tô màu,['tô màu'],['001380'],1
bạn gái,['bạn gái'],['001381'],3
tô màu,['tô màu'],['001382'],3
bạn trai,['bạn trai'],['001383'],2
tôn thờ,['tôn thờ'],['001384'],2
bạn trai,['bạn trai'],['001385'],3
tổ tiên,['tổ tiên'],['001386'],1
bạn trai,['bạn trai'],['001387'],3
tổ trưởng,['tổ trưởng'],['001388'],2
bảng học sinh,['bảng học sinh'],['001389'],3
tôn trọng,['tôn trọng'],['001390'],2
bảng chia,['bảng chia'],['001391'],3
tổng (số),['tổng (số)'],['001392'],2
bảng chia,['bảng chia'],['001393'],3
tổng hợp,['tổng hợp'],['001394'],2
bảng chỉ dẫn,['bảng chỉ dẫn'],['001395'],3
tổng thống,['tổng thống'],['001396'],1
bảng cộng,['bảng cộng'],['001397'],2
tổng thống,['tổng thống'],['001398'],3
bảng cửu chương,['bảng cửu chương'],['001399'],3
tổng thống,['tổng thống'],['001400'],3
bảng đen,['bảng đen'],['001401'],2
tống tiền,['tống tiền'],['001402'],2
bảng đen,['bảng đen'],['001403'],3
tờ báo,['tờ báo'],['001404'],1
bảng đen,['bảng đen'],['001405'],2
tờ báo,['tờ báo'],['001406'],3
hãng máy bay,['hãng máy bay'],['001407'],3
tờ báo,['tờ báo'],['001408'],3
bảng màu,['bảng màu'],['001409'],2
tờ giấy,['tờ giấy'],['001410'],1
bảng nhân,['bảng nhân'],['001411'],2
tờ giấy,['tờ giấy'],['001412'],3
bảng nhân,['bảng nhân'],['001413'],3
tờ giấy,['tờ giấy'],['001414'],3
bảng nhân,['bảng nhân'],['001415'],2
tờ tiền,['tờ tiền'],['001416'],2
hãng xe máy,['hãng xe máy'],['001417'],3
trang trí,['trang trí'],['001418'],2
bảng trừ,['bảng trừ'],['001419'],2
trà,['trà'],['001420'],5
bảng trừ,['bảng trừ'],['001421'],3
trả (đt),['trả (đt)'],['001422'],5
bảng trừ,['bảng trừ'],['001423'],2
trả lời,['trả lời'],['001424'],2
bánh bột lọc,['bánh bột lọc'],['001425'],3
trách nhiệm,['trách nhiệm'],['001426'],2
bánh cốm,['bánh cốm'],['001427'],3
trái nghĩa,['trái nghĩa'],['001428'],3
bánh cuốn,['bánh cuốn'],['001429'],2
trái nghĩa,['trái nghĩa'],['001430'],3
bánh đa,['bánh đa'],['001431'],1
trạm xe buýt,['trạm xe buýt'],['001432'],2
bánh đúc,['bánh đúc'],['001433'],1
trạm y tế,['trạm y tế'],['001434'],2
bánh gai,['bánh gai'],['001435'],3
tràn ngập (nước),['tràn ngập (nước)'],['001436'],2
bánh giầy,['bánh giầy'],['001437'],1
trang phục,['trang phục'],['001438'],2
bánh giò,['bánh giò'],['001439'],1
tranh luận,['tranh luận'],['001440'],2
bánh gối,['bánh gối'],['001441'],1
tai nạn giao thông,['tai nạn giao thông'],['001442'],5
bánh mì,['bánh mì'],['001443'],2
tránh thai,['tránh thai'],['001444'],2
bánh mì,['bánh mì'],['001445'],3
trao tặng,['trao tặng'],['001446'],2
bánh mì,['bánh mì'],['001447'],3
trăng,['trăng'],['001448'],1
bánh pizza,['bánh pizza'],['001449'],1
trăng,['trăng'],['001450'],3
bánh pía,['bánh pía'],['001451'],1
trắng muốt,['trắng muốt'],['001452'],3
hãng tàu thuyền,['hãng tàu thuyền'],['001453'],3
trắng tay,['trắng tay'],['001454'],1
bánh xe,['bánh xe'],['001455'],3
trầm trồ,['trầm trồ'],['001456'],1
bao la,['bao la'],['001457'],1
quạt trần,['quạt trần'],['001458'],5
bảo hiểm,['bảo hiểm'],['001459'],3
trần nhà,['trần nhà'],['001460'],5
lưu,['lưu'],['001461'],3
tự (tự làm),['tự (tự làm)'],['001462'],5
bảo tàng,['bảo tàng'],['001463'],1
tre,['tre'],['001464'],1
bảo thủ,['bảo thủ'],['001465'],1
tre,['tre'],['001466'],3
tre,['tre'],['001467'],3
tồn tại,['tồn tại'],['001468'],3
bảo vệ môi trường,['bảo vệ môi trường'],['001469'],2
trêu,['trêu'],['001470'],2
bảo vệ môi trường,['bảo vệ môi trường'],['001471'],3
trêu tức,['trêu tức'],['001472'],2
bảo vệ môi trường,['bảo vệ môi trường'],['001473'],3
trí khôn,['trí khôn'],['001474'],2
báo (con báo),['báo (con báo)'],['001475'],1
trí thức,['trí thức'],['001476'],2
báo (con báo),['báo (con báo)'],['001477'],3
triều cường,['triều cường'],['001478'],2
báo (con báo),['báo (con báo)'],['001479'],3
triều đình,['triều đình'],['001480'],2
báo cáo,['báo cáo'],['001481'],1
trình bày,['trình bày'],['001482'],1
báo động,['báo động'],['001483'],1
trình độ,['trình độ'],['001484'],1
báo thù,['báo thù'],['001485'],3
trọc đầu,['trọc đầu'],['001486'],3
bát,['bát'],['001487'],1
trói tay,['trói tay'],['001488'],1
bát hương,['bát hương'],['001489'],1
tròn trịa (mặt),['tròn trịa (mặt)'],['001490'],1
bát ngát,['bát ngát'],['001491'],1
trong sáng,['trong sáng'],['001492'],1
tròn,['tròn'],['001493'],1
xì hơi (đánh rắm),['xì hơi (đánh rắm)'],['001494'],3
bay liệng (bay lượn),['bay liệng (bay lượn)'],['001495'],3
trong ngoài,['trong ngoài'],['001496'],1
bắc bán cầu,['bắc bán cầu'],['001497'],1
trong ngoài,['trong ngoài'],['001498'],3
Bắc bộ,['Bắc bộ'],['001499'],1
trong ngoài,['trong ngoài'],['001500'],3
Bắc Giang,['Bắc Giang'],['001501'],1
trong suốt,['trong suốt'],['001502'],1
Bắc Kạn,['Bắc Kạn'],['001503'],1
trọng tài,['trọng tài'],['001504'],1
bắc nam,['bắc nam'],['001505'],3
xe tải,['xe tải'],['001506'],5
bắc nam,['bắc nam'],['001507'],3
trộm cắp,['trộm cắp'],['001508'],1
Bắc Ninh,['Bắc Ninh'],['001509'],3
trốn chạy,['trốn chạy'],['001510'],1
bắn bi,['bắn bi'],['001511'],1
trốn chạy,['trốn chạy'],['001512'],3
bắn bi,['bắn bi'],['001513'],3
trốn chạy,['trốn chạy'],['001514'],3
bắn bi,['bắn bi'],['001515'],3
trông chờ,['trông chờ'],['001516'],1
bắn súng,['bắn súng'],['001517'],1
trông chờ,['trông chờ'],['001518'],3
băng bó,['băng bó'],['001519'],1
trông nom,['trông nom'],['001520'],1
băng chuyền,['băng chuyền'],['001521'],3
trông nom,['trông nom'],['001522'],1
băng dính,['băng dính'],['001523'],1
trống,['trống'],['001524'],1
băng giá,['băng giá'],['001525'],1
trộn (đt),['trộn (đt)'],['001526'],1
bằng phẳng,['bằng phẳng'],['001527'],1
trở thành,['trở thành'],['001528'],1
bắp ngô,['bắp ngô'],['001529'],1
trú mưa,['trú mưa'],['001530'],1
bắp ngô,['bắp ngô'],['001531'],5
trục hoành,['trục hoành'],['001532'],1
bắp ngô,['bắp ngô'],['001533'],5
trục tung,['trục tung'],['001534'],1
bắt,['bắt'],['001535'],1
trục xuất,['trục xuất'],['001536'],4
bắt đền,['bắt đền'],['001537'],2
trụi lá,['trụi lá'],['001538'],2
bắt đền,['bắt đền'],['001539'],2
trụi lá,['trụi lá'],['001540'],4
bắt đền,['bắt đền'],['001541'],2
trụi lá,['trụi lá'],['001542'],4
bắt giữ,['bắt giữ'],['001543'],1
trùm chăn,['trùm chăn'],['001544'],1
bắt nạt,['bắt nạt'],['001545'],1
trung bình,['trung bình'],['001546'],1
bắt tay,['bắt tay'],['001547'],1
trung điểm,['trung điểm'],['001548'],1
bậc thang,['bậc thang'],['001549'],1
Trung Quốc (nước Trung Quốc),['Trung Quốc (nước Trung Quốc)'],['001550'],1
bập bênh,['bập bênh'],['001551'],1
Trung Quốc (nước Trung Quốc),['Trung Quốc (nước Trung Quốc)'],['001552'],3
bất động,['bất động'],['001553'],1
Trung Quốc (nước Trung Quốc),['Trung Quốc (nước Trung Quốc)'],['001554'],1
bất hiếu,['bất hiếu'],['001555'],1
trung tâm,['trung tâm'],['001556'],1
bật đèn,['bật đèn'],['001557'],1
trung thành,['trung thành'],['001558'],1
bật lửa,['bật lửa'],['001559'],1
Trung Thu,['Trung Thu'],['001560'],2
bẫy chuột (hành động),['bẫy chuột (hành động)'],['001561'],4
Trung Thu,['Trung Thu'],['001562'],3
bẫy chuột (hành động),['bẫy chuột (hành động)'],['001563'],4
Trung Thu,['Trung Thu'],['001564'],3
bẫy chuột (dụng cụ),['bẫy chuột (dụng cụ)'],['001565'],1
trung ương,['trung ương'],['001566'],1
bẻ ngô,['bẻ ngô'],['001567'],1
trúng thưởng,['trúng thưởng'],['001568'],1
bẻ ngô,['bẻ ngô'],['001569'],3
trúng tuyển,['trúng tuyển'],['001570'],1
bẻ ngô,['bẻ ngô'],['001571'],3
trúng tuyển,['trúng tuyển'],['001572'],3
bé gái,['bé gái'],['001573'],1
trúng tuyển,['trúng tuyển'],['001574'],3
bé hơn,['bé hơn'],['001575'],1
truyền dịch,['truyền dịch'],['001576'],1
bé loắt choắt,['bé loắt choắt'],['001577'],1
truyền thông,['truyền thông'],['001578'],1
bé trai,['bé trai'],['001579'],2
truyền thống,['truyền thống'],['001580'],1
bé trai,['bé trai'],['001581'],3
trực nhật,['trực nhật'],['001582'],1
bé trai,['bé trai'],['001583'],2
trứng,['trứng'],['001584'],1
béo,['béo'],['001585'],1
trứng,['trứng'],['001586'],3
bê tông,['bê tông'],['001587'],1
trứng,['trứng'],['001588'],5
bể bơi,['bể bơi'],['001589'],1
trường tiểu học,['trường tiểu học'],['001590'],3
bể cá,['bể cá'],['001591'],4
trường tiểu học,['trường tiểu học'],['001592'],3
bế em,['bế em'],['001593'],4
trước,['trước'],['001594'],3
bên cạnh,['bên cạnh'],['001595'],4
trước,['trước'],['001596'],1
bên cạnh,['bên cạnh'],['001597'],3
trường hợp,['trường hợp'],['001598'],1
bên dưới,['bên dưới'],['001599'],4
trường mầm non,['trường mầm non'],['001600'],1
bên phải,['bên phải'],['001601'],4
trường mầm non,['trường mầm non'],['001602'],3
bên trái,['bên trái'],['001603'],4
trường mầm non,['trường mầm non'],['001604'],3
bên trên,['bên trên'],['001605'],4
trường PTCS (cấp 2),['trường PTCS (cấp 2)'],['001606'],1
bên trong,['bên trong'],['001607'],4
trường PTCS (cấp 2),['trường PTCS (cấp 2)'],['001608'],3
bến phà,['bến phà'],['001609'],4
trường PTCS (cấp 2),['trường PTCS (cấp 2)'],['001610'],3
bến tàu,['bến tàu'],['001611'],4
trường THPT ( cấp 3),['trường THPT ( cấp 3)'],['001612'],1
Bến Tre,['Bến Tre'],['001613'],4
trường THPT ( cấp 3),['trường THPT ( cấp 3)'],['001614'],3
bến xe,['bến xe'],['001615'],4
trường THPT ( cấp 3),['trường THPT ( cấp 3)'],['001616'],3
bênh vực,['bênh vực'],['001617'],1
trưởng nhóm,['trưởng nhóm'],['001618'],1
bệnh thủy đậu,['bệnh thủy đậu'],['001619'],5
tù giam,['tù giam'],['001620'],1
bệnh nhân,['bệnh nhân'],['001621'],4
tụ tập,['tụ tập'],['001622'],1
bệnh tật,['bệnh tật'],['001623'],1
tuân lệnh,['tuân lệnh'],['001624'],1
bí ngô,['bí ngô'],['001625'],4
tuân thủ,['tuân thủ'],['001626'],1
bị động,['bị động'],['001627'],4
tủi thân,['tủi thân'],['001628'],5
bìa vở,['bìa vở'],['001629'],5
túm tóc,['túm tóc'],['001630'],5
bịa đặt,['bịa đặt'],['001631'],1
tung tăng,['tung tăng'],['001632'],4
hóa đơn,['hóa đơn'],['001633'],1
tuổi thơ,['tuổi thơ'],['001634'],4
biển đông,['biển đông'],['001635'],4
tuốt lúa,['tuốt lúa'],['001636'],1
biển hiệu,['biển hiệu'],['001637'],4
tuỷ sống,['tuỷ sống'],['001638'],1
biến đổi,['biến đổi'],['001639'],3
tuyên bố,['tuyên bố'],['001640'],1
biện pháp,['biện pháp'],['001641'],4
tuyên ngôn,['tuyên ngôn'],['001642'],1
biểu đồ,['biểu đồ'],['001643'],4
tuyệt vọng,['tuyệt vọng'],['001644'],1
biểu đồ cột,['biểu đồ cột'],['001645'],4
từ bỏ,['từ bỏ'],['001646'],5
biểu đồ hình quạt,['biểu đồ hình quạt'],['001647'],4
từ đồng âm,['từ đồng âm'],['001648'],3
biểu thị,['biểu thị'],['001649'],4
từ ngữ,['từ ngữ'],['001650'],3
biểu thức,['biểu thức'],['001651'],4
từ phải sang trái,['từ phải sang trái'],['001652'],3
bím tóc đuôi sam,['bím tóc đuôi sam'],['001653'],2
từ trái nghĩa,['từ trái nghĩa'],['001654'],1
bình an,['bình an'],['001655'],1
từ trái nghĩa,['từ trái nghĩa'],['001656'],3
bình an,['bình an'],['001657'],3
từ trái nghĩa,['từ trái nghĩa'],['001658'],3
bình an,['bình an'],['001659'],1
từ trái sang phải,['từ trái sang phải'],['001660'],3
Bình Dương,['Bình Dương'],['001661'],4
tự lập,['tự lập'],['001662'],1
Bình Phước,['Bình Phước'],['001663'],4
tự lập,['tự lập'],['001664'],3
Bình Thuận,['Bình Thuận'],['001665'],1
tự lập,['tự lập'],['001666'],5
bình thường,['bình thường'],['001667'],1
tự tin,['tự tin'],['001668'],1
bình thường,['bình thường'],['001669'],3
tự tin,['tự tin'],['001670'],3
bình thường,['bình thường'],['001671'],3
tự tin,['tự tin'],['001672'],3
bít tất,['bít tất'],['001673'],4
tự vệ,['tự vệ'],['001674'],1
bò,['bò'],['001675'],4
tự vệ,['tự vệ'],['001676'],3
bò sát,['bò sát'],['001677'],4
tự vệ,['tự vệ'],['001678'],5
bò tót,['bò tót'],['001679'],4
tươi cười,['tươi cười'],['001680'],1
bỏ hoang,['bỏ hoang'],['001681'],4
tưới cây,['tưới cây'],['001682'],1
bỏ phiếu,['bỏ phiếu'],['001683'],4
tưới cây,['tưới cây'],['001684'],3
bỏ qua,['bỏ qua'],['001685'],4
tưới cây,['tưới cây'],['001686'],3
bỏ rơi,['bỏ rơi'],['001687'],1
nước tương (xì dầu),['nước tương (xì dầu)'],['001688'],1
bó đũa,['bó đũa'],['001689'],4
tương ứng,['tương ứng'],['001690'],4
bó hoa,['bó hoa'],['001691'],4
tưởng,['tưởng'],['001692'],4
bóc lột,['bóc lột'],['001693'],4
tưởng tượng,['tưởng tượng'],['001694'],4
bóc vỏ,['bóc vỏ'],['001695'],4
tượng,['tượng'],['001696'],4
bón phân,['bón phân'],['001697'],2
tượng đài,['tượng đài'],['001698'],4
bón phân,['bón phân'],['001699'],4
u ám ( trời u ám),['u ám ( trời u ám)'],['001700'],3
bón phân,['bón phân'],['001701'],4
ung dung,['ung dung'],['001702'],3
bỏng,['bỏng'],['001703'],4
ủng,['ủng'],['001704'],4
bỏng ngô,['bỏng ngô'],['001705'],1
ủng hộ,['ủng hộ'],['001706'],4
bóng bay,['bóng bay'],['001707'],4
UNICEF,['UNICEF'],['001708'],4
boong tàu,['boong tàu'],['001709'],4
uốn,['uốn'],['001710'],4
bọt biển,['bọt biển'],['001711'],1
uốn cong,['uốn cong'],['001712'],4
bọt xà phòng,['bọt xà phòng'],['001713'],4
uốn dẻo,['uốn dẻo'],['001714'],3
bồ kết,['bồ kết'],['001715'],1
uốn tóc,['uốn tóc'],['001716'],5
bổ ích,['bổ ích'],['001717'],4
úp,['úp'],['001718'],4
bổ ngữ,['bổ ngữ'],['001719'],1
ủy ban,['ủy ban'],['001720'],4
bổ trợ,['bổ trợ'],['001721'],1
ủy ban nhân dân,['ủy ban nhân dân'],['001722'],4
bố trí,['bố trí'],['001723'],4
ủy quyền,['ủy quyền'],['001724'],1
bộ truyện,['bộ truyện'],['001725'],4
ủy quyền,['ủy quyền'],['001726'],3
bốc vác,['bốc vác'],['001727'],4
ủy quyền,['ủy quyền'],['001728'],1
bố,['bố'],['001729'],4
ưu tiên,['ưu tiên'],['001730'],3
bố mẹ,['bố mẹ'],['001731'],4
ưu tiên,['ưu tiên'],['001732'],3
bộ đội,['bộ đội'],['001733'],1
va chạm,['va chạm'],['001734'],4
bộ đội,['bộ đội'],['001735'],4
va li,['va li'],['001736'],5
bộ đội,['bộ đội'],['001737'],5
vác,['vác'],['001738'],4
bộ sách,['bộ sách'],['001739'],4
vạch trần,['vạch trần'],['001740'],4
bốc hơi,['bốc hơi'],['001741'],4
vạch xuất phát,['vạch xuất phát'],['001742'],4
bốc thăm,['bốc thăm'],['001743'],4
vai,['vai'],['001744'],3
bồi bàn,['bồi bàn'],['001745'],4
vai trò,['vai trò'],['001746'],4
bồi thường,['bồi thường'],['001747'],4
vái lạy,['vái lạy'],['001748'],4
bồn hoa,['bồn hoa'],['001749'],4
vái tứ phương,['vái tứ phương'],['001750'],4
bồn rửa bát,['bồn rửa bát'],['001751'],4
vạm vỡ,['vạm vỡ'],['001752'],3
bông hoa,['bông hoa'],['001753'],2
vàng (kim loại),['vàng (kim loại)'],['001754'],4
bông hoa,['bông hoa'],['001755'],3
vàng bạc,['vàng bạc'],['001756'],4
bông hoa,['bông hoa'],['001757'],3
vào,['vào'],['001758'],4
bốt cảnh sát,['bốt cảnh sát'],['001759'],2
vào lớp,['vào lớp'],['001760'],4
vào mùa,['vào mùa'],['001761'],4
văn,['văn'],['001762'],4
bột giặt,['bột giặt'],['001763'],4
văn bản,['văn bản'],['001764'],4
bột màu,['bột màu'],['001765'],2
Văn miếu Quốc Tử Giám,['Văn miếu Quốc Tử Giám'],['001766'],4
bột màu,['bột màu'],['001767'],3
văn nghệ,['văn nghệ'],['001768'],1
bột màu,['bột màu'],['001769'],3
văn nghệ,['văn nghệ'],['001770'],3
bột ngọt,['bột ngọt'],['001771'],3
văn nghệ,['văn nghệ'],['001772'],1
bột ngọt,['bột ngọt'],['001773'],3
vắn tắt,['vắn tắt'],['001774'],4
bờ biển,['bờ biển'],['001775'],4
vắng,['vắng'],['001776'],1
bờ rào,['bờ rào'],['001777'],4
vắng,['vắng'],['001778'],3
bờ ruộng,['bờ ruộng'],['001779'],4
vắng,['vắng'],['001780'],5
bơi,['bơi'],['001781'],4
vắng lặng,['vắng lặng'],['001782'],3
bơi lội,['bơi lội'],['001783'],4
vắt cam,['vắt cam'],['001784'],4
bơm (cái bơm),['bơm (cái bơm)'],['001785'],4
vấn đề,['vấn đề'],['001786'],1
bơm nước,['bơm nước'],['001787'],4
vấn đề,['vấn đề'],['001788'],3
bơm xe,['bơm xe'],['001789'],4
vấn đề,['vấn đề'],['001790'],3
bờm tóc,['bờm tóc'],['001791'],3
vận chuyển,['vận chuyển'],['001792'],3
bớt,['bớt'],['001793'],4
vận động,['vận động'],['001794'],4
bớt đi,['bớt đi'],['001795'],4
vật,['vật'],['001796'],4
Bru-nây (nước Bru-nây),['Bru-nây (nước Bru-nây)'],['001797'],2
vật nuôi,['vật nuôi'],['001798'],1
Bru-nây (nước Bru-nây),['Bru-nây (nước Bru-nây)'],['001799'],3
vật nuôi,['vật nuôi'],['001800'],3
vật nuôi,['vật nuôi'],['001801'],5
cỏ,['cỏ'],['001802'],2
vây bắt,['vây bắt'],['001803'],4
cỏ,['cỏ'],['001804'],3
vẫy tay,['vẫy tay'],['001805'],4
cỏ,['cỏ'],['001806'],3
vẫy vùng (cá),['vẫy vùng (cá)'],['001807'],4
bụi đời,['bụi đời'],['001808'],1
vé,['vé'],['001809'],4
bụi phấn,['bụi phấn'],['001810'],1
vệ sinh cá nhân,['vệ sinh cá nhân'],['001811'],4
bụi phấn,['bụi phấn'],['001812'],4
vênh váo,['vênh váo'],['001813'],5
bụi phấn,['bụi phấn'],['001814'],1
vết thương,['vết thương'],['001815'],4
Bun-ga-ri (nước Bun-ga-ri),['Bun-ga-ri (nước Bun-ga-ri)'],['001816'],1
vi khuẩn,['vi khuẩn'],['001817'],3
bùn,['bùn'],['001818'],1
vĩ cầm,['vĩ cầm'],['001819'],4
bụng,['bụng'],['001820'],1
vĩ đại,['vĩ đại'],['001821'],4
buộc dây,['buộc dây'],['001822'],1
vị ngữ,['vị ngữ'],['001823'],4
buộc tóc,['buộc tóc'],['001824'],2
vị trí,['vị trí'],['001825'],4
buổi chiều,['buổi chiều'],['001826'],1
việc làm,['việc làm'],['001827'],4
buổi đêm,['buổi đêm'],['001828'],2
viện bảo tàng,['viện bảo tàng'],['001829'],4
buổi đêm,['buổi đêm'],['001830'],4
viện nghiên cứu,['viện nghiên cứu'],['001831'],4
buổi đêm,['buổi đêm'],['001832'],4
viết lia lịa,['viết lia lịa'],['001833'],4
buổi sáng,['buổi sáng'],['001834'],2
Vĩnh Long,['Vĩnh Long'],['001835'],4
buổi sáng,['buổi sáng'],['001836'],3
Vĩnh Phúc,['Vĩnh Phúc'],['001837'],4
buổi sáng,['buổi sáng'],['001838'],3
vịnh,['vịnh'],['001839'],4
buổi tối,['buổi tối'],['001840'],2
vịnh Hạ Long,['vịnh Hạ Long'],['001841'],4
buổi tối,['buổi tối'],['001842'],3
Võ Nguyên Giáp,['Võ Nguyên Giáp'],['001843'],3
buổi tối,['buổi tối'],['001844'],3
vòi voi,['vòi voi'],['001845'],3
buổi trưa,['buổi trưa'],['001846'],2
vòng đeo tay,['vòng đeo tay'],['001847'],3
buổi trưa,['buổi trưa'],['001848'],3
buổi trưa,['buổi trưa'],['001849'],2
vỏ,['vỏ'],['001850'],3
buôn làng,['buôn làng'],['001851'],1
võ thuật,['võ thuật'],['001852'],3
buồn nôn,['buồn nôn'],['001853'],1
vòi nước,['vòi nước'],['001854'],3
buông màn,['buông màn'],['001855'],1
vòng đời,['vòng đời'],['001856'],3
buông màn,['buông màn'],['001857'],2
vòng tròn,['vòng tròn'],['001858'],3
buông màn,['buông màn'],['001859'],5
võng (cái võng),['võng (cái võng)'],['001860'],3
buồng trứng,['buồng trứng'],['001861'],2
nhiều vô cùng,['nhiều vô cùng'],['001862'],1
búp bê,['búp bê'],['001863'],2
vô lí,['vô lí'],['001864'],3
bút,['bút'],['001865'],1
vô lo vô nghĩ,['vô lo vô nghĩ'],['001866'],3
bút bi,['bút bi'],['001867'],1
vô tâm,['vô tâm'],['001868'],3
bút màu,['bút màu'],['001869'],3
xa vô tận,['xa vô tận'],['001870'],1
bút máy,['bút máy'],['001871'],1
vô tư,['vô tư'],['001872'],3
bữa cơm,['bữa cơm'],['001873'],1
vô ý,['vô ý'],['001874'],5
vô ý thức,['vô ý thức'],['001875'],3
bức tranh,['bức tranh'],['001876'],3
vồ,['vồ'],['001877'],3
bức tranh,['bức tranh'],['001878'],2
vỗ cánh,['vỗ cánh'],['001879'],3
bức tường,['bức tường'],['001880'],1
vỗ tay,['vỗ tay'],['001881'],3
bước,['bước'],['001882'],1
vội vã,['vội vã'],['001883'],3
bước chân,['bước chân'],['001884'],1
vở chèo,['vở chèo'],['001885'],3
bướng bỉnh,['bướng bỉnh'],['001886'],3
vỡ,['vỡ'],['001887'],5
bướng bỉnh,['bướng bỉnh'],['001888'],3
vũ trụ,['vũ trụ'],['001889'],5
bưu tá,['bưu tá'],['001890'],1
vua Hùng,['vua Hùng'],['001891'],5
ca,['ca'],['001892'],1
vui chơi,['vui chơi'],['001893'],5
ca nô,['ca nô'],['001894'],2
vui chơi,['vui chơi'],['001895'],3
Cà Mau,['Cà Mau'],['001896'],1
vui chơi,['vui chơi'],['001897'],5
cá kho,['cá kho'],['001898'],1
vui mừng,['vui mừng'],['001899'],5
cá kho,['cá kho'],['001900'],3
vui mừng,['vui mừng'],['001901'],3
cái bè,['cái bè'],['001902'],1
vui mừng,['vui mừng'],['001903'],5
cái gương,['cái gương'],['001904'],2
vui sướng,['vui sướng'],['001905'],5
cái gương,['cái gương'],['001906'],3
vui sướng,['vui sướng'],['001907'],3
cái gương,['cái gương'],['001908'],3
cái nhíp,['cái nhíp'],['001909'],1
vui tính,['vui tính'],['001910'],5
cái túi,['cái túi'],['001911'],2
vun đắp,['vun đắp'],['001912'],5
Cam-pu-chia (nước Cam-pu-chia),['Cam-pu-chia (nước Cam-pu-chia)'],['001913'],2
vùng vẫy (dành cho người),['vùng vẫy (dành cho người)'],['001914'],5
Cam-pu-chia (nước Cam-pu-chia),['Cam-pu-chia (nước Cam-pu-chia)'],['001915'],3
hình vuông,['hình vuông'],['001916'],5
Cam-pu-chia (nước Cam-pu-chia),['Cam-pu-chia (nước Cam-pu-chia)'],['001917'],2
vuốt tóc,['vuốt tóc'],['001918'],5
cảnh vật,['cảnh vật'],['001919'],1
vuông góc,['vuông góc'],['001920'],5
cánh tay,['cánh tay'],['001921'],1
vững chắc,['vững chắc'],['001922'],5
cạnh,['cạnh'],['001923'],1
vườn thú,['vườn thú'],['001924'],5
cạnh bên (toán),['cạnh bên (toán)'],['001925'],1
vượt trội,['vượt trội'],['001926'],5
cạnh đáy,['cạnh đáy'],['001927'],1
xa cách,['xa cách'],['001928'],5
cạnh đối diện,['cạnh đối diện'],['001929'],1
xa xôi,['xa xôi'],['001930'],5
cao (người),['cao (người)'],['001931'],2
xà phòng,['xà phòng'],['001932'],1
cao (vật),['cao (vật)'],['001933'],2
xà phòng,['xà phòng'],['001934'],3
cao (nhà),['cao (nhà)'],['001935'],2
xà phòng,['xà phòng'],['001936'],5
cao (núi),['cao (núi)'],['001937'],2
xà phòng giặt,['xà phòng giặt'],['001938'],1
Cao Bằng,['Cao Bằng'],['001939'],1
xà phòng giặt,['xà phòng giặt'],['001940'],5
cao độ,['cao độ'],['001941'],1
xà phòng giặt,['xà phòng giặt'],['001942'],5
cao nguyên,['cao nguyên'],['001943'],1
xả rác,['xả rác'],['001944'],3
cao quý,['cao quý'],['001945'],1
xã hội,['xã hội'],['001946'],1
cao tầng,['cao tầng'],['001947'],1
xã hội,['xã hội'],['001948'],3
cao thấp,['cao thấp'],['001949'],1
xã hội,['xã hội'],['001950'],3
cao tốc,['cao tốc'],['001951'],2
xách túi,['xách túi'],['001952'],5
cát,['cát'],['001953'],4
xanh xao,['xanh xao'],['001954'],1
cau có,['cau có'],['001955'],2
xanh xao,['xanh xao'],['001956'],3
cày,['cày'],['001957'],4
xanh xao,['xanh xao'],['001958'],3
cày ruộng,['cày ruộng'],['001959'],4
xã,['xã'],['001960'],5
cây xanh tươi,['cây xanh tươi'],['001961'],1
cặp sách,['cặp sách'],['001962'],4
cây xanh tươi,['cây xanh tươi'],['001963'],3
cặp tóc,['cặp tóc'],['001964'],2
cây xanh tươi,['cây xanh tươi'],['001965'],3
cắt nhau,['cắt nhau'],['001966'],4
cần khởi động,['cần khởi động'],['001967'],4
xăm,['xăm'],['001968'],5
cấp cứu,['cấp cứu'],['001969'],4
xăng,['xăng'],['001970'],5
cấp dưỡng,['cấp dưỡng'],['001971'],4
xăng-ti-mét (cm),['xăng-ti-mét (cm)'],['001972'],5
cất giấu,['cất giấu'],['001973'],2
xăng-ti-mét-khối (cm3),['xăng-ti-mét-khối (cm3)'],['001974'],5
câu cá,['câu cá'],['001975'],4
xăng-ti-mét-vuông (cm2),['xăng-ti-mét-vuông (cm2)'],['001976'],5
câu chuyện,['câu chuyện'],['001977'],4
xâm lược,['xâm lược'],['001978'],5
câu đố,['câu đố'],['001979'],4
xây,['xây'],['001980'],1
câu đối,['câu đối'],['001981'],3
xây,['xây'],['001982'],3
câu đơn,['câu đơn'],['001983'],4
xây,['xây'],['001984'],3
câu ghép,['câu ghép'],['001985'],4
xây nhà,['xây nhà'],['001986'],5
câu thơ,['câu thơ'],['001987'],2
xe đạp,['xe đạp'],['001988'],5
câu thơ,['câu thơ'],['001989'],3
xe ben,['xe ben'],['001990'],5
câu thơ,['câu thơ'],['001991'],3
xe máy,['xe máy'],['001992'],4
câu văn,['câu văn'],['001993'],3
xe cảnh sát,['xe cảnh sát'],['001994'],1
cầu (cây cầu),['cầu (cây cầu)'],['001995'],4
xe cứu hỏa,['xe cứu hỏa'],['001996'],3
cầu cứu,['cầu cứu'],['001997'],4
xe cứu thương,['xe cứu thương'],['001998'],5
cầu giao,['cầu giao'],['001999'],4
xe khách,['xe khách'],['002000'],1
cầu kì,['cầu kì'],['002001'],1
xe khách,['xe khách'],['002002'],3
cầu nguyện,['cầu nguyện'],['002003'],4
xe khách,['xe khách'],['002004'],1
cầu thủ,['cầu thủ'],['002005'],1
xe lam,['xe lam'],['002006'],5
cầu tre,['cầu tre'],['002007'],1
xe lu,['xe lu'],['002008'],5
cây ăn quả,['cây ăn quả'],['002009'],2
xe cẩu,['xe cẩu'],['002010'],5
cây ăn quả,['cây ăn quả'],['002011'],3
xé rách,['xé rách'],['002012'],5
cây ăn quả,['cây ăn quả'],['002013'],3
xem xét,['xem xét'],['002014'],5
cây bàng,['cây bàng'],['002015'],1
xen,['xen'],['002016'],5
cây bàng,['cây bàng'],['002017'],5
xẻng,['xẻng'],['002018'],5
cây cổ thụ,['cây cổ thụ'],['002019'],2
xếp,['xếp'],['002020'],5
cây cổ thụ,['cây cổ thụ'],['002021'],4
xếp hàng,['xếp hàng'],['002022'],5
cây cổ thụ,['cây cổ thụ'],['002023'],4
xếp hàng dọc,['xếp hàng dọc'],['002024'],5
cây cối,['cây cối'],['002025'],3
xếp hàng ngang,['xếp hàng ngang'],['002026'],5
cây đa,['cây đa'],['002027'],3
xếp hàng ưu tiên,['xếp hàng ưu tiên'],['002028'],5
cây gỗ,['cây gỗ'],['002029'],3
xinh,['xinh'],['002030'],5
cây khế,['cây khế'],['002031'],3
xinh xắn,['xinh xắn'],['002032'],5
cây ngô,['cây ngô'],['002033'],2
xóa bảng,['xóa bảng'],['002034'],5
cây ngô,['cây ngô'],['002035'],3
xoá bỏ,['xoá bỏ'],['002036'],5
cây ngô,['cây ngô'],['002037'],3
xoáy,['xoáy'],['002038'],5
cây phượng,['cây phượng'],['002039'],1
xóm làng,['xóm làng'],['002040'],5
cây phượng,['cây phượng'],['002041'],3
xô,['xô'],['002042'],5
cây thân gỗ,['cây thân gỗ'],['002043'],2
xôi,['xôi'],['002044'],5
cây thân gỗ,['cây thân gỗ'],['002045'],4
xông hơi,['xông hơi'],['002046'],5
cây thân gỗ,['cây thân gỗ'],['002047'],4
xu (tiền),['xu (tiền)'],['002048'],3
cây tre,['cây tre'],['002049'],3
tóc dựng đứng,['tóc dựng đứng'],['002050'],5
cây trồng,['cây trồng'],['002051'],3
xuất hiện,['xuất hiện'],['002052'],1
cây xanh,['cây xanh'],['002053'],3
xuất hiện,['xuất hiện'],['002054'],3
cấy,['cấy'],['002055'],3
xuất hiện,['xuất hiện'],['002056'],3
cấy lúa,['cấy lúa'],['002057'],3
xuất khẩu,['xuất khẩu'],['002058'],5
cha,['cha'],['002059'],3
xúc xắc,['xúc xắc'],['002060'],5
cha mẹ,['cha mẹ'],['002061'],3
xung đột,['xung đột'],['002062'],5
chả cá,['chả cá'],['002063'],1
xứ Nghệ,['xứ Nghệ'],['002064'],5
chả cá,['chả cá'],['002065'],3
xưa,['xưa'],['002066'],1
chả cá,['chả cá'],['002067'],1
xưa,['xưa'],['002068'],4
chai,['chai'],['002069'],3
xưa,['xưa'],['002070'],5
chai nước,['chai nước'],['002071'],3
xương rồng,['xương rồng'],['002072'],5
chàng trai,['chàng trai'],['002073'],3
Y-Éc-Xanh,['Y-Éc-Xanh'],['002074'],5
chào,['chào'],['002075'],3
y tế,['y tế'],['002076'],5
chảo,['chảo'],['002077'],3
ý chí,['ý chí'],['002078'],5
chảo,['chảo'],['002079'],3
ý nghĩa,['ý nghĩa'],['002080'],1
chát,['chát'],['002081'],3
ý nghĩa,['ý nghĩa'],['002082'],5
cháu gái,['cháu gái'],['002083'],2
ý nghĩa,['ý nghĩa'],['002084'],5
cháu gái,['cháu gái'],['002085'],3
ý thức,['ý thức'],['002086'],5
cháu gái,['cháu gái'],['002087'],3
ý tưởng,['ý tưởng'],['002088'],5
cháu ngoại,['cháu ngoại'],['002089'],2
yếm,['yếm'],['002090'],5
cháu ngoại,['cháu ngoại'],['002091'],3
Yên Bái,['Yên Bái'],['002092'],5
cháu ngoại,['cháu ngoại'],['002093'],5
yên bình,['yên bình'],['002094'],5
cháu nội,['cháu nội'],['002095'],2
yên lòng,['yên lòng'],['002096'],5
cháu nội,['cháu nội'],['002097'],3
tôi yêu bạn,['tôi yêu bạn'],['002098'],5
cháu nội,['cháu nội'],['002099'],5
yêu cầu,['yêu cầu'],['002100'],1
cháu trai,['cháu trai'],['002101'],2
yêu cầu,['yêu cầu'],['002102'],3
cháu trai,['cháu trai'],['002103'],3
yêu cầu,['yêu cầu'],['002104'],3
chày,['chày'],['002105'],3
yêu mến (yêu quí),['yêu mến (yêu quí)'],['002106'],1
cháy rừng,['cháy rừng'],['002107'],3
yêu mến (yêu quí),['yêu mến (yêu quí)'],['002108'],5
chạy,['chạy'],['002109'],3
yêu mến (yêu quí),['yêu mến (yêu quí)'],['002110'],5
chú ( người),['chú ( người)'],['002111'],3
yếu,['yếu'],['002112'],1
chăm học,['chăm học'],['002113'],3
yếu,['yếu'],['002114'],5
chăm sóc sức khỏe,['chăm sóc sức khỏe'],['002115'],1
yếu,['yếu'],['002116'],5
chăm sóc sức khỏe,['chăm sóc sức khỏe'],['002117'],3
yếu tố,['yếu tố'],['002118'],5
chăm sóc sức khỏe,['chăm sóc sức khỏe'],['002119'],5
công văn,['công văn'],['002120'],4
chăn (cái chăn),['chăn (cái chăn)'],['002121'],2
vá quần áo,['vá quần áo'],['002122'],4
chăn (cái chăn),['chăn (cái chăn)'],['002123'],3
hoan hô,['hoan hô'],['002124'],3
chăn (cái chăn),['chăn (cái chăn)'],['002125'],3
trả thù,['trả thù'],['002126'],3
chăn nuôi,['chăn nuôi'],['002127'],2
môn Địa lý,['môn Địa lý'],['002128'],1
chăn nuôi,['chăn nuôi'],['002129'],3
môn Địa lý,['môn Địa lý'],['002130'],3
chăn nuôi,['chăn nuôi'],['002131'],5
gù lưng,['gù lưng'],['002132'],1
ai bảo,['ai bảo'],['002133'],3
chặn,['chặn'],['002134'],3
chặt,['chặt'],['002135'],1
chặt,['chặt'],['002136'],3
chặt,['chặt'],['002137'],3
chặt chẽ,['chặt chẽ'],['002138'],3
châm chọc,['châm chọc'],['002139'],1
chấm dứt,['chấm dứt'],['002140'],3
chấm điểm,['chấm điểm'],['002141'],3
chân dung,['chân dung'],['002142'],3
chân đất,['chân đất'],['002143'],1
chân tay,['chân tay'],['002144'],3
chất dẻo,['chất dẻo'],['002145'],3
chất đốt,['chất đốt'],['002146'],3
chất độc,['chất độc'],['002147'],3
chất độc màu da cam,['chất độc màu da cam'],['002148'],3
chất hữu cơ,['chất hữu cơ'],['002149'],3
chất lỏng,['chất lỏng'],['002150'],3
chất lượng,['chất lượng'],['002151'],3
chất rắn,['chất rắn'],['002152'],3
chất thải,['chất thải'],['002153'],3
chật chội,['chật chội'],['002154'],3
Châu Á Thái Bình Dương,['Châu Á Thái Bình Dương'],['002155'],3
Châu Đại Dương,['Châu Đại Dương'],['002156'],3
chè đỗ đỏ,['chè đỗ đỏ'],['002157'],3
chém,['chém'],['002158'],3
chen lấn,['chen lấn'],['002159'],1
chèn ép,['chèn ép'],['002160'],1
chén,['chén'],['002161'],3
chèo thuyền,['chèo thuyền'],['002162'],1
chép bài,['chép bài'],['002163'],1
tạo thành,['tạo thành'],['002164'],3
chi hội,['chi hội'],['002165'],1
khó tiêu,['khó tiêu'],['002166'],3
chi tiết,['chi tiết'],['002167'],1
chỉ,['chỉ'],['002168'],1
chỉ dẫn,['chỉ dẫn'],['002169'],1
chỉ huy,['chỉ huy'],['002170'],1
chỉ khâu,['chỉ khâu'],['002171'],1
đường chỉ tay,['đường chỉ tay'],['002172'],1
chị,['chị'],['002173'],2
chị chồng,['chị chồng'],['002174'],2
chị dâu,['chị dâu'],['002175'],1
Chi-lê (nước Chi-lê),['Chi-lê (nước Chi-lê)'],['002176'],1
chia,['chia'],['002177'],2
chia,['chia'],['002178'],3
chia,['chia'],['002179'],3
chia cắt,['chia cắt'],['002180'],1
chia đều,['chia đều'],['002181'],1
chia hết,['chia hết'],['002182'],1
chia phần,['chia phần'],['002183'],1
chia sẻ,['chia sẻ'],['002184'],1
chia tay,['chia tay'],['002185'],1
chìa khóa,['chìa khóa'],['002186'],1
chiếc gối,['chiếc gối'],['002187'],2
chiếc gối,['chiếc gối'],['002188'],3
chiếc gối,['chiếc gối'],['002189'],5
chiếm đoạt,['chiếm đoạt'],['002190'],1
chiêng,['chiêng'],['002191'],1
chiều cao,['chiều cao'],['002192'],1
chiều dài,['chiều dài'],['002193'],1
chiều rộng,['chiều rộng'],['002194'],1
chiều tối,['chiều tối'],['002195'],1
chiếu,['chiếu'],['002196'],3
chiếu,['chiếu'],['002197'],2
chiếu,['chiếu'],['002198'],2
chiếu phim,['chiếu phim'],['002199'],1
cá mập,['cá mập'],['002200'],3
chim bồ câu,['chim bồ câu'],['002201'],1
chim chào mào,['chim chào mào'],['002202'],1
chim chích chòe,['chim chích chòe'],['002203'],1
chim chóc,['chim chóc'],['002204'],1
chim đại bàng,['chim đại bàng'],['002205'],1
chim gõ kiến,['chim gõ kiến'],['002206'],1
chim phượng hoàng,['chim phượng hoàng'],['002207'],1
chim yến,['chim yến'],['002208'],1
chỉnh sửa,['chỉnh sửa'],['002209'],1
chín,['chín'],['002210'],1
chính phủ,['chính phủ'],['002211'],2
chính phủ,['chính phủ'],['002212'],3
chính quyền,['chính quyền'],['002213'],1
chính tả,['chính tả'],['002214'],1
chính xác,['chính xác'],['002215'],2
chính xác,['chính xác'],['002216'],3
chính xác,['chính xác'],['002217'],3
chó sói,['chó sói'],['002218'],1
chó xù,['chó xù'],['002219'],1
chọi gà,['chọi gà'],['002220'],1
chọi trâu,['chọi trâu'],['002221'],1
chọn lọc,['chọn lọc'],['002222'],1
chọn lựa,['chọn lựa'],['002223'],1
chong chóng,['chong chóng'],['002224'],1
chống đối,['chống đối'],['002225'],2
chợ Bến Thành,['chợ Bến Thành'],['002226'],1
chợ nổi,['chợ nổi'],['002227'],1
chợ nổi Cái Bè,['chợ nổi Cái Bè'],['002228'],1
chợ nổi Cái Răng,['chợ nổi Cái Răng'],['002229'],1
luân phiên,['luân phiên'],['002230'],3
luân phiên,['luân phiên'],['002231'],3
chơi,['chơi'],['002232'],2
chơi,['chơi'],['002233'],2
chớp mắt,['chớp mắt'],['002234'],1
chu vi,['chu vi'],['002235'],1
chủ đề,['chủ đề'],['002236'],1
chủ động,['chủ động'],['002237'],1
chủ nghĩa xã hội,['chủ nghĩa xã hội'],['002238'],1
chủ ngữ,['chủ ngữ'],['002239'],1
chủ nhiệm,['chủ nhiệm'],['002240'],3
nước tới chân mới nhảy,['nước tới chân mới nhảy'],['002241'],1
chú hề,['chú hề'],['002242'],1
chú rể,['chú rể'],['002243'],1
chú tễu,['chú tễu'],['002244'],3
thích nghi,['thích nghi'],['002245'],3
chú ý,['chú ý'],['002246'],4
chùa,['chùa'],['002247'],2
chùa,['chùa'],['002248'],3
chùa,['chùa'],['002249'],5
chùa Hương,['chùa Hương'],['002250'],3
chùa Một Cột,['chùa Một Cột'],['002251'],4
chuẩn bị,['chuẩn bị'],['002252'],2
chuẩn bị,['chuẩn bị'],['002253'],2
chuẩn bị,['chuẩn bị'],['002254'],2
chúc mừng,['chúc mừng'],['002255'],2
chúc mừng,['chúc mừng'],['002256'],3
chúc mừng,['chúc mừng'],['002257'],3
chúc tết,['chúc tết'],['002258'],2
chúc thọ,['chúc thọ'],['002259'],3
chúc thọ,['chúc thọ'],['002260'],3
chục,['chục'],['002261'],4
chục nghìn,['chục nghìn'],['002262'],4
chục triệu,['chục triệu'],['002263'],4
chui,['chui'],['002264'],4
chúi đầu,['chúi đầu'],['002265'],4
chum,['chum'],['002266'],4
chùm hoa,['chùm hoa'],['002267'],4
chùm khế,['chùm khế'],['002268'],4
chùm nho,['chùm nho'],['002269'],4
chùm vải,['chùm vải'],['002270'],4
chung kết,['chung kết'],['002271'],4
chuỗi hạt,['chuỗi hạt'],['002272'],3
chuông,['chuông'],['002273'],4
chuông nhà,['chuông nhà'],['002274'],4
chuồng,['chuồng'],['002275'],4
chuyên biệt,['chuyên biệt'],['002276'],3
chuyên cần,['chuyên cần'],['002277'],3
chuyên gia,['chuyên gia'],['002278'],2
chuyên gia,['chuyên gia'],['002279'],3
chuyên gia,['chuyên gia'],['002280'],3
chuyền bóng,['chuyền bóng'],['002281'],4
chim chuyền cành,['chim chuyền cành'],['002282'],3
chuyển đồ,['chuyển đồ'],['002283'],4
chuyển đổi số đo,['chuyển đổi số đo'],['002284'],4
chuyển động,['chuyển động'],['002285'],4
chuyển động đều,['chuyển động đều'],['002286'],4
chuyển động quay,['chuyển động quay'],['002287'],4
chuyển giao,['chuyển giao'],['002288'],4
chuyển hướng,['chuyển hướng'],['002289'],3
chuyển vế,['chuyển vế'],['002290'],4
chuyện trò,['chuyện trò'],['002291'],4
chữ cái,['chữ cái'],['002292'],4
chữa bài,['chữa bài'],['002293'],3
chữa bài,['chữa bài'],['002294'],2
chữa cháy,['chữa cháy'],['002295'],4
chức năng,['chức năng'],['002296'],4
chứng kiến,['chứng kiến'],['002297'],4
chương trình,['chương trình'],['002298'],4
chữ,['chữ'],['002299'],4
chữa bệnh,['chữa bệnh'],['002300'],4
chức vụ,['chức vụ'],['002301'],3
chứng cớ,['chứng cớ'],['002302'],4
chứng minh,['chứng minh'],['002303'],4
chứng nhận,['chứng nhận'],['002304'],3
co dãn,['co dãn'],['002305'],4
co giật,['co giật'],['002306'],4
cỏ may,['cỏ may'],['002307'],3
có ích,['có ích'],['002308'],4
trọng nam khinh nữ,['trọng nam khinh nữ'],['002309'],3
máy vi tính,['máy vi tính'],['002310'],4
con ba ba,['con ba ba'],['002311'],4
con bê,['con bê'],['002312'],2
con bê,['con bê'],['002313'],3
con bê,['con bê'],['002314'],5
con bò,['con bò'],['002315'],2
con bò,['con bò'],['002316'],3
con bò,['con bò'],['002317'],3
con bướm,['con bướm'],['002318'],4
con cá,['con cá'],['002319'],2
con cá,['con cá'],['002320'],3
con cá,['con cá'],['002321'],2
con chim,['con chim'],['002322'],3
con chó,['con chó'],['002323'],2
con chó,['con chó'],['002324'],3
con chó,['con chó'],['002325'],3
con chồn,['con chồn'],['002326'],3
con chuột,['con chuột'],['002327'],3
con chuột nhắt,['con chuột nhắt'],['002328'],3
con cò,['con cò'],['002329'],3
con cóc,['con cóc'],['002330'],3
con cọp,['con cọp'],['002331'],2
con cọp,['con cọp'],['002332'],3
con cọp,['con cọp'],['002333'],3
con công,['con công'],['002334'],3
con cua,['con cua'],['002335'],3
con cú mèo,['con cú mèo'],['002336'],3
con cừu,['con cừu'],['002337'],3
con dâu,['con dâu'],['002338'],3
con dê,['con dê'],['002339'],3
con dế,['con dế'],['002340'],3
con đẻ,['con đẻ'],['002341'],3
con đom đóm,['con đom đóm'],['002342'],3
con đường,['con đường'],['002343'],3
con gà,['con gà'],['002344'],3
con gái,['con gái'],['002345'],3
con gấu,['con gấu'],['002346'],3
con ghẹ,['con ghẹ'],['002347'],3
con gián,['con gián'],['002348'],3
con hoẵng,['con hoẵng'],['002349'],3
con hươu,['con hươu'],['002350'],3
con khỉ,['con khỉ'],['002351'],3
con kiến,['con kiến'],['002352'],2
con kiến,['con kiến'],['002353'],3
con kiến,['con kiến'],['002354'],2
con lợn (con heo),['con lợn (con heo)'],['002355'],2
con lợn (con heo),['con lợn (con heo)'],['002356'],3
con lợn (con heo),['con lợn (con heo)'],['002357'],5
con lươn,['con lươn'],['002358'],3
con mèo,['con mèo'],['002359'],2
con mèo,['con mèo'],['002360'],3
con muỗi,['con muỗi'],['002361'],2
con mực,['con mực'],['002362'],3
con nai,['con nai'],['002363'],3
con ngỗng,['con ngỗng'],['002364'],3
con người,['con người'],['002365'],2
con người,['con người'],['002366'],3
con người,['con người'],['002367'],2
con ngựa,['con ngựa'],['002368'],2
con ngựa,['con ngựa'],['002369'],3
con ngựa,['con ngựa'],['002370'],3
con nhím,['con nhím'],['002371'],3
con nuôi,['con nuôi'],['002372'],1
con nuôi,['con nuôi'],['002373'],3
con nuôi,['con nuôi'],['002374'],5
con ong,['con ong'],['002375'],3
con ong,['con ong'],['002376'],3
con ốc,['con ốc'],['002377'],3
con ruồi,['con ruồi'],['002378'],3
con rùa,['con rùa'],['002379'],3
con sâu,['con sâu'],['002380'],3
con sò,['con sò'],['002381'],3
con sóc,['con sóc'],['002382'],3
con sói,['con sói'],['002383'],3
con sông,['con sông'],['002384'],3
con số,['con số'],['002385'],3
con sư tử,['con sư tử'],['002386'],3
con sư tử,['con sư tử'],['002387'],5
con tem,['con tem'],['002388'],3
con thỏ,['con thỏ'],['002389'],3
con tôm,['con tôm'],['002390'],2
con tôm,['con tôm'],['002391'],3
con tôm,['con tôm'],['002392'],3
con trai (động vật),['con trai (động vật)'],['002393'],3
con trăn,['con trăn'],['002394'],3
con voi,['con voi'],['002395'],2
con voi,['con voi'],['002396'],3
con voi,['con voi'],['002397'],2
cong,['cong'],['002398'],3
còng (cái còng),['còng (cái còng)'],['002399'],3
còng,['còng'],['002400'],3
cõng,['cõng'],['002401'],3
cô dâu,['cô dâu'],['002402'],3
cô đơn,['cô đơn'],['002403'],3
cô giáo,['cô giáo'],['002404'],2
cô giáo,['cô giáo'],['002405'],3
cô giáo,['cô giáo'],['002406'],2
cổ,['cổ'],['002407'],3
cổ áo,['cổ áo'],['002408'],3
cổ chân,['cổ chân'],['002409'],3
cổ đại,['cổ đại'],['002410'],3
cổ họng,['cổ họng'],['002411'],3
cố gắng,['cố gắng'],['002412'],3
cổ tay,['cổ tay'],['002413'],3
cổ truyền,['cổ truyền'],['002414'],3
cổ vũ,['cổ vũ'],['002415'],3
cổng trường,['cổng trường'],['002416'],3
cổng trường,['cổng trường'],['002417'],3
cỗ,['cỗ'],['002418'],3
cố định,['cố định'],['002419'],3
Cô-lôm-bi-a (nước Cô-lôm-bi-a),['Cô-lôm-bi-a (nước Cô-lôm-bi-a)'],['002420'],3
cổ tích,['cổ tích'],['002421'],3
cố ý (như cố tình),['cố ý (như cố tình)'],['002422'],3
cốc,['cốc'],['002423'],3
cối giã,['cối giã'],['002424'],3
cối xay gió,['cối xay gió'],['002425'],3
cối xay lúa,['cối xay lúa'],['002426'],3
cốm,['cốm'],['002427'],3
côn trùng,['côn trùng'],['002428'],3
công bằng,['công bằng'],['002429'],3
công chúa,['công chúa'],['002430'],3
công cộng,['công cộng'],['002431'],3
công cụ,['công cụ'],['002432'],3
công nhận,['công nhận'],['002433'],3
công sức,['công sức'],['002434'],3
công tắc,['công tắc'],['002435'],3
công thức,['công thức'],['002436'],3
công trường,['công trường'],['002437'],2
công ước,['công ước'],['002438'],3
công viên,['công viên'],['002439'],2
công viên,['công viên'],['002440'],3
công viên,['công viên'],['002441'],3
công việc,['công việc'],['002442'],4
Paris,['Paris'],['002443'],3
cổng,['cổng'],['002444'],3
cống,['cống'],['002445'],1
cộng (Toán học),['cộng (Toán học)'],['002446'],2
cộng (Toán học),['cộng (Toán học)'],['002447'],3
cộng (Toán học),['cộng (Toán học)'],['002448'],2
cột đèn,['cột đèn'],['002449'],1
cột điện,['cột điện'],['002450'],2
cột điện,['cột điện'],['002451'],3
cột điện,['cột điện'],['002452'],3
cột nhà,['cột nhà'],['002453'],1
cột sống,['cột sống'],['002454'],1
cơ bắp,['cơ bắp'],['002455'],1
cơ hội,['cơ hội'],['002456'],2
cơ hội,['cơ hội'],['002457'],3
cơ hội,['cơ hội'],['002458'],3
cơ quan,['cơ quan'],['002459'],1
cơ sở,['cơ sở'],['002460'],1
cơ thể,['cơ thể'],['002461'],1
cởi áo,['cởi áo'],['002462'],1
cơm hộp,['cơm hộp'],['002463'],1
cờ,['cờ'],['002464'],1
cờ ca rô,['cờ ca rô'],['002465'],3
cơm,['cơm'],['002466'],1
cơm bình dân,['cơm bình dân'],['002467'],2
cơm bình dân,['cơm bình dân'],['002468'],3
cơm bình dân,['cơm bình dân'],['002469'],5
Cu ba (nước Cu ba),['Cu ba (nước Cu ba)'],['002470'],1
củ đậu,['củ đậu'],['002471'],1
củ khoai lang,['củ khoai lang'],['002472'],1
củ từ,['củ từ'],['002473'],1
cụ thể,['cụ thể'],['002474'],1
cúc áo,['cúc áo'],['002475'],1
cúi,['cúi'],['002476'],1
cuống hoa,['cuống hoa'],['002477'],1
cù,['cù'],['002478'],1
củ cà rốt,['củ cà rốt'],['002479'],1
củ cải trắng,['củ cải trắng'],['002480'],1
củ gừng,['củ gừng'],['002481'],1
củ hành tây,['củ hành tây'],['002482'],1
củ tỏi,['củ tỏi'],['002483'],1
củ sả,['củ sả'],['002484'],3
cụ,['cụ'],['002485'],1
cụ đồ,['cụ đồ'],['002486'],1
cụ già,['cụ già'],['002487'],1
cục tẩy,['cục tẩy'],['002488'],1
cùi chỏ,['cùi chỏ'],['002489'],1
củi,['củi'],['002490'],1
cụm từ,['cụm từ'],['002491'],1
cuộc đời,['cuộc đời'],['002492'],1
cuộc sống,['cuộc sống'],['002493'],1
cuốn,['cuốn'],['002494'],1
cuộn giấy vệ sinh,['cuộn giấy vệ sinh'],['002495'],1
cuống lá,['cuống lá'],['002496'],1
cử chỉ điệu bộ,['cử chỉ điệu bộ'],['002497'],1
cử động,['cử động'],['002498'],1
cưa (cái cưa),['cưa (cái cưa)'],['002499'],1
cửa hàng,['cửa hàng'],['002500'],2
cửa khẩu,['cửa khẩu'],['002501'],1
cửa kính,['cửa kính'],['002502'],1
cửa sổ,['cửa sổ'],['002503'],1
cưỡi ngựa,['cưỡi ngựa'],['002504'],3
yên ngựa,['yên ngựa'],['002505'],3
cướp,['cướp'],['002506'],2
cướp,['cướp'],['002507'],3
cướp,['cướp'],['002508'],3
cướp biển,['cướp biển'],['002509'],1
cướp cờ,['cướp cờ'],['002510'],1
cướp giật,['cướp giật'],['002511'],1
cứu,['cứu'],['002512'],1
cứu hộ,['cứu hộ'],['002513'],1
dai,['dai'],['002514'],1
dài,['dài'],['002515'],1
dài hạn,['dài hạn'],['002516'],1
dàn bài,['dàn bài'],['002517'],1
dàn nhạc,['dàn nhạc'],['002518'],1
danh bạ,['danh bạ'],['002519'],1
danh dự,['danh dự'],['002520'],1
danh hiệu,['danh hiệu'],['002521'],1
danh lam thắng cảnh,['danh lam thắng cảnh'],['002522'],1
danh mục,['danh mục'],['002523'],1
danh nhân,['danh nhân'],['002524'],1
danh sách,['danh sách'],['002525'],1
danh từ,['danh từ'],['002526'],1
danh từ riêng,['danh từ riêng'],['002527'],1
dán,['dán'],['002528'],1
dao,['dao'],['002529'],1
dãy nhà,['dãy nhà'],['002530'],1
dãy núi,['dãy núi'],['002531'],1
dãy số,['dãy số'],['002532'],1
dãy số liệu,['dãy số liệu'],['002533'],1
dân ca,['dân ca'],['002534'],4
dân chài,['dân chài'],['002535'],4
gian lận,['gian lận'],['002536'],3
dân số,['dân số'],['002537'],4
dân tộc,['dân tộc'],['002538'],2
dân tộc,['dân tộc'],['002539'],3
dân tộc,['dân tộc'],['002540'],3
dân tộc thiểu số,['dân tộc thiểu số'],['002541'],2
dân tộc thiểu số,['dân tộc thiểu số'],['002542'],3
dân tộc thiểu số,['dân tộc thiểu số'],['002543'],3
dẫn chương trình,['dẫn chương trình'],['002544'],4
dẫn chứng,['dẫn chứng'],['002545'],1
dập,['dập'],['002546'],4
dầu ăn,['dầu ăn'],['002547'],4
dầu gội đầu,['dầu gội đầu'],['002548'],4
dầu hoả,['dầu hoả'],['002549'],4
dầu khí,['dầu khí'],['002550'],4
dấu chấm hỏi,['dấu chấm hỏi'],['002551'],4
dấu chấm than,['dấu chấm than'],['002552'],4
dấu chia,['dấu chia'],['002553'],4
dấu gạch ngang,['dấu gạch ngang'],['002554'],4
bắt buộc,['bắt buộc'],['002555'],3
dấu ngoặc đơn,['dấu ngoặc đơn'],['002556'],4
dấu nhân,['dấu nhân'],['002557'],4
dấu phẩy,['dấu phẩy'],['002558'],4
dây buộc tóc,['dây buộc tóc'],['002559'],5
dây chun,['dây chun'],['002560'],4
dây điện,['dây điện'],['002561'],2
dây điện,['dây điện'],['002562'],4
dây điện,['dây điện'],['002563'],4
dây thần kinh,['dây thần kinh'],['002564'],3
dây thừng,['dây thừng'],['002565'],4
dây xích,['dây xích'],['002566'],4
dép quai hậu,['dép quai hậu'],['002567'],2
dê con,['dê con'],['002568'],4
dê mẹ,['dê mẹ'],['002569'],4
dễ chịu,['dễ chịu'],['002570'],4
dễ thương,['dễ thương'],['002571'],4
dệt,['dệt'],['002572'],1
di chuyển,['di chuyển'],['002573'],4
di truyền,['di truyền'],['002574'],2
di truyền,['di truyền'],['002575'],3
di truyền,['di truyền'],['002576'],5
dịch vụ,['dịch vụ'],['002577'],2
dịch vụ,['dịch vụ'],['002578'],3
dịch vụ,['dịch vụ'],['002579'],5
diêm,['diêm'],['002580'],4
diện tích,['diện tích'],['002581'],5
diện tích toàn phần,['diện tích toàn phần'],['002582'],3
diện tích xung quanh,['diện tích xung quanh'],['002583'],4
diệt chủng,['diệt chủng'],['002584'],1
xịt côn trùng,['xịt côn trùng'],['002585'],1
diều,['diều'],['002586'],1
Dinh Độc Lập,['Dinh Độc Lập'],['002587'],4
hăm dọa,['hăm dọa'],['002588'],1
doanh nghiệp,['doanh nghiệp'],['002589'],4
doanh trại,['doanh trại'],['002590'],4
dọc,['dọc'],['002591'],4
dòng chữ,['dòng chữ'],['002592'],4
dòng họ,['dòng họ'],['002593'],4
dòng sông,['dòng sông'],['002594'],4
dốc,['dốc'],['002595'],4
dốt,['dốt'],['002596'],1
du học,['du học'],['002597'],4
duyên dáng,['duyên dáng'],['002598'],2
duyệt binh,['duyệt binh'],['002599'],4
nhà nước,['nhà nước'],['002600'],2
nhà nước,['nhà nước'],['002601'],4
nhà nước,['nhà nước'],['002602'],4
dựng phim,['dựng phim'],['002603'],4
đá bóng,['đá bóng'],['002604'],4
pháo đài,['pháo đài'],['002605'],2
đài sen,['đài sen'],['002606'],4
đại diện,['đại diện'],['002607'],2
đại diện,['đại diện'],['002608'],3
đại diện,['đại diện'],['002609'],2
đại dương,['đại dương'],['002610'],4
đại số,['đại số'],['002611'],4
đại tá,['đại tá'],['002612'],3
đại tướng,['đại tướng'],['002613'],4
đại úy,['đại úy'],['002614'],3
đan,['đan'],['002615'],4
đàn xê lô đại vĩ cầm,['đàn xê lô đại vĩ cầm'],['002616'],5
đàn bầu,['đàn bầu'],['002617'],3
đàn bướm,['đàn bướm'],['002618'],4
đàn ghi ta,['đàn ghi ta'],['002619'],4
đàn kiến,['đàn kiến'],['002620'],4
đàn tơ-rưng,['đàn tơ-rưng'],['002621'],3
đàng ngoài,['đàng ngoài'],['002622'],4
đàng trong,['đàng trong'],['002623'],4
đáng quý,['đáng quý'],['002624'],4
đánh,['đánh'],['002625'],4
đánh bắt,['đánh bắt'],['002626'],4
đánh giá,['đánh giá'],['002627'],4
đánh răng,['đánh răng'],['002628'],4
đánh trống,['đánh trống'],['002629'],4
đạn,['đạn'],['002630'],4
đào tạo,['đào tạo'],['002631'],4
đặc biệt,['đặc biệt'],['002632'],4
đặc biệt,['đặc biệt'],['002633'],2
đặc biệt,['đặc biệt'],['002634'],3
đặc biệt,['đặc biệt'],['002635'],3
đặc điểm,['đặc điểm'],['002636'],4
Đắk Lắk,['Đắk Lắk'],['002637'],4
đăng ký,['đăng ký'],['002638'],4
đăng nhập,['đăng nhập'],['002639'],4
đằng sau,['đằng sau'],['002640'],4
đằng trước,['đằng trước'],['002641'],4
Đặng Văn Ngữ,['Đặng Văn Ngữ'],['002642'],3
đắt đỏ,['đắt đỏ'],['002643'],4
đặt,['đặt'],['002644'],4
đập,['đập'],['002645'],4
đất,['đất'],['002646'],4
đất màu mỡ,['đất màu mỡ'],['002647'],5
đất nặn,['đất nặn'],['002648'],4
đầu tàu,['đầu tàu'],['002649'],3
đầu tiên,['đầu tiên'],['002650'],3
đầu xuôi đuôi lọt,['đầu xuôi đuôi lọt'],['002651'],3
đấu tranh,['đấu tranh'],['002652'],3
đấu vật,['đấu vật'],['002653'],3
đầy,['đầy'],['002654'],3
đầy đủ,['đầy đủ'],['002655'],3
đầy tớ,['đầy tớ'],['002656'],1
đẩy,['đẩy'],['002657'],3
đen láy (như đen nhánh),['đen láy (như đen nhánh)'],['002658'],1
đen láy (như đen nhánh),['đen láy (như đen nhánh)'],['002659'],3
đen láy (như đen nhánh),['đen láy (như đen nhánh)'],['002660'],3
đèn báo giao thông,['đèn báo giao thông'],['002661'],2
đèn báo giao thông,['đèn báo giao thông'],['002662'],3
đèn báo giao thông,['đèn báo giao thông'],['002663'],3
đèn điện,['đèn điện'],['002664'],2
đèn điện,['đèn điện'],['002665'],3
đèn pin,['đèn pin'],['002666'],2
đèn pin,['đèn pin'],['002667'],3
đèn pin,['đèn pin'],['002668'],5
đèn vàng,['đèn vàng'],['002669'],2
đèn vàng,['đèn vàng'],['002670'],3
đèn vàng,['đèn vàng'],['002671'],5
đèn xanh,['đèn xanh'],['002672'],2
đèn xanh,['đèn xanh'],['002673'],3
đèn xanh,['đèn xanh'],['002674'],5
đeo kính,['đeo kính'],['002675'],3
đèo Hải Vân,['đèo Hải Vân'],['002676'],2
đèo Hải Vân,['đèo Hải Vân'],['002677'],3
đèo Hải Vân,['đèo Hải Vân'],['002678'],3
đèo,['đèo'],['002679'],1
đẹp đẽ (như đẹp),['đẹp đẽ (như đẹp)'],['002680'],3
đẹp mê hồn,['đẹp mê hồn'],['002681'],1
để (đặt),['để (đặt)'],['002682'],1
đề nghị,['đề nghị'],['002683'],3
đề nghị,['đề nghị'],['002684'],3
đề tài,['đề tài'],['002685'],4
đề-xi-mét (dm),['đề-xi-mét (dm)'],['002686'],3
đề-xi-mét khối (dm3),['đề-xi-mét khối (dm3)'],['002687'],3
đề-xi-mét vuông (dm2),['đề-xi-mét vuông (dm2)'],['002688'],3
đếm,['đếm'],['002689'],5
đền,['đền'],['002690'],3
Đền Hùng,['Đền Hùng'],['002691'],3
đều đặn,['đều đặn'],['002692'],3
đi,['đi'],['002693'],3
đi học,['đi học'],['002694'],3
đĩa,['đĩa'],['002695'],3
đĩa DVD,['đĩa DVD'],['002696'],3
địa cầu,['địa cầu'],['002697'],3
địa đạo Củ Chi,['địa đạo Củ Chi'],['002698'],3
địa điểm,['địa điểm'],['002699'],5
tấm lòng,['tấm lòng'],['002700'],5
điện,['điện'],['002701'],2
điện,['điện'],['002702'],3
điện,['điện'],['002703'],3
Điện Biên Phủ,['Điện Biên Phủ'],['002704'],3
điện thoại,['điện thoại'],['002705'],3
điêu khắc,['điêu khắc'],['002706'],3
quả điều,['quả điều'],['002707'],2
quả điều,['quả điều'],['002708'],2
điều phối,['điều phối'],['002709'],2
điều phối,['điều phối'],['002710'],4
điều hòa,['điều hòa'],['002711'],2
điều hòa,['điều hòa'],['002712'],5
điều khiển,['điều khiển'],['002713'],3
điều kiện,['điều kiện'],['002714'],3
điều tra,['điều tra'],['002715'],3
điều trị,['điều trị'],['002716'],3
định vị,['định vị'],['002717'],5
đo,['đo'],['002718'],3
đoàn cải lương,['đoàn cải lương'],['002719'],3
đoàn thanh niên,['đoàn thanh niên'],['002720'],3
đoàn tụ,['đoàn tụ'],['002721'],3
đoán,['đoán'],['002722'],3
đoạn thẳng,['đoạn thẳng'],['002723'],3
đoạn thơ,['đoạn thơ'],['002724'],3
đoạn văn,['đoạn văn'],['002725'],3
đọc sách,['đọc sách'],['002726'],3
đón,['đón'],['002727'],3
đón tiếp,['đón tiếp'],['002728'],5
đóng cửa,['đóng cửa'],['002729'],3
đóng dấu,['đóng dấu'],['002730'],3
đóng góp,['đóng góp'],['002731'],3
đô thị,['đô thị'],['002732'],3
đồ chơi,['đồ chơi'],['002733'],3
đôi dép,['đôi dép'],['002734'],3
đổi,['đổi'],['002735'],3
đối diện,['đối diện'],['002736'],3
đối tượng,['đối tượng'],['002737'],3
nhập ngũ,['nhập ngũ'],['002738'],2
nhập ngũ,['nhập ngũ'],['002739'],5
nhập ngũ,['nhập ngũ'],['002740'],4
đội trưởng,['đội trưởng'],['002741'],3
đồn công an,['đồn công an'],['002742'],3
Đông Nam,['Đông Nam'],['002743'],3
Đông Nam Á,['Đông Nam Á'],['002744'],3
đồng bằng,['đồng bằng'],['002745'],3
đồng hồ,['đồng hồ'],['002746'],3
Đồng Nai,['Đồng Nai'],['002747'],3
Đồng Tháp Mười,['Đồng Tháp Mười'],['002748'],3
đổ nước,['đổ nước'],['002749'],5
độc lập,['độc lập'],['002750'],3
đối thoại,['đối thoại'],['002751'],3
đối xử,['đối xử'],['002752'],1
đối xứng,['đối xứng'],['002753'],3
đội thiếu niên,['đội thiếu niên'],['002754'],1
trống (không có gì),['trống (không có gì)'],['002755'],5
Đông Dương,['Đông Dương'],['002756'],1
đông lạnh,['đông lạnh'],['002757'],4
Đông Timor (nước Đông Timor),['Đông Timor (nước Đông Timor)'],['002758'],1
đồng bào,['đồng bào'],['002759'],4
đồng lúa,['đồng lúa'],['002760'],4
đồng phục,['đồng phục'],['002761'],2
đồng phục,['đồng phục'],['002762'],3
đồng phục,['đồng phục'],['002763'],3
đồng ruộng,['đồng ruộng'],['002764'],4
đồng tiền,['đồng tiền'],['002765'],1
rơm rớm,['rơm rớm'],['002766'],5
nhiệt độ,['nhiệt độ'],['002767'],5
động cơ,['động cơ'],['002768'],4
tác động,['tác động'],['002769'],5
động viên,['động viên'],['002770'],4
đợi,['đợi'],['002771'],2
đợi,['đợi'],['002772'],3
đợi,['đợi'],['002773'],2
đơn giản,['đơn giản'],['002774'],4
dung tích,['dung tích'],['002775'],5
tính,['tính'],['002776'],2
đỡ,['đỡ'],['002777'],4
đua ngựa,['đua ngựa'],['002778'],4
đua thuyền,['đua thuyền'],['002779'],4
đua xe máy,['đua xe máy'],['002780'],4
đũa,['đũa'],['002781'],4
đun nấu,['đun nấu'],['002782'],4
đuốc,['đuốc'],['002783'],4
đuôi,['đuôi'],['002784'],4
sa thải,['sa thải'],['002785'],5
đưa đón,['đưa đón'],['002786'],4
đứng nghiêm,['đứng nghiêm'],['002787'],4
đường cao,['đường cao'],['002788'],4
đường chéo,['đường chéo'],['002789'],4
đường hàng không,['đường hàng không'],['002790'],4
đường hầm,['đường hầm'],['002791'],4
đường kính,['đường kính'],['002792'],4
đường Nguyễn Huệ,['đường Nguyễn Huệ'],['002793'],4
đường sắt,['đường sắt'],['002794'],4
đường thẳng,['đường thẳng'],['002795'],4
đường thuỷ,['đường thuỷ'],['002796'],4
đường tròn,['đường tròn'],['002797'],4
e thẹn,['e thẹn'],['002798'],2
e thẹn,['e thẹn'],['002799'],4
e thẹn,['e thẹn'],['002800'],5
em dâu,['em dâu'],['002801'],4
em gái,['em gái'],['002802'],4
em rể,['em rể'],['002803'],1
em rể,['em rể'],['002804'],3
em trai,['em trai'],['002805'],3
em út,['em út'],['002806'],4
email,['email'],['002807'],4
Ê Đê,['Ê Đê'],['002808'],1
ế ẩm,['ế ẩm'],['002809'],4
Ê-ti-ô-pi-a (nước Ê-ti-ô-pi-a),['Ê-ti-ô-pi-a (nước Ê-ti-ô-pi-a)'],['002810'],4
ga tàu,['ga tàu'],['002811'],2
ga tàu,['ga tàu'],['002812'],3
ga tàu,['ga tàu'],['002813'],3
gà mái,['gà mái'],['002814'],3
gà rừng,['gà rừng'],['002815'],4
gà tây,['gà tây'],['002816'],3
gà trống,['gà trống'],['002817'],4
gai,['gai'],['002818'],4
gãi đầu gãi tai,['gãi đầu gãi tai'],['002819'],4
gan,['gan'],['002820'],4
gan dạ,['gan dạ'],['002821'],3
gan lì,['gan lì'],['002822'],4
gang tay,['gang tay'],['002823'],4
gánh,['gánh'],['002824'],4
gạo,['gạo'],['002825'],2
gạo,['gạo'],['002826'],3
gạo,['gạo'],['002827'],3
gạo nếp,['gạo nếp'],['002828'],4
gãy chân,['gãy chân'],['002829'],4
gãy tay,['gãy tay'],['002830'],4
gáy,['gáy'],['002831'],4
gặm cỏ,['gặm cỏ'],['002832'],4
gặm xương (con chó gặm xương),['gặm xương (con chó gặm xương)'],['002833'],5
gắn bó,['gắn bó'],['002834'],4
găng tay,['găng tay'],['002835'],1
gắp thức ăn,['gắp thức ăn'],['002836'],4
gặp gỡ,['gặp gỡ'],['002837'],4
gặt lúa,['gặt lúa'],['002838'],4
gần gũi,['gần gũi'],['002839'],4
gấp giấy,['gấp giấy'],['002840'],1
gấp quần áo,['gấp quần áo'],['002841'],1
gật đầu,['gật đầu'],['002842'],1
gật gù,['gật gù'],['002843'],4
gậy của người già,['gậy của người già'],['002844'],1
ghé thăm,['ghé thăm'],['002845'],1
ghép hình,['ghép hình'],['002846'],5
ghi chép,['ghi chép'],['002847'],1
ghi chú,['ghi chú'],['002848'],1
ghi hình,['ghi hình'],['002849'],1
ghi nhớ,['ghi nhớ'],['002850'],1
Gia Lai,['Gia Lai'],['002851'],1
giả bộ (giống giả vờ),['giả bộ (giống giả vờ)'],['002852'],5
giả mạo,['giả mạo'],['002853'],1
giả sử,['giả sử'],['002854'],1
giá sách,['giá sách'],['002855'],1
giai đoạn,['giai đoạn'],['002856'],1
giải thích,['giải thích'],['002857'],4
giảm,['giảm'],['002858'],1
giao thông,['giao thông'],['002859'],2
giao thông,['giao thông'],['002860'],3
giã,['giã'],['002861'],1
giá trị,['giá trị'],['002862'],2
giá trị,['giá trị'],['002863'],3
giá trị,['giá trị'],['002864'],3
giá trị phần trăm,['giá trị phần trăm'],['002865'],2
giá trị phần trăm,['giá trị phần trăm'],['002866'],3
giá trị phần trăm,['giá trị phần trăm'],['002867'],3
giá trị tuyệt đối,['giá trị tuyệt đối'],['002868'],1
giải lao,['giải lao'],['002869'],1
giải quyết,['giải quyết'],['002870'],1
giải vô địch,['giải vô địch'],['002871'],5
giám đốc,['giám đốc'],['002872'],3
giám khảo,['giám khảo'],['002873'],1
gian khổ,['gian khổ'],['002874'],2
giàn khoan,['giàn khoan'],['002875'],1
gián tiếp,['gián tiếp'],['002876'],3
giao hoán,['giao hoán'],['002877'],1
giao lưu,['giao lưu'],['002878'],1
giao thừa,['giao thừa'],['002879'],1
giao tiếp,['giao tiếp'],['002880'],2
giao tiếp,['giao tiếp'],['002881'],3
giao tiếp,['giao tiếp'],['002882'],3
giáo dục,['giáo dục'],['002883'],1
giáo sĩ,['giáo sĩ'],['002884'],1
giàu có,['giàu có'],['002885'],1
giấc ngủ,['giấc ngủ'],['002886'],5
giẫm,['giẫm'],['002887'],1
giận dỗi,['giận dỗi'],['002888'],1
giận dữ,['giận dữ'],['002889'],1
giật mình,['giật mình'],['002890'],1
giầy ba ta,['giầy ba ta'],['002891'],1
giầy dép,['giầy dép'],['002892'],1
giấy,['giấy'],['002893'],3
giấy ăn,['giấy ăn'],['002894'],2
giấy ăn,['giấy ăn'],['002895'],3
giấy ăn,['giấy ăn'],['002896'],3
giấy màu,['giấy màu'],['002897'],2
giấy màu,['giấy màu'],['002898'],3
giấy màu,['giấy màu'],['002899'],3
giấy nháp,['giấy nháp'],['002900'],2
giấy nháp,['giấy nháp'],['002901'],3
giấy nháp,['giấy nháp'],['002902'],3
giấy tờ,['giấy tờ'],['002903'],1
giẻ lau,['giẻ lau'],['002904'],4
gieo xúc xắc,['gieo xúc xắc'],['002905'],4
giếng nước,['giếng nước'],['002906'],1
giết,['giết'],['002907'],1
gió Lào,['gió Lào'],['002908'],4
giỏi,['giỏi'],['002909'],1
giống nhau,['giống nhau'],['002910'],1
giơ tay,['giơ tay'],['002911'],1
giới hạn,['giới hạn'],['002912'],1
giới thiệu,['giới thiệu'],['002913'],1
giúp đỡ,['giúp đỡ'],['002914'],2
giúp đỡ,['giúp đỡ'],['002915'],3
giúp đỡ,['giúp đỡ'],['002916'],3
giường,['giường'],['002917'],1
góc bẹt,['góc bẹt'],['002918'],1
góc bếp,['góc bếp'],['002919'],1
góc học tập,['góc học tập'],['002920'],1
góc nhọn,['góc nhọn'],['002921'],1
góc tù,['góc tù'],['002922'],1
góc vuông,['góc vuông'],['002923'],1
góc vườn,['góc vườn'],['002924'],1
gói (đgt),['gói (đgt)'],['002925'],1
gói,['gói'],['002926'],1
gọt bút chì (cái),['gọt bút chì (cái)'],['002927'],1
gọt bút chì,['gọt bút chì'],['002928'],1
gỗ,['gỗ'],['002929'],2
gỗ,['gỗ'],['002930'],3
gỗ,['gỗ'],['002931'],5
gốm sứ,['gốm sứ'],['002932'],4
gợi ý,['gợi ý'],['002933'],1
gửi,['gửi'],['002934'],1
gửi quà,['gửi quà'],['002935'],1
gửi thư,['gửi thư'],['002936'],1
gương,['gương'],['002937'],1
gương mặt,['gương mặt'],['002938'],1
gương mẫu,['gương mẫu'],['002939'],1
Hà Giang,['Hà Giang'],['002940'],1
Hà Lan (nước Hà Lan),['Hà Lan (nước Hà Lan)'],['002941'],1
Hạ Long,['Hạ Long'],['002942'],3
hài hước,['hài hước'],['002943'],1
hạn hán,['hạn hán'],['002944'],1
hàng chục,['hàng chục'],['002945'],1
hàng chục nghìn,['hàng chục nghìn'],['002946'],1
hàng chục triệu,['hàng chục triệu'],['002947'],1
hàng dọc,['hàng dọc'],['002948'],1
hàng đơn vị,['hàng đơn vị'],['002949'],1
hàng ngang,['hàng ngang'],['002950'],1
hàng nghìn,['hàng nghìn'],['002951'],1
hàng trăm,['hàng trăm'],['002952'],1
hàng trăm nghìn,['hàng trăm nghìn'],['002953'],1
hàng triệu,['hàng triệu'],['002954'],1
hàng xóm,['hàng xóm'],['002955'],1
hành động,['hành động'],['002956'],1
hành lang,['hành lang'],['002957'],1
hành quân,['hành quân'],['002958'],2
hành quân,['hành quân'],['002959'],3
hành quân,['hành quân'],['002960'],5
hạt,['hạt'],['002961'],1
hạt cườm,['hạt cườm'],['002962'],5
hạt lạc,['hạt lạc'],['002963'],1
hạt lúa,['hạt lúa'],['002964'],1
hạt tiêu,['hạt tiêu'],['002965'],1
hăng hái,['hăng hái'],['002966'],1
hằng đẳng thức,['hằng đẳng thức'],['002967'],1
hắt hơi,['hắt hơi'],['002968'],1
Hậu Giang,['Hậu Giang'],['002969'],1
hậu quả,['hậu quả'],['002970'],1
héc-ta (ha),['héc-ta (ha)'],['002971'],2
héc-tô-gam (hg),['héc-tô-gam (hg)'],['002972'],2
héc-tô-gam (hg),['héc-tô-gam (hg)'],['002973'],3
héc-tô-gam (hg),['héc-tô-gam (hg)'],['002974'],3
héc-tô-mét (hm),['héc-tô-mét (hm)'],['002975'],2
héc-tô-mét (hm),['héc-tô-mét (hm)'],['002976'],3
héc-tô-mét (hm),['héc-tô-mét (hm)'],['002977'],3
héo,['héo'],['002978'],3
hét (giống la),['hét (giống la)'],['002979'],3
hệ thống,['hệ thống'],['002980'],3
hệ thống,['hệ thống'],['002981'],3
hệ thống,['hệ thống'],['002982'],3
hi sinh,['hi sinh'],['002983'],2
hi sinh,['hi sinh'],['002984'],3
hi sinh,['hi sinh'],['002985'],5
hi vọng,['hi vọng'],['002986'],2
hi vọng,['hi vọng'],['002987'],3
hi vọng,['hi vọng'],['002988'],2
hiện đại,['hiện đại'],['002989'],3
hiện nay,['hiện nay'],['002990'],3
hiểu,['hiểu'],['002991'],2
hiểu,['hiểu'],['002992'],3
hiểu,['hiểu'],['002993'],3
hiếu thảo,['hiếu thảo'],['002994'],4
hình,['hình'],['002995'],3
hình bình hành,['hình bình hành'],['002996'],3
hình cầu,['hình cầu'],['002997'],4
hình chiếu,['hình chiếu'],['002998'],4
hình dáng,['hình dáng'],['002999'],4
hình elip,['hình elip'],['003000'],3
hình học,['hình học'],['003001'],3
hình hộp chữ nhật,['hình hộp chữ nhật'],['003002'],3
hình lập phương,['hình lập phương'],['003003'],3
hình phạt,['hình phạt'],['003004'],3
hình thang,['hình thang'],['003005'],3
hình trụ,['hình trụ'],['003006'],3
hình tứ giác,['hình tứ giác'],['003007'],3
hình vẽ,['hình vẽ'],['003008'],3
hoa,['hoa'],['003009'],2
hoa,['hoa'],['003010'],3
hoa,['hoa'],['003011'],2
hoa lay ơn,['hoa lay ơn'],['003012'],3
hoa sen,['hoa sen'],['003013'],2
hoa sen,['hoa sen'],['003014'],3
hoa sen,['hoa sen'],['003015'],5
hòa bình,['hòa bình'],['003016'],3
hòa nhập,['hòa nhập'],['003017'],3
họa sỹ,['họa sỹ'],['003018'],3
hoàn thành,['hoàn thành'],['003019'],3
hoán vị,['hoán vị'],['003020'],3
hoàng đế,['hoàng đế'],['003021'],3
hoàng hôn,['hoàng hôn'],['003022'],3
Hoàng tử,['Hoàng tử'],['003023'],3
hoảng sợ,['hoảng sợ'],['003024'],3
hoạt động,['hoạt động'],['003025'],2
hoạt hình,['hoạt hình'],['003026'],2
hoạt hình,['hoạt hình'],['003027'],3
hoạt hình,['hoạt hình'],['003028'],3
hỏi han,['hỏi han'],['003029'],3
hòn đá,['hòn đá'],['003030'],3
hót rác,['hót rác'],['003031'],3
học bổng,['học bổng'],['003032'],3
học kém,['học kém'],['003033'],3
học nhóm,['học nhóm'],['003034'],3
học phí,['học phí'],['003035'],3
học tập,['học tập'],['003036'],3
học trò,['học trò'],['003037'],3
hỏi,['hỏi'],['003038'],2
hỏi,['hỏi'],['003039'],3
hỏi,['hỏi'],['003040'],3
hỏi thăm,['hỏi thăm'],['003041'],2
hòn bi (giống viên bi),['hòn bi (giống viên bi)'],['003042'],2
hỏng,['hỏng'],['003043'],2
hỏng,['hỏng'],['003044'],3
hỏng,['hỏng'],['003045'],2
họp,['họp'],['003046'],2
hót,['hót'],['003047'],3
hót rác (cái hót rác),['hót rác (cái hót rác)'],['003048'],3
Hồ Chí Minh,['Hồ Chí Minh'],['003049'],3
hồ dán,['hồ dán'],['003050'],3
hồ Hoàn Kiếm,['hồ Hoàn Kiếm'],['003051'],4
hồ nước,['hồ nước'],['003052'],3
hồi hộp,['hồi hộp'],['003053'],2
hồi hộp,['hồi hộp'],['003054'],3
hồi hộp,['hồi hộp'],['003055'],2
hối hận,['hối hận'],['003056'],2
hối hận,['hối hận'],['003057'],3
hối hận,['hối hận'],['003058'],5
hối lộ,['hối lộ'],['003059'],3
hội nghị,['hội nghị'],['003060'],2
hội thảo,['hội thảo'],['003061'],3
hội thảo,['hội thảo'],['003062'],3
hộp,['hộp'],['003063'],3
hộp bút,['hộp bút'],['003064'],3
hộp sữa,['hộp sữa'],['003065'],3
hơi nước,['hơi nước'],['003066'],3
hợp đồng,['hợp đồng'],['003067'],1
hợp đồng,['hợp đồng'],['003068'],1
hợp lí,['hợp lí'],['003069'],3
hợp tác,['hợp tác'],['003070'],3
huân chương,['huân chương'],['003071'],3
hung ác,['hung ác'],['003072'],3
hung thủ,['hung thủ'],['003073'],4
Hung-ga-ri (nước Hung-ga-ri),['Hung-ga-ri (nước Hung-ga-ri)'],['003074'],3
Hùng Vương,['Hùng Vương'],['003075'],4
hút nước,['hút nước'],['003076'],3
hút thuốc lá,['hút thuốc lá'],['003077'],3
huy hiệu,['huy hiệu'],['003078'],3
huỷ diệt,['huỷ diệt'],['003079'],3
huyện,['huyện'],['003080'],1
huyện,['huyện'],['003081'],3
huyện,['huyện'],['003082'],5
Hưng Yên,['Hưng Yên'],['003083'],4
hướng dẫn,['hướng dẫn'],['003084'],4
muối i-ốt,['muối i-ốt'],['003085'],3
I-rắc (nước I-rắc),['I-rắc (nước I-rắc)'],['003086'],4
ích lợi,['ích lợi'],['003087'],4
in (ấn),['in (ấn)'],['003088'],1
ít,['ít'],['003089'],4
ít hơn,['ít hơn'],['003090'],4
ít nhất,['ít nhất'],['003091'],4
Italia (nước Italia),['Italia (nước Italia)'],['003092'],4
kẻ cắp,['kẻ cắp'],['003093'],4
kèn,['kèn'],['003094'],4
kẻ thù,['kẻ thù'],['003095'],4
kém,['kém'],['003096'],1
kém,['kém'],['003097'],3
kém,['kém'],['003098'],1
keo kiệt,['keo kiệt'],['003099'],4
kẹo,['kẹo'],['003100'],3
kẹp,['kẹp'],['003101'],4
kể chuyện,['kể chuyện'],['003102'],4
kết bạn,['kết bạn'],['003103'],4
kết hợp,['kết hợp'],['003104'],4
kết quả,['kết quả'],['003105'],1
kết quả,['kết quả'],['003106'],3
kết quả,['kết quả'],['003107'],3
kêu,['kêu'],['003108'],4
kêu gọi,['kêu gọi'],['003109'],4
khác,['khác'],['003110'],4
khách,['khách'],['003111'],4
khách mời,['khách mời'],['003112'],4
khách sạn,['khách sạn'],['003113'],3
khách vip,['khách vip'],['003114'],4
hoang mang,['hoang mang'],['003115'],3
khai mạc,['khai mạc'],['003116'],4
kháng sinh,['kháng sinh'],['003117'],4
Khánh Hòa,['Khánh Hòa'],['003118'],4
khát nước,['khát nước'],['003119'],4
khát vọng,['khát vọng'],['003120'],4
khắc phục,['khắc phục'],['003121'],4
khăn mặt,['khăn mặt'],['003122'],4
khăn quàng,['khăn quàng'],['003123'],4
khăn quàng đỏ,['khăn quàng đỏ'],['003124'],4
khâm phục,['khâm phục'],['003125'],4
khâu vá,['khâu vá'],['003126'],4
khẩu hiệu,['khẩu hiệu'],['003127'],4
khẩu trang,['khẩu trang'],['003128'],4
khe cửa,['khe cửa'],['003129'],4
khe núi,['khe núi'],['003130'],4
khen,['khen'],['003131'],4
khen tặng,['khen tặng'],['003132'],4
khéo,['khéo'],['003133'],4
khiêng,['khiêng'],['003134'],4
khó khăn,['khó khăn'],['003135'],1
khó khăn,['khó khăn'],['003136'],3
khoa học,['khoa học'],['003137'],4
khóa quần,['khóa quần'],['003138'],4
khoác vai,['khoác vai'],['003139'],4
khoan (cái khoan),['khoan (cái khoan)'],['003140'],4
khoảng cách,['khoảng cách'],['003141'],4
khoá (cái khóa),['khoá (cái khóa)'],['003142'],4
khóa cửa,['khóa cửa'],['003143'],4
khoác áo,['khoác áo'],['003144'],4
khoác tay,['khoác tay'],['003145'],5
khoan,['khoan'],['003146'],4
khoang tàu,['khoang tàu'],['003147'],4
khoanh tay,['khoanh tay'],['003148'],4
khóc,['khóc'],['003149'],3
khoe,['khoe'],['003150'],4
khỏi bệnh,['khỏi bệnh'],['003151'],1
khói,['khói'],['003152'],3
khóm dứa,['khóm dứa'],['003153'],3
bụi tre,['bụi tre'],['003154'],3
khô héo,['khô héo'],['003155'],3
khổ thơ,['khổ thơ'],['003156'],3
cầu Long Biên,['cầu Long Biên'],['003157'],3
khối lượng,['khối lượng'],['003158'],5
không gian,['không gian'],['003159'],3
không thẳng hàng,['không thẳng hàng'],['003160'],3
khổng lồ,['khổng lồ'],['003161'],3
khố,['khố'],['003162'],4
không hiểu,['không hiểu'],['003163'],1
không hiểu,['không hiểu'],['003164'],3
không hiểu,['không hiểu'],['003165'],3
không khí,['không khí'],['003166'],4
khổ,['khổ'],['003167'],2
khu vườn,['khu vườn'],['003168'],1
vực sâu,['vực sâu'],['003169'],3
khúc khuỷu,['khúc khuỷu'],['003170'],4
khung cửa số,['khung cửa số'],['003171'],4
khung thành,['khung thành'],['003172'],4
khuôn hình,['khuôn hình'],['003173'],3
khuy,['khuy'],['003174'],4
khuyên tai,['khuyên tai'],['003175'],4
kì diệu,['kì diệu'],['003176'],4
kì lạ,['kì lạ'],['003177'],4
kí duyệt,['kí duyệt'],['003178'],1
ki-lô-gam,['ki-lô-gam'],['003179'],1
ki-lô-mét vuông (km2),['ki-lô-mét vuông (km2)'],['003180'],1
kỉ niệm,['kỉ niệm'],['003181'],1
kỉ niệm,['kỉ niệm'],['003182'],3
kỉ niệm,['kỉ niệm'],['003183'],3
kí hiệu,['kí hiệu'],['003184'],1
kí tên,['kí tên'],['003185'],3
kí tên,['kí tên'],['003186'],3
kịch bản,['kịch bản'],['003187'],1
kiểm tra,['kiểm tra'],['003188'],1
kiểm tra,['kiểm tra'],['003189'],3
kiểm tra,['kiểm tra'],['003190'],3
kiếm (cái kiếm),['kiếm (cái kiếm)'],['003191'],1
Kiên Giang,['Kiên Giang'],['003192'],1
kiên quyết,['kiên quyết'],['003193'],4
kiến thức,['kiến thức'],['003194'],1
kiến trúc,['kiến trúc'],['003195'],1
kiến trúc sư,['kiến trúc sư'],['003196'],1
"kiêu (kiêu căng, kiêu xa)","['kiêu (kiêu căng, kiêu xa)']",['003197'],1
kim,['kim'],['003198'],1
kinh ngạc,['kinh ngạc'],['003199'],1
kinh nghiệm,['kinh nghiệm'],['003200'],1
kính hiển vi,['kính hiển vi'],['003201'],1
kính lão,['kính lão'],['003202'],4
kính lúp,['kính lúp'],['003203'],1
kính trọng,['kính trọng'],['003204'],1
Kon Tum,['Kon Tum'],['003205'],1
la bàn,['la bàn'],['003206'],1
la hét,['la hét'],['003207'],1
lá cây,['lá cây'],['003208'],1
lá cây,['lá cây'],['003209'],3
lá thư,['lá thư'],['003210'],1
Lạc Long Quân,['Lạc Long Quân'],['003211'],4
lạc quan,['lạc quan'],['003212'],1
lái tàu hỏa,['lái tàu hỏa'],['003213'],2
lái tàu hỏa,['lái tàu hỏa'],['003214'],4
làm quen,['làm quen'],['003215'],1
làm ruộng,['làm ruộng'],['003216'],2
làm việc,['làm việc'],['003217'],4
lang thang,['lang thang'],['003218'],4
làn sóng,['làn sóng'],['003219'],4
làng xóm,['làng xóm'],['003220'],4
Lạng Sơn,['Lạng Sơn'],['003221'],1
lãnh đạo,['lãnh đạo'],['003222'],1
thổ dân,['thổ dân'],['003223'],2
lao phổi,['lao phổi'],['003224'],1
Lào (nước Lào),['Lào (nước Lào)'],['003225'],1
Lào (nước Lào),['Lào (nước Lào)'],['003226'],3
Lào (nước Lào),['Lào (nước Lào)'],['003227'],1
lão già,['lão già'],['003228'],1
lau chùi,['lau chùi'],['003229'],1
lau khô,['lau khô'],['003230'],1
lau nhà,['lau nhà'],['003231'],1
lặn,['lặn'],['003232'],1
lặng lẽ,['lặng lẽ'],['003233'],1
lắp ráp,['lắp ráp'],['003234'],4
Lâm Đồng,['Lâm Đồng'],['003235'],1
lẫn lộn,['lẫn lộn'],['003236'],1
lầu (tầng),['lầu (tầng)'],['003237'],2
lây bệnh,['lây bệnh'],['003238'],1
lây nhiễm,['lây nhiễm'],['003239'],1
lấy,['lấy'],['003240'],1
leo trèo,['leo trèo'],['003241'],1
lễ bế giảng,['lễ bế giảng'],['003242'],2
lễ bế giảng,['lễ bế giảng'],['003243'],2
lễ hội,['lễ hội'],['003244'],1
lễ hội,['lễ hội'],['003245'],3
lễ hội,['lễ hội'],['003246'],1
lễ Nô-en,['lễ Nô-en'],['003247'],1
lễ Nô-en,['lễ Nô-en'],['003248'],3
lễ hội hóa trang,['lễ hội hóa trang'],['003249'],2
lễ phép,['lễ phép'],['003250'],1
lễ vật,['lễ vật'],['003251'],2
lên đường,['lên đường'],['003252'],2
lên ngôi,['lên ngôi'],['003253'],1
lên xe,['lên xe'],['003254'],1
lều trại,['lều trại'],['003255'],1
lí do,['lí do'],['003256'],2
Liên Bang Nga (nước Nga),['Liên Bang Nga (nước Nga)'],['003257'],1
Liên Bang Nga (nước Nga),['Liên Bang Nga (nước Nga)'],['003258'],3
Liên Bang Nga (nước Nga),['Liên Bang Nga (nước Nga)'],['003259'],5
liên hoan,['liên hoan'],['003260'],2
liên hoan,['liên hoan'],['003261'],4
liên hoan,['liên hoan'],['003262'],2
liên kết,['liên kết'],['003263'],1
liên lạc,['liên lạc'],['003264'],1
liên lạc,['liên lạc'],['003265'],3
liên quan,['liên quan'],['003266'],3
liên tục,['liên tục'],['003267'],1
liền sau,['liền sau'],['003268'],1
liền trước,['liền trước'],['003269'],1
liệt (liệt tay chân),['liệt (liệt tay chân)'],['003270'],2
liều lĩnh,['liều lĩnh'],['003271'],3
liều mình,['liều mình'],['003272'],1
linh hồn,['linh hồn'],['003273'],1
lĩnh hội,['lĩnh hội'],['003274'],1
lĩnh vực,['lĩnh vực'],['003275'],1
lĩnh vực,['lĩnh vực'],['003276'],3
lĩnh vực,['lĩnh vực'],['003277'],3
lo sợ,['lo sợ'],['003278'],1
lò xo,['lò xo'],['003279'],3
lọ hoa,['lọ hoa'],['003280'],3
lọ mực,['lọ mực'],['003281'],1
loa,['loa'],['003282'],1
loạn thị,['loạn thị'],['003283'],1
lon bia,['lon bia'],['003284'],1
Long An,['Long An'],['003285'],1
lọng,['lọng'],['003286'],1
lỗi chính tả,['lỗi chính tả'],['003287'],1
lỗi lầm,['lỗi lầm'],['003288'],1
lối đi,['lối đi'],['003289'],1
lông,['lông'],['003290'],1
lông gà,['lông gà'],['003291'],1
lồng bàn,['lồng bàn'],['003292'],1
lồng chim,['lồng chim'],['003293'],1
lồng tiếng,['lồng tiếng'],['003294'],2
lơ lửng,['lơ lửng'],['003295'],1
lời giải,['lời giải'],['003296'],1
lời nói,['lời nói'],['003297'],1
lợi ích,['lợi ích'],['003298'],1
lớp,['lớp'],['003299'],1
lúa,['lúa'],['003300'],1
luật chơi,['luật chơi'],['003301'],1
luật chơi,['luật chơi'],['003302'],3
luật chơi,['luật chơi'],['003303'],1
luật lệ,['luật lệ'],['003304'],1
lúc nào,['lúc nào'],['003305'],1
lúc nào,['lúc nào'],['003306'],3
lúc nào,['lúc nào'],['003307'],3
lục địa,['lục địa'],['003308'],1
lục giác,['lục giác'],['003309'],1
lùi bước,['lùi bước'],['003310'],1
lúng túng,['lúng túng'],['003311'],1
lũy tre,['lũy tre'],['003312'],1
luyện tập,['luyện tập'],['003313'],1
luyện từ và câu,['luyện từ và câu'],['003314'],1
lửa,['lửa'],['003315'],1
lược,['lược'],['003316'],1
lười học,['lười học'],['003317'],1
lười học,['lười học'],['003318'],3
lười học,['lười học'],['003319'],3
lưỡi,['lưỡi'],['003320'],1
lưỡi câu,['lưỡi câu'],['003321'],5
lưới,['lưới'],['003322'],1
lượm,['lượm'],['003323'],1
lương thực,['lương thực'],['003324'],1
lướt ván,['lướt ván'],['003325'],1
cây thông,['cây thông'],['003326'],5
dự trữ,['dự trữ'],['003327'],5
lưu ý,['lưu ý'],['003328'],1
lựu,['lựu'],['003329'],1
lựu đạn,['lựu đạn'],['003330'],1
ma,['ma'],['003331'],1
ma cà rồng,['ma cà rồng'],['003332'],1
ma quỷ,['ma quỷ'],['003333'],1
mạch lạc,['mạch lạc'],['003334'],3
mạch máu,['mạch máu'],['003335'],3
mái chèo,['mái chèo'],['003336'],3
mái hiên,['mái hiên'],['003337'],3
mái nhà,['mái nhà'],['003338'],3
mái tóc,['mái tóc'],['003339'],3
màn,['màn'],['003340'],1
màn,['màn'],['003341'],3
màn,['màn'],['003342'],5
mạng lưới,['mạng lưới'],['003343'],3
mạnh mẽ,['mạnh mẽ'],['003344'],3
màu cam,['màu cam'],['003345'],3
màu đen,['màu đen'],['003346'],1
màu đỏ,['màu đỏ'],['003347'],3
màu nâu,['màu nâu'],['003348'],1
màu nâu,['màu nâu'],['003349'],3
màu nâu,['màu nâu'],['003350'],3
màu nhiệm,['màu nhiệm'],['003351'],3
màu trắng,['màu trắng'],['003352'],1
màu trắng,['màu trắng'],['003353'],3
màu trắng,['màu trắng'],['003354'],3
màu xanh da trời,['màu xanh da trời'],['003355'],1
màu xanh da trời,['màu xanh da trời'],['003356'],3
màu xanh da trời,['màu xanh da trời'],['003357'],5
màu xanh lá cây,['màu xanh lá cây'],['003358'],1
màu xanh lá cây,['màu xanh lá cây'],['003359'],3
màu xanh lá cây,['màu xanh lá cây'],['003360'],5
má,['má'],['003361'],3
máy ảnh,['máy ảnh'],['003362'],3
máy bơm,['máy bơm'],['003363'],3
máy chiếu,['máy chiếu'],['003364'],3
máy in,['máy in'],['003365'],1
máy in,['máy in'],['003366'],3
máy in,['máy in'],['003367'],3
máy khâu,['máy khâu'],['003368'],3
mắc áo,['mắc áo'],['003369'],5
mặc,['mặc'],['003370'],3
mặc kệ,['mặc kệ'],['003371'],3
mặc quần áo,['mặc quần áo'],['003372'],1
mắm,['mắm'],['003373'],3
măng,['măng'],['003374'],3
mắng,['mắng'],['003375'],1
mắng,['mắng'],['003376'],3
mắng,['mắng'],['003377'],5
mặt,['mặt'],['003378'],3
mặt đất,['mặt đất'],['003379'],3
mặt vuông,['mặt vuông'],['003380'],4
mặt nạ,['mặt nạ'],['003381'],3
mặt dài,['mặt dài'],['003382'],4
mâm cơm,['mâm cơm'],['003383'],3
mâm ngũ quả,['mâm ngũ quả'],['003384'],2
mâm ngũ quả,['mâm ngũ quả'],['003385'],4
mất ngủ,['mất ngủ'],['003386'],3
mất trí,['mất trí'],['003387'],3
mật khẩu,['mật khẩu'],['003388'],1
mật khẩu,['mật khẩu'],['003389'],3
mật khẩu,['mật khẩu'],['003390'],3
mật ong,['mật ong'],['003391'],3
mẫu số,['mẫu số'],['003392'],3
mẫu số bé,['mẫu số bé'],['003393'],3
mẫu số chung,['mẫu số chung'],['003394'],3
mẫu số lớn,['mẫu số lớn'],['003395'],3
mây,['mây'],['003396'],3
mét (m),['mét (m)'],['003397'],3
mét khối (m3),['mét khối (m3)'],['003398'],3
mét vuông (m2),['mét vuông (m2)'],['003399'],3
Mexico (nước Mexico),['Mexico (nước Mexico)'],['003400'],1
Mexico (nước Mexico),['Mexico (nước Mexico)'],['003401'],3
mềm mại,['mềm mại'],['003402'],3
mênh mông,['mênh mông'],['003403'],3
mi-li-mét (mm),['mi-li-mét (mm)'],['003404'],3
mĩ thuật,['mĩ thuật'],['003405'],3
miền Bắc Việt Nam,['miền Bắc Việt Nam'],['003406'],3
miền Nam Việt Nam,['miền Nam Việt Nam'],['003407'],3
miêu tả,['miêu tả'],['003408'],4
minh hoạ,['minh hoạ'],['003409'],3
khoan (khoan đã),['khoan (khoan đã)'],['003410'],5
móc áo,['móc áo'],['003411'],3
Mặt trời mọc,['Mặt trời mọc'],['003412'],5
mõm,['mõm'],['003413'],3
muốn,['muốn'],['003414'],1
muốn,['muốn'],['003415'],3
muốn,['muốn'],['003416'],3
Mặt trời lặn,['Mặt trời lặn'],['003417'],5
móng chân,['móng chân'],['003418'],3
mồ côi,['mồ côi'],['003419'],3
mồ côi cha mẹ,['mồ côi cha mẹ'],['003420'],3
mồ hôi,['mồ hôi'],['003421'],3
mộc nhĩ,['mộc nhĩ'],['003422'],3
môi,['môi'],['003423'],3
môi trường,['môi trường'],['003424'],3
mỗi,['mỗi'],['003425'],5
môn Âm nhạc,['môn Âm nhạc'],['003426'],3
môn Đạo đức,['môn Đạo đức'],['003427'],1
môn Đạo đức,['môn Đạo đức'],['003428'],3
môn Đạo đức,['môn Đạo đức'],['003429'],1
môn Giáo dục công dân,['môn Giáo dục công dân'],['003430'],3
môn Giáo dục thể chất,['môn Giáo dục thể chất'],['003431'],3
môn Khoa học,['môn Khoa học'],['003432'],3
môn Kĩ thuật,['môn Kĩ thuật'],['003433'],3
môn Kĩ thuật,['môn Kĩ thuật'],['003434'],1
môn Kĩ thuật,['môn Kĩ thuật'],['003435'],3
môn Lịch sử,['môn Lịch sử'],['003436'],3
môn Mĩ thuật,['môn Mĩ thuật'],['003437'],3
môn Ngoại ngữ,['môn Ngoại ngữ'],['003438'],3
môn Sinh học,['môn Sinh học'],['003439'],3
môn Tiếng Việt,['môn Tiếng Việt'],['003440'],3
môn Tin học và Công nghệ,['môn Tin học và Công nghệ'],['003441'],3
môn Toán,['môn Toán'],['003442'],3
môn Tự nhiên và Xã hội,['môn Tự nhiên và Xã hội'],['003443'],3
một cặp,['một cặp'],['003444'],3
một đôi,['một đôi'],['003445'],3
một mình,['một mình'],['003446'],3
mơ ngủ,['mơ ngủ'],['003447'],3
mơ ước,['mơ ước'],['003448'],3
mở,['mở'],['003449'],3
mở cửa,['mở cửa'],['003450'],3
mở đầu,['mở đầu'],['003451'],3
mở màn,['mở màn'],['003452'],3
mở rộng,['mở rộng'],['003453'],3
mớ rau,['mớ rau'],['003454'],3
mời,['mời'],['003455'],3
mới,['mới'],['003456'],1
mới,['mới'],['003457'],3
mới,['mới'],['003458'],3
mũ lưỡi trai,['mũ lưỡi trai'],['003459'],3
mua bán,['mua bán'],['003460'],3
mua vé,['mua vé'],['003461'],3
mùa đông,['mùa đông'],['003462'],3
mùa hè,['mùa hè'],['003463'],1
mùa hè,['mùa hè'],['003464'],3
mùa hè,['mùa hè'],['003465'],5
mùa thu,['mùa thu'],['003466'],3
mùa xuân,['mùa xuân'],['003467'],1
mùa xuân,['mùa xuân'],['003468'],3
mùa xuân,['mùa xuân'],['003469'],3
múa rối,['múa rối'],['003470'],3
mũ,['mũ'],['003471'],3
múa,['múa'],['003472'],5
mui xe,['mui xe'],['003473'],1
muộn,['muộn'],['003474'],1
mưa phùn,['mưa phùn'],['003475'],1
mứt,['mứt'],['003476'],1
Nam bán cầu,['Nam bán cầu'],['003477'],1
Nam Định,['Nam Định'],['003478'],5
nạn nhân,['nạn nhân'],['003479'],4
"náo động, náo nhiệt","['náo động, náo nhiệt']",['003480'],4
náo nức,['náo nức'],['003481'],4
nạp điện,['nạp điện'],['003482'],1
nạp điện,['nạp điện'],['003483'],3
nạp điện,['nạp điện'],['003484'],3
năm ngoái,['năm ngoái'],['003485'],1
nằm,['nằm'],['003486'],1
nắn nót,['nắn nót'],['003487'],4
năng khiếu,['năng khiếu'],['003488'],1
năng lực,['năng lực'],['003489'],1
nấm,['nấm'],['003490'],1
nẻ,['nẻ'],['003491'],1
nén,['nén'],['003492'],1
nét mặt,['nét mặt'],['003493'],1
nếm,['nếm'],['003494'],1
nền nhà,['nền nhà'],['003495'],1
nến,['nến'],['003496'],1
ngà voi,['ngà voi'],['003497'],1
ngã ba,['ngã ba'],['003498'],1
ngày khai trường,['ngày khai trường'],['003499'],2
ngày Nhà giáo Việt nam,['ngày Nhà giáo Việt nam'],['003500'],3
ngày tháng,['ngày tháng'],['003501'],1
ngày tháng,['ngày tháng'],['003502'],3
ngày tháng,['ngày tháng'],['003503'],5
ngã,['ngã'],['003504'],1
ngạc nhiên,['ngạc nhiên'],['003505'],1
ngày nay,['ngày nay'],['003506'],3
ngày nay,['ngày nay'],['003507'],3
ngày Quốc tế Lao động,['ngày Quốc tế Lao động'],['003508'],1
ngày Quốc tế Lao động,['ngày Quốc tế Lao động'],['003509'],5
ngày sinh,['ngày sinh'],['003510'],1
ngày sinh,['ngày sinh'],['003511'],3
ngày sinh,['ngày sinh'],['003512'],5
ngày xưa,['ngày xưa'],['003513'],1
ngăn cản,['ngăn cản'],['003514'],1
ngăn chặn,['ngăn chặn'],['003515'],1
ngắn,['ngắn'],['003516'],1
ngắn nhất,['ngắn nhất'],['003517'],1
ngắt hoa,['ngắt hoa'],['003518'],1
ngắt hoa,['ngắt hoa'],['003519'],3
ngâm hạt,['ngâm hạt'],['003520'],1
ngân hàng,['ngân hàng'],['003521'],1
nghe,['nghe'],['003522'],1
nghé,['nghé'],['003523'],1
nghé,['nghé'],['003524'],3
nghé,['nghé'],['003525'],3
nghẹn ngào,['nghẹn ngào'],['003526'],5
nghệ sĩ,['nghệ sĩ'],['003527'],2
nghệ thuật,['nghệ thuật'],['003528'],1
nghệ thuật,['nghệ thuật'],['003529'],3
nghệ thuật,['nghệ thuật'],['003530'],3
nghi ngờ,['nghi ngờ'],['003531'],1
nghi ngờ,['nghi ngờ'],['003532'],3
nghi ngờ,['nghi ngờ'],['003533'],3
nghỉ hè,['nghỉ hè'],['003534'],1
nghỉ hè,['nghỉ hè'],['003535'],3
nghỉ hè,['nghỉ hè'],['003536'],5
nghỉ học,['nghỉ học'],['003537'],1
nghỉ học,['nghỉ học'],['003538'],3
nghỉ ngơi,['nghỉ ngơi'],['003539'],1
nghĩa đen,['nghĩa đen'],['003540'],1
nghiên cứu,['nghiên cứu'],['003541'],1
nghĩ,['nghĩ'],['003542'],1
nghị lực,['nghị lực'],['003543'],1
nghĩa bóng,['nghĩa bóng'],['003544'],1
nghĩa trang,['nghĩa trang'],['003545'],1
nghiêm khắc,['nghiêm khắc'],['003546'],1
nghiêm khắc,['nghiêm khắc'],['003547'],3
nghiêm khắc,['nghiêm khắc'],['003548'],3
nghiêm túc,['nghiêm túc'],['003549'],1
nghiến răng,['nghiến răng'],['003550'],5
ngoại hình,['ngoại hình'],['003551'],1
xâm hại tình dục,['xâm hại tình dục'],['003552'],2
ngoan ngoãn,['ngoan ngoãn'],['003553'],1
ngoắc tay,['ngoắc tay'],['003554'],1
ngoặc đơn,['ngoặc đơn'],['003555'],1
ngon giấc,['ngon giấc'],['003556'],1
ngon miệng,['ngon miệng'],['003557'],1
ngõ,['ngõ'],['003558'],1
ngón chân,['ngón chân'],['003559'],1
ngón tay,['ngón tay'],['003560'],1
ngọn cây,['ngọn cây'],['003561'],1
ngọn cây,['ngọn cây'],['003562'],3
ngọn cây,['ngọn cây'],['003563'],3
ngô,['ngô'],['003564'],3
ngô,['ngô'],['003565'],3
ngộ độc,['ngộ độc'],['003566'],1
ngộ nghĩnh,['ngộ nghĩnh'],['003567'],1
ngồi,['ngồi'],['003568'],1
ngồi,['ngồi'],['003569'],3
ngồi,['ngồi'],['003570'],1
ngôn ngữ,['ngôn ngữ'],['003571'],1
ngũ quả,['ngũ quả'],['003572'],1
nguồn gốc,['nguồn gốc'],['003573'],1
nguy hiểm,['nguy hiểm'],['003574'],1
nguy hiểm,['nguy hiểm'],['003575'],3
nguy hiểm,['nguy hiểm'],['003576'],3
nguyên nhân,['nguyên nhân'],['003577'],1
nguyện vọng,['nguyện vọng'],['003578'],3
ngữ điệu,['ngữ điệu'],['003579'],3
ngước nhìn,['ngước nhìn'],['003580'],3
ngược đãi,['ngược đãi'],['003581'],3
ngược lại,['ngược lại'],['003582'],3
người bán hàng,['người bán hàng'],['003583'],3
người gửi,['người gửi'],['003584'],3
người lái xe (ô tô),['người lái xe (ô tô)'],['003585'],1
người lái xe (ô tô),['người lái xe (ô tô)'],['003586'],3
người lái xe (ô tô),['người lái xe (ô tô)'],['003587'],3
người lạ,['người lạ'],['003588'],3
người máy,['người máy'],['003589'],3
người quen,['người quen'],['003590'],3
người xấu,['người xấu'],['003591'],1
người xấu,['người xấu'],['003592'],3
người xấu,['người xấu'],['003593'],3
người xưa,['người xưa'],['003594'],1
người xưa,['người xưa'],['003595'],3
người xưa,['người xưa'],['003596'],5
người yêu,['người yêu'],['003597'],1
người yêu,['người yêu'],['003598'],3
người yêu,['người yêu'],['003599'],5
ngưỡng mộ,['ngưỡng mộ'],['003600'],4
nhà bác học,['nhà bác học'],['003601'],4
nhà cửa,['nhà cửa'],['003602'],4
nhà sàn,['nhà sàn'],['003603'],4
nhà tầng,['nhà tầng'],['003604'],4
nhà thơ,['nhà thơ'],['003605'],4
nhà thờ,['nhà thờ'],['003606'],4
nhà trường,['nhà trường'],['003607'],3
nhà trường,['nhà trường'],['003608'],3
nhà tù,['nhà tù'],['003609'],4
nhãn vở,['nhãn vở'],['003610'],1
nhãn vở,['nhãn vở'],['003611'],3
nhãn vở,['nhãn vở'],['003612'],5
nhanh nhẹn,['nhanh nhẹn'],['003613'],4
nhào lộn,['nhào lộn'],['003614'],4
nhát gan,['nhát gan'],['003615'],4
nhảy cao,['nhảy cao'],['003616'],4
nhảy dù,['nhảy dù'],['003617'],4
nhảy múa,['nhảy múa'],['003618'],4
nháy mắt,['nháy mắt'],['003619'],3
nhạy cảm,['nhạy cảm'],['003620'],4
nhắc nhở,['nhắc nhở'],['003621'],4
nhăn mặt,['nhăn mặt'],['003622'],4
nhặt rau,['nhặt rau'],['003623'],3
nhân cách hoá,['nhân cách hoá'],['003624'],4
nhân chứng,['nhân chứng'],['003625'],3
nhân dân,['nhân dân'],['003626'],3
nhân hậu,['nhân hậu'],['003627'],2
nhân hậu,['nhân hậu'],['003628'],4
nhân hậu,['nhân hậu'],['003629'],4
nhân vật,['nhân vật'],['003630'],3
nhận hàng,['nhận hàng'],['003631'],3
nhận,['nhận'],['003632'],2
nhận thức,['nhận thức'],['003633'],3
nhận xét,['nhận xét'],['003634'],3
nhấp nháy,['nhấp nháy'],['003635'],3
nhập trường,['nhập trường'],['003636'],1
nhập trường,['nhập trường'],['003637'],3
nhập trường,['nhập trường'],['003638'],3
Nhật (nước Nhật),['Nhật (nước Nhật)'],['003639'],1
Nhật (nước Nhật),['Nhật (nước Nhật)'],['003640'],3
nhi đồng,['nhi đồng'],['003641'],2
nhiệt kế,['nhiệt kế'],['003642'],1
nhiệt kế,['nhiệt kế'],['003643'],3
nhiệt kế,['nhiệt kế'],['003644'],1
nhiều hơn,['nhiều hơn'],['003645'],3
